run_id,campaign_id,host,benchmark,query_id,band,dbms,schema_config,scale_factor,block,sequence_id,position,framework,path,param_set_id,is_warmup,elapsed_s,rows_returned,status,note,ceiling_s,load1,pid,session_id,timestamp
6b6d79a8a927,campaign-sf1,mado,tpch,Q01,Medium,commercial_a,non-indexed,1,0,2,0,sqlalchemy,orm,q01warm,1,4.61236,4,ok,,client-side:2700,1.0,201824,133165299274848,2026-09-06T11:24:41.227-05:00
6b6d79a8a927,campaign-sf1,mado,tpch,Q01,Medium,commercial_a,non-indexed,1,0,2,1,sqlalchemy,sql,q01warm,1,4.023107,4,ok,,client-side:2700,1.0,201824,133165299274848,2026-09-06T11:24:45.250-05:00
6b6d79a8a927,campaign-sf1,mado,tpch,Q01,Medium,commercial_a,non-indexed,1,0,2,2,django,orm,q01warm,1,6.078256,4,ok,,client-side:2700,1.0,201824,133165299274848,2026-09-06T11:24:51.329-05:00
6b6d79a8a927,campaign-sf1,mado,tpch,Q01,Medium,commercial_a,non-indexed,1,0,2,3,django,sql,q01warm,1,5.452229,4,ok,,client-side:2700,1.0,201824,133165299274848,2026-09-06T11:24:56.781-05:00
6b6d79a8a927,campaign-sf1,mado,tpch,Q01,Medium,commercial_a,non-indexed,1,1,1,-1,django,sql,q01s0,2,3.808286,,ok,,client-side:2700,1.0,201824,133165299274848,2026-09-06T11:25:00.644-05:00
6b6d79a8a927,campaign-sf1,mado,tpch,Q01,Medium,commercial_a,non-indexed,1,1,1,-1,django,orm,q01s0,2,5.931151,,ok,,client-side:2700,1.0,201824,133165299274848,2026-09-06T11:25:06.575-05:00
6b6d79a8a927,campaign-sf1,mado,tpch,Q01,Medium,commercial_a,non-indexed,1,1,1,-1,sqlalchemy,sql,q01s0,2,3.375035,,ok,,client-side:2700,1.0,201824,133165299274848,2026-09-06T11:25:09.950-05:00
6b6d79a8a927,campaign-sf1,mado,tpch,Q01,Medium,commercial_a,non-indexed,1,1,1,-1,sqlalchemy,orm,q01s0,2,4.012773,,ok,,client-side:2700,1.0,201824,133165299274848,2026-09-06T11:25:13.963-05:00
6b6d79a8a927,campaign-sf1,mado,tpch,Q01,Medium,commercial_a,non-indexed,1,1,1,0,django,orm,q01s0,0,5.844631,4,ok,,client-side:2700,1.0,201824,133165299274848,2026-09-06T11:25:19.808-05:00
6b6d79a8a927,campaign-sf1,mado,tpch,Q01,Medium,commercial_a,non-indexed,1,1,1,1,sqlalchemy,orm,q01s0,0,4.226067,4,ok,,client-side:2700,1.0,201824,133165299274848,2026-09-06T11:25:24.034-05:00
6b6d79a8a927,campaign-sf1,mado,tpch,Q01,Medium,commercial_a,non-indexed,1,1,1,2,django,sql,q01s0,0,3.665368,4,ok,,client-side:2700,1.0,201824,133165299274848,2026-09-06T11:25:27.700-05:00
6b6d79a8a927,campaign-sf1,mado,tpch,Q01,Medium,commercial_a,non-indexed,1,1,1,3,sqlalchemy,sql,q01s0,0,3.47994,4,ok,,client-side:2700,1.0,201824,133165299274848,2026-09-06T11:25:31.180-05:00
6b6d79a8a927,campaign-sf1,mado,tpch,Q01,Medium,commercial_a,non-indexed,1,2,0,-1,django,sql,q01s1,2,3.604187,,ok,,client-side:2700,1.08,201824,133165299274848,2026-09-06T11:25:34.789-05:00
6b6d79a8a927,campaign-sf1,mado,tpch,Q01,Medium,commercial_a,non-indexed,1,2,0,-1,django,orm,q01s1,2,5.779043,,ok,,client-side:2700,1.07,201824,133165299274848,2026-09-06T11:25:40.568-05:00
6b6d79a8a927,campaign-sf1,mado,tpch,Q01,Medium,commercial_a,non-indexed,1,2,0,-1,sqlalchemy,sql,q01s1,2,3.944592,,ok,,client-side:2700,1.07,201824,133165299274848,2026-09-06T11:25:44.512-05:00
6b6d79a8a927,campaign-sf1,mado,tpch,Q01,Medium,commercial_a,non-indexed,1,2,0,-1,sqlalchemy,orm,q01s1,2,4.140961,,ok,,client-side:2700,1.06,201824,133165299274848,2026-09-06T11:25:48.653-05:00
6b6d79a8a927,campaign-sf1,mado,tpch,Q01,Medium,commercial_a,non-indexed,1,2,0,0,django,sql,q01s1,0,3.848314,4,ok,,client-side:2700,1.06,201824,133165299274848,2026-09-06T11:25:52.502-05:00
6b6d79a8a927,campaign-sf1,mado,tpch,Q01,Medium,commercial_a,non-indexed,1,2,0,1,django,orm,q01s1,0,5.929067,4,ok,,client-side:2700,1.05,201824,133165299274848,2026-09-06T11:25:58.431-05:00
6b6d79a8a927,campaign-sf1,mado,tpch,Q01,Medium,commercial_a,non-indexed,1,2,0,2,sqlalchemy,sql,q01s1,0,3.877463,4,ok,,client-side:2700,1.05,201824,133165299274848,2026-09-06T11:26:02.309-05:00
6b6d79a8a927,campaign-sf1,mado,tpch,Q01,Medium,commercial_a,non-indexed,1,2,0,3,sqlalchemy,orm,q01s1,0,4.247669,4,ok,,client-side:2700,1.05,201824,133165299274848,2026-09-06T11:26:06.556-05:00
6b6d79a8a927,campaign-sf1,mado,tpch,Q01,Medium,commercial_a,non-indexed,1,3,2,-1,django,sql,q01s2,2,3.547896,,ok,,client-side:2700,1.04,201824,133165299274848,2026-09-06T11:26:10.108-05:00
6b6d79a8a927,campaign-sf1,mado,tpch,Q01,Medium,commercial_a,non-indexed,1,3,2,-1,django,orm,q01s2,2,5.779464,,ok,,client-side:2700,1.04,201824,133165299274848,2026-09-06T11:26:15.887-05:00
6b6d79a8a927,campaign-sf1,mado,tpch,Q01,Medium,commercial_a,non-indexed,1,3,2,-1,sqlalchemy,sql,q01s2,2,3.98337,,ok,,client-side:2700,1.04,201824,133165299274848,2026-09-06T11:26:19.871-05:00
6b6d79a8a927,campaign-sf1,mado,tpch,Q01,Medium,commercial_a,non-indexed,1,3,2,-1,sqlalchemy,orm,q01s2,2,4.447688,,ok,,client-side:2700,1.03,201824,133165299274848,2026-09-06T11:26:24.318-05:00
6b6d79a8a927,campaign-sf1,mado,tpch,Q01,Medium,commercial_a,non-indexed,1,3,2,0,sqlalchemy,orm,q01s2,0,4.398325,4,ok,,client-side:2700,1.03,201824,133165299274848,2026-09-06T11:26:28.717-05:00
6b6d79a8a927,campaign-sf1,mado,tpch,Q01,Medium,commercial_a,non-indexed,1,3,2,1,sqlalchemy,sql,q01s2,0,3.697617,4,ok,,client-side:2700,1.03,201824,133165299274848,2026-09-06T11:26:32.414-05:00
6b6d79a8a927,campaign-sf1,mado,tpch,Q01,Medium,commercial_a,non-indexed,1,3,2,2,django,orm,q01s2,0,6.226086,4,ok,,client-side:2700,1.02,201824,133165299274848,2026-09-06T11:26:38.641-05:00
6b6d79a8a927,campaign-sf1,mado,tpch,Q01,Medium,commercial_a,non-indexed,1,3,2,3,django,sql,q01s2,0,3.8571,4,ok,,client-side:2700,1.02,201824,133165299274848,2026-09-06T11:26:42.498-05:00
6b6d79a8a927,campaign-sf1,mado,tpch,Q01,Medium,commercial_a,non-indexed,1,4,3,-1,django,sql,q01s3,2,3.642751,,ok,,client-side:2700,1.02,201824,133165299274848,2026-09-06T11:26:46.145-05:00
6b6d79a8a927,campaign-sf1,mado,tpch,Q01,Medium,commercial_a,non-indexed,1,4,3,-1,django,orm,q01s3,2,5.957804,,ok,,client-side:2700,1.02,201824,133165299274848,2026-09-06T11:26:52.102-05:00
6b6d79a8a927,campaign-sf1,mado,tpch,Q01,Medium,commercial_a,non-indexed,1,4,3,-1,sqlalchemy,sql,q01s3,2,3.755238,,ok,,client-side:2700,1.02,201824,133165299274848,2026-09-06T11:26:55.858-05:00
6b6d79a8a927,campaign-sf1,mado,tpch,Q01,Medium,commercial_a,non-indexed,1,4,3,-1,sqlalchemy,orm,q01s3,2,4.3828,,ok,,client-side:2700,1.02,201824,133165299274848,2026-09-06T11:27:00.241-05:00
6b6d79a8a927,campaign-sf1,mado,tpch,Q01,Medium,commercial_a,non-indexed,1,4,3,0,sqlalchemy,sql,q01s3,0,3.888219,4,ok,,client-side:2700,1.02,201824,133165299274848,2026-09-06T11:27:04.129-05:00
6b6d79a8a927,campaign-sf1,mado,tpch,Q01,Medium,commercial_a,non-indexed,1,4,3,1,django,sql,q01s3,0,3.513057,4,ok,,client-side:2700,1.02,201824,133165299274848,2026-09-06T11:27:07.642-05:00
6b6d79a8a927,campaign-sf1,mado,tpch,Q01,Medium,commercial_a,non-indexed,1,4,3,2,sqlalchemy,orm,q01s3,0,3.988541,4,ok,,client-side:2700,1.01,201824,133165299274848,2026-09-06T11:27:11.631-05:00
6b6d79a8a927,campaign-sf1,mado,tpch,Q01,Medium,commercial_a,non-indexed,1,4,3,3,django,orm,q01s3,0,5.849579,4,ok,,client-side:2700,1.01,201824,133165299274848,2026-09-06T11:27:17.480-05:00
6b6d79a8a927,campaign-sf1,mado,tpch,Q01,Medium,commercial_a,non-indexed,1,5,3,-1,django,sql,q01s4,2,3.414127,,ok,,client-side:2700,1.01,201824,133165299274848,2026-09-06T11:27:20.899-05:00
6b6d79a8a927,campaign-sf1,mado,tpch,Q01,Medium,commercial_a,non-indexed,1,5,3,-1,django,orm,q01s4,2,5.777755,,ok,,client-side:2700,1.01,201824,133165299274848,2026-09-06T11:27:26.677-05:00
6b6d79a8a927,campaign-sf1,mado,tpch,Q01,Medium,commercial_a,non-indexed,1,5,3,-1,sqlalchemy,sql,q01s4,2,4.884581,,ok,,client-side:2700,1.01,201824,133165299274848,2026-09-06T11:27:31.562-05:00
6b6d79a8a927,campaign-sf1,mado,tpch,Q01,Medium,commercial_a,non-indexed,1,5,3,-1,sqlalchemy,orm,q01s4,2,4.100652,,ok,,client-side:2700,1.01,201824,133165299274848,2026-09-06T11:27:35.662-05:00
6b6d79a8a927,campaign-sf1,mado,tpch,Q01,Medium,commercial_a,non-indexed,1,5,3,0,sqlalchemy,sql,q01s4,0,3.785484,4,ok,,client-side:2700,1.01,201824,133165299274848,2026-09-06T11:27:39.448-05:00
6b6d79a8a927,campaign-sf1,mado,tpch,Q01,Medium,commercial_a,non-indexed,1,5,3,1,django,sql,q01s4,0,3.456879,4,ok,,client-side:2700,1.01,201824,133165299274848,2026-09-06T11:27:42.905-05:00
6b6d79a8a927,campaign-sf1,mado,tpch,Q01,Medium,commercial_a,non-indexed,1,5,3,2,sqlalchemy,orm,q01s4,0,4.035052,4,ok,,client-side:2700,1.01,201824,133165299274848,2026-09-06T11:27:46.940-05:00
6b6d79a8a927,campaign-sf1,mado,tpch,Q01,Medium,commercial_a,non-indexed,1,5,3,3,django,orm,q01s4,0,5.796805,4,ok,,client-side:2700,1.01,201824,133165299274848,2026-09-06T11:27:52.737-05:00
6b6d79a8a927,campaign-sf1,mado,tpch,Q01,Medium,commercial_a,non-indexed,1,6,0,-1,django,sql,q01s5,2,3.915815,,ok,,client-side:2700,1.0,201824,133165299274848,2026-09-06T11:27:56.657-05:00
6b6d79a8a927,campaign-sf1,mado,tpch,Q01,Medium,commercial_a,non-indexed,1,6,0,-1,django,orm,q01s5,2,5.995969,,ok,,client-side:2700,1.0,201824,133165299274848,2026-09-06T11:28:02.653-05:00
6b6d79a8a927,campaign-sf1,mado,tpch,Q01,Medium,commercial_a,non-indexed,1,6,0,-1,sqlalchemy,sql,q01s5,2,3.683024,,ok,,client-side:2700,1.0,201824,133165299274848,2026-09-06T11:28:06.337-05:00
6b6d79a8a927,campaign-sf1,mado,tpch,Q01,Medium,commercial_a,non-indexed,1,6,0,-1,sqlalchemy,orm,q01s5,2,3.792184,,ok,,client-side:2700,1.0,201824,133165299274848,2026-09-06T11:28:10.129-05:00
6b6d79a8a927,campaign-sf1,mado,tpch,Q01,Medium,commercial_a,non-indexed,1,6,0,0,django,sql,q01s5,0,3.452488,4,ok,,client-side:2700,1.0,201824,133165299274848,2026-09-06T11:28:13.581-05:00
6b6d79a8a927,campaign-sf1,mado,tpch,Q01,Medium,commercial_a,non-indexed,1,6,0,1,django,orm,q01s5,0,5.814791,4,ok,,client-side:2700,1.0,201824,133165299274848,2026-09-06T11:28:19.396-05:00
6b6d79a8a927,campaign-sf1,mado,tpch,Q01,Medium,commercial_a,non-indexed,1,6,0,2,sqlalchemy,sql,q01s5,0,3.644531,4,ok,,client-side:2700,1.0,201824,133165299274848,2026-09-06T11:28:23.041-05:00
6b6d79a8a927,campaign-sf1,mado,tpch,Q01,Medium,commercial_a,non-indexed,1,6,0,3,sqlalchemy,orm,q01s5,0,4.108505,4,ok,,client-side:2700,1.0,201824,133165299274848,2026-09-06T11:28:27.150-05:00
6b6d79a8a927,campaign-sf1,mado,tpch,Q01,Medium,commercial_a,non-indexed,1,7,2,-1,django,sql,q01s6,2,3.920945,,ok,,client-side:2700,1.0,201824,133165299274848,2026-09-06T11:28:31.075-05:00
6b6d79a8a927,campaign-sf1,mado,tpch,Q01,Medium,commercial_a,non-indexed,1,7,2,-1,django,orm,q01s6,2,5.965575,,ok,,client-side:2700,1.0,201824,133165299274848,2026-09-06T11:28:37.041-05:00
6b6d79a8a927,campaign-sf1,mado,tpch,Q01,Medium,commercial_a,non-indexed,1,7,2,-1,sqlalchemy,sql,q01s6,2,3.892808,,ok,,client-side:2700,1.0,201824,133165299274848,2026-09-06T11:28:40.933-05:00
6b6d79a8a927,campaign-sf1,mado,tpch,Q01,Medium,commercial_a,non-indexed,1,7,2,-1,sqlalchemy,orm,q01s6,2,4.918179,,ok,,client-side:2700,1.0,201824,133165299274848,2026-09-06T11:28:45.852-05:00
6b6d79a8a927,campaign-sf1,mado,tpch,Q01,Medium,commercial_a,non-indexed,1,7,2,0,sqlalchemy,orm,q01s6,0,4.975317,4,ok,,client-side:2700,1.0,201824,133165299274848,2026-09-06T11:28:50.827-05:00
6b6d79a8a927,campaign-sf1,mado,tpch,Q01,Medium,commercial_a,non-indexed,1,7,2,1,sqlalchemy,sql,q01s6,0,3.552579,4,ok,,client-side:2700,1.0,201824,133165299274848,2026-09-06T11:28:54.380-05:00
6b6d79a8a927,campaign-sf1,mado,tpch,Q01,Medium,commercial_a,non-indexed,1,7,2,2,django,orm,q01s6,0,5.407411,4,ok,,client-side:2700,1.0,201824,133165299274848,2026-09-06T11:28:59.787-05:00
6b6d79a8a927,campaign-sf1,mado,tpch,Q01,Medium,commercial_a,non-indexed,1,7,2,3,django,sql,q01s6,0,3.525232,4,ok,,client-side:2700,1.0,201824,133165299274848,2026-09-06T11:29:03.313-05:00
6b6d79a8a927,campaign-sf1,mado,tpch,Q01,Medium,commercial_a,non-indexed,1,8,1,-1,django,sql,q01s7,2,3.842801,,ok,,client-side:2700,1.0,201824,133165299274848,2026-09-06T11:29:07.160-05:00
6b6d79a8a927,campaign-sf1,mado,tpch,Q01,Medium,commercial_a,non-indexed,1,8,1,-1,django,orm,q01s7,2,6.002448,,ok,,client-side:2700,1.0,201824,133165299274848,2026-09-06T11:29:13.163-05:00
6b6d79a8a927,campaign-sf1,mado,tpch,Q01,Medium,commercial_a,non-indexed,1,8,1,-1,sqlalchemy,sql,q01s7,2,3.745828,,ok,,client-side:2700,1.0,201824,133165299274848,2026-09-06T11:29:16.909-05:00
6b6d79a8a927,campaign-sf1,mado,tpch,Q01,Medium,commercial_a,non-indexed,1,8,1,-1,sqlalchemy,orm,q01s7,2,4.440922,,ok,,client-side:2700,1.0,201824,133165299274848,2026-09-06T11:29:21.350-05:00
6b6d79a8a927,campaign-sf1,mado,tpch,Q01,Medium,commercial_a,non-indexed,1,8,1,0,django,orm,q01s7,0,6.102116,4,ok,,client-side:2700,1.0,201824,133165299274848,2026-09-06T11:29:27.452-05:00
6b6d79a8a927,campaign-sf1,mado,tpch,Q01,Medium,commercial_a,non-indexed,1,8,1,1,sqlalchemy,orm,q01s7,0,5.37346,4,ok,,client-side:2700,1.0,201824,133165299274848,2026-09-06T11:29:32.825-05:00
6b6d79a8a927,campaign-sf1,mado,tpch,Q01,Medium,commercial_a,non-indexed,1,8,1,2,django,sql,q01s7,0,4.047285,4,ok,,client-side:2700,1.0,201824,133165299274848,2026-09-06T11:29:36.873-05:00
6b6d79a8a927,campaign-sf1,mado,tpch,Q01,Medium,commercial_a,non-indexed,1,8,1,3,sqlalchemy,sql,q01s7,0,3.44704,4,ok,,client-side:2700,1.0,201824,133165299274848,2026-09-06T11:29:40.320-05:00
4777897a89b0,campaign-sf1,mado,tpch,Q02,Complex,commercial_a,non-indexed,1,0,1,0,django,orm,q02warm,1,0.541843,100,ok,,client-side:2700,1.0,201843,129971090282192,2026-09-06T11:29:42.283-05:00
4777897a89b0,campaign-sf1,mado,tpch,Q02,Complex,commercial_a,non-indexed,1,0,1,1,sqlalchemy,orm,q02warm,1,0.815015,100,ok,,client-side:2700,1.0,201843,129971090282192,2026-09-06T11:29:43.098-05:00
4777897a89b0,campaign-sf1,mado,tpch,Q02,Complex,commercial_a,non-indexed,1,0,1,2,django,sql,q02warm,1,0.485954,100,ok,,client-side:2700,1.0,201843,129971090282192,2026-09-06T11:29:43.584-05:00
4777897a89b0,campaign-sf1,mado,tpch,Q02,Complex,commercial_a,non-indexed,1,0,1,3,sqlalchemy,sql,q02warm,1,0.487785,100,ok,,client-side:2700,1.0,201843,129971090282192,2026-09-06T11:29:44.072-05:00
4777897a89b0,campaign-sf1,mado,tpch,Q02,Complex,commercial_a,non-indexed,1,1,3,-1,django,sql,q02s0,2,0.567194,,ok,,client-side:2700,1.0,201843,129971090282192,2026-09-06T11:29:44.644-05:00
4777897a89b0,campaign-sf1,mado,tpch,Q02,Complex,commercial_a,non-indexed,1,1,3,-1,django,orm,q02s0,2,0.158391,,ok,,client-side:2700,1.0,201843,129971090282192,2026-09-06T11:29:44.803-05:00
4777897a89b0,campaign-sf1,mado,tpch,Q02,Complex,commercial_a,non-indexed,1,1,3,-1,sqlalchemy,sql,q02s0,2,0.483912,,ok,,client-side:2700,1.0,201843,129971090282192,2026-09-06T11:29:45.287-05:00
4777897a89b0,campaign-sf1,mado,tpch,Q02,Complex,commercial_a,non-indexed,1,1,3,-1,sqlalchemy,orm,q02s0,2,0.189979,,ok,,client-side:2700,1.0,201843,129971090282192,2026-09-06T11:29:45.477-05:00
4777897a89b0,campaign-sf1,mado,tpch,Q02,Complex,commercial_a,non-indexed,1,1,3,0,sqlalchemy,sql,q02s0,0,0.18416,100,ok,,client-side:2700,1.0,201843,129971090282192,2026-09-06T11:29:45.661-05:00
4777897a89b0,campaign-sf1,mado,tpch,Q02,Complex,commercial_a,non-indexed,1,1,3,1,django,sql,q02s0,0,0.18265,100,ok,,client-side:2700,1.0,201843,129971090282192,2026-09-06T11:29:45.844-05:00
4777897a89b0,campaign-sf1,mado,tpch,Q02,Complex,commercial_a,non-indexed,1,1,3,2,sqlalchemy,orm,q02s0,0,0.189734,100,ok,,client-side:2700,1.0,201843,129971090282192,2026-09-06T11:29:46.034-05:00
4777897a89b0,campaign-sf1,mado,tpch,Q02,Complex,commercial_a,non-indexed,1,1,3,3,django,orm,q02s0,0,0.130824,100,ok,,client-side:2700,1.0,201843,129971090282192,2026-09-06T11:29:46.165-05:00
4777897a89b0,campaign-sf1,mado,tpch,Q02,Complex,commercial_a,non-indexed,1,2,0,-1,django,sql,q02s1,2,0.505093,,ok,,client-side:2700,1.0,201843,129971090282192,2026-09-06T11:29:46.675-05:00
4777897a89b0,campaign-sf1,mado,tpch,Q02,Complex,commercial_a,non-indexed,1,2,0,-1,django,orm,q02s1,2,0.282711,,ok,,client-side:2700,1.0,201843,129971090282192,2026-09-06T11:29:46.958-05:00
4777897a89b0,campaign-sf1,mado,tpch,Q02,Complex,commercial_a,non-indexed,1,2,0,-1,sqlalchemy,sql,q02s1,2,0.486257,,ok,,client-side:2700,1.0,201843,129971090282192,2026-09-06T11:29:47.444-05:00
4777897a89b0,campaign-sf1,mado,tpch,Q02,Complex,commercial_a,non-indexed,1,2,0,-1,sqlalchemy,orm,q02s1,2,0.503959,,ok,,client-side:2700,1.0,201843,129971090282192,2026-09-06T11:29:47.948-05:00
4777897a89b0,campaign-sf1,mado,tpch,Q02,Complex,commercial_a,non-indexed,1,2,0,0,django,sql,q02s1,0,0.18204,100,ok,,client-side:2700,1.0,201843,129971090282192,2026-09-06T11:29:48.130-05:00
4777897a89b0,campaign-sf1,mado,tpch,Q02,Complex,commercial_a,non-indexed,1,2,0,1,django,orm,q02s1,0,0.133599,100,ok,,client-side:2700,1.0,201843,129971090282192,2026-09-06T11:29:48.264-05:00
4777897a89b0,campaign-sf1,mado,tpch,Q02,Complex,commercial_a,non-indexed,1,2,0,2,sqlalchemy,sql,q02s1,0,0.187753,100,ok,,client-side:2700,1.0,201843,129971090282192,2026-09-06T11:29:48.452-05:00
4777897a89b0,campaign-sf1,mado,tpch,Q02,Complex,commercial_a,non-indexed,1,2,0,3,sqlalchemy,orm,q02s1,0,0.188943,100,ok,,client-side:2700,1.0,201843,129971090282192,2026-09-06T11:29:48.641-05:00
4777897a89b0,campaign-sf1,mado,tpch,Q02,Complex,commercial_a,non-indexed,1,3,1,-1,django,sql,q02s2,2,0.493735,,ok,,client-side:2700,1.0,201843,129971090282192,2026-09-06T11:29:49.139-05:00
4777897a89b0,campaign-sf1,mado,tpch,Q02,Complex,commercial_a,non-indexed,1,3,1,-1,django,orm,q02s2,2,0.263031,,ok,,client-side:2700,1.0,201843,129971090282192,2026-09-06T11:29:49.402-05:00
4777897a89b0,campaign-sf1,mado,tpch,Q02,Complex,commercial_a,non-indexed,1,3,1,-1,sqlalchemy,sql,q02s2,2,0.489774,,ok,,client-side:2700,1.0,201843,129971090282192,2026-09-06T11:29:49.892-05:00
4777897a89b0,campaign-sf1,mado,tpch,Q02,Complex,commercial_a,non-indexed,1,3,1,-1,sqlalchemy,orm,q02s2,2,0.508701,,ok,,client-side:2700,1.0,201843,129971090282192,2026-09-06T11:29:50.401-05:00
4777897a89b0,campaign-sf1,mado,tpch,Q02,Complex,commercial_a,non-indexed,1,3,1,0,django,orm,q02s2,0,0.131868,100,ok,,client-side:2700,1.0,201843,129971090282192,2026-09-06T11:29:50.533-05:00
4777897a89b0,campaign-sf1,mado,tpch,Q02,Complex,commercial_a,non-indexed,1,3,1,1,sqlalchemy,orm,q02s2,0,0.194558,100,ok,,client-side:2700,1.0,201843,129971090282192,2026-09-06T11:29:50.728-05:00
4777897a89b0,campaign-sf1,mado,tpch,Q02,Complex,commercial_a,non-indexed,1,3,1,2,django,sql,q02s2,0,0.183483,100,ok,,client-side:2700,1.0,201843,129971090282192,2026-09-06T11:29:50.911-05:00
4777897a89b0,campaign-sf1,mado,tpch,Q02,Complex,commercial_a,non-indexed,1,3,1,3,sqlalchemy,sql,q02s2,0,0.184749,100,ok,,client-side:2700,1.0,201843,129971090282192,2026-09-06T11:29:51.096-05:00
4777897a89b0,campaign-sf1,mado,tpch,Q02,Complex,commercial_a,non-indexed,1,4,2,-1,django,sql,q02s3,2,0.48819,,ok,,client-side:2700,1.0,201843,129971090282192,2026-09-06T11:29:51.589-05:00
4777897a89b0,campaign-sf1,mado,tpch,Q02,Complex,commercial_a,non-indexed,1,4,2,-1,django,orm,q02s3,2,0.262474,,ok,,client-side:2700,1.0,201843,129971090282192,2026-09-06T11:29:51.851-05:00
4777897a89b0,campaign-sf1,mado,tpch,Q02,Complex,commercial_a,non-indexed,1,4,2,-1,sqlalchemy,sql,q02s3,2,0.487605,,ok,,client-side:2700,1.0,201843,129971090282192,2026-09-06T11:29:52.339-05:00
4777897a89b0,campaign-sf1,mado,tpch,Q02,Complex,commercial_a,non-indexed,1,4,2,-1,sqlalchemy,orm,q02s3,2,0.51086,,ok,,client-side:2700,1.0,201843,129971090282192,2026-09-06T11:29:52.850-05:00
4777897a89b0,campaign-sf1,mado,tpch,Q02,Complex,commercial_a,non-indexed,1,4,2,0,sqlalchemy,orm,q02s3,0,0.189248,100,ok,,client-side:2700,1.0,201843,129971090282192,2026-09-06T11:29:53.039-05:00
4777897a89b0,campaign-sf1,mado,tpch,Q02,Complex,commercial_a,non-indexed,1,4,2,1,sqlalchemy,sql,q02s3,0,0.184012,100,ok,,client-side:2700,1.0,201843,129971090282192,2026-09-06T11:29:53.224-05:00
4777897a89b0,campaign-sf1,mado,tpch,Q02,Complex,commercial_a,non-indexed,1,4,2,2,django,orm,q02s3,0,0.137245,100,ok,,client-side:2700,1.0,201843,129971090282192,2026-09-06T11:29:53.361-05:00
4777897a89b0,campaign-sf1,mado,tpch,Q02,Complex,commercial_a,non-indexed,1,4,2,3,django,sql,q02s3,0,0.186335,100,ok,,client-side:2700,1.0,201843,129971090282192,2026-09-06T11:29:53.547-05:00
4777897a89b0,campaign-sf1,mado,tpch,Q02,Complex,commercial_a,non-indexed,1,5,3,-1,django,sql,q02s4,2,0.484392,,ok,,client-side:2700,1.0,201843,129971090282192,2026-09-06T11:29:54.036-05:00
4777897a89b0,campaign-sf1,mado,tpch,Q02,Complex,commercial_a,non-indexed,1,5,3,-1,django,orm,q02s4,2,0.245394,,ok,,client-side:2700,1.0,201843,129971090282192,2026-09-06T11:29:54.282-05:00
4777897a89b0,campaign-sf1,mado,tpch,Q02,Complex,commercial_a,non-indexed,1,5,3,-1,sqlalchemy,sql,q02s4,2,0.487086,,ok,,client-side:2700,1.0,201843,129971090282192,2026-09-06T11:29:54.769-05:00
4777897a89b0,campaign-sf1,mado,tpch,Q02,Complex,commercial_a,non-indexed,1,5,3,-1,sqlalchemy,orm,q02s4,2,0.190016,,ok,,client-side:2700,1.0,201843,129971090282192,2026-09-06T11:29:54.959-05:00
4777897a89b0,campaign-sf1,mado,tpch,Q02,Complex,commercial_a,non-indexed,1,5,3,0,sqlalchemy,sql,q02s4,0,0.183818,100,ok,,client-side:2700,1.0,201843,129971090282192,2026-09-06T11:29:55.143-05:00
4777897a89b0,campaign-sf1,mado,tpch,Q02,Complex,commercial_a,non-indexed,1,5,3,1,django,sql,q02s4,0,0.182921,100,ok,,client-side:2700,1.0,201843,129971090282192,2026-09-06T11:29:55.326-05:00
4777897a89b0,campaign-sf1,mado,tpch,Q02,Complex,commercial_a,non-indexed,1,5,3,2,sqlalchemy,orm,q02s4,0,0.189914,100,ok,,client-side:2700,1.0,201843,129971090282192,2026-09-06T11:29:55.516-05:00
4777897a89b0,campaign-sf1,mado,tpch,Q02,Complex,commercial_a,non-indexed,1,5,3,3,django,orm,q02s4,0,0.130397,100,ok,,client-side:2700,1.0,201843,129971090282192,2026-09-06T11:29:55.647-05:00
4777897a89b0,campaign-sf1,mado,tpch,Q02,Complex,commercial_a,non-indexed,1,6,0,-1,django,sql,q02s5,2,0.48069,,ok,,client-side:2700,1.0,201843,129971090282192,2026-09-06T11:29:56.132-05:00
4777897a89b0,campaign-sf1,mado,tpch,Q02,Complex,commercial_a,non-indexed,1,6,0,-1,django,orm,q02s5,2,0.248153,,ok,,client-side:2700,1.0,201843,129971090282192,2026-09-06T11:29:56.381-05:00
4777897a89b0,campaign-sf1,mado,tpch,Q02,Complex,commercial_a,non-indexed,1,6,0,-1,sqlalchemy,sql,q02s5,2,0.481054,,ok,,client-side:2700,1.0,201843,129971090282192,2026-09-06T11:29:56.862-05:00
4777897a89b0,campaign-sf1,mado,tpch,Q02,Complex,commercial_a,non-indexed,1,6,0,-1,sqlalchemy,orm,q02s5,2,0.499942,,ok,,client-side:2700,1.0,201843,129971090282192,2026-09-06T11:29:57.362-05:00
4777897a89b0,campaign-sf1,mado,tpch,Q02,Complex,commercial_a,non-indexed,1,6,0,0,django,sql,q02s5,0,0.182465,100,ok,,client-side:2700,1.0,201843,129971090282192,2026-09-06T11:29:57.544-05:00
4777897a89b0,campaign-sf1,mado,tpch,Q02,Complex,commercial_a,non-indexed,1,6,0,1,django,orm,q02s5,0,0.135562,100,ok,,client-side:2700,1.0,201843,129971090282192,2026-09-06T11:29:57.680-05:00
4777897a89b0,campaign-sf1,mado,tpch,Q02,Complex,commercial_a,non-indexed,1,6,0,2,sqlalchemy,sql,q02s5,0,0.187385,100,ok,,client-side:2700,1.0,201843,129971090282192,2026-09-06T11:29:57.867-05:00
4777897a89b0,campaign-sf1,mado,tpch,Q02,Complex,commercial_a,non-indexed,1,6,0,3,sqlalchemy,orm,q02s5,0,0.188969,100,ok,,client-side:2700,1.0,201843,129971090282192,2026-09-06T11:29:58.056-05:00
4777897a89b0,campaign-sf1,mado,tpch,Q02,Complex,commercial_a,non-indexed,1,7,2,-1,django,sql,q02s6,2,0.484839,,ok,,client-side:2700,1.0,201843,129971090282192,2026-09-06T11:29:58.546-05:00
4777897a89b0,campaign-sf1,mado,tpch,Q02,Complex,commercial_a,non-indexed,1,7,2,-1,django,orm,q02s6,2,0.249434,,ok,,client-side:2700,1.0,201843,129971090282192,2026-09-06T11:29:58.795-05:00
4777897a89b0,campaign-sf1,mado,tpch,Q02,Complex,commercial_a,non-indexed,1,7,2,-1,sqlalchemy,sql,q02s6,2,0.487601,,ok,,client-side:2700,1.0,201843,129971090282192,2026-09-06T11:29:59.283-05:00
4777897a89b0,campaign-sf1,mado,tpch,Q02,Complex,commercial_a,non-indexed,1,7,2,-1,sqlalchemy,orm,q02s6,2,0.189269,,ok,,client-side:2700,1.0,201843,129971090282192,2026-09-06T11:29:59.472-05:00
4777897a89b0,campaign-sf1,mado,tpch,Q02,Complex,commercial_a,non-indexed,1,7,2,0,sqlalchemy,orm,q02s6,0,0.189704,100,ok,,client-side:2700,1.0,201843,129971090282192,2026-09-06T11:29:59.662-05:00
4777897a89b0,campaign-sf1,mado,tpch,Q02,Complex,commercial_a,non-indexed,1,7,2,1,sqlalchemy,sql,q02s6,0,0.183774,100,ok,,client-side:2700,1.0,201843,129971090282192,2026-09-06T11:29:59.846-05:00
4777897a89b0,campaign-sf1,mado,tpch,Q02,Complex,commercial_a,non-indexed,1,7,2,2,django,orm,q02s6,0,0.132928,100,ok,,client-side:2700,1.0,201843,129971090282192,2026-09-06T11:29:59.979-05:00
4777897a89b0,campaign-sf1,mado,tpch,Q02,Complex,commercial_a,non-indexed,1,7,2,3,django,sql,q02s6,0,0.18655,100,ok,,client-side:2700,1.0,201843,129971090282192,2026-09-06T11:30:00.166-05:00
4777897a89b0,campaign-sf1,mado,tpch,Q02,Complex,commercial_a,non-indexed,1,8,1,-1,django,sql,q02s7,2,0.483843,,ok,,client-side:2700,1.0,201843,129971090282192,2026-09-06T11:30:00.654-05:00
4777897a89b0,campaign-sf1,mado,tpch,Q02,Complex,commercial_a,non-indexed,1,8,1,-1,django,orm,q02s7,2,0.245047,,ok,,client-side:2700,1.0,201843,129971090282192,2026-09-06T11:30:00.900-05:00
4777897a89b0,campaign-sf1,mado,tpch,Q02,Complex,commercial_a,non-indexed,1,8,1,-1,sqlalchemy,sql,q02s7,2,0.485538,,ok,,client-side:2700,1.0,201843,129971090282192,2026-09-06T11:30:01.385-05:00
4777897a89b0,campaign-sf1,mado,tpch,Q02,Complex,commercial_a,non-indexed,1,8,1,-1,sqlalchemy,orm,q02s7,2,0.503849,,ok,,client-side:2700,1.0,201843,129971090282192,2026-09-06T11:30:01.889-05:00
4777897a89b0,campaign-sf1,mado,tpch,Q02,Complex,commercial_a,non-indexed,1,8,1,0,django,orm,q02s7,0,0.1329,100,ok,,client-side:2700,1.0,201843,129971090282192,2026-09-06T11:30:02.022-05:00
4777897a89b0,campaign-sf1,mado,tpch,Q02,Complex,commercial_a,non-indexed,1,8,1,1,sqlalchemy,orm,q02s7,0,0.194003,100,ok,,client-side:2700,1.0,201843,129971090282192,2026-09-06T11:30:02.216-05:00
4777897a89b0,campaign-sf1,mado,tpch,Q02,Complex,commercial_a,non-indexed,1,8,1,2,django,sql,q02s7,0,0.182434,100,ok,,client-side:2700,1.0,201843,129971090282192,2026-09-06T11:30:02.399-05:00
4777897a89b0,campaign-sf1,mado,tpch,Q02,Complex,commercial_a,non-indexed,1,8,1,3,sqlalchemy,sql,q02s7,0,0.184666,100,ok,,client-side:2700,1.0,201843,129971090282192,2026-09-06T11:30:02.583-05:00
f322da542b92,campaign-sf1,mado,tpch,Q03,Medium,commercial_a,non-indexed,1,0,0,0,django,sql,q03warm,1,3.674382,10,ok,,client-side:2700,1.0,201847,126331440255568,2026-09-06T11:30:07.676-05:00
f322da542b92,campaign-sf1,mado,tpch,Q03,Medium,commercial_a,non-indexed,1,0,0,1,django,orm,q03warm,1,3.691591,10,ok,,client-side:2700,1.0,201847,126331440255568,2026-09-06T11:30:11.368-05:00
f322da542b92,campaign-sf1,mado,tpch,Q03,Medium,commercial_a,non-indexed,1,0,0,2,sqlalchemy,sql,q03warm,1,3.775316,10,ok,,client-side:2700,1.0,201847,126331440255568,2026-09-06T11:30:15.143-05:00
f322da542b92,campaign-sf1,mado,tpch,Q03,Medium,commercial_a,non-indexed,1,0,0,3,sqlalchemy,orm,q03warm,1,3.973476,10,ok,,client-side:2700,0.92,201847,126331440255568,2026-09-06T11:30:19.117-05:00
f322da542b92,campaign-sf1,mado,tpch,Q03,Medium,commercial_a,non-indexed,1,1,1,-1,django,sql,q03s0,2,3.48395,,ok,,client-side:2700,0.92,201847,126331440255568,2026-09-06T11:30:22.604-05:00
f322da542b92,campaign-sf1,mado,tpch,Q03,Medium,commercial_a,non-indexed,1,1,1,-1,django,orm,q03s0,2,3.464313,,ok,,client-side:2700,0.85,201847,126331440255568,2026-09-06T11:30:26.069-05:00
f322da542b92,campaign-sf1,mado,tpch,Q03,Medium,commercial_a,non-indexed,1,1,1,-1,sqlalchemy,sql,q03s0,2,3.522426,,ok,,client-side:2700,0.86,201847,126331440255568,2026-09-06T11:30:29.591-05:00
f322da542b92,campaign-sf1,mado,tpch,Q03,Medium,commercial_a,non-indexed,1,1,1,-1,sqlalchemy,orm,q03s0,2,3.68493,,ok,,client-side:2700,0.79,201847,126331440255568,2026-09-06T11:30:33.276-05:00
f322da542b92,campaign-sf1,mado,tpch,Q03,Medium,commercial_a,non-indexed,1,1,1,0,django,orm,q03s0,0,3.64528,10,ok,,client-side:2700,0.79,201847,126331440255568,2026-09-06T11:30:36.922-05:00
f322da542b92,campaign-sf1,mado,tpch,Q03,Medium,commercial_a,non-indexed,1,1,1,1,sqlalchemy,orm,q03s0,0,4.024183,10,ok,,client-side:2700,0.81,201847,126331440255568,2026-09-06T11:30:40.946-05:00
f322da542b92,campaign-sf1,mado,tpch,Q03,Medium,commercial_a,non-indexed,1,1,1,2,django,sql,q03s0,0,3.519559,10,ok,,client-side:2700,0.82,201847,126331440255568,2026-09-06T11:30:44.466-05:00
f322da542b92,campaign-sf1,mado,tpch,Q03,Medium,commercial_a,non-indexed,1,1,1,3,sqlalchemy,sql,q03s0,0,3.719025,10,ok,,client-side:2700,0.84,201847,126331440255568,2026-09-06T11:30:48.185-05:00
f322da542b92,campaign-sf1,mado,tpch,Q03,Medium,commercial_a,non-indexed,1,2,2,-1,django,sql,q03s1,2,5.417036,,ok,,client-side:2700,0.77,201847,126331440255568,2026-09-06T11:30:53.605-05:00
f322da542b92,campaign-sf1,mado,tpch,Q03,Medium,commercial_a,non-indexed,1,2,2,-1,django,orm,q03s1,2,5.412132,,ok,,client-side:2700,0.79,201847,126331440255568,2026-09-06T11:30:59.017-05:00
f322da542b92,campaign-sf1,mado,tpch,Q03,Medium,commercial_a,non-indexed,1,2,2,-1,sqlalchemy,sql,q03s1,2,3.73588,,ok,,client-side:2700,0.79,201847,126331440255568,2026-09-06T11:31:02.753-05:00
f322da542b92,campaign-sf1,mado,tpch,Q03,Medium,commercial_a,non-indexed,1,2,2,-1,sqlalchemy,orm,q03s1,2,3.670947,,ok,,client-side:2700,0.73,201847,126331440255568,2026-09-06T11:31:06.424-05:00
f322da542b92,campaign-sf1,mado,tpch,Q03,Medium,commercial_a,non-indexed,1,2,2,0,sqlalchemy,orm,q03s1,0,3.76859,10,ok,,client-side:2700,0.75,201847,126331440255568,2026-09-06T11:31:10.193-05:00
f322da542b92,campaign-sf1,mado,tpch,Q03,Medium,commercial_a,non-indexed,1,2,2,1,sqlalchemy,sql,q03s1,0,3.649345,10,ok,,client-side:2700,0.77,201847,126331440255568,2026-09-06T11:31:13.843-05:00
f322da542b92,campaign-sf1,mado,tpch,Q03,Medium,commercial_a,non-indexed,1,2,2,2,django,orm,q03s1,0,3.610688,10,ok,,client-side:2700,0.77,201847,126331440255568,2026-09-06T11:31:17.453-05:00
f322da542b92,campaign-sf1,mado,tpch,Q03,Medium,commercial_a,non-indexed,1,2,2,3,django,sql,q03s1,0,3.691545,10,ok,,client-side:2700,0.71,201847,126331440255568,2026-09-06T11:31:21.145-05:00
f322da542b92,campaign-sf1,mado,tpch,Q03,Medium,commercial_a,non-indexed,1,3,3,-1,django,sql,q03s2,2,3.71102,,ok,,client-side:2700,0.65,201847,126331440255568,2026-09-06T11:31:24.860-05:00
f322da542b92,campaign-sf1,mado,tpch,Q03,Medium,commercial_a,non-indexed,1,3,3,-1,django,orm,q03s2,2,3.957003,,ok,,client-side:2700,0.68,201847,126331440255568,2026-09-06T11:31:28.817-05:00
f322da542b92,campaign-sf1,mado,tpch,Q03,Medium,commercial_a,non-indexed,1,3,3,-1,sqlalchemy,sql,q03s2,2,3.711345,,ok,,client-side:2700,0.68,201847,126331440255568,2026-09-06T11:31:32.528-05:00
f322da542b92,campaign-sf1,mado,tpch,Q03,Medium,commercial_a,non-indexed,1,3,3,-1,sqlalchemy,orm,q03s2,2,3.675981,,ok,,client-side:2700,0.7,201847,126331440255568,2026-09-06T11:31:36.204-05:00
f322da542b92,campaign-sf1,mado,tpch,Q03,Medium,commercial_a,non-indexed,1,3,3,0,sqlalchemy,sql,q03s2,0,3.506233,10,ok,,client-side:2700,0.73,201847,126331440255568,2026-09-06T11:31:39.711-05:00
f322da542b92,campaign-sf1,mado,tpch,Q03,Medium,commercial_a,non-indexed,1,3,3,1,django,sql,q03s2,0,3.675429,10,ok,,client-side:2700,0.83,201847,126331440255568,2026-09-06T11:31:43.386-05:00
f322da542b92,campaign-sf1,mado,tpch,Q03,Medium,commercial_a,non-indexed,1,3,3,2,sqlalchemy,orm,q03s2,0,4.963563,10,ok,,client-side:2700,0.84,201847,126331440255568,2026-09-06T11:31:48.350-05:00
f322da542b92,campaign-sf1,mado,tpch,Q03,Medium,commercial_a,non-indexed,1,3,3,3,django,orm,q03s2,0,3.18072,10,ok,,client-side:2700,0.84,201847,126331440255568,2026-09-06T11:31:51.531-05:00
f322da542b92,campaign-sf1,mado,tpch,Q03,Medium,commercial_a,non-indexed,1,4,0,-1,django,sql,q03s3,2,3.608653,,ok,,client-side:2700,0.78,201847,126331440255568,2026-09-06T11:31:55.142-05:00
f322da542b92,campaign-sf1,mado,tpch,Q03,Medium,commercial_a,non-indexed,1,4,0,-1,django,orm,q03s3,2,3.484705,,ok,,client-side:2700,0.79,201847,126331440255568,2026-09-06T11:31:58.627-05:00
f322da542b92,campaign-sf1,mado,tpch,Q03,Medium,commercial_a,non-indexed,1,4,0,-1,sqlalchemy,sql,q03s3,2,3.747087,,ok,,client-side:2700,0.79,201847,126331440255568,2026-09-06T11:32:02.374-05:00
f322da542b92,campaign-sf1,mado,tpch,Q03,Medium,commercial_a,non-indexed,1,4,0,-1,sqlalchemy,orm,q03s3,2,3.867134,,ok,,client-side:2700,0.97,201847,126331440255568,2026-09-06T11:32:06.242-05:00
f322da542b92,campaign-sf1,mado,tpch,Q03,Medium,commercial_a,non-indexed,1,4,0,0,django,sql,q03s3,0,3.472951,10,ok,,client-side:2700,0.97,201847,126331440255568,2026-09-06T11:32:09.715-05:00
f322da542b92,campaign-sf1,mado,tpch,Q03,Medium,commercial_a,non-indexed,1,4,0,1,django,orm,q03s3,0,3.264429,10,ok,,client-side:2700,0.97,201847,126331440255568,2026-09-06T11:32:12.979-05:00
f322da542b92,campaign-sf1,mado,tpch,Q03,Medium,commercial_a,non-indexed,1,4,0,2,sqlalchemy,sql,q03s3,0,3.495391,10,ok,,client-side:2700,0.98,201847,126331440255568,2026-09-06T11:32:16.475-05:00
f322da542b92,campaign-sf1,mado,tpch,Q03,Medium,commercial_a,non-indexed,1,4,0,3,sqlalchemy,orm,q03s3,0,3.637269,10,ok,,client-side:2700,0.9,201847,126331440255568,2026-09-06T11:32:20.112-05:00
f322da542b92,campaign-sf1,mado,tpch,Q03,Medium,commercial_a,non-indexed,1,5,3,-1,django,sql,q03s4,2,3.737833,,ok,,client-side:2700,0.91,201847,126331440255568,2026-09-06T11:32:23.853-05:00
f322da542b92,campaign-sf1,mado,tpch,Q03,Medium,commercial_a,non-indexed,1,5,3,-1,django,orm,q03s4,2,3.535891,,ok,,client-side:2700,0.91,201847,126331440255568,2026-09-06T11:32:27.389-05:00
f322da542b92,campaign-sf1,mado,tpch,Q03,Medium,commercial_a,non-indexed,1,5,3,-1,sqlalchemy,sql,q03s4,2,3.764174,,ok,,client-side:2700,0.91,201847,126331440255568,2026-09-06T11:32:31.154-05:00
f322da542b92,campaign-sf1,mado,tpch,Q03,Medium,commercial_a,non-indexed,1,5,3,-1,sqlalchemy,orm,q03s4,2,3.874514,,ok,,client-side:2700,0.84,201847,126331440255568,2026-09-06T11:32:35.028-05:00
f322da542b92,campaign-sf1,mado,tpch,Q03,Medium,commercial_a,non-indexed,1,5,3,0,sqlalchemy,sql,q03s4,0,3.431637,10,ok,,client-side:2700,0.77,201847,126331440255568,2026-09-06T11:32:38.460-05:00
f322da542b92,campaign-sf1,mado,tpch,Q03,Medium,commercial_a,non-indexed,1,5,3,1,django,sql,q03s4,0,3.960613,10,ok,,client-side:2700,0.77,201847,126331440255568,2026-09-06T11:32:42.421-05:00
f322da542b92,campaign-sf1,mado,tpch,Q03,Medium,commercial_a,non-indexed,1,5,3,2,sqlalchemy,orm,q03s4,0,3.741038,10,ok,,client-side:2700,0.71,201847,126331440255568,2026-09-06T11:32:46.162-05:00
f322da542b92,campaign-sf1,mado,tpch,Q03,Medium,commercial_a,non-indexed,1,5,3,3,django,orm,q03s4,0,5.173333,10,ok,,client-side:2700,0.73,201847,126331440255568,2026-09-06T11:32:51.335-05:00
f322da542b92,campaign-sf1,mado,tpch,Q03,Medium,commercial_a,non-indexed,1,6,1,-1,django,sql,q03s5,2,3.598868,,ok,,client-side:2700,0.76,201847,126331440255568,2026-09-06T11:32:54.937-05:00
f322da542b92,campaign-sf1,mado,tpch,Q03,Medium,commercial_a,non-indexed,1,6,1,-1,django,orm,q03s5,2,3.604338,,ok,,client-side:2700,0.7,201847,126331440255568,2026-09-06T11:32:58.542-05:00
f322da542b92,campaign-sf1,mado,tpch,Q03,Medium,commercial_a,non-indexed,1,6,1,-1,sqlalchemy,sql,q03s5,2,3.986085,,ok,,client-side:2700,0.7,201847,126331440255568,2026-09-06T11:33:02.528-05:00
f322da542b92,campaign-sf1,mado,tpch,Q03,Medium,commercial_a,non-indexed,1,6,1,-1,sqlalchemy,orm,q03s5,2,3.613376,,ok,,client-side:2700,0.72,201847,126331440255568,2026-09-06T11:33:06.141-05:00
f322da542b92,campaign-sf1,mado,tpch,Q03,Medium,commercial_a,non-indexed,1,6,1,0,django,orm,q03s5,0,3.52702,10,ok,,client-side:2700,0.66,201847,126331440255568,2026-09-06T11:33:09.669-05:00
f322da542b92,campaign-sf1,mado,tpch,Q03,Medium,commercial_a,non-indexed,1,6,1,1,sqlalchemy,orm,q03s5,0,3.699767,10,ok,,client-side:2700,0.61,201847,126331440255568,2026-09-06T11:33:13.368-05:00
f322da542b92,campaign-sf1,mado,tpch,Q03,Medium,commercial_a,non-indexed,1,6,1,2,django,sql,q03s5,0,3.718955,10,ok,,client-side:2700,0.61,201847,126331440255568,2026-09-06T11:33:17.087-05:00
f322da542b92,campaign-sf1,mado,tpch,Q03,Medium,commercial_a,non-indexed,1,6,1,3,sqlalchemy,sql,q03s5,0,3.669128,10,ok,,client-side:2700,0.64,201847,126331440255568,2026-09-06T11:33:20.757-05:00
f322da542b92,campaign-sf1,mado,tpch,Q03,Medium,commercial_a,non-indexed,1,7,0,-1,django,sql,q03s6,2,5.62139,,ok,,client-side:2700,0.59,201847,126331440255568,2026-09-06T11:33:26.381-05:00
f322da542b92,campaign-sf1,mado,tpch,Q03,Medium,commercial_a,non-indexed,1,7,0,-1,django,orm,q03s6,2,3.685885,,ok,,client-side:2700,0.62,201847,126331440255568,2026-09-06T11:33:30.067-05:00
f322da542b92,campaign-sf1,mado,tpch,Q03,Medium,commercial_a,non-indexed,1,7,0,-1,sqlalchemy,sql,q03s6,2,3.740296,,ok,,client-side:2700,0.65,201847,126331440255568,2026-09-06T11:33:33.808-05:00
f322da542b92,campaign-sf1,mado,tpch,Q03,Medium,commercial_a,non-indexed,1,7,0,-1,sqlalchemy,orm,q03s6,2,3.539799,,ok,,client-side:2700,0.65,201847,126331440255568,2026-09-06T11:33:37.348-05:00
f322da542b92,campaign-sf1,mado,tpch,Q03,Medium,commercial_a,non-indexed,1,7,0,0,django,sql,q03s6,0,3.761034,10,ok,,client-side:2700,0.68,201847,126331440255568,2026-09-06T11:33:41.109-05:00
f322da542b92,campaign-sf1,mado,tpch,Q03,Medium,commercial_a,non-indexed,1,7,0,1,django,orm,q03s6,0,3.448757,10,ok,,client-side:2700,0.71,201847,126331440255568,2026-09-06T11:33:44.557-05:00
f322da542b92,campaign-sf1,mado,tpch,Q03,Medium,commercial_a,non-indexed,1,7,0,2,sqlalchemy,sql,q03s6,0,3.588061,10,ok,,client-side:2700,0.71,201847,126331440255568,2026-09-06T11:33:48.146-05:00
f322da542b92,campaign-sf1,mado,tpch,Q03,Medium,commercial_a,non-indexed,1,7,0,3,sqlalchemy,orm,q03s6,0,3.622545,10,ok,,client-side:2700,0.73,201847,126331440255568,2026-09-06T11:33:51.768-05:00
f322da542b92,campaign-sf1,mado,tpch,Q03,Medium,commercial_a,non-indexed,1,8,2,-1,django,sql,q03s7,2,3.601932,,ok,,client-side:2700,0.75,201847,126331440255568,2026-09-06T11:33:55.374-05:00
f322da542b92,campaign-sf1,mado,tpch,Q03,Medium,commercial_a,non-indexed,1,8,2,-1,django,orm,q03s7,2,3.615915,,ok,,client-side:2700,0.77,201847,126331440255568,2026-09-06T11:33:58.990-05:00
f322da542b92,campaign-sf1,mado,tpch,Q03,Medium,commercial_a,non-indexed,1,8,2,-1,sqlalchemy,sql,q03s7,2,3.649704,,ok,,client-side:2700,0.77,201847,126331440255568,2026-09-06T11:34:02.639-05:00
f322da542b92,campaign-sf1,mado,tpch,Q03,Medium,commercial_a,non-indexed,1,8,2,-1,sqlalchemy,orm,q03s7,2,3.807109,,ok,,client-side:2700,0.79,201847,126331440255568,2026-09-06T11:34:06.447-05:00
f322da542b92,campaign-sf1,mado,tpch,Q03,Medium,commercial_a,non-indexed,1,8,2,0,sqlalchemy,orm,q03s7,0,3.582474,10,ok,,client-side:2700,0.81,201847,126331440255568,2026-09-06T11:34:10.029-05:00
f322da542b92,campaign-sf1,mado,tpch,Q03,Medium,commercial_a,non-indexed,1,8,2,1,sqlalchemy,sql,q03s7,0,7.11806,10,ok,,client-side:2700,0.74,201847,126331440255568,2026-09-06T11:34:17.147-05:00
f322da542b92,campaign-sf1,mado,tpch,Q03,Medium,commercial_a,non-indexed,1,8,2,2,django,orm,q03s7,0,3.986818,10,ok,,client-side:2700,0.84,201847,126331440255568,2026-09-06T11:34:21.134-05:00
f322da542b92,campaign-sf1,mado,tpch,Q03,Medium,commercial_a,non-indexed,1,8,2,3,django,sql,q03s7,0,3.444943,10,ok,,client-side:2700,0.86,201847,126331440255568,2026-09-06T11:34:24.579-05:00
0a967a649b67,campaign-sf1,mado,tpch,Q04,Medium,commercial_a,non-indexed,1,0,1,0,django,orm,q04warm,1,26.807815,5,ok,,client-side:2700,0.91,201888,126627616969680,2026-09-06T11:34:52.825-05:00
0a967a649b67,campaign-sf1,mado,tpch,Q04,Medium,commercial_a,non-indexed,1,0,1,1,sqlalchemy,orm,q04warm,1,3.694345,5,ok,,client-side:2700,0.99,201888,126627616969680,2026-09-06T11:34:56.520-05:00
0a967a649b67,campaign-sf1,mado,tpch,Q04,Medium,commercial_a,non-indexed,1,0,1,2,django,sql,q04warm,1,3.70104,5,ok,,client-side:2700,0.91,201888,126627616969680,2026-09-06T11:35:00.221-05:00
0a967a649b67,campaign-sf1,mado,tpch,Q04,Medium,commercial_a,non-indexed,1,0,1,3,sqlalchemy,sql,q04warm,1,3.69202,5,ok,,client-side:2700,0.92,201888,126627616969680,2026-09-06T11:35:03.913-05:00
0a967a649b67,campaign-sf1,mado,tpch,Q04,Medium,commercial_a,non-indexed,1,1,3,-1,django,sql,q04s0,2,3.693175,,ok,,client-side:2700,0.92,201888,126627616969680,2026-09-06T11:35:07.610-05:00
0a967a649b67,campaign-sf1,mado,tpch,Q04,Medium,commercial_a,non-indexed,1,1,3,-1,django,orm,q04s0,2,27.028928,,ok,,client-side:2700,0.95,201888,126627616969680,2026-09-06T11:35:34.639-05:00
0a967a649b67,campaign-sf1,mado,tpch,Q04,Medium,commercial_a,non-indexed,1,1,3,-1,sqlalchemy,sql,q04s0,2,3.423786,,ok,,client-side:2700,0.95,201888,126627616969680,2026-09-06T11:35:38.063-05:00
0a967a649b67,campaign-sf1,mado,tpch,Q04,Medium,commercial_a,non-indexed,1,1,3,-1,sqlalchemy,orm,q04s0,2,3.619408,,ok,,client-side:2700,0.96,201888,126627616969680,2026-09-06T11:35:41.682-05:00
0a967a649b67,campaign-sf1,mado,tpch,Q04,Medium,commercial_a,non-indexed,1,1,3,0,sqlalchemy,sql,q04s0,0,3.483734,5,ok,,client-side:2700,0.88,201888,126627616969680,2026-09-06T11:35:45.166-05:00
0a967a649b67,campaign-sf1,mado,tpch,Q04,Medium,commercial_a,non-indexed,1,1,3,1,django,sql,q04s0,0,3.93621,5,ok,,client-side:2700,0.89,201888,126627616969680,2026-09-06T11:35:49.102-05:00
0a967a649b67,campaign-sf1,mado,tpch,Q04,Medium,commercial_a,non-indexed,1,1,3,2,sqlalchemy,orm,q04s0,0,3.72814,5,ok,,client-side:2700,0.89,201888,126627616969680,2026-09-06T11:35:52.831-05:00
0a967a649b67,campaign-sf1,mado,tpch,Q04,Medium,commercial_a,non-indexed,1,1,3,3,django,orm,q04s0,0,25.897923,5,ok,,client-side:2700,0.93,201888,126627616969680,2026-09-06T11:36:18.729-05:00
0a967a649b67,campaign-sf1,mado,tpch,Q04,Medium,commercial_a,non-indexed,1,2,2,-1,django,sql,q04s1,2,3.565121,,ok,,client-side:2700,0.93,201888,126627616969680,2026-09-06T11:36:22.297-05:00
0a967a649b67,campaign-sf1,mado,tpch,Q04,Medium,commercial_a,non-indexed,1,2,2,-1,django,orm,q04s1,2,26.439187,,ok,,client-side:2700,0.96,201888,126627616969680,2026-09-06T11:36:48.736-05:00
0a967a649b67,campaign-sf1,mado,tpch,Q04,Medium,commercial_a,non-indexed,1,2,2,-1,sqlalchemy,sql,q04s1,2,3.538007,,ok,,client-side:2700,0.96,201888,126627616969680,2026-09-06T11:36:52.274-05:00
0a967a649b67,campaign-sf1,mado,tpch,Q04,Medium,commercial_a,non-indexed,1,2,2,-1,sqlalchemy,orm,q04s1,2,3.742451,,ok,,client-side:2700,0.96,201888,126627616969680,2026-09-06T11:36:56.017-05:00
0a967a649b67,campaign-sf1,mado,tpch,Q04,Medium,commercial_a,non-indexed,1,2,2,0,sqlalchemy,orm,q04s1,0,3.747493,5,ok,,client-side:2700,0.89,201888,126627616969680,2026-09-06T11:36:59.765-05:00
0a967a649b67,campaign-sf1,mado,tpch,Q04,Medium,commercial_a,non-indexed,1,2,2,1,sqlalchemy,sql,q04s1,0,3.661197,5,ok,,client-side:2700,0.9,201888,126627616969680,2026-09-06T11:37:03.426-05:00
0a967a649b67,campaign-sf1,mado,tpch,Q04,Medium,commercial_a,non-indexed,1,2,2,2,django,orm,q04s1,0,27.020585,5,ok,,client-side:2700,0.93,201888,126627616969680,2026-09-06T11:37:30.446-05:00
0a967a649b67,campaign-sf1,mado,tpch,Q04,Medium,commercial_a,non-indexed,1,2,2,3,django,sql,q04s1,0,3.713229,5,ok,,client-side:2700,0.86,201888,126627616969680,2026-09-06T11:37:34.160-05:00
0a967a649b67,campaign-sf1,mado,tpch,Q04,Medium,commercial_a,non-indexed,1,3,1,-1,django,sql,q04s2,2,3.721454,,ok,,client-side:2700,0.86,201888,126627616969680,2026-09-06T11:37:37.885-05:00
0a967a649b67,campaign-sf1,mado,tpch,Q04,Medium,commercial_a,non-indexed,1,3,1,-1,django,orm,q04s2,2,25.833469,,ok,,client-side:2700,0.92,201888,126627616969680,2026-09-06T11:38:03.718-05:00
0a967a649b67,campaign-sf1,mado,tpch,Q04,Medium,commercial_a,non-indexed,1,3,1,-1,sqlalchemy,sql,q04s2,2,3.4815,,ok,,client-side:2700,0.92,201888,126627616969680,2026-09-06T11:38:07.200-05:00
0a967a649b67,campaign-sf1,mado,tpch,Q04,Medium,commercial_a,non-indexed,1,3,1,-1,sqlalchemy,orm,q04s2,2,3.753322,,ok,,client-side:2700,0.84,201888,126627616969680,2026-09-06T11:38:10.953-05:00
0a967a649b67,campaign-sf1,mado,tpch,Q04,Medium,commercial_a,non-indexed,1,3,1,0,django,orm,q04s2,0,27.93574,5,ok,,client-side:2700,0.82,201888,126627616969680,2026-09-06T11:38:38.889-05:00
0a967a649b67,campaign-sf1,mado,tpch,Q04,Medium,commercial_a,non-indexed,1,3,1,1,sqlalchemy,orm,q04s2,0,3.288421,5,ok,,client-side:2700,0.82,201888,126627616969680,2026-09-06T11:38:42.177-05:00
0a967a649b67,campaign-sf1,mado,tpch,Q04,Medium,commercial_a,non-indexed,1,3,1,2,django,sql,q04s2,0,3.351116,5,ok,,client-side:2700,0.84,201888,126627616969680,2026-09-06T11:38:45.529-05:00
0a967a649b67,campaign-sf1,mado,tpch,Q04,Medium,commercial_a,non-indexed,1,3,1,3,sqlalchemy,sql,q04s2,0,5.576165,5,ok,,client-side:2700,0.85,201888,126627616969680,2026-09-06T11:38:51.105-05:00
0a967a649b67,campaign-sf1,mado,tpch,Q04,Medium,commercial_a,non-indexed,1,4,0,-1,django,sql,q04s3,2,3.604238,,ok,,client-side:2700,0.86,201888,126627616969680,2026-09-06T11:38:54.712-05:00
0a967a649b67,campaign-sf1,mado,tpch,Q04,Medium,commercial_a,non-indexed,1,4,0,-1,django,orm,q04s3,2,26.680806,,ok,,client-side:2700,0.83,201888,126627616969680,2026-09-06T11:39:21.393-05:00
0a967a649b67,campaign-sf1,mado,tpch,Q04,Medium,commercial_a,non-indexed,1,4,0,-1,sqlalchemy,sql,q04s3,2,3.467757,,ok,,client-side:2700,0.84,201888,126627616969680,2026-09-06T11:39:24.861-05:00
0a967a649b67,campaign-sf1,mado,tpch,Q04,Medium,commercial_a,non-indexed,1,4,0,-1,sqlalchemy,orm,q04s3,2,3.914813,,ok,,client-side:2700,0.78,201888,126627616969680,2026-09-06T11:39:28.776-05:00
0a967a649b67,campaign-sf1,mado,tpch,Q04,Medium,commercial_a,non-indexed,1,4,0,0,django,sql,q04s3,0,3.673437,5,ok,,client-side:2700,0.78,201888,126627616969680,2026-09-06T11:39:32.450-05:00
0a967a649b67,campaign-sf1,mado,tpch,Q04,Medium,commercial_a,non-indexed,1,4,0,1,django,orm,q04s3,0,25.757475,5,ok,,client-side:2700,0.85,201888,126627616969680,2026-09-06T11:39:58.207-05:00
0a967a649b67,campaign-sf1,mado,tpch,Q04,Medium,commercial_a,non-indexed,1,4,0,2,sqlalchemy,sql,q04s3,0,3.641363,5,ok,,client-side:2700,0.87,201888,126627616969680,2026-09-06T11:40:01.849-05:00
0a967a649b67,campaign-sf1,mado,tpch,Q04,Medium,commercial_a,non-indexed,1,4,0,3,sqlalchemy,orm,q04s3,0,3.714055,5,ok,,client-side:2700,0.8,201888,126627616969680,2026-09-06T11:40:05.563-05:00
0a967a649b67,campaign-sf1,mado,tpch,Q04,Medium,commercial_a,non-indexed,1,5,2,-1,django,sql,q04s4,2,3.636273,,ok,,client-side:2700,0.73,201888,126627616969680,2026-09-06T11:40:09.202-05:00
0a967a649b67,campaign-sf1,mado,tpch,Q04,Medium,commercial_a,non-indexed,1,5,2,-1,django,orm,q04s4,2,26.227618,,ok,,client-side:2700,0.74,201888,126627616969680,2026-09-06T11:40:35.430-05:00
0a967a649b67,campaign-sf1,mado,tpch,Q04,Medium,commercial_a,non-indexed,1,5,2,-1,sqlalchemy,sql,q04s4,2,3.057873,,ok,,client-side:2700,0.77,201888,126627616969680,2026-09-06T11:40:38.488-05:00
0a967a649b67,campaign-sf1,mado,tpch,Q04,Medium,commercial_a,non-indexed,1,5,2,-1,sqlalchemy,orm,q04s4,2,3.734646,,ok,,client-side:2700,0.77,201888,126627616969680,2026-09-06T11:40:42.223-05:00
0a967a649b67,campaign-sf1,mado,tpch,Q04,Medium,commercial_a,non-indexed,1,5,2,0,sqlalchemy,orm,q04s4,0,3.661646,5,ok,,client-side:2700,0.78,201888,126627616969680,2026-09-06T11:40:45.884-05:00
0a967a649b67,campaign-sf1,mado,tpch,Q04,Medium,commercial_a,non-indexed,1,5,2,1,sqlalchemy,sql,q04s4,0,3.267079,5,ok,,client-side:2700,0.8,201888,126627616969680,2026-09-06T11:40:49.152-05:00
0a967a649b67,campaign-sf1,mado,tpch,Q04,Medium,commercial_a,non-indexed,1,5,2,2,django,orm,q04s4,0,25.519492,5,ok,,client-side:2700,0.87,201888,126627616969680,2026-09-06T11:41:14.671-05:00
0a967a649b67,campaign-sf1,mado,tpch,Q04,Medium,commercial_a,non-indexed,1,5,2,3,django,sql,q04s4,0,3.390492,5,ok,,client-side:2700,0.87,201888,126627616969680,2026-09-06T11:41:18.062-05:00
0a967a649b67,campaign-sf1,mado,tpch,Q04,Medium,commercial_a,non-indexed,1,6,0,-1,django,sql,q04s5,2,3.579139,,ok,,client-side:2700,0.88,201888,126627616969680,2026-09-06T11:41:21.644-05:00
0a967a649b67,campaign-sf1,mado,tpch,Q04,Medium,commercial_a,non-indexed,1,6,0,-1,django,orm,q04s5,2,27.26945,,ok,,client-side:2700,0.93,201888,126627616969680,2026-09-06T11:41:48.914-05:00
0a967a649b67,campaign-sf1,mado,tpch,Q04,Medium,commercial_a,non-indexed,1,6,0,-1,sqlalchemy,sql,q04s5,2,3.398969,,ok,,client-side:2700,0.93,201888,126627616969680,2026-09-06T11:41:52.313-05:00
0a967a649b67,campaign-sf1,mado,tpch,Q04,Medium,commercial_a,non-indexed,1,6,0,-1,sqlalchemy,orm,q04s5,2,4.711486,,ok,,client-side:2700,0.85,201888,126627616969680,2026-09-06T11:41:57.024-05:00
0a967a649b67,campaign-sf1,mado,tpch,Q04,Medium,commercial_a,non-indexed,1,6,0,0,django,sql,q04s5,0,3.608574,5,ok,,client-side:2700,0.87,201888,126627616969680,2026-09-06T11:42:00.633-05:00
0a967a649b67,campaign-sf1,mado,tpch,Q04,Medium,commercial_a,non-indexed,1,6,0,1,django,orm,q04s5,0,26.46356,5,ok,,client-side:2700,0.91,201888,126627616969680,2026-09-06T11:42:27.096-05:00
0a967a649b67,campaign-sf1,mado,tpch,Q04,Medium,commercial_a,non-indexed,1,6,0,2,sqlalchemy,sql,q04s5,0,3.19403,5,ok,,client-side:2700,0.84,201888,126627616969680,2026-09-06T11:42:30.291-05:00
0a967a649b67,campaign-sf1,mado,tpch,Q04,Medium,commercial_a,non-indexed,1,6,0,3,sqlalchemy,orm,q04s5,0,3.411624,5,ok,,client-side:2700,0.85,201888,126627616969680,2026-09-06T11:42:33.702-05:00
0a967a649b67,campaign-sf1,mado,tpch,Q04,Medium,commercial_a,non-indexed,1,7,1,-1,django,sql,q04s6,2,3.482209,,ok,,client-side:2700,0.85,201888,126627616969680,2026-09-06T11:42:37.188-05:00
0a967a649b67,campaign-sf1,mado,tpch,Q04,Medium,commercial_a,non-indexed,1,7,1,-1,django,orm,q04s6,2,27.825139,,ok,,client-side:2700,0.91,201888,126627616969680,2026-09-06T11:43:05.013-05:00
0a967a649b67,campaign-sf1,mado,tpch,Q04,Medium,commercial_a,non-indexed,1,7,1,-1,sqlalchemy,sql,q04s6,2,3.381621,,ok,,client-side:2700,0.92,201888,126627616969680,2026-09-06T11:43:08.395-05:00
0a967a649b67,campaign-sf1,mado,tpch,Q04,Medium,commercial_a,non-indexed,1,7,1,-1,sqlalchemy,orm,q04s6,2,3.868243,,ok,,client-side:2700,0.92,201888,126627616969680,2026-09-06T11:43:12.263-05:00
0a967a649b67,campaign-sf1,mado,tpch,Q04,Medium,commercial_a,non-indexed,1,7,1,0,django,orm,q04s6,0,26.185923,5,ok,,client-side:2700,1.01,201888,126627616969680,2026-09-06T11:43:38.449-05:00
0a967a649b67,campaign-sf1,mado,tpch,Q04,Medium,commercial_a,non-indexed,1,7,1,1,sqlalchemy,orm,q04s6,0,3.498146,5,ok,,client-side:2700,1.01,201888,126627616969680,2026-09-06T11:43:41.947-05:00
0a967a649b67,campaign-sf1,mado,tpch,Q04,Medium,commercial_a,non-indexed,1,7,1,2,django,sql,q04s6,0,3.655091,5,ok,,client-side:2700,1.01,201888,126627616969680,2026-09-06T11:43:45.603-05:00
0a967a649b67,campaign-sf1,mado,tpch,Q04,Medium,commercial_a,non-indexed,1,7,1,3,sqlalchemy,sql,q04s6,0,3.576947,5,ok,,client-side:2700,1.01,201888,126627616969680,2026-09-06T11:43:49.180-05:00
0a967a649b67,campaign-sf1,mado,tpch,Q04,Medium,commercial_a,non-indexed,1,8,3,-1,django,sql,q04s7,2,3.56811,,ok,,client-side:2700,1.01,201888,126627616969680,2026-09-06T11:43:52.751-05:00
0a967a649b67,campaign-sf1,mado,tpch,Q04,Medium,commercial_a,non-indexed,1,8,3,-1,django,orm,q04s7,2,27.194461,,ok,,client-side:2700,1.07,201888,126627616969680,2026-09-06T11:44:19.946-05:00
0a967a649b67,campaign-sf1,mado,tpch,Q04,Medium,commercial_a,non-indexed,1,8,3,-1,sqlalchemy,sql,q04s7,2,3.334442,,ok,,client-side:2700,1.07,201888,126627616969680,2026-09-06T11:44:23.280-05:00
0a967a649b67,campaign-sf1,mado,tpch,Q04,Medium,commercial_a,non-indexed,1,8,3,-1,sqlalchemy,orm,q04s7,2,3.434387,,ok,,client-side:2700,1.06,201888,126627616969680,2026-09-06T11:44:26.715-05:00
0a967a649b67,campaign-sf1,mado,tpch,Q04,Medium,commercial_a,non-indexed,1,8,3,0,sqlalchemy,sql,q04s7,0,3.308507,5,ok,,client-side:2700,0.98,201888,126627616969680,2026-09-06T11:44:30.023-05:00
0a967a649b67,campaign-sf1,mado,tpch,Q04,Medium,commercial_a,non-indexed,1,8,3,1,django,sql,q04s7,0,3.506761,5,ok,,client-side:2700,0.9,201888,126627616969680,2026-09-06T11:44:33.530-05:00
0a967a649b67,campaign-sf1,mado,tpch,Q04,Medium,commercial_a,non-indexed,1,8,3,2,sqlalchemy,orm,q04s7,0,3.383654,5,ok,,client-side:2700,0.9,201888,126627616969680,2026-09-06T11:44:36.914-05:00
0a967a649b67,campaign-sf1,mado,tpch,Q04,Medium,commercial_a,non-indexed,1,8,3,3,django,orm,q04s7,0,27.797515,5,ok,,client-side:2700,0.86,201888,126627616969680,2026-09-06T11:45:04.711-05:00
6ec56b7a93dc,campaign-sf1,mado,tpch,Q05,Complex,commercial_a,non-indexed,1,0,3,0,sqlalchemy,sql,q05warm,1,3.744621,5,ok,,client-side:2700,0.79,202188,138027432743072,2026-09-06T11:45:09.878-05:00
6ec56b7a93dc,campaign-sf1,mado,tpch,Q05,Complex,commercial_a,non-indexed,1,0,3,1,django,sql,q05warm,1,3.8037,5,ok,,client-side:2700,0.73,202188,138027432743072,2026-09-06T11:45:13.682-05:00
6ec56b7a93dc,campaign-sf1,mado,tpch,Q05,Complex,commercial_a,non-indexed,1,0,3,2,sqlalchemy,orm,q05warm,1,3.990584,5,ok,,client-side:2700,0.73,202188,138027432743072,2026-09-06T11:45:17.672-05:00
6ec56b7a93dc,campaign-sf1,mado,tpch,Q05,Complex,commercial_a,non-indexed,1,0,3,3,django,orm,q05warm,1,4.205797,5,ok,,client-side:2700,0.75,202188,138027432743072,2026-09-06T11:45:21.878-05:00
6ec56b7a93dc,campaign-sf1,mado,tpch,Q05,Complex,commercial_a,non-indexed,1,1,3,-1,django,sql,q05s0,2,3.52544,,ok,,client-side:2700,0.77,202188,138027432743072,2026-09-06T11:45:25.407-05:00
6ec56b7a93dc,campaign-sf1,mado,tpch,Q05,Complex,commercial_a,non-indexed,1,1,3,-1,django,orm,q05s0,2,4.181651,,ok,,client-side:2700,0.79,202188,138027432743072,2026-09-06T11:45:29.589-05:00
6ec56b7a93dc,campaign-sf1,mado,tpch,Q05,Complex,commercial_a,non-indexed,1,1,3,-1,sqlalchemy,sql,q05s0,2,4.260704,,ok,,client-side:2700,0.72,202188,138027432743072,2026-09-06T11:45:33.850-05:00
6ec56b7a93dc,campaign-sf1,mado,tpch,Q05,Complex,commercial_a,non-indexed,1,1,3,-1,sqlalchemy,orm,q05s0,2,3.766964,,ok,,client-side:2700,0.72,202188,138027432743072,2026-09-06T11:45:37.617-05:00
6ec56b7a93dc,campaign-sf1,mado,tpch,Q05,Complex,commercial_a,non-indexed,1,1,3,0,sqlalchemy,sql,q05s0,0,3.581789,5,ok,,client-side:2700,0.75,202188,138027432743072,2026-09-06T11:45:41.198-05:00
6ec56b7a93dc,campaign-sf1,mado,tpch,Q05,Complex,commercial_a,non-indexed,1,1,3,1,django,sql,q05s0,0,3.408708,5,ok,,client-side:2700,0.77,202188,138027432743072,2026-09-06T11:45:44.607-05:00
6ec56b7a93dc,campaign-sf1,mado,tpch,Q05,Complex,commercial_a,non-indexed,1,1,3,2,sqlalchemy,orm,q05s0,0,3.543754,5,ok,,client-side:2700,0.77,202188,138027432743072,2026-09-06T11:45:48.151-05:00
6ec56b7a93dc,campaign-sf1,mado,tpch,Q05,Complex,commercial_a,non-indexed,1,1,3,3,django,orm,q05s0,0,3.522849,5,ok,,client-side:2700,0.71,202188,138027432743072,2026-09-06T11:45:51.674-05:00
6ec56b7a93dc,campaign-sf1,mado,tpch,Q05,Complex,commercial_a,non-indexed,1,2,2,-1,django,sql,q05s1,2,7.367888,,ok,,client-side:2700,0.76,202188,138027432743072,2026-09-06T11:45:59.045-05:00
6ec56b7a93dc,campaign-sf1,mado,tpch,Q05,Complex,commercial_a,non-indexed,1,2,2,-1,django,orm,q05s1,2,4.237399,,ok,,client-side:2700,0.76,202188,138027432743072,2026-09-06T11:46:03.283-05:00
6ec56b7a93dc,campaign-sf1,mado,tpch,Q05,Complex,commercial_a,non-indexed,1,2,2,-1,sqlalchemy,sql,q05s1,2,3.906171,,ok,,client-side:2700,0.7,202188,138027432743072,2026-09-06T11:46:07.189-05:00
6ec56b7a93dc,campaign-sf1,mado,tpch,Q05,Complex,commercial_a,non-indexed,1,2,2,-1,sqlalchemy,orm,q05s1,2,3.891225,,ok,,client-side:2700,0.64,202188,138027432743072,2026-09-06T11:46:11.081-05:00
6ec56b7a93dc,campaign-sf1,mado,tpch,Q05,Complex,commercial_a,non-indexed,1,2,2,0,sqlalchemy,orm,q05s1,0,3.791064,5,ok,,client-side:2700,0.67,202188,138027432743072,2026-09-06T11:46:14.872-05:00
6ec56b7a93dc,campaign-sf1,mado,tpch,Q05,Complex,commercial_a,non-indexed,1,2,2,1,sqlalchemy,sql,q05s1,0,3.740257,5,ok,,client-side:2700,0.7,202188,138027432743072,2026-09-06T11:46:18.612-05:00
6ec56b7a93dc,campaign-sf1,mado,tpch,Q05,Complex,commercial_a,non-indexed,1,2,2,2,django,orm,q05s1,0,3.625656,5,ok,,client-side:2700,0.7,202188,138027432743072,2026-09-06T11:46:22.238-05:00
6ec56b7a93dc,campaign-sf1,mado,tpch,Q05,Complex,commercial_a,non-indexed,1,2,2,3,django,sql,q05s1,0,3.695254,5,ok,,client-side:2700,0.72,202188,138027432743072,2026-09-06T11:46:25.933-05:00
6ec56b7a93dc,campaign-sf1,mado,tpch,Q05,Complex,commercial_a,non-indexed,1,3,1,-1,django,sql,q05s2,2,3.84431,,ok,,client-side:2700,0.74,202188,138027432743072,2026-09-06T11:46:29.781-05:00
6ec56b7a93dc,campaign-sf1,mado,tpch,Q05,Complex,commercial_a,non-indexed,1,3,1,-1,django,orm,q05s2,2,4.241823,,ok,,client-side:2700,0.68,202188,138027432743072,2026-09-06T11:46:34.023-05:00
6ec56b7a93dc,campaign-sf1,mado,tpch,Q05,Complex,commercial_a,non-indexed,1,3,1,-1,sqlalchemy,sql,q05s2,2,3.921564,,ok,,client-side:2700,0.68,202188,138027432743072,2026-09-06T11:46:37.944-05:00
6ec56b7a93dc,campaign-sf1,mado,tpch,Q05,Complex,commercial_a,non-indexed,1,3,1,-1,sqlalchemy,orm,q05s2,2,3.92289,,ok,,client-side:2700,0.71,202188,138027432743072,2026-09-06T11:46:41.867-05:00
6ec56b7a93dc,campaign-sf1,mado,tpch,Q05,Complex,commercial_a,non-indexed,1,3,1,0,django,orm,q05s2,0,3.3683,5,ok,,client-side:2700,0.81,202188,138027432743072,2026-09-06T11:46:45.236-05:00
6ec56b7a93dc,campaign-sf1,mado,tpch,Q05,Complex,commercial_a,non-indexed,1,3,1,1,sqlalchemy,orm,q05s2,0,3.947002,5,ok,,client-side:2700,0.75,202188,138027432743072,2026-09-06T11:46:49.183-05:00
6ec56b7a93dc,campaign-sf1,mado,tpch,Q05,Complex,commercial_a,non-indexed,1,3,1,2,django,sql,q05s2,0,3.755043,5,ok,,client-side:2700,0.75,202188,138027432743072,2026-09-06T11:46:52.938-05:00
6ec56b7a93dc,campaign-sf1,mado,tpch,Q05,Complex,commercial_a,non-indexed,1,3,1,3,sqlalchemy,sql,q05s2,0,5.541501,5,ok,,client-side:2700,0.71,202188,138027432743072,2026-09-06T11:46:58.479-05:00
6ec56b7a93dc,campaign-sf1,mado,tpch,Q05,Complex,commercial_a,non-indexed,1,4,0,-1,django,sql,q05s3,2,3.850064,,ok,,client-side:2700,0.71,202188,138027432743072,2026-09-06T11:47:02.333-05:00
6ec56b7a93dc,campaign-sf1,mado,tpch,Q05,Complex,commercial_a,non-indexed,1,4,0,-1,django,orm,q05s3,2,4.247059,,ok,,client-side:2700,0.73,202188,138027432743072,2026-09-06T11:47:06.580-05:00
6ec56b7a93dc,campaign-sf1,mado,tpch,Q05,Complex,commercial_a,non-indexed,1,4,0,-1,sqlalchemy,sql,q05s3,2,3.652644,,ok,,client-side:2700,0.75,202188,138027432743072,2026-09-06T11:47:10.233-05:00
6ec56b7a93dc,campaign-sf1,mado,tpch,Q05,Complex,commercial_a,non-indexed,1,4,0,-1,sqlalchemy,orm,q05s3,2,3.778876,,ok,,client-side:2700,0.69,202188,138027432743072,2026-09-06T11:47:14.012-05:00
6ec56b7a93dc,campaign-sf1,mado,tpch,Q05,Complex,commercial_a,non-indexed,1,4,0,0,django,sql,q05s3,0,3.574098,5,ok,,client-side:2700,0.69,202188,138027432743072,2026-09-06T11:47:17.586-05:00
6ec56b7a93dc,campaign-sf1,mado,tpch,Q05,Complex,commercial_a,non-indexed,1,4,0,1,django,orm,q05s3,0,3.729642,5,ok,,client-side:2700,0.64,202188,138027432743072,2026-09-06T11:47:21.315-05:00
6ec56b7a93dc,campaign-sf1,mado,tpch,Q05,Complex,commercial_a,non-indexed,1,4,0,2,sqlalchemy,sql,q05s3,0,3.650452,5,ok,,client-side:2700,0.66,202188,138027432743072,2026-09-06T11:47:24.966-05:00
6ec56b7a93dc,campaign-sf1,mado,tpch,Q05,Complex,commercial_a,non-indexed,1,4,0,3,sqlalchemy,orm,q05s3,0,3.866835,5,ok,,client-side:2700,0.69,202188,138027432743072,2026-09-06T11:47:28.833-05:00
6ec56b7a93dc,campaign-sf1,mado,tpch,Q05,Complex,commercial_a,non-indexed,1,5,1,-1,django,sql,q05s4,2,3.88199,,ok,,client-side:2700,0.69,202188,138027432743072,2026-09-06T11:47:32.718-05:00
6ec56b7a93dc,campaign-sf1,mado,tpch,Q05,Complex,commercial_a,non-indexed,1,5,1,-1,django,orm,q05s4,2,4.22434,,ok,,client-side:2700,0.72,202188,138027432743072,2026-09-06T11:47:36.943-05:00
6ec56b7a93dc,campaign-sf1,mado,tpch,Q05,Complex,commercial_a,non-indexed,1,5,1,-1,sqlalchemy,sql,q05s4,2,3.890155,,ok,,client-side:2700,0.74,202188,138027432743072,2026-09-06T11:47:40.833-05:00
6ec56b7a93dc,campaign-sf1,mado,tpch,Q05,Complex,commercial_a,non-indexed,1,5,1,-1,sqlalchemy,orm,q05s4,2,3.883441,,ok,,client-side:2700,0.76,202188,138027432743072,2026-09-06T11:47:44.717-05:00
6ec56b7a93dc,campaign-sf1,mado,tpch,Q05,Complex,commercial_a,non-indexed,1,5,1,0,django,orm,q05s4,0,3.688959,5,ok,,client-side:2700,0.7,202188,138027432743072,2026-09-06T11:47:48.406-05:00
6ec56b7a93dc,campaign-sf1,mado,tpch,Q05,Complex,commercial_a,non-indexed,1,5,1,1,sqlalchemy,orm,q05s4,0,3.718543,5,ok,,client-side:2700,0.7,202188,138027432743072,2026-09-06T11:47:52.124-05:00
6ec56b7a93dc,campaign-sf1,mado,tpch,Q05,Complex,commercial_a,non-indexed,1,5,1,2,django,sql,q05s4,0,3.64527,5,ok,,client-side:2700,0.72,202188,138027432743072,2026-09-06T11:47:55.770-05:00
6ec56b7a93dc,campaign-sf1,mado,tpch,Q05,Complex,commercial_a,non-indexed,1,5,1,3,sqlalchemy,sql,q05s4,0,3.954105,5,ok,,client-side:2700,0.75,202188,138027432743072,2026-09-06T11:47:59.724-05:00
6ec56b7a93dc,campaign-sf1,mado,tpch,Q05,Complex,commercial_a,non-indexed,1,6,2,-1,django,sql,q05s5,2,3.831026,,ok,,client-side:2700,0.69,202188,138027432743072,2026-09-06T11:48:03.558-05:00
6ec56b7a93dc,campaign-sf1,mado,tpch,Q05,Complex,commercial_a,non-indexed,1,6,2,-1,django,orm,q05s5,2,4.067391,,ok,,client-side:2700,0.69,202188,138027432743072,2026-09-06T11:48:07.626-05:00
6ec56b7a93dc,campaign-sf1,mado,tpch,Q05,Complex,commercial_a,non-indexed,1,6,2,-1,sqlalchemy,sql,q05s5,2,3.915502,,ok,,client-side:2700,0.71,202188,138027432743072,2026-09-06T11:48:11.541-05:00
6ec56b7a93dc,campaign-sf1,mado,tpch,Q05,Complex,commercial_a,non-indexed,1,6,2,-1,sqlalchemy,orm,q05s5,2,3.944861,,ok,,client-side:2700,0.65,202188,138027432743072,2026-09-06T11:48:15.486-05:00
6ec56b7a93dc,campaign-sf1,mado,tpch,Q05,Complex,commercial_a,non-indexed,1,6,2,0,sqlalchemy,orm,q05s5,0,3.626216,5,ok,,client-side:2700,0.68,202188,138027432743072,2026-09-06T11:48:19.112-05:00
6ec56b7a93dc,campaign-sf1,mado,tpch,Q05,Complex,commercial_a,non-indexed,1,6,2,1,sqlalchemy,sql,q05s5,0,3.403251,5,ok,,client-side:2700,0.68,202188,138027432743072,2026-09-06T11:48:22.516-05:00
6ec56b7a93dc,campaign-sf1,mado,tpch,Q05,Complex,commercial_a,non-indexed,1,6,2,2,django,orm,q05s5,0,3.599731,5,ok,,client-side:2700,0.71,202188,138027432743072,2026-09-06T11:48:26.116-05:00
6ec56b7a93dc,campaign-sf1,mado,tpch,Q05,Complex,commercial_a,non-indexed,1,6,2,3,django,sql,q05s5,0,5.832203,5,ok,,client-side:2700,0.73,202188,138027432743072,2026-09-06T11:48:31.948-05:00
6ec56b7a93dc,campaign-sf1,mado,tpch,Q05,Complex,commercial_a,non-indexed,1,7,3,-1,django,sql,q05s6,2,3.886421,,ok,,client-side:2700,0.75,202188,138027432743072,2026-09-06T11:48:36.578-05:00
6ec56b7a93dc,campaign-sf1,mado,tpch,Q05,Complex,commercial_a,non-indexed,1,7,3,-1,django,orm,q05s6,2,3.762751,,ok,,client-side:2700,0.69,202188,138027432743072,2026-09-06T11:48:40.340-05:00
6ec56b7a93dc,campaign-sf1,mado,tpch,Q05,Complex,commercial_a,non-indexed,1,7,3,-1,sqlalchemy,sql,q05s6,2,3.91293,,ok,,client-side:2700,0.72,202188,138027432743072,2026-09-06T11:48:44.253-05:00
6ec56b7a93dc,campaign-sf1,mado,tpch,Q05,Complex,commercial_a,non-indexed,1,7,3,-1,sqlalchemy,orm,q05s6,2,3.675823,,ok,,client-side:2700,0.72,202188,138027432743072,2026-09-06T11:48:47.929-05:00
6ec56b7a93dc,campaign-sf1,mado,tpch,Q05,Complex,commercial_a,non-indexed,1,7,3,0,sqlalchemy,sql,q05s6,0,3.672952,5,ok,,client-side:2700,0.82,202188,138027432743072,2026-09-06T11:48:51.602-05:00
6ec56b7a93dc,campaign-sf1,mado,tpch,Q05,Complex,commercial_a,non-indexed,1,7,3,1,django,sql,q05s6,0,3.691344,5,ok,,client-side:2700,0.84,202188,138027432743072,2026-09-06T11:48:55.294-05:00
6ec56b7a93dc,campaign-sf1,mado,tpch,Q05,Complex,commercial_a,non-indexed,1,7,3,2,sqlalchemy,orm,q05s6,0,3.850184,5,ok,,client-side:2700,0.77,202188,138027432743072,2026-09-06T11:48:59.144-05:00
6ec56b7a93dc,campaign-sf1,mado,tpch,Q05,Complex,commercial_a,non-indexed,1,7,3,3,django,orm,q05s6,0,3.703486,5,ok,,client-side:2700,0.77,202188,138027432743072,2026-09-06T11:49:02.848-05:00
6ec56b7a93dc,campaign-sf1,mado,tpch,Q05,Complex,commercial_a,non-indexed,1,8,0,-1,django,sql,q05s7,2,3.872279,,ok,,client-side:2700,0.79,202188,138027432743072,2026-09-06T11:49:06.723-05:00
6ec56b7a93dc,campaign-sf1,mado,tpch,Q05,Complex,commercial_a,non-indexed,1,8,0,-1,django,orm,q05s7,2,3.622094,,ok,,client-side:2700,0.8,202188,138027432743072,2026-09-06T11:49:10.345-05:00
6ec56b7a93dc,campaign-sf1,mado,tpch,Q05,Complex,commercial_a,non-indexed,1,8,0,-1,sqlalchemy,sql,q05s7,2,3.822267,,ok,,client-side:2700,0.82,202188,138027432743072,2026-09-06T11:49:14.168-05:00
6ec56b7a93dc,campaign-sf1,mado,tpch,Q05,Complex,commercial_a,non-indexed,1,8,0,-1,sqlalchemy,orm,q05s7,2,3.601169,,ok,,client-side:2700,0.82,202188,138027432743072,2026-09-06T11:49:17.769-05:00
6ec56b7a93dc,campaign-sf1,mado,tpch,Q05,Complex,commercial_a,non-indexed,1,8,0,0,django,sql,q05s7,0,3.233726,5,ok,,client-side:2700,0.83,202188,138027432743072,2026-09-06T11:49:21.003-05:00
6ec56b7a93dc,campaign-sf1,mado,tpch,Q05,Complex,commercial_a,non-indexed,1,8,0,1,django,orm,q05s7,0,3.693301,5,ok,,client-side:2700,0.77,202188,138027432743072,2026-09-06T11:49:24.696-05:00
6ec56b7a93dc,campaign-sf1,mado,tpch,Q05,Complex,commercial_a,non-indexed,1,8,0,2,sqlalchemy,sql,q05s7,0,3.548681,5,ok,,client-side:2700,0.77,202188,138027432743072,2026-09-06T11:49:28.245-05:00
6ec56b7a93dc,campaign-sf1,mado,tpch,Q05,Complex,commercial_a,non-indexed,1,8,0,3,sqlalchemy,orm,q05s7,0,5.268168,5,ok,,client-side:2700,0.65,202188,138027432743072,2026-09-06T11:49:33.513-05:00
3ab75f67ee3d,campaign-sf1,mado,tpch,Q06,Simple,commercial_a,non-indexed,1,0,1,0,django,orm,q06warm,1,2.757847,1,ok,,client-side:2700,0.65,202191,139457864143008,2026-09-06T11:49:37.691-05:00
3ab75f67ee3d,campaign-sf1,mado,tpch,Q06,Simple,commercial_a,non-indexed,1,0,1,1,sqlalchemy,orm,q06warm,1,2.757307,1,ok,,client-side:2700,0.68,202191,139457864143008,2026-09-06T11:49:40.449-05:00
3ab75f67ee3d,campaign-sf1,mado,tpch,Q06,Simple,commercial_a,non-indexed,1,0,1,2,django,sql,q06warm,1,3.092847,1,ok,,client-side:2700,0.7,202191,139457864143008,2026-09-06T11:49:43.542-05:00
3ab75f67ee3d,campaign-sf1,mado,tpch,Q06,Simple,commercial_a,non-indexed,1,0,1,3,sqlalchemy,sql,q06warm,1,2.942232,1,ok,,client-side:2700,0.7,202191,139457864143008,2026-09-06T11:49:46.484-05:00
3ab75f67ee3d,campaign-sf1,mado,tpch,Q06,Simple,commercial_a,non-indexed,1,1,1,-1,django,sql,q06s0,2,3.116293,,ok,,client-side:2700,0.65,202191,139457864143008,2026-09-06T11:49:49.604-05:00
3ab75f67ee3d,campaign-sf1,mado,tpch,Q06,Simple,commercial_a,non-indexed,1,1,1,-1,django,orm,q06s0,2,2.899538,,ok,,client-side:2700,0.65,202191,139457864143008,2026-09-06T11:49:52.504-05:00
3ab75f67ee3d,campaign-sf1,mado,tpch,Q06,Simple,commercial_a,non-indexed,1,1,1,-1,sqlalchemy,sql,q06s0,2,2.593535,,ok,,client-side:2700,0.68,202191,139457864143008,2026-09-06T11:49:55.097-05:00
3ab75f67ee3d,campaign-sf1,mado,tpch,Q06,Simple,commercial_a,non-indexed,1,1,1,-1,sqlalchemy,orm,q06s0,2,3.131041,,ok,,client-side:2700,0.68,202191,139457864143008,2026-09-06T11:49:58.228-05:00
3ab75f67ee3d,campaign-sf1,mado,tpch,Q06,Simple,commercial_a,non-indexed,1,1,1,0,django,orm,q06s0,0,2.504987,1,ok,,client-side:2700,0.62,202191,139457864143008,2026-09-06T11:50:00.733-05:00
3ab75f67ee3d,campaign-sf1,mado,tpch,Q06,Simple,commercial_a,non-indexed,1,1,1,1,sqlalchemy,orm,q06s0,0,3.376181,1,ok,,client-side:2700,0.65,202191,139457864143008,2026-09-06T11:50:04.110-05:00
3ab75f67ee3d,campaign-sf1,mado,tpch,Q06,Simple,commercial_a,non-indexed,1,1,1,2,django,sql,q06s0,0,4.290709,1,ok,,client-side:2700,0.68,202191,139457864143008,2026-09-06T11:50:08.400-05:00
3ab75f67ee3d,campaign-sf1,mado,tpch,Q06,Simple,commercial_a,non-indexed,1,1,1,3,sqlalchemy,sql,q06s0,0,2.872513,1,ok,,client-side:2700,0.68,202191,139457864143008,2026-09-06T11:50:11.273-05:00
3ab75f67ee3d,campaign-sf1,mado,tpch,Q06,Simple,commercial_a,non-indexed,1,2,0,-1,django,sql,q06s1,2,2.551194,,ok,,client-side:2700,0.63,202191,139457864143008,2026-09-06T11:50:13.828-05:00
3ab75f67ee3d,campaign-sf1,mado,tpch,Q06,Simple,commercial_a,non-indexed,1,2,0,-1,django,orm,q06s1,2,2.952536,,ok,,client-side:2700,0.63,202191,139457864143008,2026-09-06T11:50:16.780-05:00
3ab75f67ee3d,campaign-sf1,mado,tpch,Q06,Simple,commercial_a,non-indexed,1,2,0,-1,sqlalchemy,sql,q06s1,2,1.370124,,ok,,client-side:2700,0.63,202191,139457864143008,2026-09-06T11:50:18.150-05:00
3ab75f67ee3d,campaign-sf1,mado,tpch,Q06,Simple,commercial_a,non-indexed,1,2,0,-1,sqlalchemy,orm,q06s1,2,2.955635,,ok,,client-side:2700,0.66,202191,139457864143008,2026-09-06T11:50:21.106-05:00
3ab75f67ee3d,campaign-sf1,mado,tpch,Q06,Simple,commercial_a,non-indexed,1,2,0,0,django,sql,q06s1,0,2.983208,1,ok,,client-side:2700,0.68,202191,139457864143008,2026-09-06T11:50:24.089-05:00
3ab75f67ee3d,campaign-sf1,mado,tpch,Q06,Simple,commercial_a,non-indexed,1,2,0,1,django,orm,q06s1,0,3.075499,1,ok,,client-side:2700,0.68,202191,139457864143008,2026-09-06T11:50:27.165-05:00
3ab75f67ee3d,campaign-sf1,mado,tpch,Q06,Simple,commercial_a,non-indexed,1,2,0,2,sqlalchemy,sql,q06s1,0,2.888345,1,ok,,client-side:2700,0.71,202191,139457864143008,2026-09-06T11:50:30.054-05:00
3ab75f67ee3d,campaign-sf1,mado,tpch,Q06,Simple,commercial_a,non-indexed,1,2,0,3,sqlalchemy,orm,q06s1,0,3.218259,1,ok,,client-side:2700,0.71,202191,139457864143008,2026-09-06T11:50:33.272-05:00
3ab75f67ee3d,campaign-sf1,mado,tpch,Q06,Simple,commercial_a,non-indexed,1,3,3,-1,django,sql,q06s2,2,3.006196,,ok,,client-side:2700,0.65,202191,139457864143008,2026-09-06T11:50:36.282-05:00
3ab75f67ee3d,campaign-sf1,mado,tpch,Q06,Simple,commercial_a,non-indexed,1,3,3,-1,django,orm,q06s2,2,3.221616,,ok,,client-side:2700,0.68,202191,139457864143008,2026-09-06T11:50:39.503-05:00
3ab75f67ee3d,campaign-sf1,mado,tpch,Q06,Simple,commercial_a,non-indexed,1,3,3,-1,sqlalchemy,sql,q06s2,2,2.925734,,ok,,client-side:2700,0.68,202191,139457864143008,2026-09-06T11:50:42.429-05:00
3ab75f67ee3d,campaign-sf1,mado,tpch,Q06,Simple,commercial_a,non-indexed,1,3,3,-1,sqlalchemy,orm,q06s2,2,3.163675,,ok,,client-side:2700,0.71,202191,139457864143008,2026-09-06T11:50:45.593-05:00
3ab75f67ee3d,campaign-sf1,mado,tpch,Q06,Simple,commercial_a,non-indexed,1,3,3,0,sqlalchemy,sql,q06s2,0,2.680735,1,ok,,client-side:2700,0.71,202191,139457864143008,2026-09-06T11:50:48.274-05:00
3ab75f67ee3d,campaign-sf1,mado,tpch,Q06,Simple,commercial_a,non-indexed,1,3,3,1,django,sql,q06s2,0,2.60232,1,ok,,client-side:2700,0.73,202191,139457864143008,2026-09-06T11:50:50.876-05:00
3ab75f67ee3d,campaign-sf1,mado,tpch,Q06,Simple,commercial_a,non-indexed,1,3,3,2,sqlalchemy,orm,q06s2,0,3.065278,1,ok,,client-side:2700,0.75,202191,139457864143008,2026-09-06T11:50:53.942-05:00
3ab75f67ee3d,campaign-sf1,mado,tpch,Q06,Simple,commercial_a,non-indexed,1,3,3,3,django,orm,q06s2,0,3.05785,1,ok,,client-side:2700,0.75,202191,139457864143008,2026-09-06T11:50:56.999-05:00
3ab75f67ee3d,campaign-sf1,mado,tpch,Q06,Simple,commercial_a,non-indexed,1,4,2,-1,django,sql,q06s3,2,2.955475,,ok,,client-side:2700,0.77,202191,139457864143008,2026-09-06T11:50:59.958-05:00
3ab75f67ee3d,campaign-sf1,mado,tpch,Q06,Simple,commercial_a,non-indexed,1,4,2,-1,django,orm,q06s3,2,3.003841,,ok,,client-side:2700,0.77,202191,139457864143008,2026-09-06T11:51:02.962-05:00
3ab75f67ee3d,campaign-sf1,mado,tpch,Q06,Simple,commercial_a,non-indexed,1,4,2,-1,sqlalchemy,sql,q06s3,2,1.417379,,ok,,client-side:2700,0.79,202191,139457864143008,2026-09-06T11:51:04.380-05:00
3ab75f67ee3d,campaign-sf1,mado,tpch,Q06,Simple,commercial_a,non-indexed,1,4,2,-1,sqlalchemy,orm,q06s3,2,2.917641,,ok,,client-side:2700,0.79,202191,139457864143008,2026-09-06T11:51:07.297-05:00
3ab75f67ee3d,campaign-sf1,mado,tpch,Q06,Simple,commercial_a,non-indexed,1,4,2,0,sqlalchemy,orm,q06s3,0,3.118452,1,ok,,client-side:2700,0.81,202191,139457864143008,2026-09-06T11:51:10.416-05:00
3ab75f67ee3d,campaign-sf1,mado,tpch,Q06,Simple,commercial_a,non-indexed,1,4,2,1,sqlalchemy,sql,q06s3,0,2.667189,1,ok,,client-side:2700,0.81,202191,139457864143008,2026-09-06T11:51:13.083-05:00
3ab75f67ee3d,campaign-sf1,mado,tpch,Q06,Simple,commercial_a,non-indexed,1,4,2,2,django,orm,q06s3,0,2.919257,1,ok,,client-side:2700,0.82,202191,139457864143008,2026-09-06T11:51:16.003-05:00
3ab75f67ee3d,campaign-sf1,mado,tpch,Q06,Simple,commercial_a,non-indexed,1,4,2,3,django,sql,q06s3,0,3.259707,1,ok,,client-side:2700,0.84,202191,139457864143008,2026-09-06T11:51:19.262-05:00
3ab75f67ee3d,campaign-sf1,mado,tpch,Q06,Simple,commercial_a,non-indexed,1,5,1,-1,django,sql,q06s4,2,2.715652,,ok,,client-side:2700,0.84,202191,139457864143008,2026-09-06T11:51:21.981-05:00
3ab75f67ee3d,campaign-sf1,mado,tpch,Q06,Simple,commercial_a,non-indexed,1,5,1,-1,django,orm,q06s4,2,2.792504,,ok,,client-side:2700,0.85,202191,139457864143008,2026-09-06T11:51:24.774-05:00
3ab75f67ee3d,campaign-sf1,mado,tpch,Q06,Simple,commercial_a,non-indexed,1,5,1,-1,sqlalchemy,sql,q06s4,2,3.041085,,ok,,client-side:2700,0.85,202191,139457864143008,2026-09-06T11:51:27.815-05:00
3ab75f67ee3d,campaign-sf1,mado,tpch,Q06,Simple,commercial_a,non-indexed,1,5,1,-1,sqlalchemy,orm,q06s4,2,3.203119,,ok,,client-side:2700,0.86,202191,139457864143008,2026-09-06T11:51:31.018-05:00
3ab75f67ee3d,campaign-sf1,mado,tpch,Q06,Simple,commercial_a,non-indexed,1,5,1,0,django,orm,q06s4,0,3.290893,1,ok,,client-side:2700,0.87,202191,139457864143008,2026-09-06T11:51:34.309-05:00
3ab75f67ee3d,campaign-sf1,mado,tpch,Q06,Simple,commercial_a,non-indexed,1,5,1,1,sqlalchemy,orm,q06s4,0,3.068715,1,ok,,client-side:2700,0.87,202191,139457864143008,2026-09-06T11:51:37.378-05:00
3ab75f67ee3d,campaign-sf1,mado,tpch,Q06,Simple,commercial_a,non-indexed,1,5,1,2,django,sql,q06s4,0,2.707268,1,ok,,client-side:2700,0.88,202191,139457864143008,2026-09-06T11:51:40.086-05:00
3ab75f67ee3d,campaign-sf1,mado,tpch,Q06,Simple,commercial_a,non-indexed,1,5,1,3,sqlalchemy,sql,q06s4,0,4.555852,1,ok,,client-side:2700,0.81,202191,139457864143008,2026-09-06T11:51:44.642-05:00
3ab75f67ee3d,campaign-sf1,mado,tpch,Q06,Simple,commercial_a,non-indexed,1,6,3,-1,django,sql,q06s5,2,2.71758,,ok,,client-side:2700,0.81,202191,139457864143008,2026-09-06T11:51:47.624-05:00
3ab75f67ee3d,campaign-sf1,mado,tpch,Q06,Simple,commercial_a,non-indexed,1,6,3,-1,django,orm,q06s5,2,2.368222,,ok,,client-side:2700,0.83,202191,139457864143008,2026-09-06T11:51:49.992-05:00
3ab75f67ee3d,campaign-sf1,mado,tpch,Q06,Simple,commercial_a,non-indexed,1,6,3,-1,sqlalchemy,sql,q06s5,2,2.474758,,ok,,client-side:2700,0.83,202191,139457864143008,2026-09-06T11:51:52.467-05:00
3ab75f67ee3d,campaign-sf1,mado,tpch,Q06,Simple,commercial_a,non-indexed,1,6,3,-1,sqlalchemy,orm,q06s5,2,2.970595,,ok,,client-side:2700,0.84,202191,139457864143008,2026-09-06T11:51:55.438-05:00
3ab75f67ee3d,campaign-sf1,mado,tpch,Q06,Simple,commercial_a,non-indexed,1,6,3,0,sqlalchemy,sql,q06s5,0,2.575652,1,ok,,client-side:2700,0.84,202191,139457864143008,2026-09-06T11:51:58.014-05:00
3ab75f67ee3d,campaign-sf1,mado,tpch,Q06,Simple,commercial_a,non-indexed,1,6,3,1,django,sql,q06s5,0,2.747678,1,ok,,client-side:2700,0.86,202191,139457864143008,2026-09-06T11:52:00.761-05:00
3ab75f67ee3d,campaign-sf1,mado,tpch,Q06,Simple,commercial_a,non-indexed,1,6,3,2,sqlalchemy,orm,q06s5,0,3.058149,1,ok,,client-side:2700,0.87,202191,139457864143008,2026-09-06T11:52:03.820-05:00
3ab75f67ee3d,campaign-sf1,mado,tpch,Q06,Simple,commercial_a,non-indexed,1,6,3,3,django,orm,q06s5,0,2.958667,1,ok,,client-side:2700,0.87,202191,139457864143008,2026-09-06T11:52:06.778-05:00
3ab75f67ee3d,campaign-sf1,mado,tpch,Q06,Simple,commercial_a,non-indexed,1,7,0,-1,django,sql,q06s6,2,2.957275,,ok,,client-side:2700,0.88,202191,139457864143008,2026-09-06T11:52:09.739-05:00
3ab75f67ee3d,campaign-sf1,mado,tpch,Q06,Simple,commercial_a,non-indexed,1,7,0,-1,django,orm,q06s6,2,2.95694,,ok,,client-side:2700,0.88,202191,139457864143008,2026-09-06T11:52:12.696-05:00
3ab75f67ee3d,campaign-sf1,mado,tpch,Q06,Simple,commercial_a,non-indexed,1,7,0,-1,sqlalchemy,sql,q06s6,2,2.943732,,ok,,client-side:2700,0.89,202191,139457864143008,2026-09-06T11:52:15.640-05:00
3ab75f67ee3d,campaign-sf1,mado,tpch,Q06,Simple,commercial_a,non-indexed,1,7,0,-1,sqlalchemy,orm,q06s6,2,3.117533,,ok,,client-side:2700,0.82,202191,139457864143008,2026-09-06T11:52:18.757-05:00
3ab75f67ee3d,campaign-sf1,mado,tpch,Q06,Simple,commercial_a,non-indexed,1,7,0,0,django,sql,q06s6,0,2.181521,1,ok,,client-side:2700,0.82,202191,139457864143008,2026-09-06T11:52:20.939-05:00
3ab75f67ee3d,campaign-sf1,mado,tpch,Q06,Simple,commercial_a,non-indexed,1,7,0,1,django,orm,q06s6,0,2.098302,1,ok,,client-side:2700,0.82,202191,139457864143008,2026-09-06T11:52:23.037-05:00
3ab75f67ee3d,campaign-sf1,mado,tpch,Q06,Simple,commercial_a,non-indexed,1,7,0,2,sqlalchemy,sql,q06s6,0,2.595245,1,ok,,client-side:2700,0.83,202191,139457864143008,2026-09-06T11:52:25.633-05:00
3ab75f67ee3d,campaign-sf1,mado,tpch,Q06,Simple,commercial_a,non-indexed,1,7,0,3,sqlalchemy,orm,q06s6,0,3.041816,1,ok,,client-side:2700,0.77,202191,139457864143008,2026-09-06T11:52:28.675-05:00
3ab75f67ee3d,campaign-sf1,mado,tpch,Q06,Simple,commercial_a,non-indexed,1,8,2,-1,django,sql,q06s7,2,2.998367,,ok,,client-side:2700,0.77,202191,139457864143008,2026-09-06T11:52:31.676-05:00
3ab75f67ee3d,campaign-sf1,mado,tpch,Q06,Simple,commercial_a,non-indexed,1,8,2,-1,django,orm,q06s7,2,2.607596,,ok,,client-side:2700,0.78,202191,139457864143008,2026-09-06T11:52:34.284-05:00
3ab75f67ee3d,campaign-sf1,mado,tpch,Q06,Simple,commercial_a,non-indexed,1,8,2,-1,sqlalchemy,sql,q06s7,2,2.886146,,ok,,client-side:2700,0.78,202191,139457864143008,2026-09-06T11:52:37.170-05:00
3ab75f67ee3d,campaign-sf1,mado,tpch,Q06,Simple,commercial_a,non-indexed,1,8,2,-1,sqlalchemy,orm,q06s7,2,3.259642,,ok,,client-side:2700,0.8,202191,139457864143008,2026-09-06T11:52:40.430-05:00
3ab75f67ee3d,campaign-sf1,mado,tpch,Q06,Simple,commercial_a,non-indexed,1,8,2,0,sqlalchemy,orm,q06s7,0,3.114562,1,ok,,client-side:2700,0.82,202191,139457864143008,2026-09-06T11:52:43.545-05:00
3ab75f67ee3d,campaign-sf1,mado,tpch,Q06,Simple,commercial_a,non-indexed,1,8,2,1,sqlalchemy,sql,q06s7,0,2.613883,1,ok,,client-side:2700,0.82,202191,139457864143008,2026-09-06T11:52:46.159-05:00
3ab75f67ee3d,campaign-sf1,mado,tpch,Q06,Simple,commercial_a,non-indexed,1,8,2,2,django,orm,q06s7,0,3.031298,1,ok,,client-side:2700,0.83,202191,139457864143008,2026-09-06T11:52:49.190-05:00
3ab75f67ee3d,campaign-sf1,mado,tpch,Q06,Simple,commercial_a,non-indexed,1,8,2,3,django,sql,q06s7,0,2.938267,1,ok,,client-side:2700,0.83,202191,139457864143008,2026-09-06T11:52:52.128-05:00
4bc1173c428a,campaign-sf1,mado,tpch,Q07,Complex,commercial_a,non-indexed,1,0,1,0,django,orm,q07warm,1,5.363734,4,ok,,client-side:2700,0.78,202195,124839214223520,2026-09-06T11:52:58.915-05:00
4bc1173c428a,campaign-sf1,mado,tpch,Q07,Complex,commercial_a,non-indexed,1,0,1,1,sqlalchemy,orm,q07warm,1,3.833838,4,ok,,client-side:2700,0.78,202195,124839214223520,2026-09-06T11:53:02.749-05:00
4bc1173c428a,campaign-sf1,mado,tpch,Q07,Complex,commercial_a,non-indexed,1,0,1,2,django,sql,q07warm,1,3.788493,4,ok,,client-side:2700,0.72,202195,124839214223520,2026-09-06T11:53:06.537-05:00
4bc1173c428a,campaign-sf1,mado,tpch,Q07,Complex,commercial_a,non-indexed,1,0,1,3,sqlalchemy,sql,q07warm,1,3.718027,4,ok,,client-side:2700,0.74,202195,124839214223520,2026-09-06T11:53:10.256-05:00
4bc1173c428a,campaign-sf1,mado,tpch,Q07,Complex,commercial_a,non-indexed,1,1,1,-1,django,sql,q07s0,2,3.652622,,ok,,client-side:2700,0.76,202195,124839214223520,2026-09-06T11:53:13.912-05:00
4bc1173c428a,campaign-sf1,mado,tpch,Q07,Complex,commercial_a,non-indexed,1,1,1,-1,django,orm,q07s0,2,3.881529,,ok,,client-side:2700,0.76,202195,124839214223520,2026-09-06T11:53:17.793-05:00
4bc1173c428a,campaign-sf1,mado,tpch,Q07,Complex,commercial_a,non-indexed,1,1,1,-1,sqlalchemy,sql,q07s0,2,5.534192,,ok,,client-side:2700,0.7,202195,124839214223520,2026-09-06T11:53:23.327-05:00
4bc1173c428a,campaign-sf1,mado,tpch,Q07,Complex,commercial_a,non-indexed,1,1,1,-1,sqlalchemy,orm,q07s0,2,3.45574,,ok,,client-side:2700,0.73,202195,124839214223520,2026-09-06T11:53:26.783-05:00
4bc1173c428a,campaign-sf1,mado,tpch,Q07,Complex,commercial_a,non-indexed,1,1,1,0,django,orm,q07s0,0,3.457518,4,ok,,client-side:2700,0.75,202195,124839214223520,2026-09-06T11:53:30.241-05:00
4bc1173c428a,campaign-sf1,mado,tpch,Q07,Complex,commercial_a,non-indexed,1,1,1,1,sqlalchemy,orm,q07s0,0,3.524001,4,ok,,client-side:2700,0.77,202195,124839214223520,2026-09-06T11:53:33.765-05:00
4bc1173c428a,campaign-sf1,mado,tpch,Q07,Complex,commercial_a,non-indexed,1,1,1,2,django,sql,q07s0,0,3.54503,4,ok,,client-side:2700,0.77,202195,124839214223520,2026-09-06T11:53:37.310-05:00
4bc1173c428a,campaign-sf1,mado,tpch,Q07,Complex,commercial_a,non-indexed,1,1,1,3,sqlalchemy,sql,q07s0,0,3.69739,4,ok,,client-side:2700,0.79,202195,124839214223520,2026-09-06T11:53:41.008-05:00
4bc1173c428a,campaign-sf1,mado,tpch,Q07,Complex,commercial_a,non-indexed,1,2,0,-1,django,sql,q07s1,2,3.856414,,ok,,client-side:2700,0.81,202195,124839214223520,2026-09-06T11:53:44.867-05:00
4bc1173c428a,campaign-sf1,mado,tpch,Q07,Complex,commercial_a,non-indexed,1,2,0,-1,django,orm,q07s1,2,3.825158,,ok,,client-side:2700,0.82,202195,124839214223520,2026-09-06T11:53:48.693-05:00
4bc1173c428a,campaign-sf1,mado,tpch,Q07,Complex,commercial_a,non-indexed,1,2,0,-1,sqlalchemy,sql,q07s1,2,3.739999,,ok,,client-side:2700,0.82,202195,124839214223520,2026-09-06T11:53:52.433-05:00
4bc1173c428a,campaign-sf1,mado,tpch,Q07,Complex,commercial_a,non-indexed,1,2,0,-1,sqlalchemy,orm,q07s1,2,3.805262,,ok,,client-side:2700,0.84,202195,124839214223520,2026-09-06T11:53:56.238-05:00
4bc1173c428a,campaign-sf1,mado,tpch,Q07,Complex,commercial_a,non-indexed,1,2,0,0,django,sql,q07s1,0,3.521945,4,ok,,client-side:2700,0.77,202195,124839214223520,2026-09-06T11:53:59.760-05:00
4bc1173c428a,campaign-sf1,mado,tpch,Q07,Complex,commercial_a,non-indexed,1,2,0,1,django,orm,q07s1,0,3.91001,4,ok,,client-side:2700,0.71,202195,124839214223520,2026-09-06T11:54:03.670-05:00
4bc1173c428a,campaign-sf1,mado,tpch,Q07,Complex,commercial_a,non-indexed,1,2,0,2,sqlalchemy,sql,q07s1,0,3.653405,4,ok,,client-side:2700,0.71,202195,124839214223520,2026-09-06T11:54:07.324-05:00
4bc1173c428a,campaign-sf1,mado,tpch,Q07,Complex,commercial_a,non-indexed,1,2,0,3,sqlalchemy,orm,q07s1,0,3.618488,4,ok,,client-side:2700,0.73,202195,124839214223520,2026-09-06T11:54:10.942-05:00
4bc1173c428a,campaign-sf1,mado,tpch,Q07,Complex,commercial_a,non-indexed,1,3,2,-1,django,sql,q07s2,2,3.976208,,ok,,client-side:2700,0.75,202195,124839214223520,2026-09-06T11:54:14.922-05:00
4bc1173c428a,campaign-sf1,mado,tpch,Q07,Complex,commercial_a,non-indexed,1,3,2,-1,django,orm,q07s2,2,4.255386,,ok,,client-side:2700,0.77,202195,124839214223520,2026-09-06T11:54:19.177-05:00
4bc1173c428a,campaign-sf1,mado,tpch,Q07,Complex,commercial_a,non-indexed,1,3,2,-1,sqlalchemy,sql,q07s2,2,4.772871,,ok,,client-side:2700,0.71,202195,124839214223520,2026-09-06T11:54:23.950-05:00
4bc1173c428a,campaign-sf1,mado,tpch,Q07,Complex,commercial_a,non-indexed,1,3,2,-1,sqlalchemy,orm,q07s2,2,3.501848,,ok,,client-side:2700,0.71,202195,124839214223520,2026-09-06T11:54:27.452-05:00
4bc1173c428a,campaign-sf1,mado,tpch,Q07,Complex,commercial_a,non-indexed,1,3,2,0,sqlalchemy,orm,q07s2,0,3.540884,4,ok,,client-side:2700,0.81,202195,124839214223520,2026-09-06T11:54:30.993-05:00
4bc1173c428a,campaign-sf1,mado,tpch,Q07,Complex,commercial_a,non-indexed,1,3,2,1,sqlalchemy,sql,q07s2,0,3.694939,4,ok,,client-side:2700,0.83,202195,124839214223520,2026-09-06T11:54:34.688-05:00
4bc1173c428a,campaign-sf1,mado,tpch,Q07,Complex,commercial_a,non-indexed,1,3,2,2,django,orm,q07s2,0,3.577423,4,ok,,client-side:2700,0.83,202195,124839214223520,2026-09-06T11:54:38.266-05:00
4bc1173c428a,campaign-sf1,mado,tpch,Q07,Complex,commercial_a,non-indexed,1,3,2,3,django,sql,q07s2,0,3.825255,4,ok,,client-side:2700,0.84,202195,124839214223520,2026-09-06T11:54:42.091-05:00
4bc1173c428a,campaign-sf1,mado,tpch,Q07,Complex,commercial_a,non-indexed,1,4,3,-1,django,sql,q07s3,2,3.897212,,ok,,client-side:2700,0.86,202195,124839214223520,2026-09-06T11:54:45.992-05:00
4bc1173c428a,campaign-sf1,mado,tpch,Q07,Complex,commercial_a,non-indexed,1,4,3,-1,django,orm,q07s3,2,3.704205,,ok,,client-side:2700,0.79,202195,124839214223520,2026-09-06T11:54:49.696-05:00
4bc1173c428a,campaign-sf1,mado,tpch,Q07,Complex,commercial_a,non-indexed,1,4,3,-1,sqlalchemy,sql,q07s3,2,3.674341,,ok,,client-side:2700,0.79,202195,124839214223520,2026-09-06T11:54:53.370-05:00
4bc1173c428a,campaign-sf1,mado,tpch,Q07,Complex,commercial_a,non-indexed,1,4,3,-1,sqlalchemy,orm,q07s3,2,3.772733,,ok,,client-side:2700,0.88,202195,124839214223520,2026-09-06T11:54:57.143-05:00
4bc1173c428a,campaign-sf1,mado,tpch,Q07,Complex,commercial_a,non-indexed,1,4,3,0,sqlalchemy,sql,q07s3,0,3.632668,4,ok,,client-side:2700,0.97,202195,124839214223520,2026-09-06T11:55:00.776-05:00
4bc1173c428a,campaign-sf1,mado,tpch,Q07,Complex,commercial_a,non-indexed,1,4,3,1,django,sql,q07s3,0,3.548336,4,ok,,client-side:2700,0.98,202195,124839214223520,2026-09-06T11:55:04.324-05:00
4bc1173c428a,campaign-sf1,mado,tpch,Q07,Complex,commercial_a,non-indexed,1,4,3,2,sqlalchemy,orm,q07s3,0,3.676873,4,ok,,client-side:2700,0.98,202195,124839214223520,2026-09-06T11:55:08.001-05:00
4bc1173c428a,campaign-sf1,mado,tpch,Q07,Complex,commercial_a,non-indexed,1,4,3,3,django,orm,q07s3,0,3.496086,4,ok,,client-side:2700,0.98,202195,124839214223520,2026-09-06T11:55:11.498-05:00
4bc1173c428a,campaign-sf1,mado,tpch,Q07,Complex,commercial_a,non-indexed,1,5,0,-1,django,sql,q07s4,2,3.687481,,ok,,client-side:2700,0.9,202195,124839214223520,2026-09-06T11:55:15.188-05:00
4bc1173c428a,campaign-sf1,mado,tpch,Q07,Complex,commercial_a,non-indexed,1,5,0,-1,django,orm,q07s4,2,3.706277,,ok,,client-side:2700,0.91,202195,124839214223520,2026-09-06T11:55:18.895-05:00
4bc1173c428a,campaign-sf1,mado,tpch,Q07,Complex,commercial_a,non-indexed,1,5,0,-1,sqlalchemy,sql,q07s4,2,3.810265,,ok,,client-side:2700,0.91,202195,124839214223520,2026-09-06T11:55:22.705-05:00
4bc1173c428a,campaign-sf1,mado,tpch,Q07,Complex,commercial_a,non-indexed,1,5,0,-1,sqlalchemy,orm,q07s4,2,3.70026,,ok,,client-side:2700,0.83,202195,124839214223520,2026-09-06T11:55:26.406-05:00
4bc1173c428a,campaign-sf1,mado,tpch,Q07,Complex,commercial_a,non-indexed,1,5,0,0,django,sql,q07s4,0,4.868674,4,ok,,client-side:2700,0.77,202195,124839214223520,2026-09-06T11:55:31.274-05:00
4bc1173c428a,campaign-sf1,mado,tpch,Q07,Complex,commercial_a,non-indexed,1,5,0,1,django,orm,q07s4,0,3.925191,4,ok,,client-side:2700,0.71,202195,124839214223520,2026-09-06T11:55:35.200-05:00
4bc1173c428a,campaign-sf1,mado,tpch,Q07,Complex,commercial_a,non-indexed,1,5,0,2,sqlalchemy,sql,q07s4,0,3.706881,4,ok,,client-side:2700,0.73,202195,124839214223520,2026-09-06T11:55:38.907-05:00
4bc1173c428a,campaign-sf1,mado,tpch,Q07,Complex,commercial_a,non-indexed,1,5,0,3,sqlalchemy,orm,q07s4,0,3.626928,4,ok,,client-side:2700,0.73,202195,124839214223520,2026-09-06T11:55:42.534-05:00
4bc1173c428a,campaign-sf1,mado,tpch,Q07,Complex,commercial_a,non-indexed,1,6,1,-1,django,sql,q07s5,2,3.808658,,ok,,client-side:2700,0.75,202195,124839214223520,2026-09-06T11:55:46.346-05:00
4bc1173c428a,campaign-sf1,mado,tpch,Q07,Complex,commercial_a,non-indexed,1,6,1,-1,django,orm,q07s5,2,5.447076,,ok,,client-side:2700,0.77,202195,124839214223520,2026-09-06T11:55:51.793-05:00
4bc1173c428a,campaign-sf1,mado,tpch,Q07,Complex,commercial_a,non-indexed,1,6,1,-1,sqlalchemy,sql,q07s5,2,3.669836,,ok,,client-side:2700,0.79,202195,124839214223520,2026-09-06T11:55:55.463-05:00
4bc1173c428a,campaign-sf1,mado,tpch,Q07,Complex,commercial_a,non-indexed,1,6,1,-1,sqlalchemy,orm,q07s5,2,3.73289,,ok,,client-side:2700,0.73,202195,124839214223520,2026-09-06T11:55:59.196-05:00
4bc1173c428a,campaign-sf1,mado,tpch,Q07,Complex,commercial_a,non-indexed,1,6,1,0,django,orm,q07s5,0,5.28404,4,ok,,client-side:2700,0.83,202195,124839214223520,2026-09-06T11:56:04.480-05:00
4bc1173c428a,campaign-sf1,mado,tpch,Q07,Complex,commercial_a,non-indexed,1,6,1,1,sqlalchemy,orm,q07s5,0,3.892333,4,ok,,client-side:2700,0.83,202195,124839214223520,2026-09-06T11:56:08.372-05:00
4bc1173c428a,campaign-sf1,mado,tpch,Q07,Complex,commercial_a,non-indexed,1,6,1,2,django,sql,q07s5,0,3.648164,4,ok,,client-side:2700,0.84,202195,124839214223520,2026-09-06T11:56:12.020-05:00
4bc1173c428a,campaign-sf1,mado,tpch,Q07,Complex,commercial_a,non-indexed,1,6,1,3,sqlalchemy,sql,q07s5,0,3.477461,4,ok,,client-side:2700,0.86,202195,124839214223520,2026-09-06T11:56:15.498-05:00
4bc1173c428a,campaign-sf1,mado,tpch,Q07,Complex,commercial_a,non-indexed,1,7,3,-1,django,sql,q07s6,2,3.678615,,ok,,client-side:2700,0.79,202195,124839214223520,2026-09-06T11:56:19.180-05:00
4bc1173c428a,campaign-sf1,mado,tpch,Q07,Complex,commercial_a,non-indexed,1,7,3,-1,django,orm,q07s6,2,3.896172,,ok,,client-side:2700,0.79,202195,124839214223520,2026-09-06T11:56:23.076-05:00
4bc1173c428a,campaign-sf1,mado,tpch,Q07,Complex,commercial_a,non-indexed,1,7,3,-1,sqlalchemy,sql,q07s6,2,3.739791,,ok,,client-side:2700,0.8,202195,124839214223520,2026-09-06T11:56:26.816-05:00
4bc1173c428a,campaign-sf1,mado,tpch,Q07,Complex,commercial_a,non-indexed,1,7,3,-1,sqlalchemy,orm,q07s6,2,5.688106,,ok,,client-side:2700,0.74,202195,124839214223520,2026-09-06T11:56:32.504-05:00
4bc1173c428a,campaign-sf1,mado,tpch,Q07,Complex,commercial_a,non-indexed,1,7,3,0,sqlalchemy,sql,q07s6,0,3.382274,4,ok,,client-side:2700,0.68,202195,124839214223520,2026-09-06T11:56:35.887-05:00
4bc1173c428a,campaign-sf1,mado,tpch,Q07,Complex,commercial_a,non-indexed,1,7,3,1,django,sql,q07s6,0,3.440413,4,ok,,client-side:2700,0.63,202195,124839214223520,2026-09-06T11:56:39.327-05:00
4bc1173c428a,campaign-sf1,mado,tpch,Q07,Complex,commercial_a,non-indexed,1,7,3,2,sqlalchemy,orm,q07s6,0,3.494253,4,ok,,client-side:2700,0.63,202195,124839214223520,2026-09-06T11:56:42.822-05:00
4bc1173c428a,campaign-sf1,mado,tpch,Q07,Complex,commercial_a,non-indexed,1,7,3,3,django,orm,q07s6,0,3.582941,4,ok,,client-side:2700,0.66,202195,124839214223520,2026-09-06T11:56:46.405-05:00
4bc1173c428a,campaign-sf1,mado,tpch,Q07,Complex,commercial_a,non-indexed,1,8,2,-1,django,sql,q07s7,2,4.024667,,ok,,client-side:2700,0.68,202195,124839214223520,2026-09-06T11:56:50.433-05:00
4bc1173c428a,campaign-sf1,mado,tpch,Q07,Complex,commercial_a,non-indexed,1,8,2,-1,django,orm,q07s7,2,3.78234,,ok,,client-side:2700,0.71,202195,124839214223520,2026-09-06T11:56:54.215-05:00
4bc1173c428a,campaign-sf1,mado,tpch,Q07,Complex,commercial_a,non-indexed,1,8,2,-1,sqlalchemy,sql,q07s7,2,3.777928,,ok,,client-side:2700,0.71,202195,124839214223520,2026-09-06T11:56:57.993-05:00
4bc1173c428a,campaign-sf1,mado,tpch,Q07,Complex,commercial_a,non-indexed,1,8,2,-1,sqlalchemy,orm,q07s7,2,3.753157,,ok,,client-side:2700,0.73,202195,124839214223520,2026-09-06T11:57:01.746-05:00
4bc1173c428a,campaign-sf1,mado,tpch,Q07,Complex,commercial_a,non-indexed,1,8,2,0,sqlalchemy,orm,q07s7,0,3.608469,4,ok,,client-side:2700,0.67,202195,124839214223520,2026-09-06T11:57:05.355-05:00
4bc1173c428a,campaign-sf1,mado,tpch,Q07,Complex,commercial_a,non-indexed,1,8,2,1,sqlalchemy,sql,q07s7,0,3.715036,4,ok,,client-side:2700,0.7,202195,124839214223520,2026-09-06T11:57:09.070-05:00
4bc1173c428a,campaign-sf1,mado,tpch,Q07,Complex,commercial_a,non-indexed,1,8,2,2,django,orm,q07s7,0,3.516989,4,ok,,client-side:2700,0.7,202195,124839214223520,2026-09-06T11:57:12.587-05:00
4bc1173c428a,campaign-sf1,mado,tpch,Q07,Complex,commercial_a,non-indexed,1,8,2,3,django,sql,q07s7,0,3.74589,4,ok,,client-side:2700,0.64,202195,124839214223520,2026-09-06T11:57:16.333-05:00
f7156dfea069,campaign-sf1,mado,tpch,Q08,Very Complex,commercial_a,non-indexed,1,0,1,0,django,orm,q08warm,1,4.438186,2,ok,,client-side:2700,0.67,202220,127022896256576,2026-09-06T11:57:22.198-05:00
f7156dfea069,campaign-sf1,mado,tpch,Q08,Very Complex,commercial_a,non-indexed,1,0,1,1,sqlalchemy,orm,q08warm,1,4.759495,2,ok,,client-side:2700,0.7,202220,127022896256576,2026-09-06T11:57:26.957-05:00
f7156dfea069,campaign-sf1,mado,tpch,Q08,Very Complex,commercial_a,non-indexed,1,0,1,2,django,sql,q08warm,1,4.348553,2,ok,,client-side:2700,0.64,202220,127022896256576,2026-09-06T11:57:31.306-05:00
f7156dfea069,campaign-sf1,mado,tpch,Q08,Very Complex,commercial_a,non-indexed,1,0,1,3,sqlalchemy,sql,q08warm,1,4.410663,2,ok,,client-side:2700,0.67,202220,127022896256576,2026-09-06T11:57:35.717-05:00
f7156dfea069,campaign-sf1,mado,tpch,Q08,Very Complex,commercial_a,non-indexed,1,1,3,-1,django,sql,q08s0,2,4.356911,,ok,,client-side:2700,0.7,202220,127022896256576,2026-09-06T11:57:40.077-05:00
f7156dfea069,campaign-sf1,mado,tpch,Q08,Very Complex,commercial_a,non-indexed,1,1,3,-1,django,orm,q08s0,2,4.376712,,ok,,client-side:2700,0.72,202220,127022896256576,2026-09-06T11:57:44.453-05:00
f7156dfea069,campaign-sf1,mado,tpch,Q08,Very Complex,commercial_a,non-indexed,1,1,3,-1,sqlalchemy,sql,q08s0,2,4.449235,,ok,,client-side:2700,0.66,202220,127022896256576,2026-09-06T11:57:48.903-05:00
f7156dfea069,campaign-sf1,mado,tpch,Q08,Very Complex,commercial_a,non-indexed,1,1,3,-1,sqlalchemy,orm,q08s0,2,4.203338,,ok,,client-side:2700,0.66,202220,127022896256576,2026-09-06T11:57:53.106-05:00
f7156dfea069,campaign-sf1,mado,tpch,Q08,Very Complex,commercial_a,non-indexed,1,1,3,0,sqlalchemy,sql,q08s0,0,3.777136,2,ok,,client-side:2700,0.61,202220,127022896256576,2026-09-06T11:57:56.883-05:00
f7156dfea069,campaign-sf1,mado,tpch,Q08,Very Complex,commercial_a,non-indexed,1,1,3,1,django,sql,q08s0,0,5.560495,2,ok,,client-side:2700,0.56,202220,127022896256576,2026-09-06T11:58:02.444-05:00
f7156dfea069,campaign-sf1,mado,tpch,Q08,Very Complex,commercial_a,non-indexed,1,1,3,2,sqlalchemy,orm,q08s0,0,3.65362,2,ok,,client-side:2700,0.6,202220,127022896256576,2026-09-06T11:58:06.098-05:00
f7156dfea069,campaign-sf1,mado,tpch,Q08,Very Complex,commercial_a,non-indexed,1,1,3,3,django,orm,q08s0,0,4.031756,2,ok,,client-side:2700,0.63,202220,127022896256576,2026-09-06T11:58:10.130-05:00
f7156dfea069,campaign-sf1,mado,tpch,Q08,Very Complex,commercial_a,non-indexed,1,2,2,-1,django,sql,q08s1,2,4.19208,,ok,,client-side:2700,0.58,202220,127022896256576,2026-09-06T11:58:14.325-05:00
f7156dfea069,campaign-sf1,mado,tpch,Q08,Very Complex,commercial_a,non-indexed,1,2,2,-1,django,orm,q08s1,2,4.351146,,ok,,client-side:2700,0.61,202220,127022896256576,2026-09-06T11:58:18.676-05:00
f7156dfea069,campaign-sf1,mado,tpch,Q08,Very Complex,commercial_a,non-indexed,1,2,2,-1,sqlalchemy,sql,q08s1,2,4.520387,,ok,,client-side:2700,0.61,202220,127022896256576,2026-09-06T11:58:23.197-05:00
f7156dfea069,campaign-sf1,mado,tpch,Q08,Very Complex,commercial_a,non-indexed,1,2,2,-1,sqlalchemy,orm,q08s1,2,4.371176,,ok,,client-side:2700,0.64,202220,127022896256576,2026-09-06T11:58:27.568-05:00
f7156dfea069,campaign-sf1,mado,tpch,Q08,Very Complex,commercial_a,non-indexed,1,2,2,0,sqlalchemy,orm,q08s1,0,3.774234,2,ok,,client-side:2700,0.67,202220,127022896256576,2026-09-06T11:58:31.342-05:00
f7156dfea069,campaign-sf1,mado,tpch,Q08,Very Complex,commercial_a,non-indexed,1,2,2,1,sqlalchemy,sql,q08s1,0,3.772291,2,ok,,client-side:2700,0.7,202220,127022896256576,2026-09-06T11:58:35.115-05:00
f7156dfea069,campaign-sf1,mado,tpch,Q08,Very Complex,commercial_a,non-indexed,1,2,2,2,django,orm,q08s1,0,4.072754,2,ok,,client-side:2700,0.72,202220,127022896256576,2026-09-06T11:58:39.188-05:00
f7156dfea069,campaign-sf1,mado,tpch,Q08,Very Complex,commercial_a,non-indexed,1,2,2,3,django,sql,q08s1,0,3.500355,2,ok,,client-side:2700,0.72,202220,127022896256576,2026-09-06T11:58:42.688-05:00
f7156dfea069,campaign-sf1,mado,tpch,Q08,Very Complex,commercial_a,non-indexed,1,3,0,-1,django,sql,q08s2,2,6.103753,,ok,,client-side:2700,0.77,202220,127022896256576,2026-09-06T11:58:48.795-05:00
f7156dfea069,campaign-sf1,mado,tpch,Q08,Very Complex,commercial_a,non-indexed,1,3,0,-1,django,orm,q08s2,2,4.550748,,ok,,client-side:2700,0.77,202220,127022896256576,2026-09-06T11:58:53.346-05:00
f7156dfea069,campaign-sf1,mado,tpch,Q08,Very Complex,commercial_a,non-indexed,1,3,0,-1,sqlalchemy,sql,q08s2,2,4.286628,,ok,,client-side:2700,0.79,202220,127022896256576,2026-09-06T11:58:57.633-05:00
f7156dfea069,campaign-sf1,mado,tpch,Q08,Very Complex,commercial_a,non-indexed,1,3,0,-1,sqlalchemy,orm,q08s2,2,4.314806,,ok,,client-side:2700,0.8,202220,127022896256576,2026-09-06T11:59:01.948-05:00
f7156dfea069,campaign-sf1,mado,tpch,Q08,Very Complex,commercial_a,non-indexed,1,3,0,0,django,sql,q08s2,0,3.741165,2,ok,,client-side:2700,0.82,202220,127022896256576,2026-09-06T11:59:05.689-05:00
f7156dfea069,campaign-sf1,mado,tpch,Q08,Very Complex,commercial_a,non-indexed,1,3,0,1,django,orm,q08s2,0,3.953071,2,ok,,client-side:2700,0.75,202220,127022896256576,2026-09-06T11:59:09.642-05:00
f7156dfea069,campaign-sf1,mado,tpch,Q08,Very Complex,commercial_a,non-indexed,1,3,0,2,sqlalchemy,sql,q08s2,0,3.756578,2,ok,,client-side:2700,0.75,202220,127022896256576,2026-09-06T11:59:13.399-05:00
f7156dfea069,campaign-sf1,mado,tpch,Q08,Very Complex,commercial_a,non-indexed,1,3,0,3,sqlalchemy,orm,q08s2,0,3.765866,2,ok,,client-side:2700,0.69,202220,127022896256576,2026-09-06T11:59:17.165-05:00
f7156dfea069,campaign-sf1,mado,tpch,Q08,Very Complex,commercial_a,non-indexed,1,4,1,-1,django,sql,q08s3,2,6.085531,,ok,,client-side:2700,0.64,202220,127022896256576,2026-09-06T11:59:23.254-05:00
f7156dfea069,campaign-sf1,mado,tpch,Q08,Very Complex,commercial_a,non-indexed,1,4,1,-1,django,orm,q08s3,2,4.307369,,ok,,client-side:2700,0.67,202220,127022896256576,2026-09-06T11:59:27.561-05:00
f7156dfea069,campaign-sf1,mado,tpch,Q08,Very Complex,commercial_a,non-indexed,1,4,1,-1,sqlalchemy,sql,q08s3,2,4.368737,,ok,,client-side:2700,0.77,202220,127022896256576,2026-09-06T11:59:31.930-05:00
f7156dfea069,campaign-sf1,mado,tpch,Q08,Very Complex,commercial_a,non-indexed,1,4,1,-1,sqlalchemy,orm,q08s3,2,4.379375,,ok,,client-side:2700,0.79,202220,127022896256576,2026-09-06T11:59:36.310-05:00
f7156dfea069,campaign-sf1,mado,tpch,Q08,Very Complex,commercial_a,non-indexed,1,4,1,0,django,orm,q08s3,0,3.630848,2,ok,,client-side:2700,0.73,202220,127022896256576,2026-09-06T11:59:39.940-05:00
f7156dfea069,campaign-sf1,mado,tpch,Q08,Very Complex,commercial_a,non-indexed,1,4,1,1,sqlalchemy,orm,q08s3,0,3.559979,2,ok,,client-side:2700,0.75,202220,127022896256576,2026-09-06T11:59:43.501-05:00
f7156dfea069,campaign-sf1,mado,tpch,Q08,Very Complex,commercial_a,non-indexed,1,4,1,2,django,sql,q08s3,0,3.920256,2,ok,,client-side:2700,0.75,202220,127022896256576,2026-09-06T11:59:47.421-05:00
f7156dfea069,campaign-sf1,mado,tpch,Q08,Very Complex,commercial_a,non-indexed,1,4,1,3,sqlalchemy,sql,q08s3,0,3.583218,2,ok,,client-side:2700,0.77,202220,127022896256576,2026-09-06T11:59:51.004-05:00
f7156dfea069,campaign-sf1,mado,tpch,Q08,Very Complex,commercial_a,non-indexed,1,5,0,-1,django,sql,q08s4,2,6.272208,,ok,,client-side:2700,0.79,202220,127022896256576,2026-09-06T11:59:57.280-05:00
f7156dfea069,campaign-sf1,mado,tpch,Q08,Very Complex,commercial_a,non-indexed,1,5,0,-1,django,orm,q08s4,2,4.666291,,ok,,client-side:2700,0.81,202220,127022896256576,2026-09-06T12:00:01.946-05:00
f7156dfea069,campaign-sf1,mado,tpch,Q08,Very Complex,commercial_a,non-indexed,1,5,0,-1,sqlalchemy,sql,q08s4,2,4.346302,,ok,,client-side:2700,0.82,202220,127022896256576,2026-09-06T12:00:06.292-05:00
f7156dfea069,campaign-sf1,mado,tpch,Q08,Very Complex,commercial_a,non-indexed,1,5,0,-1,sqlalchemy,orm,q08s4,2,4.118461,,ok,,client-side:2700,0.84,202220,127022896256576,2026-09-06T12:00:10.411-05:00
f7156dfea069,campaign-sf1,mado,tpch,Q08,Very Complex,commercial_a,non-indexed,1,5,0,0,django,sql,q08s4,0,3.717993,2,ok,,client-side:2700,0.85,202220,127022896256576,2026-09-06T12:00:14.129-05:00
f7156dfea069,campaign-sf1,mado,tpch,Q08,Very Complex,commercial_a,non-indexed,1,5,0,1,django,orm,q08s4,0,3.77336,2,ok,,client-side:2700,0.85,202220,127022896256576,2026-09-06T12:00:17.902-05:00
f7156dfea069,campaign-sf1,mado,tpch,Q08,Very Complex,commercial_a,non-indexed,1,5,0,2,sqlalchemy,sql,q08s4,0,3.620826,2,ok,,client-side:2700,0.94,202220,127022896256576,2026-09-06T12:00:21.523-05:00
f7156dfea069,campaign-sf1,mado,tpch,Q08,Very Complex,commercial_a,non-indexed,1,5,0,3,sqlalchemy,orm,q08s4,0,3.730086,2,ok,,client-side:2700,0.95,202220,127022896256576,2026-09-06T12:00:25.254-05:00
f7156dfea069,campaign-sf1,mado,tpch,Q08,Very Complex,commercial_a,non-indexed,1,6,2,-1,django,sql,q08s5,2,4.385701,,ok,,client-side:2700,0.87,202220,127022896256576,2026-09-06T12:00:29.643-05:00
f7156dfea069,campaign-sf1,mado,tpch,Q08,Very Complex,commercial_a,non-indexed,1,6,2,-1,django,orm,q08s5,2,4.743609,,ok,,client-side:2700,0.88,202220,127022896256576,2026-09-06T12:00:34.386-05:00
f7156dfea069,campaign-sf1,mado,tpch,Q08,Very Complex,commercial_a,non-indexed,1,6,2,-1,sqlalchemy,sql,q08s5,2,4.200301,,ok,,client-side:2700,0.81,202220,127022896256576,2026-09-06T12:00:38.587-05:00
f7156dfea069,campaign-sf1,mado,tpch,Q08,Very Complex,commercial_a,non-indexed,1,6,2,-1,sqlalchemy,orm,q08s5,2,4.351886,,ok,,client-side:2700,0.81,202220,127022896256576,2026-09-06T12:00:42.939-05:00
f7156dfea069,campaign-sf1,mado,tpch,Q08,Very Complex,commercial_a,non-indexed,1,6,2,0,sqlalchemy,orm,q08s5,0,5.53079,2,ok,,client-side:2700,0.83,202220,127022896256576,2026-09-06T12:00:48.470-05:00
f7156dfea069,campaign-sf1,mado,tpch,Q08,Very Complex,commercial_a,non-indexed,1,6,2,1,sqlalchemy,sql,q08s5,0,3.526361,2,ok,,client-side:2700,0.84,202220,127022896256576,2026-09-06T12:00:51.996-05:00
f7156dfea069,campaign-sf1,mado,tpch,Q08,Very Complex,commercial_a,non-indexed,1,6,2,2,django,orm,q08s5,0,3.518695,2,ok,,client-side:2700,0.77,202220,127022896256576,2026-09-06T12:00:55.515-05:00
f7156dfea069,campaign-sf1,mado,tpch,Q08,Very Complex,commercial_a,non-indexed,1,6,2,3,django,sql,q08s5,0,3.5698,2,ok,,client-side:2700,0.79,202220,127022896256576,2026-09-06T12:00:59.085-05:00
f7156dfea069,campaign-sf1,mado,tpch,Q08,Very Complex,commercial_a,non-indexed,1,7,1,-1,django,sql,q08s6,2,4.506858,,ok,,client-side:2700,0.81,202220,127022896256576,2026-09-06T12:01:03.595-05:00
f7156dfea069,campaign-sf1,mado,tpch,Q08,Very Complex,commercial_a,non-indexed,1,7,1,-1,django,orm,q08s6,2,4.238069,,ok,,client-side:2700,0.81,202220,127022896256576,2026-09-06T12:01:07.833-05:00
f7156dfea069,campaign-sf1,mado,tpch,Q08,Very Complex,commercial_a,non-indexed,1,7,1,-1,sqlalchemy,sql,q08s6,2,4.220728,,ok,,client-side:2700,0.74,202220,127022896256576,2026-09-06T12:01:12.054-05:00
f7156dfea069,campaign-sf1,mado,tpch,Q08,Very Complex,commercial_a,non-indexed,1,7,1,-1,sqlalchemy,orm,q08s6,2,4.1929,,ok,,client-side:2700,0.76,202220,127022896256576,2026-09-06T12:01:16.247-05:00
f7156dfea069,campaign-sf1,mado,tpch,Q08,Very Complex,commercial_a,non-indexed,1,7,1,0,django,orm,q08s6,0,3.58462,2,ok,,client-side:2700,0.78,202220,127022896256576,2026-09-06T12:01:19.832-05:00
f7156dfea069,campaign-sf1,mado,tpch,Q08,Very Complex,commercial_a,non-indexed,1,7,1,1,sqlalchemy,orm,q08s6,0,3.915917,2,ok,,client-side:2700,0.8,202220,127022896256576,2026-09-06T12:01:23.748-05:00
f7156dfea069,campaign-sf1,mado,tpch,Q08,Very Complex,commercial_a,non-indexed,1,7,1,2,django,sql,q08s6,0,3.778353,2,ok,,client-side:2700,0.8,202220,127022896256576,2026-09-06T12:01:27.526-05:00
f7156dfea069,campaign-sf1,mado,tpch,Q08,Very Complex,commercial_a,non-indexed,1,7,1,3,sqlalchemy,sql,q08s6,0,3.786614,2,ok,,client-side:2700,0.74,202220,127022896256576,2026-09-06T12:01:31.313-05:00
f7156dfea069,campaign-sf1,mado,tpch,Q08,Very Complex,commercial_a,non-indexed,1,8,3,-1,django,sql,q08s7,2,4.255325,,ok,,client-side:2700,0.76,202220,127022896256576,2026-09-06T12:01:35.572-05:00
f7156dfea069,campaign-sf1,mado,tpch,Q08,Very Complex,commercial_a,non-indexed,1,8,3,-1,django,orm,q08s7,2,4.438762,,ok,,client-side:2700,0.78,202220,127022896256576,2026-09-06T12:01:40.010-05:00
f7156dfea069,campaign-sf1,mado,tpch,Q08,Very Complex,commercial_a,non-indexed,1,8,3,-1,sqlalchemy,sql,q08s7,2,4.265769,,ok,,client-side:2700,0.8,202220,127022896256576,2026-09-06T12:01:44.276-05:00
f7156dfea069,campaign-sf1,mado,tpch,Q08,Very Complex,commercial_a,non-indexed,1,8,3,-1,sqlalchemy,orm,q08s7,2,4.269979,,ok,,client-side:2700,0.81,202220,127022896256576,2026-09-06T12:01:48.546-05:00
f7156dfea069,campaign-sf1,mado,tpch,Q08,Very Complex,commercial_a,non-indexed,1,8,3,0,sqlalchemy,sql,q08s7,0,3.862011,2,ok,,client-side:2700,0.81,202220,127022896256576,2026-09-06T12:01:52.408-05:00
f7156dfea069,campaign-sf1,mado,tpch,Q08,Very Complex,commercial_a,non-indexed,1,8,3,1,django,sql,q08s7,0,3.774683,2,ok,,client-side:2700,0.75,202220,127022896256576,2026-09-06T12:01:56.183-05:00
f7156dfea069,campaign-sf1,mado,tpch,Q08,Very Complex,commercial_a,non-indexed,1,8,3,2,sqlalchemy,orm,q08s7,0,3.707616,2,ok,,client-side:2700,0.77,202220,127022896256576,2026-09-06T12:01:59.891-05:00
f7156dfea069,campaign-sf1,mado,tpch,Q08,Very Complex,commercial_a,non-indexed,1,8,3,3,django,orm,q08s7,0,3.765221,2,ok,,client-side:2700,0.71,202220,127022896256576,2026-09-06T12:02:03.656-05:00
f3ba2690ec8c,campaign-sf1,mado,tpch,Q09,Very Complex,commercial_a,non-indexed,1,0,0,0,django,sql,q09warm,1,4.990962,175,ok,,client-side:2700,0.65,202232,133160002982384,2026-09-06T12:02:10.074-05:00
f3ba2690ec8c,campaign-sf1,mado,tpch,Q09,Very Complex,commercial_a,non-indexed,1,0,0,1,django,orm,q09warm,1,5.405472,175,ok,,client-side:2700,0.6,202232,133160002982384,2026-09-06T12:02:15.479-05:00
f3ba2690ec8c,campaign-sf1,mado,tpch,Q09,Very Complex,commercial_a,non-indexed,1,0,0,2,sqlalchemy,sql,q09warm,1,4.971546,175,ok,,client-side:2700,0.63,202232,133160002982384,2026-09-06T12:02:20.451-05:00
f3ba2690ec8c,campaign-sf1,mado,tpch,Q09,Very Complex,commercial_a,non-indexed,1,0,0,3,sqlalchemy,orm,q09warm,1,4.58734,175,ok,,client-side:2700,0.66,202232,133160002982384,2026-09-06T12:02:25.038-05:00
f3ba2690ec8c,campaign-sf1,mado,tpch,Q09,Very Complex,commercial_a,non-indexed,1,1,3,-1,django,sql,q09s0,2,4.908412,,ok,,client-side:2700,0.77,202232,133160002982384,2026-09-06T12:02:29.950-05:00
f3ba2690ec8c,campaign-sf1,mado,tpch,Q09,Very Complex,commercial_a,non-indexed,1,1,3,-1,django,orm,q09s0,2,5.370335,,ok,,client-side:2700,0.79,202232,133160002982384,2026-09-06T12:02:35.321-05:00
f3ba2690ec8c,campaign-sf1,mado,tpch,Q09,Very Complex,commercial_a,non-indexed,1,1,3,-1,sqlalchemy,sql,q09s0,2,5.023588,,ok,,client-side:2700,0.8,202232,133160002982384,2026-09-06T12:02:40.344-05:00
f3ba2690ec8c,campaign-sf1,mado,tpch,Q09,Very Complex,commercial_a,non-indexed,1,1,3,-1,sqlalchemy,orm,q09s0,2,4.73427,,ok,,client-side:2700,0.82,202232,133160002982384,2026-09-06T12:02:45.079-05:00
f3ba2690ec8c,campaign-sf1,mado,tpch,Q09,Very Complex,commercial_a,non-indexed,1,1,3,0,sqlalchemy,sql,q09s0,0,4.136822,175,ok,,client-side:2700,0.83,202232,133160002982384,2026-09-06T12:02:49.215-05:00
f3ba2690ec8c,campaign-sf1,mado,tpch,Q09,Very Complex,commercial_a,non-indexed,1,1,3,1,django,sql,q09s0,0,4.439766,175,ok,,client-side:2700,0.85,202232,133160002982384,2026-09-06T12:02:53.655-05:00
f3ba2690ec8c,campaign-sf1,mado,tpch,Q09,Very Complex,commercial_a,non-indexed,1,1,3,2,sqlalchemy,orm,q09s0,0,4.212053,175,ok,,client-side:2700,0.85,202232,133160002982384,2026-09-06T12:02:57.867-05:00
f3ba2690ec8c,campaign-sf1,mado,tpch,Q09,Very Complex,commercial_a,non-indexed,1,1,3,3,django,orm,q09s0,0,4.863403,175,ok,,client-side:2700,0.86,202232,133160002982384,2026-09-06T12:03:02.731-05:00
f3ba2690ec8c,campaign-sf1,mado,tpch,Q09,Very Complex,commercial_a,non-indexed,1,2,2,-1,django,sql,q09s1,2,4.759438,,ok,,client-side:2700,0.87,202232,133160002982384,2026-09-06T12:03:07.494-05:00
f3ba2690ec8c,campaign-sf1,mado,tpch,Q09,Very Complex,commercial_a,non-indexed,1,2,2,-1,django,orm,q09s1,2,5.607569,,ok,,client-side:2700,0.88,202232,133160002982384,2026-09-06T12:03:13.102-05:00
f3ba2690ec8c,campaign-sf1,mado,tpch,Q09,Very Complex,commercial_a,non-indexed,1,2,2,-1,sqlalchemy,sql,q09s1,2,4.708808,,ok,,client-side:2700,0.89,202232,133160002982384,2026-09-06T12:03:17.810-05:00
f3ba2690ec8c,campaign-sf1,mado,tpch,Q09,Very Complex,commercial_a,non-indexed,1,2,2,-1,sqlalchemy,orm,q09s1,2,5.000102,,ok,,client-side:2700,0.9,202232,133160002982384,2026-09-06T12:03:22.811-05:00
f3ba2690ec8c,campaign-sf1,mado,tpch,Q09,Very Complex,commercial_a,non-indexed,1,2,2,0,sqlalchemy,orm,q09s1,0,4.212473,175,ok,,client-side:2700,0.83,202232,133160002982384,2026-09-06T12:03:27.023-05:00
f3ba2690ec8c,campaign-sf1,mado,tpch,Q09,Very Complex,commercial_a,non-indexed,1,2,2,1,sqlalchemy,sql,q09s1,0,4.328897,175,ok,,client-side:2700,0.76,202232,133160002982384,2026-09-06T12:03:31.352-05:00
f3ba2690ec8c,campaign-sf1,mado,tpch,Q09,Very Complex,commercial_a,non-indexed,1,2,2,2,django,orm,q09s1,0,4.870951,175,ok,,client-side:2700,0.78,202232,133160002982384,2026-09-06T12:03:36.223-05:00
f3ba2690ec8c,campaign-sf1,mado,tpch,Q09,Very Complex,commercial_a,non-indexed,1,2,2,3,django,sql,q09s1,0,4.386847,175,ok,,client-side:2700,0.8,202232,133160002982384,2026-09-06T12:03:40.610-05:00
f3ba2690ec8c,campaign-sf1,mado,tpch,Q09,Very Complex,commercial_a,non-indexed,1,3,1,-1,django,sql,q09s2,2,6.511549,,ok,,client-side:2700,0.81,202232,133160002982384,2026-09-06T12:03:47.125-05:00
f3ba2690ec8c,campaign-sf1,mado,tpch,Q09,Very Complex,commercial_a,non-indexed,1,3,1,-1,django,orm,q09s2,2,5.080239,,ok,,client-side:2700,0.75,202232,133160002982384,2026-09-06T12:03:52.205-05:00
f3ba2690ec8c,campaign-sf1,mado,tpch,Q09,Very Complex,commercial_a,non-indexed,1,3,1,-1,sqlalchemy,sql,q09s2,2,4.811311,,ok,,client-side:2700,0.69,202232,133160002982384,2026-09-06T12:03:57.017-05:00
f3ba2690ec8c,campaign-sf1,mado,tpch,Q09,Very Complex,commercial_a,non-indexed,1,3,1,-1,sqlalchemy,orm,q09s2,2,4.444589,,ok,,client-side:2700,0.63,202232,133160002982384,2026-09-06T12:04:01.461-05:00
f3ba2690ec8c,campaign-sf1,mado,tpch,Q09,Very Complex,commercial_a,non-indexed,1,3,1,0,django,orm,q09s2,0,6.483914,175,ok,,client-side:2700,0.66,202232,133160002982384,2026-09-06T12:04:07.945-05:00
f3ba2690ec8c,campaign-sf1,mado,tpch,Q09,Very Complex,commercial_a,non-indexed,1,3,1,1,sqlalchemy,orm,q09s2,0,4.288833,175,ok,,client-side:2700,0.69,202232,133160002982384,2026-09-06T12:04:12.234-05:00
f3ba2690ec8c,campaign-sf1,mado,tpch,Q09,Very Complex,commercial_a,non-indexed,1,3,1,2,django,sql,q09s2,0,4.12273,175,ok,,client-side:2700,0.72,202232,133160002982384,2026-09-06T12:04:16.357-05:00
f3ba2690ec8c,campaign-sf1,mado,tpch,Q09,Very Complex,commercial_a,non-indexed,1,3,1,3,sqlalchemy,sql,q09s2,0,4.352584,175,ok,,client-side:2700,0.74,202232,133160002982384,2026-09-06T12:04:20.710-05:00
f3ba2690ec8c,campaign-sf1,mado,tpch,Q09,Very Complex,commercial_a,non-indexed,1,4,0,-1,django,sql,q09s3,2,4.769301,,ok,,client-side:2700,0.68,202232,133160002982384,2026-09-06T12:04:25.483-05:00
f3ba2690ec8c,campaign-sf1,mado,tpch,Q09,Very Complex,commercial_a,non-indexed,1,4,0,-1,django,orm,q09s3,2,5.630552,,ok,,client-side:2700,0.62,202232,133160002982384,2026-09-06T12:04:31.113-05:00
f3ba2690ec8c,campaign-sf1,mado,tpch,Q09,Very Complex,commercial_a,non-indexed,1,4,0,-1,sqlalchemy,sql,q09s3,2,4.761395,,ok,,client-side:2700,0.65,202232,133160002982384,2026-09-06T12:04:35.875-05:00
f3ba2690ec8c,campaign-sf1,mado,tpch,Q09,Very Complex,commercial_a,non-indexed,1,4,0,-1,sqlalchemy,orm,q09s3,2,4.904586,,ok,,client-side:2700,0.6,202232,133160002982384,2026-09-06T12:04:40.780-05:00
f3ba2690ec8c,campaign-sf1,mado,tpch,Q09,Very Complex,commercial_a,non-indexed,1,4,0,0,django,sql,q09s3,0,4.16655,175,ok,,client-side:2700,0.63,202232,133160002982384,2026-09-06T12:04:44.946-05:00
f3ba2690ec8c,campaign-sf1,mado,tpch,Q09,Very Complex,commercial_a,non-indexed,1,4,0,1,django,orm,q09s3,0,5.073293,175,ok,,client-side:2700,0.58,202232,133160002982384,2026-09-06T12:04:50.020-05:00
f3ba2690ec8c,campaign-sf1,mado,tpch,Q09,Very Complex,commercial_a,non-indexed,1,4,0,2,sqlalchemy,sql,q09s3,0,4.041512,175,ok,,client-side:2700,0.62,202232,133160002982384,2026-09-06T12:04:54.061-05:00
f3ba2690ec8c,campaign-sf1,mado,tpch,Q09,Very Complex,commercial_a,non-indexed,1,4,0,3,sqlalchemy,orm,q09s3,0,6.068241,175,ok,,client-side:2700,0.57,202232,133160002982384,2026-09-06T12:05:00.129-05:00
f3ba2690ec8c,campaign-sf1,mado,tpch,Q09,Very Complex,commercial_a,non-indexed,1,5,3,-1,django,sql,q09s4,2,4.573138,,ok,,client-side:2700,0.52,202232,133160002982384,2026-09-06T12:05:04.706-05:00
f3ba2690ec8c,campaign-sf1,mado,tpch,Q09,Very Complex,commercial_a,non-indexed,1,5,3,-1,django,orm,q09s4,2,5.571764,,ok,,client-side:2700,0.56,202232,133160002982384,2026-09-06T12:05:10.278-05:00
f3ba2690ec8c,campaign-sf1,mado,tpch,Q09,Very Complex,commercial_a,non-indexed,1,5,3,-1,sqlalchemy,sql,q09s4,2,4.967976,,ok,,client-side:2700,0.52,202232,133160002982384,2026-09-06T12:05:15.246-05:00
f3ba2690ec8c,campaign-sf1,mado,tpch,Q09,Very Complex,commercial_a,non-indexed,1,5,3,-1,sqlalchemy,orm,q09s4,2,4.645333,,ok,,client-side:2700,0.47,202232,133160002982384,2026-09-06T12:05:19.891-05:00
f3ba2690ec8c,campaign-sf1,mado,tpch,Q09,Very Complex,commercial_a,non-indexed,1,5,3,0,sqlalchemy,sql,q09s4,0,4.419692,175,ok,,client-side:2700,0.52,202232,133160002982384,2026-09-06T12:05:24.311-05:00
f3ba2690ec8c,campaign-sf1,mado,tpch,Q09,Very Complex,commercial_a,non-indexed,1,5,3,1,django,sql,q09s4,0,4.185917,175,ok,,client-side:2700,0.52,202232,133160002982384,2026-09-06T12:05:28.497-05:00
f3ba2690ec8c,campaign-sf1,mado,tpch,Q09,Very Complex,commercial_a,non-indexed,1,5,3,2,sqlalchemy,orm,q09s4,0,4.406209,175,ok,,client-side:2700,0.56,202232,133160002982384,2026-09-06T12:05:32.903-05:00
f3ba2690ec8c,campaign-sf1,mado,tpch,Q09,Very Complex,commercial_a,non-indexed,1,5,3,3,django,orm,q09s4,0,6.625945,175,ok,,client-side:2700,0.62,202232,133160002982384,2026-09-06T12:05:39.529-05:00
f3ba2690ec8c,campaign-sf1,mado,tpch,Q09,Very Complex,commercial_a,non-indexed,1,6,2,-1,django,sql,q09s5,2,4.826572,,ok,,client-side:2700,0.65,202232,133160002982384,2026-09-06T12:05:44.359-05:00
f3ba2690ec8c,campaign-sf1,mado,tpch,Q09,Very Complex,commercial_a,non-indexed,1,6,2,-1,django,orm,q09s5,2,5.107614,,ok,,client-side:2700,0.68,202232,133160002982384,2026-09-06T12:05:49.467-05:00
f3ba2690ec8c,campaign-sf1,mado,tpch,Q09,Very Complex,commercial_a,non-indexed,1,6,2,-1,sqlalchemy,sql,q09s5,2,4.718339,,ok,,client-side:2700,0.71,202232,133160002982384,2026-09-06T12:05:54.185-05:00
f3ba2690ec8c,campaign-sf1,mado,tpch,Q09,Very Complex,commercial_a,non-indexed,1,6,2,-1,sqlalchemy,orm,q09s5,2,4.245852,,ok,,client-side:2700,0.71,202232,133160002982384,2026-09-06T12:05:58.431-05:00
f3ba2690ec8c,campaign-sf1,mado,tpch,Q09,Very Complex,commercial_a,non-indexed,1,6,2,0,sqlalchemy,orm,q09s5,0,4.50519,175,ok,,client-side:2700,0.73,202232,133160002982384,2026-09-06T12:06:02.937-05:00
f3ba2690ec8c,campaign-sf1,mado,tpch,Q09,Very Complex,commercial_a,non-indexed,1,6,2,1,sqlalchemy,sql,q09s5,0,4.158121,175,ok,,client-side:2700,0.75,202232,133160002982384,2026-09-06T12:06:07.095-05:00
f3ba2690ec8c,campaign-sf1,mado,tpch,Q09,Very Complex,commercial_a,non-indexed,1,6,2,2,django,orm,q09s5,0,4.953178,175,ok,,client-side:2700,0.77,202232,133160002982384,2026-09-06T12:06:12.048-05:00
f3ba2690ec8c,campaign-sf1,mado,tpch,Q09,Very Complex,commercial_a,non-indexed,1,6,2,3,django,sql,q09s5,0,4.212423,175,ok,,client-side:2700,0.87,202232,133160002982384,2026-09-06T12:06:16.261-05:00
f3ba2690ec8c,campaign-sf1,mado,tpch,Q09,Very Complex,commercial_a,non-indexed,1,7,0,-1,django,sql,q09s6,2,4.892364,,ok,,client-side:2700,0.88,202232,133160002982384,2026-09-06T12:06:21.156-05:00
f3ba2690ec8c,campaign-sf1,mado,tpch,Q09,Very Complex,commercial_a,non-indexed,1,7,0,-1,django,orm,q09s6,2,5.269532,,ok,,client-side:2700,0.81,202232,133160002982384,2026-09-06T12:06:26.426-05:00
f3ba2690ec8c,campaign-sf1,mado,tpch,Q09,Very Complex,commercial_a,non-indexed,1,7,0,-1,sqlalchemy,sql,q09s6,2,5.04986,,ok,,client-side:2700,0.83,202232,133160002982384,2026-09-06T12:06:31.476-05:00
f3ba2690ec8c,campaign-sf1,mado,tpch,Q09,Very Complex,commercial_a,non-indexed,1,7,0,-1,sqlalchemy,orm,q09s6,2,4.206366,,ok,,client-side:2700,0.76,202232,133160002982384,2026-09-06T12:06:35.682-05:00
f3ba2690ec8c,campaign-sf1,mado,tpch,Q09,Very Complex,commercial_a,non-indexed,1,7,0,0,django,sql,q09s6,0,4.379699,175,ok,,client-side:2700,0.7,202232,133160002982384,2026-09-06T12:06:40.062-05:00
f3ba2690ec8c,campaign-sf1,mado,tpch,Q09,Very Complex,commercial_a,non-indexed,1,7,0,1,django,orm,q09s6,0,4.923742,175,ok,,client-side:2700,0.64,202232,133160002982384,2026-09-06T12:06:44.986-05:00
f3ba2690ec8c,campaign-sf1,mado,tpch,Q09,Very Complex,commercial_a,non-indexed,1,7,0,2,sqlalchemy,sql,q09s6,0,4.358151,175,ok,,client-side:2700,0.67,202232,133160002982384,2026-09-06T12:06:49.344-05:00
f3ba2690ec8c,campaign-sf1,mado,tpch,Q09,Very Complex,commercial_a,non-indexed,1,7,0,3,sqlalchemy,orm,q09s6,0,4.133551,175,ok,,client-side:2700,0.67,202232,133160002982384,2026-09-06T12:06:53.478-05:00
f3ba2690ec8c,campaign-sf1,mado,tpch,Q09,Very Complex,commercial_a,non-indexed,1,8,1,-1,django,sql,q09s7,2,5.121689,,ok,,client-side:2700,0.64,202232,133160002982384,2026-09-06T12:06:58.603-05:00
f3ba2690ec8c,campaign-sf1,mado,tpch,Q09,Very Complex,commercial_a,non-indexed,1,8,1,-1,django,orm,q09s7,2,5.350317,,ok,,client-side:2700,0.67,202232,133160002982384,2026-09-06T12:07:03.954-05:00
f3ba2690ec8c,campaign-sf1,mado,tpch,Q09,Very Complex,commercial_a,non-indexed,1,8,1,-1,sqlalchemy,sql,q09s7,2,4.914722,,ok,,client-side:2700,0.7,202232,133160002982384,2026-09-06T12:07:08.869-05:00
f3ba2690ec8c,campaign-sf1,mado,tpch,Q09,Very Complex,commercial_a,non-indexed,1,8,1,-1,sqlalchemy,orm,q09s7,2,5.013257,,ok,,client-side:2700,0.72,202232,133160002982384,2026-09-06T12:07:13.882-05:00
f3ba2690ec8c,campaign-sf1,mado,tpch,Q09,Very Complex,commercial_a,non-indexed,1,8,1,0,django,orm,q09s7,0,4.753834,175,ok,,client-side:2700,0.82,202232,133160002982384,2026-09-06T12:07:18.636-05:00
f3ba2690ec8c,campaign-sf1,mado,tpch,Q09,Very Complex,commercial_a,non-indexed,1,8,1,1,sqlalchemy,orm,q09s7,0,4.442631,175,ok,,client-side:2700,0.82,202232,133160002982384,2026-09-06T12:07:23.079-05:00
f3ba2690ec8c,campaign-sf1,mado,tpch,Q09,Very Complex,commercial_a,non-indexed,1,8,1,2,django,sql,q09s7,0,3.977187,175,ok,,client-side:2700,0.76,202232,133160002982384,2026-09-06T12:07:27.056-05:00
f3ba2690ec8c,campaign-sf1,mado,tpch,Q09,Very Complex,commercial_a,non-indexed,1,8,1,3,sqlalchemy,sql,q09s7,0,4.420613,175,ok,,client-side:2700,0.78,202232,133160002982384,2026-09-06T12:07:31.477-05:00
72a9c98d9549,campaign-sf1,mado,tpch,Q10,Complex,commercial_a,non-indexed,1,0,0,0,django,sql,q10warm,1,5.125603,20,ok,,client-side:2700,0.8,202240,137077036766880,2026-09-06T12:07:38.035-05:00
72a9c98d9549,campaign-sf1,mado,tpch,Q10,Complex,commercial_a,non-indexed,1,0,0,1,django,orm,q10warm,1,3.895626,20,ok,,client-side:2700,0.81,202240,137077036766880,2026-09-06T12:07:41.931-05:00
72a9c98d9549,campaign-sf1,mado,tpch,Q10,Complex,commercial_a,non-indexed,1,0,0,2,sqlalchemy,sql,q10warm,1,5.132651,20,ok,,client-side:2700,0.75,202240,137077036766880,2026-09-06T12:07:47.064-05:00
72a9c98d9549,campaign-sf1,mado,tpch,Q10,Complex,commercial_a,non-indexed,1,0,0,3,sqlalchemy,orm,q10warm,1,3.932084,20,ok,,client-side:2700,0.77,202240,137077036766880,2026-09-06T12:07:50.996-05:00
72a9c98d9549,campaign-sf1,mado,tpch,Q10,Complex,commercial_a,non-indexed,1,1,2,-1,django,sql,q10s0,2,3.948448,,ok,,client-side:2700,0.79,202240,137077036766880,2026-09-06T12:07:54.947-05:00
72a9c98d9549,campaign-sf1,mado,tpch,Q10,Complex,commercial_a,non-indexed,1,1,2,-1,django,orm,q10s0,2,3.695559,,ok,,client-side:2700,0.72,202240,137077036766880,2026-09-06T12:07:58.643-05:00
72a9c98d9549,campaign-sf1,mado,tpch,Q10,Complex,commercial_a,non-indexed,1,1,2,-1,sqlalchemy,sql,q10s0,2,3.705954,,ok,,client-side:2700,0.72,202240,137077036766880,2026-09-06T12:08:02.349-05:00
72a9c98d9549,campaign-sf1,mado,tpch,Q10,Complex,commercial_a,non-indexed,1,1,2,-1,sqlalchemy,orm,q10s0,2,3.771526,,ok,,client-side:2700,0.75,202240,137077036766880,2026-09-06T12:08:06.121-05:00
72a9c98d9549,campaign-sf1,mado,tpch,Q10,Complex,commercial_a,non-indexed,1,1,2,0,sqlalchemy,orm,q10s0,0,3.626368,20,ok,,client-side:2700,0.77,202240,137077036766880,2026-09-06T12:08:09.747-05:00
72a9c98d9549,campaign-sf1,mado,tpch,Q10,Complex,commercial_a,non-indexed,1,1,2,1,sqlalchemy,sql,q10s0,0,3.646482,20,ok,,client-side:2700,0.77,202240,137077036766880,2026-09-06T12:08:13.394-05:00
72a9c98d9549,campaign-sf1,mado,tpch,Q10,Complex,commercial_a,non-indexed,1,1,2,2,django,orm,q10s0,0,3.841411,20,ok,,client-side:2700,0.79,202240,137077036766880,2026-09-06T12:08:17.235-05:00
72a9c98d9549,campaign-sf1,mado,tpch,Q10,Complex,commercial_a,non-indexed,1,1,2,3,django,sql,q10s0,0,3.611231,20,ok,,client-side:2700,0.72,202240,137077036766880,2026-09-06T12:08:20.846-05:00
72a9c98d9549,campaign-sf1,mado,tpch,Q10,Complex,commercial_a,non-indexed,1,2,1,-1,django,sql,q10s1,2,3.6456,,ok,,client-side:2700,0.74,202240,137077036766880,2026-09-06T12:08:24.496-05:00
72a9c98d9549,campaign-sf1,mado,tpch,Q10,Complex,commercial_a,non-indexed,1,2,1,-1,django,orm,q10s1,2,3.700729,,ok,,client-side:2700,0.74,202240,137077036766880,2026-09-06T12:08:28.197-05:00
72a9c98d9549,campaign-sf1,mado,tpch,Q10,Complex,commercial_a,non-indexed,1,2,1,-1,sqlalchemy,sql,q10s1,2,3.836754,,ok,,client-side:2700,0.77,202240,137077036766880,2026-09-06T12:08:32.034-05:00
72a9c98d9549,campaign-sf1,mado,tpch,Q10,Complex,commercial_a,non-indexed,1,2,1,-1,sqlalchemy,orm,q10s1,2,3.77109,,ok,,client-side:2700,0.7,202240,137077036766880,2026-09-06T12:08:35.805-05:00
72a9c98d9549,campaign-sf1,mado,tpch,Q10,Complex,commercial_a,non-indexed,1,2,1,0,django,orm,q10s1,0,3.628635,20,ok,,client-side:2700,0.73,202240,137077036766880,2026-09-06T12:08:39.434-05:00
72a9c98d9549,campaign-sf1,mado,tpch,Q10,Complex,commercial_a,non-indexed,1,2,1,1,sqlalchemy,orm,q10s1,0,3.786853,20,ok,,client-side:2700,0.73,202240,137077036766880,2026-09-06T12:08:43.221-05:00
72a9c98d9549,campaign-sf1,mado,tpch,Q10,Complex,commercial_a,non-indexed,1,2,1,2,django,sql,q10s1,0,3.685229,20,ok,,client-side:2700,0.67,202240,137077036766880,2026-09-06T12:08:46.906-05:00
72a9c98d9549,campaign-sf1,mado,tpch,Q10,Complex,commercial_a,non-indexed,1,2,1,3,sqlalchemy,sql,q10s1,0,3.460623,20,ok,,client-side:2700,0.7,202240,137077036766880,2026-09-06T12:08:50.367-05:00
72a9c98d9549,campaign-sf1,mado,tpch,Q10,Complex,commercial_a,non-indexed,1,3,3,-1,django,sql,q10s2,2,3.700752,,ok,,client-side:2700,0.64,202240,137077036766880,2026-09-06T12:08:54.072-05:00
72a9c98d9549,campaign-sf1,mado,tpch,Q10,Complex,commercial_a,non-indexed,1,3,3,-1,django,orm,q10s2,2,3.723391,,ok,,client-side:2700,0.64,202240,137077036766880,2026-09-06T12:08:57.796-05:00
72a9c98d9549,campaign-sf1,mado,tpch,Q10,Complex,commercial_a,non-indexed,1,3,3,-1,sqlalchemy,sql,q10s2,2,3.697643,,ok,,client-side:2700,0.67,202240,137077036766880,2026-09-06T12:09:01.493-05:00
72a9c98d9549,campaign-sf1,mado,tpch,Q10,Complex,commercial_a,non-indexed,1,3,3,-1,sqlalchemy,orm,q10s2,2,5.486817,,ok,,client-side:2700,0.62,202240,137077036766880,2026-09-06T12:09:06.980-05:00
72a9c98d9549,campaign-sf1,mado,tpch,Q10,Complex,commercial_a,non-indexed,1,3,3,0,sqlalchemy,sql,q10s2,0,3.565368,20,ok,,client-side:2700,0.57,202240,137077036766880,2026-09-06T12:09:10.546-05:00
72a9c98d9549,campaign-sf1,mado,tpch,Q10,Complex,commercial_a,non-indexed,1,3,3,1,django,sql,q10s2,0,3.694381,20,ok,,client-side:2700,0.52,202240,137077036766880,2026-09-06T12:09:14.240-05:00
72a9c98d9549,campaign-sf1,mado,tpch,Q10,Complex,commercial_a,non-indexed,1,3,3,2,sqlalchemy,orm,q10s2,0,3.652693,20,ok,,client-side:2700,0.52,202240,137077036766880,2026-09-06T12:09:17.893-05:00
72a9c98d9549,campaign-sf1,mado,tpch,Q10,Complex,commercial_a,non-indexed,1,3,3,3,django,orm,q10s2,0,3.793606,20,ok,,client-side:2700,0.56,202240,137077036766880,2026-09-06T12:09:21.687-05:00
72a9c98d9549,campaign-sf1,mado,tpch,Q10,Complex,commercial_a,non-indexed,1,4,0,-1,django,sql,q10s3,2,3.53843,,ok,,client-side:2700,0.51,202240,137077036766880,2026-09-06T12:09:25.230-05:00
72a9c98d9549,campaign-sf1,mado,tpch,Q10,Complex,commercial_a,non-indexed,1,4,0,-1,django,orm,q10s3,2,3.635397,,ok,,client-side:2700,0.55,202240,137077036766880,2026-09-06T12:09:28.865-05:00
72a9c98d9549,campaign-sf1,mado,tpch,Q10,Complex,commercial_a,non-indexed,1,4,0,-1,sqlalchemy,sql,q10s3,2,4.143992,,ok,,client-side:2700,0.55,202240,137077036766880,2026-09-06T12:09:33.009-05:00
72a9c98d9549,campaign-sf1,mado,tpch,Q10,Complex,commercial_a,non-indexed,1,4,0,-1,sqlalchemy,orm,q10s3,2,3.756663,,ok,,client-side:2700,0.59,202240,137077036766880,2026-09-06T12:09:36.766-05:00
72a9c98d9549,campaign-sf1,mado,tpch,Q10,Complex,commercial_a,non-indexed,1,4,0,0,django,sql,q10s3,0,3.386508,20,ok,,client-side:2700,0.54,202240,137077036766880,2026-09-06T12:09:40.153-05:00
72a9c98d9549,campaign-sf1,mado,tpch,Q10,Complex,commercial_a,non-indexed,1,4,0,1,django,orm,q10s3,0,3.506267,20,ok,,client-side:2700,0.5,202240,137077036766880,2026-09-06T12:09:43.659-05:00
72a9c98d9549,campaign-sf1,mado,tpch,Q10,Complex,commercial_a,non-indexed,1,4,0,2,sqlalchemy,sql,q10s3,0,5.332193,20,ok,,client-side:2700,0.46,202240,137077036766880,2026-09-06T12:09:48.991-05:00
72a9c98d9549,campaign-sf1,mado,tpch,Q10,Complex,commercial_a,non-indexed,1,4,0,3,sqlalchemy,orm,q10s3,0,3.817827,20,ok,,client-side:2700,0.46,202240,137077036766880,2026-09-06T12:09:52.809-05:00
72a9c98d9549,campaign-sf1,mado,tpch,Q10,Complex,commercial_a,non-indexed,1,5,2,-1,django,sql,q10s4,2,3.654971,,ok,,client-side:2700,0.58,202240,137077036766880,2026-09-06T12:09:56.469-05:00
72a9c98d9549,campaign-sf1,mado,tpch,Q10,Complex,commercial_a,non-indexed,1,5,2,-1,django,orm,q10s4,2,3.686971,,ok,,client-side:2700,0.62,202240,137077036766880,2026-09-06T12:10:00.156-05:00
72a9c98d9549,campaign-sf1,mado,tpch,Q10,Complex,commercial_a,non-indexed,1,5,2,-1,sqlalchemy,sql,q10s4,2,3.70832,,ok,,client-side:2700,0.57,202240,137077036766880,2026-09-06T12:10:03.864-05:00
72a9c98d9549,campaign-sf1,mado,tpch,Q10,Complex,commercial_a,non-indexed,1,5,2,-1,sqlalchemy,orm,q10s4,2,3.750505,,ok,,client-side:2700,0.57,202240,137077036766880,2026-09-06T12:10:07.615-05:00
72a9c98d9549,campaign-sf1,mado,tpch,Q10,Complex,commercial_a,non-indexed,1,5,2,0,sqlalchemy,orm,q10s4,0,3.571421,20,ok,,client-side:2700,0.6,202240,137077036766880,2026-09-06T12:10:11.186-05:00
72a9c98d9549,campaign-sf1,mado,tpch,Q10,Complex,commercial_a,non-indexed,1,5,2,1,sqlalchemy,sql,q10s4,0,3.603804,20,ok,,client-side:2700,0.55,202240,137077036766880,2026-09-06T12:10:14.790-05:00
72a9c98d9549,campaign-sf1,mado,tpch,Q10,Complex,commercial_a,non-indexed,1,5,2,2,django,orm,q10s4,0,3.659604,20,ok,,client-side:2700,0.55,202240,137077036766880,2026-09-06T12:10:18.450-05:00
72a9c98d9549,campaign-sf1,mado,tpch,Q10,Complex,commercial_a,non-indexed,1,5,2,3,django,sql,q10s4,0,3.651045,20,ok,,client-side:2700,0.59,202240,137077036766880,2026-09-06T12:10:22.101-05:00
72a9c98d9549,campaign-sf1,mado,tpch,Q10,Complex,commercial_a,non-indexed,1,6,1,-1,django,sql,q10s5,2,4.051723,,ok,,client-side:2700,0.54,202240,137077036766880,2026-09-06T12:10:26.156-05:00
72a9c98d9549,campaign-sf1,mado,tpch,Q10,Complex,commercial_a,non-indexed,1,6,1,-1,django,orm,q10s5,2,5.541468,,ok,,client-side:2700,0.5,202240,137077036766880,2026-09-06T12:10:31.697-05:00
72a9c98d9549,campaign-sf1,mado,tpch,Q10,Complex,commercial_a,non-indexed,1,6,1,-1,sqlalchemy,sql,q10s5,2,3.664449,,ok,,client-side:2700,0.46,202240,137077036766880,2026-09-06T12:10:35.362-05:00
72a9c98d9549,campaign-sf1,mado,tpch,Q10,Complex,commercial_a,non-indexed,1,6,1,-1,sqlalchemy,orm,q10s5,2,3.784343,,ok,,client-side:2700,0.5,202240,137077036766880,2026-09-06T12:10:39.146-05:00
72a9c98d9549,campaign-sf1,mado,tpch,Q10,Complex,commercial_a,non-indexed,1,6,1,0,django,orm,q10s5,0,3.644741,20,ok,,client-side:2700,0.5,202240,137077036766880,2026-09-06T12:10:42.791-05:00
72a9c98d9549,campaign-sf1,mado,tpch,Q10,Complex,commercial_a,non-indexed,1,6,1,1,sqlalchemy,orm,q10s5,0,4.075427,20,ok,,client-side:2700,0.54,202240,137077036766880,2026-09-06T12:10:46.867-05:00
72a9c98d9549,campaign-sf1,mado,tpch,Q10,Complex,commercial_a,non-indexed,1,6,1,2,django,sql,q10s5,0,5.41384,20,ok,,client-side:2700,0.58,202240,137077036766880,2026-09-06T12:10:52.281-05:00
72a9c98d9549,campaign-sf1,mado,tpch,Q10,Complex,commercial_a,non-indexed,1,6,1,3,sqlalchemy,sql,q10s5,0,3.67001,20,ok,,client-side:2700,0.61,202240,137077036766880,2026-09-06T12:10:55.951-05:00
72a9c98d9549,campaign-sf1,mado,tpch,Q10,Complex,commercial_a,non-indexed,1,7,0,-1,django,sql,q10s6,2,3.736682,,ok,,client-side:2700,0.64,202240,137077036766880,2026-09-06T12:10:59.691-05:00
72a9c98d9549,campaign-sf1,mado,tpch,Q10,Complex,commercial_a,non-indexed,1,7,0,-1,django,orm,q10s6,2,3.877177,,ok,,client-side:2700,0.64,202240,137077036766880,2026-09-06T12:11:03.568-05:00
72a9c98d9549,campaign-sf1,mado,tpch,Q10,Complex,commercial_a,non-indexed,1,7,0,-1,sqlalchemy,sql,q10s6,2,3.700709,,ok,,client-side:2700,0.67,202240,137077036766880,2026-09-06T12:11:07.269-05:00
72a9c98d9549,campaign-sf1,mado,tpch,Q10,Complex,commercial_a,non-indexed,1,7,0,-1,sqlalchemy,orm,q10s6,2,3.706116,,ok,,client-side:2700,0.7,202240,137077036766880,2026-09-06T12:11:10.975-05:00
72a9c98d9549,campaign-sf1,mado,tpch,Q10,Complex,commercial_a,non-indexed,1,7,0,0,django,sql,q10s6,0,3.577464,20,ok,,client-side:2700,0.64,202240,137077036766880,2026-09-06T12:11:14.553-05:00
72a9c98d9549,campaign-sf1,mado,tpch,Q10,Complex,commercial_a,non-indexed,1,7,0,1,django,orm,q10s6,0,3.851476,20,ok,,client-side:2700,0.64,202240,137077036766880,2026-09-06T12:11:18.404-05:00
72a9c98d9549,campaign-sf1,mado,tpch,Q10,Complex,commercial_a,non-indexed,1,7,0,2,sqlalchemy,sql,q10s6,0,3.670598,20,ok,,client-side:2700,0.67,202240,137077036766880,2026-09-06T12:11:22.075-05:00
72a9c98d9549,campaign-sf1,mado,tpch,Q10,Complex,commercial_a,non-indexed,1,7,0,3,sqlalchemy,orm,q10s6,0,3.642268,20,ok,,client-side:2700,0.62,202240,137077036766880,2026-09-06T12:11:25.717-05:00
72a9c98d9549,campaign-sf1,mado,tpch,Q10,Complex,commercial_a,non-indexed,1,8,3,-1,django,sql,q10s7,2,3.706988,,ok,,client-side:2700,0.57,202240,137077036766880,2026-09-06T12:11:29.428-05:00
72a9c98d9549,campaign-sf1,mado,tpch,Q10,Complex,commercial_a,non-indexed,1,8,3,-1,django,orm,q10s7,2,3.978676,,ok,,client-side:2700,0.57,202240,137077036766880,2026-09-06T12:11:33.407-05:00
72a9c98d9549,campaign-sf1,mado,tpch,Q10,Complex,commercial_a,non-indexed,1,8,3,-1,sqlalchemy,sql,q10s7,2,3.683207,,ok,,client-side:2700,0.6,202240,137077036766880,2026-09-06T12:11:37.090-05:00
72a9c98d9549,campaign-sf1,mado,tpch,Q10,Complex,commercial_a,non-indexed,1,8,3,-1,sqlalchemy,orm,q10s7,2,3.83203,,ok,,client-side:2700,0.64,202240,137077036766880,2026-09-06T12:11:40.923-05:00
72a9c98d9549,campaign-sf1,mado,tpch,Q10,Complex,commercial_a,non-indexed,1,8,3,0,sqlalchemy,sql,q10s7,0,3.416668,20,ok,,client-side:2700,0.58,202240,137077036766880,2026-09-06T12:11:44.339-05:00
72a9c98d9549,campaign-sf1,mado,tpch,Q10,Complex,commercial_a,non-indexed,1,8,3,1,django,sql,q10s7,0,3.613342,20,ok,,client-side:2700,0.58,202240,137077036766880,2026-09-06T12:11:47.953-05:00
72a9c98d9549,campaign-sf1,mado,tpch,Q10,Complex,commercial_a,non-indexed,1,8,3,2,sqlalchemy,orm,q10s7,0,5.518812,20,ok,,client-side:2700,0.54,202240,137077036766880,2026-09-06T12:11:53.472-05:00
72a9c98d9549,campaign-sf1,mado,tpch,Q10,Complex,commercial_a,non-indexed,1,8,3,3,django,orm,q10s7,0,3.616476,20,ok,,client-side:2700,0.57,202240,137077036766880,2026-09-06T12:11:57.088-05:00
a96e524df1f7,campaign-sf1,mado,tpch,Q11,Medium,commercial_a,non-indexed,1,0,2,0,sqlalchemy,orm,q11warm,1,0.630813,753,ok,,client-side:2700,0.61,202501,139486907437216,2026-09-06T12:11:59.144-05:00
a96e524df1f7,campaign-sf1,mado,tpch,Q11,Medium,commercial_a,non-indexed,1,0,2,1,sqlalchemy,sql,q11warm,1,0.325623,753,ok,,client-side:2700,0.61,202501,139486907437216,2026-09-06T12:11:59.470-05:00
a96e524df1f7,campaign-sf1,mado,tpch,Q11,Medium,commercial_a,non-indexed,1,0,2,2,django,orm,q11warm,1,0.339666,753,ok,,client-side:2700,0.61,202501,139486907437216,2026-09-06T12:11:59.810-05:00
a96e524df1f7,campaign-sf1,mado,tpch,Q11,Medium,commercial_a,non-indexed,1,0,2,3,django,sql,q11warm,1,0.325406,753,ok,,client-side:2700,0.61,202501,139486907437216,2026-09-06T12:12:00.135-05:00
a96e524df1f7,campaign-sf1,mado,tpch,Q11,Medium,commercial_a,non-indexed,1,1,2,-1,django,sql,q11s0,2,0.326419,,ok,,client-side:2700,0.61,202501,139486907437216,2026-09-06T12:12:00.481-05:00
a96e524df1f7,campaign-sf1,mado,tpch,Q11,Medium,commercial_a,non-indexed,1,1,2,-1,django,orm,q11s0,2,0.335333,,ok,,client-side:2700,0.61,202501,139486907437216,2026-09-06T12:12:00.817-05:00
a96e524df1f7,campaign-sf1,mado,tpch,Q11,Medium,commercial_a,non-indexed,1,1,2,-1,sqlalchemy,sql,q11s0,2,0.323722,,ok,,client-side:2700,0.61,202501,139486907437216,2026-09-06T12:12:01.141-05:00
a96e524df1f7,campaign-sf1,mado,tpch,Q11,Medium,commercial_a,non-indexed,1,1,2,-1,sqlalchemy,orm,q11s0,2,0.329239,,ok,,client-side:2700,0.61,202501,139486907437216,2026-09-06T12:12:01.470-05:00
a96e524df1f7,campaign-sf1,mado,tpch,Q11,Medium,commercial_a,non-indexed,1,1,2,0,sqlalchemy,orm,q11s0,0,0.288493,1048,ok,,client-side:2700,0.61,202501,139486907437216,2026-09-06T12:12:01.759-05:00
a96e524df1f7,campaign-sf1,mado,tpch,Q11,Medium,commercial_a,non-indexed,1,1,2,1,sqlalchemy,sql,q11s0,0,0.283718,1048,ok,,client-side:2700,0.61,202501,139486907437216,2026-09-06T12:12:02.042-05:00
a96e524df1f7,campaign-sf1,mado,tpch,Q11,Medium,commercial_a,non-indexed,1,1,2,2,django,orm,q11s0,0,0.287231,1048,ok,,client-side:2700,0.61,202501,139486907437216,2026-09-06T12:12:02.330-05:00
a96e524df1f7,campaign-sf1,mado,tpch,Q11,Medium,commercial_a,non-indexed,1,1,2,3,django,sql,q11s0,0,0.284628,1048,ok,,client-side:2700,0.61,202501,139486907437216,2026-09-06T12:12:02.614-05:00
a96e524df1f7,campaign-sf1,mado,tpch,Q11,Medium,commercial_a,non-indexed,1,2,1,-1,django,sql,q11s1,2,0.324858,,ok,,client-side:2700,0.61,202501,139486907437216,2026-09-06T12:12:02.944-05:00
a96e524df1f7,campaign-sf1,mado,tpch,Q11,Medium,commercial_a,non-indexed,1,2,1,-1,django,orm,q11s1,2,0.334631,,ok,,client-side:2700,0.61,202501,139486907437216,2026-09-06T12:12:03.279-05:00
a96e524df1f7,campaign-sf1,mado,tpch,Q11,Medium,commercial_a,non-indexed,1,2,1,-1,sqlalchemy,sql,q11s1,2,0.324466,,ok,,client-side:2700,0.61,202501,139486907437216,2026-09-06T12:12:03.604-05:00
a96e524df1f7,campaign-sf1,mado,tpch,Q11,Medium,commercial_a,non-indexed,1,2,1,-1,sqlalchemy,orm,q11s1,2,0.329899,,ok,,client-side:2700,0.64,202501,139486907437216,2026-09-06T12:12:03.934-05:00
a96e524df1f7,campaign-sf1,mado,tpch,Q11,Medium,commercial_a,non-indexed,1,2,1,0,django,orm,q11s1,0,0.287121,819,ok,,client-side:2700,0.64,202501,139486907437216,2026-09-06T12:12:04.221-05:00
a96e524df1f7,campaign-sf1,mado,tpch,Q11,Medium,commercial_a,non-indexed,1,2,1,1,sqlalchemy,orm,q11s1,0,0.287392,819,ok,,client-side:2700,0.64,202501,139486907437216,2026-09-06T12:12:04.508-05:00
a96e524df1f7,campaign-sf1,mado,tpch,Q11,Medium,commercial_a,non-indexed,1,2,1,2,django,sql,q11s1,0,0.28525,819,ok,,client-side:2700,0.64,202501,139486907437216,2026-09-06T12:12:04.794-05:00
a96e524df1f7,campaign-sf1,mado,tpch,Q11,Medium,commercial_a,non-indexed,1,2,1,3,sqlalchemy,sql,q11s1,0,0.284769,819,ok,,client-side:2700,0.64,202501,139486907437216,2026-09-06T12:12:05.078-05:00
a96e524df1f7,campaign-sf1,mado,tpch,Q11,Medium,commercial_a,non-indexed,1,3,0,-1,django,sql,q11s2,2,0.327175,,ok,,client-side:2700,0.64,202501,139486907437216,2026-09-06T12:12:05.410-05:00
a96e524df1f7,campaign-sf1,mado,tpch,Q11,Medium,commercial_a,non-indexed,1,3,0,-1,django,orm,q11s2,2,0.30786,,ok,,client-side:2700,0.64,202501,139486907437216,2026-09-06T12:12:05.718-05:00
a96e524df1f7,campaign-sf1,mado,tpch,Q11,Medium,commercial_a,non-indexed,1,3,0,-1,sqlalchemy,sql,q11s2,2,0.324307,,ok,,client-side:2700,0.64,202501,139486907437216,2026-09-06T12:12:06.043-05:00
a96e524df1f7,campaign-sf1,mado,tpch,Q11,Medium,commercial_a,non-indexed,1,3,0,-1,sqlalchemy,orm,q11s2,2,0.288331,,ok,,client-side:2700,0.64,202501,139486907437216,2026-09-06T12:12:06.331-05:00
a96e524df1f7,campaign-sf1,mado,tpch,Q11,Medium,commercial_a,non-indexed,1,3,0,0,django,sql,q11s2,0,0.285404,911,ok,,client-side:2700,0.64,202501,139486907437216,2026-09-06T12:12:06.617-05:00
a96e524df1f7,campaign-sf1,mado,tpch,Q11,Medium,commercial_a,non-indexed,1,3,0,1,django,orm,q11s2,0,0.287113,911,ok,,client-side:2700,0.64,202501,139486907437216,2026-09-06T12:12:06.904-05:00
a96e524df1f7,campaign-sf1,mado,tpch,Q11,Medium,commercial_a,non-indexed,1,3,0,2,sqlalchemy,sql,q11s2,0,0.284578,911,ok,,client-side:2700,0.64,202501,139486907437216,2026-09-06T12:12:07.189-05:00
a96e524df1f7,campaign-sf1,mado,tpch,Q11,Medium,commercial_a,non-indexed,1,3,0,3,sqlalchemy,orm,q11s2,0,0.288261,911,ok,,client-side:2700,0.64,202501,139486907437216,2026-09-06T12:12:07.477-05:00
a96e524df1f7,campaign-sf1,mado,tpch,Q11,Medium,commercial_a,non-indexed,1,4,3,-1,django,sql,q11s3,2,0.325058,,ok,,client-side:2700,0.64,202501,139486907437216,2026-09-06T12:12:07.807-05:00
a96e524df1f7,campaign-sf1,mado,tpch,Q11,Medium,commercial_a,non-indexed,1,4,3,-1,django,orm,q11s3,2,0.30633,,ok,,client-side:2700,0.64,202501,139486907437216,2026-09-06T12:12:08.113-05:00
a96e524df1f7,campaign-sf1,mado,tpch,Q11,Medium,commercial_a,non-indexed,1,4,3,-1,sqlalchemy,sql,q11s3,2,0.321767,,ok,,client-side:2700,0.64,202501,139486907437216,2026-09-06T12:12:08.435-05:00
a96e524df1f7,campaign-sf1,mado,tpch,Q11,Medium,commercial_a,non-indexed,1,4,3,-1,sqlalchemy,orm,q11s3,2,0.319669,,ok,,client-side:2700,0.67,202501,139486907437216,2026-09-06T12:12:08.755-05:00
a96e524df1f7,campaign-sf1,mado,tpch,Q11,Medium,commercial_a,non-indexed,1,4,3,0,sqlalchemy,sql,q11s3,0,0.281909,1217,ok,,client-side:2700,0.67,202501,139486907437216,2026-09-06T12:12:09.037-05:00
a96e524df1f7,campaign-sf1,mado,tpch,Q11,Medium,commercial_a,non-indexed,1,4,3,1,django,sql,q11s3,0,0.284121,1217,ok,,client-side:2700,0.67,202501,139486907437216,2026-09-06T12:12:09.321-05:00
a96e524df1f7,campaign-sf1,mado,tpch,Q11,Medium,commercial_a,non-indexed,1,4,3,2,sqlalchemy,orm,q11s3,0,0.28597,1217,ok,,client-side:2700,0.67,202501,139486907437216,2026-09-06T12:12:09.607-05:00
a96e524df1f7,campaign-sf1,mado,tpch,Q11,Medium,commercial_a,non-indexed,1,4,3,3,django,orm,q11s3,0,0.286038,1217,ok,,client-side:2700,0.67,202501,139486907437216,2026-09-06T12:12:09.893-05:00
a96e524df1f7,campaign-sf1,mado,tpch,Q11,Medium,commercial_a,non-indexed,1,5,1,-1,django,sql,q11s4,2,0.324031,,ok,,client-side:2700,0.67,202501,139486907437216,2026-09-06T12:12:10.222-05:00
a96e524df1f7,campaign-sf1,mado,tpch,Q11,Medium,commercial_a,non-indexed,1,5,1,-1,django,orm,q11s4,2,0.286262,,ok,,client-side:2700,0.67,202501,139486907437216,2026-09-06T12:12:10.508-05:00
a96e524df1f7,campaign-sf1,mado,tpch,Q11,Medium,commercial_a,non-indexed,1,5,1,-1,sqlalchemy,sql,q11s4,2,0.324778,,ok,,client-side:2700,0.67,202501,139486907437216,2026-09-06T12:12:10.833-05:00
a96e524df1f7,campaign-sf1,mado,tpch,Q11,Medium,commercial_a,non-indexed,1,5,1,-1,sqlalchemy,orm,q11s4,2,0.28746,,ok,,client-side:2700,0.67,202501,139486907437216,2026-09-06T12:12:11.120-05:00
a96e524df1f7,campaign-sf1,mado,tpch,Q11,Medium,commercial_a,non-indexed,1,5,1,0,django,orm,q11s4,0,0.286068,699,ok,,client-side:2700,0.67,202501,139486907437216,2026-09-06T12:12:11.407-05:00
a96e524df1f7,campaign-sf1,mado,tpch,Q11,Medium,commercial_a,non-indexed,1,5,1,1,sqlalchemy,orm,q11s4,0,0.286065,699,ok,,client-side:2700,0.67,202501,139486907437216,2026-09-06T12:12:11.693-05:00
a96e524df1f7,campaign-sf1,mado,tpch,Q11,Medium,commercial_a,non-indexed,1,5,1,2,django,sql,q11s4,0,0.284951,699,ok,,client-side:2700,0.67,202501,139486907437216,2026-09-06T12:12:11.978-05:00
a96e524df1f7,campaign-sf1,mado,tpch,Q11,Medium,commercial_a,non-indexed,1,5,1,3,sqlalchemy,sql,q11s4,0,0.284758,699,ok,,client-side:2700,0.67,202501,139486907437216,2026-09-06T12:12:12.263-05:00
a96e524df1f7,campaign-sf1,mado,tpch,Q11,Medium,commercial_a,non-indexed,1,6,2,-1,django,sql,q11s5,2,0.324976,,ok,,client-side:2700,0.67,202501,139486907437216,2026-09-06T12:12:12.592-05:00
a96e524df1f7,campaign-sf1,mado,tpch,Q11,Medium,commercial_a,non-indexed,1,6,2,-1,django,orm,q11s5,2,0.286398,,ok,,client-side:2700,0.67,202501,139486907437216,2026-09-06T12:12:12.879-05:00
a96e524df1f7,campaign-sf1,mado,tpch,Q11,Medium,commercial_a,non-indexed,1,6,2,-1,sqlalchemy,sql,q11s5,2,0.32717,,ok,,client-side:2700,0.67,202501,139486907437216,2026-09-06T12:12:13.206-05:00
a96e524df1f7,campaign-sf1,mado,tpch,Q11,Medium,commercial_a,non-indexed,1,6,2,-1,sqlalchemy,orm,q11s5,2,0.288107,,ok,,client-side:2700,0.67,202501,139486907437216,2026-09-06T12:12:13.494-05:00
a96e524df1f7,campaign-sf1,mado,tpch,Q11,Medium,commercial_a,non-indexed,1,6,2,0,sqlalchemy,orm,q11s5,0,0.286296,925,ok,,client-side:2700,0.7,202501,139486907437216,2026-09-06T12:12:13.781-05:00
a96e524df1f7,campaign-sf1,mado,tpch,Q11,Medium,commercial_a,non-indexed,1,6,2,1,sqlalchemy,sql,q11s5,0,0.283008,925,ok,,client-side:2700,0.7,202501,139486907437216,2026-09-06T12:12:14.064-05:00
a96e524df1f7,campaign-sf1,mado,tpch,Q11,Medium,commercial_a,non-indexed,1,6,2,2,django,orm,q11s5,0,0.285773,925,ok,,client-side:2700,0.7,202501,139486907437216,2026-09-06T12:12:14.350-05:00
a96e524df1f7,campaign-sf1,mado,tpch,Q11,Medium,commercial_a,non-indexed,1,6,2,3,django,sql,q11s5,0,0.283991,925,ok,,client-side:2700,0.7,202501,139486907437216,2026-09-06T12:12:14.634-05:00
a96e524df1f7,campaign-sf1,mado,tpch,Q11,Medium,commercial_a,non-indexed,1,7,0,-1,django,sql,q11s6,2,0.323306,,ok,,client-side:2700,0.7,202501,139486907437216,2026-09-06T12:12:14.962-05:00
a96e524df1f7,campaign-sf1,mado,tpch,Q11,Medium,commercial_a,non-indexed,1,7,0,-1,django,orm,q11s6,2,0.285334,,ok,,client-side:2700,0.7,202501,139486907437216,2026-09-06T12:12:15.248-05:00
a96e524df1f7,campaign-sf1,mado,tpch,Q11,Medium,commercial_a,non-indexed,1,7,0,-1,sqlalchemy,sql,q11s6,2,0.322823,,ok,,client-side:2700,0.7,202501,139486907437216,2026-09-06T12:12:15.570-05:00
a96e524df1f7,campaign-sf1,mado,tpch,Q11,Medium,commercial_a,non-indexed,1,7,0,-1,sqlalchemy,orm,q11s6,2,0.287988,,ok,,client-side:2700,0.7,202501,139486907437216,2026-09-06T12:12:15.859-05:00
a96e524df1f7,campaign-sf1,mado,tpch,Q11,Medium,commercial_a,non-indexed,1,7,0,0,django,sql,q11s6,0,0.283186,1469,ok,,client-side:2700,0.7,202501,139486907437216,2026-09-06T12:12:16.142-05:00
a96e524df1f7,campaign-sf1,mado,tpch,Q11,Medium,commercial_a,non-indexed,1,7,0,1,django,orm,q11s6,0,0.285403,1469,ok,,client-side:2700,0.7,202501,139486907437216,2026-09-06T12:12:16.427-05:00
a96e524df1f7,campaign-sf1,mado,tpch,Q11,Medium,commercial_a,non-indexed,1,7,0,2,sqlalchemy,sql,q11s6,0,0.282079,1469,ok,,client-side:2700,0.7,202501,139486907437216,2026-09-06T12:12:16.709-05:00
a96e524df1f7,campaign-sf1,mado,tpch,Q11,Medium,commercial_a,non-indexed,1,7,0,3,sqlalchemy,orm,q11s6,0,0.287327,1469,ok,,client-side:2700,0.7,202501,139486907437216,2026-09-06T12:12:16.997-05:00
a96e524df1f7,campaign-sf1,mado,tpch,Q11,Medium,commercial_a,non-indexed,1,8,3,-1,django,sql,q11s7,2,0.325969,,ok,,client-side:2700,0.7,202501,139486907437216,2026-09-06T12:12:17.328-05:00
a96e524df1f7,campaign-sf1,mado,tpch,Q11,Medium,commercial_a,non-indexed,1,8,3,-1,django,orm,q11s7,2,0.335385,,ok,,client-side:2700,0.7,202501,139486907437216,2026-09-06T12:12:17.663-05:00
a96e524df1f7,campaign-sf1,mado,tpch,Q11,Medium,commercial_a,non-indexed,1,8,3,-1,sqlalchemy,sql,q11s7,2,0.32337,,ok,,client-side:2700,0.7,202501,139486907437216,2026-09-06T12:12:17.986-05:00
a96e524df1f7,campaign-sf1,mado,tpch,Q11,Medium,commercial_a,non-indexed,1,8,3,-1,sqlalchemy,orm,q11s7,2,0.327967,,ok,,client-side:2700,0.7,202501,139486907437216,2026-09-06T12:12:18.315-05:00
a96e524df1f7,campaign-sf1,mado,tpch,Q11,Medium,commercial_a,non-indexed,1,8,3,0,sqlalchemy,sql,q11s7,0,0.283256,786,ok,,client-side:2700,0.7,202501,139486907437216,2026-09-06T12:12:18.598-05:00
a96e524df1f7,campaign-sf1,mado,tpch,Q11,Medium,commercial_a,non-indexed,1,8,3,1,django,sql,q11s7,0,0.28559,786,ok,,client-side:2700,0.72,202501,139486907437216,2026-09-06T12:12:18.884-05:00
a96e524df1f7,campaign-sf1,mado,tpch,Q11,Medium,commercial_a,non-indexed,1,8,3,2,sqlalchemy,orm,q11s7,0,0.287765,786,ok,,client-side:2700,0.72,202501,139486907437216,2026-09-06T12:12:19.171-05:00
a96e524df1f7,campaign-sf1,mado,tpch,Q11,Medium,commercial_a,non-indexed,1,8,3,3,django,orm,q11s7,0,0.286848,786,ok,,client-side:2700,0.72,202501,139486907437216,2026-09-06T12:12:19.458-05:00
d7bc2c37928b,campaign-sf1,mado,tpch,Q12,Medium,commercial_a,non-indexed,1,0,2,0,sqlalchemy,orm,q12warm,1,3.986659,2,ok,,client-side:2700,0.74,202503,124901485985136,2026-09-06T12:12:24.866-05:00
d7bc2c37928b,campaign-sf1,mado,tpch,Q12,Medium,commercial_a,non-indexed,1,0,2,1,sqlalchemy,sql,q12warm,1,3.4631,2,ok,,client-side:2700,0.74,202503,124901485985136,2026-09-06T12:12:28.329-05:00
d7bc2c37928b,campaign-sf1,mado,tpch,Q12,Medium,commercial_a,non-indexed,1,0,2,2,django,orm,q12warm,1,3.668278,2,ok,,client-side:2700,0.76,202503,124901485985136,2026-09-06T12:12:31.998-05:00
d7bc2c37928b,campaign-sf1,mado,tpch,Q12,Medium,commercial_a,non-indexed,1,0,2,3,django,sql,q12warm,1,3.453982,2,ok,,client-side:2700,0.78,202503,124901485985136,2026-09-06T12:12:35.452-05:00
d7bc2c37928b,campaign-sf1,mado,tpch,Q12,Medium,commercial_a,non-indexed,1,1,0,-1,django,sql,q12s0,2,3.958643,,ok,,client-side:2700,0.8,202503,124901485985136,2026-09-06T12:12:39.413-05:00
d7bc2c37928b,campaign-sf1,mado,tpch,Q12,Medium,commercial_a,non-indexed,1,1,0,-1,django,orm,q12s0,2,3.585309,,ok,,client-side:2700,0.8,202503,124901485985136,2026-09-06T12:12:42.999-05:00
d7bc2c37928b,campaign-sf1,mado,tpch,Q12,Medium,commercial_a,non-indexed,1,1,0,-1,sqlalchemy,sql,q12s0,2,5.314922,,ok,,client-side:2700,0.82,202503,124901485985136,2026-09-06T12:12:48.314-05:00
d7bc2c37928b,campaign-sf1,mado,tpch,Q12,Medium,commercial_a,non-indexed,1,1,0,-1,sqlalchemy,orm,q12s0,2,3.828266,,ok,,client-side:2700,0.83,202503,124901485985136,2026-09-06T12:12:52.142-05:00
d7bc2c37928b,campaign-sf1,mado,tpch,Q12,Medium,commercial_a,non-indexed,1,1,0,0,django,sql,q12s0,0,3.478306,2,ok,,client-side:2700,1.01,202503,124901485985136,2026-09-06T12:12:55.621-05:00
d7bc2c37928b,campaign-sf1,mado,tpch,Q12,Medium,commercial_a,non-indexed,1,1,0,1,django,orm,q12s0,0,3.615564,2,ok,,client-side:2700,1.01,202503,124901485985136,2026-09-06T12:12:59.236-05:00
d7bc2c37928b,campaign-sf1,mado,tpch,Q12,Medium,commercial_a,non-indexed,1,1,0,2,sqlalchemy,sql,q12s0,0,3.420828,2,ok,,client-side:2700,1.01,202503,124901485985136,2026-09-06T12:13:02.657-05:00
d7bc2c37928b,campaign-sf1,mado,tpch,Q12,Medium,commercial_a,non-indexed,1,1,0,3,sqlalchemy,orm,q12s0,0,3.571544,2,ok,,client-side:2700,1.0,202503,124901485985136,2026-09-06T12:13:06.229-05:00
d7bc2c37928b,campaign-sf1,mado,tpch,Q12,Medium,commercial_a,non-indexed,1,2,3,-1,django,sql,q12s1,2,3.307233,,ok,,client-side:2700,1.0,202503,124901485985136,2026-09-06T12:13:09.539-05:00
d7bc2c37928b,campaign-sf1,mado,tpch,Q12,Medium,commercial_a,non-indexed,1,2,3,-1,django,orm,q12s1,2,3.519846,,ok,,client-side:2700,1.0,202503,124901485985136,2026-09-06T12:13:13.059-05:00
d7bc2c37928b,campaign-sf1,mado,tpch,Q12,Medium,commercial_a,non-indexed,1,2,3,-1,sqlalchemy,sql,q12s1,2,3.646135,,ok,,client-side:2700,0.92,202503,124901485985136,2026-09-06T12:13:16.705-05:00
d7bc2c37928b,campaign-sf1,mado,tpch,Q12,Medium,commercial_a,non-indexed,1,2,3,-1,sqlalchemy,orm,q12s1,2,3.501384,,ok,,client-side:2700,0.93,202503,124901485985136,2026-09-06T12:13:20.207-05:00
d7bc2c37928b,campaign-sf1,mado,tpch,Q12,Medium,commercial_a,non-indexed,1,2,3,0,sqlalchemy,sql,q12s1,0,3.685969,2,ok,,client-side:2700,0.94,202503,124901485985136,2026-09-06T12:13:23.893-05:00
d7bc2c37928b,campaign-sf1,mado,tpch,Q12,Medium,commercial_a,non-indexed,1,2,3,1,django,sql,q12s1,0,3.626635,2,ok,,client-side:2700,0.94,202503,124901485985136,2026-09-06T12:13:27.520-05:00
d7bc2c37928b,campaign-sf1,mado,tpch,Q12,Medium,commercial_a,non-indexed,1,2,3,2,sqlalchemy,orm,q12s1,0,3.674904,2,ok,,client-side:2700,0.94,202503,124901485985136,2026-09-06T12:13:31.195-05:00
d7bc2c37928b,campaign-sf1,mado,tpch,Q12,Medium,commercial_a,non-indexed,1,2,3,3,django,orm,q12s1,0,3.559195,2,ok,,client-side:2700,0.95,202503,124901485985136,2026-09-06T12:13:34.754-05:00
d7bc2c37928b,campaign-sf1,mado,tpch,Q12,Medium,commercial_a,non-indexed,1,3,2,-1,django,sql,q12s2,2,3.612336,,ok,,client-side:2700,0.95,202503,124901485985136,2026-09-06T12:13:38.370-05:00
d7bc2c37928b,campaign-sf1,mado,tpch,Q12,Medium,commercial_a,non-indexed,1,3,2,-1,django,orm,q12s2,2,3.822231,,ok,,client-side:2700,0.95,202503,124901485985136,2026-09-06T12:13:42.192-05:00
d7bc2c37928b,campaign-sf1,mado,tpch,Q12,Medium,commercial_a,non-indexed,1,3,2,-1,sqlalchemy,sql,q12s2,2,3.429865,,ok,,client-side:2700,0.96,202503,124901485985136,2026-09-06T12:13:45.622-05:00
d7bc2c37928b,campaign-sf1,mado,tpch,Q12,Medium,commercial_a,non-indexed,1,3,2,-1,sqlalchemy,orm,q12s2,2,3.630905,,ok,,client-side:2700,0.96,202503,124901485985136,2026-09-06T12:13:49.253-05:00
d7bc2c37928b,campaign-sf1,mado,tpch,Q12,Medium,commercial_a,non-indexed,1,3,2,0,sqlalchemy,orm,q12s2,0,3.803167,2,ok,,client-side:2700,0.96,202503,124901485985136,2026-09-06T12:13:53.056-05:00
d7bc2c37928b,campaign-sf1,mado,tpch,Q12,Medium,commercial_a,non-indexed,1,3,2,1,sqlalchemy,sql,q12s2,0,3.867586,2,ok,,client-side:2700,0.96,202503,124901485985136,2026-09-06T12:13:56.924-05:00
d7bc2c37928b,campaign-sf1,mado,tpch,Q12,Medium,commercial_a,non-indexed,1,3,2,2,django,orm,q12s2,0,3.64977,2,ok,,client-side:2700,0.89,202503,124901485985136,2026-09-06T12:14:00.574-05:00
d7bc2c37928b,campaign-sf1,mado,tpch,Q12,Medium,commercial_a,non-indexed,1,3,2,3,django,sql,q12s2,0,3.632233,2,ok,,client-side:2700,0.89,202503,124901485985136,2026-09-06T12:14:04.206-05:00
d7bc2c37928b,campaign-sf1,mado,tpch,Q12,Medium,commercial_a,non-indexed,1,4,1,-1,django,sql,q12s3,2,4.678928,,ok,,client-side:2700,0.82,202503,124901485985136,2026-09-06T12:14:08.888-05:00
d7bc2c37928b,campaign-sf1,mado,tpch,Q12,Medium,commercial_a,non-indexed,1,4,1,-1,django,orm,q12s3,2,5.266852,,ok,,client-side:2700,0.84,202503,124901485985136,2026-09-06T12:14:14.155-05:00
d7bc2c37928b,campaign-sf1,mado,tpch,Q12,Medium,commercial_a,non-indexed,1,4,1,-1,sqlalchemy,sql,q12s3,2,3.514194,,ok,,client-side:2700,0.84,202503,124901485985136,2026-09-06T12:14:17.670-05:00
d7bc2c37928b,campaign-sf1,mado,tpch,Q12,Medium,commercial_a,non-indexed,1,4,1,-1,sqlalchemy,orm,q12s3,2,3.800273,,ok,,client-side:2700,0.85,202503,124901485985136,2026-09-06T12:14:21.470-05:00
d7bc2c37928b,campaign-sf1,mado,tpch,Q12,Medium,commercial_a,non-indexed,1,4,1,0,django,orm,q12s3,0,3.702053,2,ok,,client-side:2700,0.86,202503,124901485985136,2026-09-06T12:14:25.172-05:00
d7bc2c37928b,campaign-sf1,mado,tpch,Q12,Medium,commercial_a,non-indexed,1,4,1,1,sqlalchemy,orm,q12s3,0,3.788064,2,ok,,client-side:2700,0.79,202503,124901485985136,2026-09-06T12:14:28.960-05:00
d7bc2c37928b,campaign-sf1,mado,tpch,Q12,Medium,commercial_a,non-indexed,1,4,1,2,django,sql,q12s3,0,3.593862,2,ok,,client-side:2700,0.79,202503,124901485985136,2026-09-06T12:14:32.554-05:00
d7bc2c37928b,campaign-sf1,mado,tpch,Q12,Medium,commercial_a,non-indexed,1,4,1,3,sqlalchemy,sql,q12s3,0,3.526614,2,ok,,client-side:2700,0.81,202503,124901485985136,2026-09-06T12:14:36.081-05:00
d7bc2c37928b,campaign-sf1,mado,tpch,Q12,Medium,commercial_a,non-indexed,1,5,0,-1,django,sql,q12s4,2,3.850345,,ok,,client-side:2700,0.75,202503,124901485985136,2026-09-06T12:14:39.935-05:00
d7bc2c37928b,campaign-sf1,mado,tpch,Q12,Medium,commercial_a,non-indexed,1,5,0,-1,django,orm,q12s4,2,3.614963,,ok,,client-side:2700,0.75,202503,124901485985136,2026-09-06T12:14:43.550-05:00
d7bc2c37928b,campaign-sf1,mado,tpch,Q12,Medium,commercial_a,non-indexed,1,5,0,-1,sqlalchemy,sql,q12s4,2,3.447155,,ok,,client-side:2700,0.77,202503,124901485985136,2026-09-06T12:14:46.997-05:00
d7bc2c37928b,campaign-sf1,mado,tpch,Q12,Medium,commercial_a,non-indexed,1,5,0,-1,sqlalchemy,orm,q12s4,2,3.807771,,ok,,client-side:2700,0.78,202503,124901485985136,2026-09-06T12:14:50.805-05:00
d7bc2c37928b,campaign-sf1,mado,tpch,Q12,Medium,commercial_a,non-indexed,1,5,0,0,django,sql,q12s4,0,3.606466,2,ok,,client-side:2700,0.8,202503,124901485985136,2026-09-06T12:14:54.412-05:00
d7bc2c37928b,campaign-sf1,mado,tpch,Q12,Medium,commercial_a,non-indexed,1,5,0,1,django,orm,q12s4,0,3.61937,2,ok,,client-side:2700,0.8,202503,124901485985136,2026-09-06T12:14:58.031-05:00
d7bc2c37928b,campaign-sf1,mado,tpch,Q12,Medium,commercial_a,non-indexed,1,5,0,2,sqlalchemy,sql,q12s4,0,3.562958,2,ok,,client-side:2700,0.74,202503,124901485985136,2026-09-06T12:15:01.594-05:00
d7bc2c37928b,campaign-sf1,mado,tpch,Q12,Medium,commercial_a,non-indexed,1,5,0,3,sqlalchemy,orm,q12s4,0,3.865057,2,ok,,client-side:2700,0.76,202503,124901485985136,2026-09-06T12:15:05.459-05:00
d7bc2c37928b,campaign-sf1,mado,tpch,Q12,Medium,commercial_a,non-indexed,1,6,1,-1,django,sql,q12s5,2,3.602245,,ok,,client-side:2700,0.78,202503,124901485985136,2026-09-06T12:15:09.065-05:00
d7bc2c37928b,campaign-sf1,mado,tpch,Q12,Medium,commercial_a,non-indexed,1,6,1,-1,django,orm,q12s5,2,3.521381,,ok,,client-side:2700,0.78,202503,124901485985136,2026-09-06T12:15:12.586-05:00
d7bc2c37928b,campaign-sf1,mado,tpch,Q12,Medium,commercial_a,non-indexed,1,6,1,-1,sqlalchemy,sql,q12s5,2,3.461251,,ok,,client-side:2700,0.8,202503,124901485985136,2026-09-06T12:15:16.048-05:00
d7bc2c37928b,campaign-sf1,mado,tpch,Q12,Medium,commercial_a,non-indexed,1,6,1,-1,sqlalchemy,orm,q12s5,2,3.668958,,ok,,client-side:2700,0.81,202503,124901485985136,2026-09-06T12:15:19.717-05:00
d7bc2c37928b,campaign-sf1,mado,tpch,Q12,Medium,commercial_a,non-indexed,1,6,1,0,django,orm,q12s5,0,3.540869,2,ok,,client-side:2700,0.81,202503,124901485985136,2026-09-06T12:15:23.258-05:00
d7bc2c37928b,campaign-sf1,mado,tpch,Q12,Medium,commercial_a,non-indexed,1,6,1,1,sqlalchemy,orm,q12s5,0,3.719982,2,ok,,client-side:2700,0.83,202503,124901485985136,2026-09-06T12:15:26.978-05:00
d7bc2c37928b,campaign-sf1,mado,tpch,Q12,Medium,commercial_a,non-indexed,1,6,1,2,django,sql,q12s5,0,3.431078,2,ok,,client-side:2700,0.84,202503,124901485985136,2026-09-06T12:15:30.409-05:00
d7bc2c37928b,campaign-sf1,mado,tpch,Q12,Medium,commercial_a,non-indexed,1,6,1,3,sqlalchemy,sql,q12s5,0,3.877247,2,ok,,client-side:2700,0.86,202503,124901485985136,2026-09-06T12:15:34.286-05:00
d7bc2c37928b,campaign-sf1,mado,tpch,Q12,Medium,commercial_a,non-indexed,1,7,2,-1,django,sql,q12s6,2,3.616367,,ok,,client-side:2700,0.86,202503,124901485985136,2026-09-06T12:15:37.906-05:00
d7bc2c37928b,campaign-sf1,mado,tpch,Q12,Medium,commercial_a,non-indexed,1,7,2,-1,django,orm,q12s6,2,3.422438,,ok,,client-side:2700,0.87,202503,124901485985136,2026-09-06T12:15:41.328-05:00
d7bc2c37928b,campaign-sf1,mado,tpch,Q12,Medium,commercial_a,non-indexed,1,7,2,-1,sqlalchemy,sql,q12s6,2,3.688161,,ok,,client-side:2700,0.8,202503,124901485985136,2026-09-06T12:15:45.017-05:00
d7bc2c37928b,campaign-sf1,mado,tpch,Q12,Medium,commercial_a,non-indexed,1,7,2,-1,sqlalchemy,orm,q12s6,2,3.519044,,ok,,client-side:2700,0.8,202503,124901485985136,2026-09-06T12:15:48.536-05:00
d7bc2c37928b,campaign-sf1,mado,tpch,Q12,Medium,commercial_a,non-indexed,1,7,2,0,sqlalchemy,orm,q12s6,0,3.578625,2,ok,,client-side:2700,0.73,202503,124901485985136,2026-09-06T12:15:52.114-05:00
d7bc2c37928b,campaign-sf1,mado,tpch,Q12,Medium,commercial_a,non-indexed,1,7,2,1,sqlalchemy,sql,q12s6,0,3.586739,2,ok,,client-side:2700,0.75,202503,124901485985136,2026-09-06T12:15:55.701-05:00
d7bc2c37928b,campaign-sf1,mado,tpch,Q12,Medium,commercial_a,non-indexed,1,7,2,2,django,orm,q12s6,0,3.712567,2,ok,,client-side:2700,0.69,202503,124901485985136,2026-09-06T12:15:59.414-05:00
d7bc2c37928b,campaign-sf1,mado,tpch,Q12,Medium,commercial_a,non-indexed,1,7,2,3,django,sql,q12s6,0,3.56283,2,ok,,client-side:2700,0.69,202503,124901485985136,2026-09-06T12:16:02.977-05:00
d7bc2c37928b,campaign-sf1,mado,tpch,Q12,Medium,commercial_a,non-indexed,1,8,3,-1,django,sql,q12s7,2,3.366426,,ok,,client-side:2700,0.72,202503,124901485985136,2026-09-06T12:16:06.347-05:00
d7bc2c37928b,campaign-sf1,mado,tpch,Q12,Medium,commercial_a,non-indexed,1,8,3,-1,django,orm,q12s7,2,3.490157,,ok,,client-side:2700,0.74,202503,124901485985136,2026-09-06T12:16:09.837-05:00
d7bc2c37928b,campaign-sf1,mado,tpch,Q12,Medium,commercial_a,non-indexed,1,8,3,-1,sqlalchemy,sql,q12s7,2,5.227263,,ok,,client-side:2700,0.76,202503,124901485985136,2026-09-06T12:16:15.064-05:00
d7bc2c37928b,campaign-sf1,mado,tpch,Q12,Medium,commercial_a,non-indexed,1,8,3,-1,sqlalchemy,orm,q12s7,2,5.438267,,ok,,client-side:2700,0.7,202503,124901485985136,2026-09-06T12:16:20.503-05:00
d7bc2c37928b,campaign-sf1,mado,tpch,Q12,Medium,commercial_a,non-indexed,1,8,3,0,sqlalchemy,sql,q12s7,0,3.497685,2,ok,,client-side:2700,0.65,202503,124901485985136,2026-09-06T12:16:24.000-05:00
d7bc2c37928b,campaign-sf1,mado,tpch,Q12,Medium,commercial_a,non-indexed,1,8,3,1,django,sql,q12s7,0,3.544052,2,ok,,client-side:2700,0.65,202503,124901485985136,2026-09-06T12:16:27.545-05:00
d7bc2c37928b,campaign-sf1,mado,tpch,Q12,Medium,commercial_a,non-indexed,1,8,3,2,sqlalchemy,orm,q12s7,0,3.879318,2,ok,,client-side:2700,0.67,202503,124901485985136,2026-09-06T12:16:31.424-05:00
d7bc2c37928b,campaign-sf1,mado,tpch,Q12,Medium,commercial_a,non-indexed,1,8,3,3,django,orm,q12s7,0,3.517498,2,ok,,client-side:2700,0.7,202503,124901485985136,2026-09-06T12:16:34.942-05:00
0e558280c876,campaign-sf1,mado,tpch,Q13,Complex,commercial_a,non-indexed,1,0,0,0,django,sql,q13warm,1,0.908279,42,ok,,client-side:2700,0.7,202510,125725547248000,2026-09-06T12:16:37.280-05:00
0e558280c876,campaign-sf1,mado,tpch,Q13,Complex,commercial_a,non-indexed,1,0,0,1,django,orm,q13warm,1,2.1e-05,,not_expressible,"Q13NotExpressible: Django ORM cannot express Q13 on Commercial System A: no derived-table construct, and Commercial System A forbids GROUP BY on a subquery. See django_app/queries/q13_sql",client-side:2700,0.7,202510,125725547248000,2026-09-06T12:16:37.280-05:00
0e558280c876,campaign-sf1,mado,tpch,Q13,Complex,commercial_a,non-indexed,1,0,0,2,sqlalchemy,sql,q13warm,1,0.891516,42,ok,,client-side:2700,0.7,202510,125725547248000,2026-09-06T12:16:38.172-05:00
0e558280c876,campaign-sf1,mado,tpch,Q13,Complex,commercial_a,non-indexed,1,0,0,3,sqlalchemy,orm,q13warm,1,2.038196,42,ok,,client-side:2700,0.72,202510,125725547248000,2026-09-06T12:16:40.210-05:00
0e558280c876,campaign-sf1,mado,tpch,Q13,Complex,commercial_a,non-indexed,1,1,3,-1,django,sql,q13s0,2,0.895889,,ok,,client-side:2700,0.72,202510,125725547248000,2026-09-06T12:16:41.111-05:00
0e558280c876,campaign-sf1,mado,tpch,Q13,Complex,commercial_a,non-indexed,1,1,3,-1,sqlalchemy,sql,q13s0,2,0.894233,,ok,,client-side:2700,0.72,202510,125725547248000,2026-09-06T12:16:42.005-05:00
0e558280c876,campaign-sf1,mado,tpch,Q13,Complex,commercial_a,non-indexed,1,1,3,-1,sqlalchemy,orm,q13s0,2,2.067416,,ok,,client-side:2700,0.83,202510,125725547248000,2026-09-06T12:16:44.072-05:00
0e558280c876,campaign-sf1,mado,tpch,Q13,Complex,commercial_a,non-indexed,1,1,3,0,sqlalchemy,sql,q13s0,0,0.865558,42,ok,,client-side:2700,0.83,202510,125725547248000,2026-09-06T12:16:44.938-05:00
0e558280c876,campaign-sf1,mado,tpch,Q13,Complex,commercial_a,non-indexed,1,1,3,1,django,sql,q13s0,0,0.866845,42,ok,,client-side:2700,0.83,202510,125725547248000,2026-09-06T12:16:45.805-05:00
0e558280c876,campaign-sf1,mado,tpch,Q13,Complex,commercial_a,non-indexed,1,1,3,2,sqlalchemy,orm,q13s0,0,2.062964,42,ok,,client-side:2700,0.83,202510,125725547248000,2026-09-06T12:16:47.868-05:00
0e558280c876,campaign-sf1,mado,tpch,Q13,Complex,commercial_a,non-indexed,1,2,1,-1,django,sql,q13s1,2,0.851449,,ok,,client-side:2700,0.84,202510,125725547248000,2026-09-06T12:16:48.724-05:00
0e558280c876,campaign-sf1,mado,tpch,Q13,Complex,commercial_a,non-indexed,1,2,1,-1,sqlalchemy,sql,q13s1,2,0.848412,,ok,,client-side:2700,0.84,202510,125725547248000,2026-09-06T12:16:49.573-05:00
0e558280c876,campaign-sf1,mado,tpch,Q13,Complex,commercial_a,non-indexed,1,2,1,-1,sqlalchemy,orm,q13s1,2,1.884031,,ok,,client-side:2700,0.84,202510,125725547248000,2026-09-06T12:16:51.457-05:00
0e558280c876,campaign-sf1,mado,tpch,Q13,Complex,commercial_a,non-indexed,1,2,1,1,sqlalchemy,orm,q13s1,0,1.877212,41,ok,,client-side:2700,0.84,202510,125725547248000,2026-09-06T12:16:53.334-05:00
0e558280c876,campaign-sf1,mado,tpch,Q13,Complex,commercial_a,non-indexed,1,2,1,2,django,sql,q13s1,0,0.831513,41,ok,,client-side:2700,0.85,202510,125725547248000,2026-09-06T12:16:54.166-05:00
0e558280c876,campaign-sf1,mado,tpch,Q13,Complex,commercial_a,non-indexed,1,2,1,3,sqlalchemy,sql,q13s1,0,0.819498,41,ok,,client-side:2700,0.85,202510,125725547248000,2026-09-06T12:16:54.985-05:00
0e558280c876,campaign-sf1,mado,tpch,Q13,Complex,commercial_a,non-indexed,1,3,0,-1,django,sql,q13s2,2,0.888853,,ok,,client-side:2700,0.85,202510,125725547248000,2026-09-06T12:16:55.879-05:00
0e558280c876,campaign-sf1,mado,tpch,Q13,Complex,commercial_a,non-indexed,1,3,0,-1,sqlalchemy,sql,q13s2,2,0.888853,,ok,,client-side:2700,0.85,202510,125725547248000,2026-09-06T12:16:56.768-05:00
0e558280c876,campaign-sf1,mado,tpch,Q13,Complex,commercial_a,non-indexed,1,3,0,-1,sqlalchemy,orm,q13s2,2,1.959885,,ok,,client-side:2700,0.87,202510,125725547248000,2026-09-06T12:16:58.728-05:00
0e558280c876,campaign-sf1,mado,tpch,Q13,Complex,commercial_a,non-indexed,1,3,0,0,django,sql,q13s2,0,0.87873,42,ok,,client-side:2700,0.87,202510,125725547248000,2026-09-06T12:16:59.606-05:00
0e558280c876,campaign-sf1,mado,tpch,Q13,Complex,commercial_a,non-indexed,1,3,0,2,sqlalchemy,sql,q13s2,0,0.86083,42,ok,,client-side:2700,0.87,202510,125725547248000,2026-09-06T12:17:00.467-05:00
0e558280c876,campaign-sf1,mado,tpch,Q13,Complex,commercial_a,non-indexed,1,3,0,3,sqlalchemy,orm,q13s2,0,1.959069,42,ok,,client-side:2700,0.87,202510,125725547248000,2026-09-06T12:17:02.427-05:00
0e558280c876,campaign-sf1,mado,tpch,Q13,Complex,commercial_a,non-indexed,1,4,2,-1,django,sql,q13s3,2,0.866315,,ok,,client-side:2700,0.87,202510,125725547248000,2026-09-06T12:17:03.298-05:00
0e558280c876,campaign-sf1,mado,tpch,Q13,Complex,commercial_a,non-indexed,1,4,2,-1,sqlalchemy,sql,q13s3,2,0.865642,,ok,,client-side:2700,0.88,202510,125725547248000,2026-09-06T12:17:04.164-05:00
0e558280c876,campaign-sf1,mado,tpch,Q13,Complex,commercial_a,non-indexed,1,4,2,-1,sqlalchemy,orm,q13s3,2,2.150346,,ok,,client-side:2700,0.88,202510,125725547248000,2026-09-06T12:17:06.314-05:00
0e558280c876,campaign-sf1,mado,tpch,Q13,Complex,commercial_a,non-indexed,1,4,2,0,sqlalchemy,orm,q13s3,0,2.148926,41,ok,,client-side:2700,0.88,202510,125725547248000,2026-09-06T12:17:08.463-05:00
0e558280c876,campaign-sf1,mado,tpch,Q13,Complex,commercial_a,non-indexed,1,4,2,1,sqlalchemy,sql,q13s3,0,0.836227,41,ok,,client-side:2700,0.89,202510,125725547248000,2026-09-06T12:17:09.299-05:00
0e558280c876,campaign-sf1,mado,tpch,Q13,Complex,commercial_a,non-indexed,1,4,2,3,django,sql,q13s3,0,0.837253,41,ok,,client-side:2700,0.89,202510,125725547248000,2026-09-06T12:17:10.137-05:00
0e558280c876,campaign-sf1,mado,tpch,Q13,Complex,commercial_a,non-indexed,1,5,3,-1,django,sql,q13s4,2,0.895499,,ok,,client-side:2700,0.89,202510,125725547248000,2026-09-06T12:17:11.037-05:00
0e558280c876,campaign-sf1,mado,tpch,Q13,Complex,commercial_a,non-indexed,1,5,3,-1,sqlalchemy,sql,q13s4,2,0.895832,,ok,,client-side:2700,0.89,202510,125725547248000,2026-09-06T12:17:11.933-05:00
0e558280c876,campaign-sf1,mado,tpch,Q13,Complex,commercial_a,non-indexed,1,5,3,-1,sqlalchemy,orm,q13s4,2,2.064001,,ok,,client-side:2700,0.9,202510,125725547248000,2026-09-06T12:17:13.997-05:00
0e558280c876,campaign-sf1,mado,tpch,Q13,Complex,commercial_a,non-indexed,1,5,3,0,sqlalchemy,sql,q13s4,0,0.865861,42,ok,,client-side:2700,0.9,202510,125725547248000,2026-09-06T12:17:14.863-05:00
0e558280c876,campaign-sf1,mado,tpch,Q13,Complex,commercial_a,non-indexed,1,5,3,1,django,sql,q13s4,0,0.868564,42,ok,,client-side:2700,0.9,202510,125725547248000,2026-09-06T12:17:15.732-05:00
0e558280c876,campaign-sf1,mado,tpch,Q13,Complex,commercial_a,non-indexed,1,5,3,2,sqlalchemy,orm,q13s4,0,2.056598,42,ok,,client-side:2700,0.9,202510,125725547248000,2026-09-06T12:17:17.788-05:00
0e558280c876,campaign-sf1,mado,tpch,Q13,Complex,commercial_a,non-indexed,1,6,0,-1,django,sql,q13s5,2,0.867577,,ok,,client-side:2700,0.9,202510,125725547248000,2026-09-06T12:17:18.660-05:00
0e558280c876,campaign-sf1,mado,tpch,Q13,Complex,commercial_a,non-indexed,1,6,0,-1,sqlalchemy,sql,q13s5,2,0.867189,,ok,,client-side:2700,0.9,202510,125725547248000,2026-09-06T12:17:19.528-05:00
0e558280c876,campaign-sf1,mado,tpch,Q13,Complex,commercial_a,non-indexed,1,6,0,-1,sqlalchemy,orm,q13s5,2,2.146527,,ok,,client-side:2700,0.9,202510,125725547248000,2026-09-06T12:17:21.674-05:00
0e558280c876,campaign-sf1,mado,tpch,Q13,Complex,commercial_a,non-indexed,1,6,0,0,django,sql,q13s5,0,0.8409,42,ok,,client-side:2700,0.9,202510,125725547248000,2026-09-06T12:17:22.515-05:00
0e558280c876,campaign-sf1,mado,tpch,Q13,Complex,commercial_a,non-indexed,1,6,0,2,sqlalchemy,sql,q13s5,0,0.836689,42,ok,,client-side:2700,0.9,202510,125725547248000,2026-09-06T12:17:23.352-05:00
0e558280c876,campaign-sf1,mado,tpch,Q13,Complex,commercial_a,non-indexed,1,6,0,3,sqlalchemy,orm,q13s5,0,2.146061,42,ok,,client-side:2700,0.91,202510,125725547248000,2026-09-06T12:17:25.498-05:00
0e558280c876,campaign-sf1,mado,tpch,Q13,Complex,commercial_a,non-indexed,1,7,1,-1,django,sql,q13s6,2,0.847771,,ok,,client-side:2700,0.91,202510,125725547248000,2026-09-06T12:17:26.351-05:00
0e558280c876,campaign-sf1,mado,tpch,Q13,Complex,commercial_a,non-indexed,1,7,1,-1,sqlalchemy,sql,q13s6,2,0.847725,,ok,,client-side:2700,0.91,202510,125725547248000,2026-09-06T12:17:27.198-05:00
0e558280c876,campaign-sf1,mado,tpch,Q13,Complex,commercial_a,non-indexed,1,7,1,-1,sqlalchemy,orm,q13s6,2,1.877127,,ok,,client-side:2700,0.92,202510,125725547248000,2026-09-06T12:17:29.076-05:00
0e558280c876,campaign-sf1,mado,tpch,Q13,Complex,commercial_a,non-indexed,1,7,1,1,sqlalchemy,orm,q13s6,0,1.871156,42,ok,,client-side:2700,0.92,202510,125725547248000,2026-09-06T12:17:30.947-05:00
0e558280c876,campaign-sf1,mado,tpch,Q13,Complex,commercial_a,non-indexed,1,7,1,2,django,sql,q13s6,0,0.837092,42,ok,,client-side:2700,0.92,202510,125725547248000,2026-09-06T12:17:31.784-05:00
0e558280c876,campaign-sf1,mado,tpch,Q13,Complex,commercial_a,non-indexed,1,7,1,3,sqlalchemy,sql,q13s6,0,0.818195,42,ok,,client-side:2700,0.92,202510,125725547248000,2026-09-06T12:17:32.602-05:00
0e558280c876,campaign-sf1,mado,tpch,Q13,Complex,commercial_a,non-indexed,1,8,2,-1,django,sql,q13s7,2,0.866835,,ok,,client-side:2700,0.92,202510,125725547248000,2026-09-06T12:17:33.474-05:00
0e558280c876,campaign-sf1,mado,tpch,Q13,Complex,commercial_a,non-indexed,1,8,2,-1,sqlalchemy,sql,q13s7,2,0.866128,,ok,,client-side:2700,0.93,202510,125725547248000,2026-09-06T12:17:34.340-05:00
0e558280c876,campaign-sf1,mado,tpch,Q13,Complex,commercial_a,non-indexed,1,8,2,-1,sqlalchemy,orm,q13s7,2,2.152998,,ok,,client-side:2700,0.93,202510,125725547248000,2026-09-06T12:17:36.493-05:00
0e558280c876,campaign-sf1,mado,tpch,Q13,Complex,commercial_a,non-indexed,1,8,2,0,sqlalchemy,orm,q13s7,0,2.155476,42,ok,,client-side:2700,0.93,202510,125725547248000,2026-09-06T12:17:38.649-05:00
0e558280c876,campaign-sf1,mado,tpch,Q13,Complex,commercial_a,non-indexed,1,8,2,1,sqlalchemy,sql,q13s7,0,0.837492,42,ok,,client-side:2700,0.93,202510,125725547248000,2026-09-06T12:17:39.486-05:00
0e558280c876,campaign-sf1,mado,tpch,Q13,Complex,commercial_a,non-indexed,1,8,2,3,django,sql,q13s7,0,0.837565,42,ok,,client-side:2700,0.93,202510,125725547248000,2026-09-06T12:17:40.324-05:00
03c186f81202,campaign-sf1,mado,tpch,Q14,Simple,commercial_a,non-indexed,1,0,3,0,sqlalchemy,sql,q14warm,1,3.300068,1,ok,,client-side:2700,0.94,202517,133588331537488,2026-09-06T12:17:45.038-05:00
03c186f81202,campaign-sf1,mado,tpch,Q14,Simple,commercial_a,non-indexed,1,0,3,1,django,sql,q14warm,1,3.282268,1,ok,,client-side:2700,0.94,202517,133588331537488,2026-09-06T12:17:48.320-05:00
03c186f81202,campaign-sf1,mado,tpch,Q14,Simple,commercial_a,non-indexed,1,0,3,2,sqlalchemy,orm,q14warm,1,3.39138,1,ok,,client-side:2700,0.94,202517,133588331537488,2026-09-06T12:17:51.712-05:00
03c186f81202,campaign-sf1,mado,tpch,Q14,Simple,commercial_a,non-indexed,1,0,3,3,django,orm,q14warm,1,3.174793,1,ok,,client-side:2700,0.87,202517,133588331537488,2026-09-06T12:17:54.887-05:00
03c186f81202,campaign-sf1,mado,tpch,Q14,Simple,commercial_a,non-indexed,1,1,1,-1,django,sql,q14s0,2,3.300618,,ok,,client-side:2700,0.87,202517,133588331537488,2026-09-06T12:17:58.192-05:00
03c186f81202,campaign-sf1,mado,tpch,Q14,Simple,commercial_a,non-indexed,1,1,1,-1,django,orm,q14s0,2,3.155379,,ok,,client-side:2700,0.88,202517,133588331537488,2026-09-06T12:18:01.347-05:00
03c186f81202,campaign-sf1,mado,tpch,Q14,Simple,commercial_a,non-indexed,1,1,1,-1,sqlalchemy,sql,q14s0,2,3.298494,,ok,,client-side:2700,0.89,202517,133588331537488,2026-09-06T12:18:04.646-05:00
03c186f81202,campaign-sf1,mado,tpch,Q14,Simple,commercial_a,non-indexed,1,1,1,-1,sqlalchemy,orm,q14s0,2,3.593815,,ok,,client-side:2700,0.89,202517,133588331537488,2026-09-06T12:18:08.240-05:00
03c186f81202,campaign-sf1,mado,tpch,Q14,Simple,commercial_a,non-indexed,1,1,1,0,django,orm,q14s0,0,3.050947,1,ok,,client-side:2700,0.82,202517,133588331537488,2026-09-06T12:18:11.291-05:00
03c186f81202,campaign-sf1,mado,tpch,Q14,Simple,commercial_a,non-indexed,1,1,1,1,sqlalchemy,orm,q14s0,0,3.40875,1,ok,,client-side:2700,0.75,202517,133588331537488,2026-09-06T12:18:14.700-05:00
03c186f81202,campaign-sf1,mado,tpch,Q14,Simple,commercial_a,non-indexed,1,1,1,2,django,sql,q14s0,0,3.303281,1,ok,,client-side:2700,0.75,202517,133588331537488,2026-09-06T12:18:18.003-05:00
03c186f81202,campaign-sf1,mado,tpch,Q14,Simple,commercial_a,non-indexed,1,1,1,3,sqlalchemy,sql,q14s0,0,3.095764,1,ok,,client-side:2700,0.77,202517,133588331537488,2026-09-06T12:18:21.099-05:00
03c186f81202,campaign-sf1,mado,tpch,Q14,Simple,commercial_a,non-indexed,1,2,3,-1,django,sql,q14s1,2,3.12384,,ok,,client-side:2700,0.71,202517,133588331537488,2026-09-06T12:18:24.228-05:00
03c186f81202,campaign-sf1,mado,tpch,Q14,Simple,commercial_a,non-indexed,1,2,3,-1,django,orm,q14s1,2,3.22011,,ok,,client-side:2700,0.71,202517,133588331537488,2026-09-06T12:18:27.448-05:00
03c186f81202,campaign-sf1,mado,tpch,Q14,Simple,commercial_a,non-indexed,1,2,3,-1,sqlalchemy,sql,q14s1,2,3.205947,,ok,,client-side:2700,0.65,202517,133588331537488,2026-09-06T12:18:30.654-05:00
03c186f81202,campaign-sf1,mado,tpch,Q14,Simple,commercial_a,non-indexed,1,2,3,-1,sqlalchemy,orm,q14s1,2,3.407237,,ok,,client-side:2700,0.68,202517,133588331537488,2026-09-06T12:18:34.062-05:00
03c186f81202,campaign-sf1,mado,tpch,Q14,Simple,commercial_a,non-indexed,1,2,3,0,sqlalchemy,sql,q14s1,0,3.10238,1,ok,,client-side:2700,0.68,202517,133588331537488,2026-09-06T12:18:37.164-05:00
03c186f81202,campaign-sf1,mado,tpch,Q14,Simple,commercial_a,non-indexed,1,2,3,1,django,sql,q14s1,0,4.789537,1,ok,,client-side:2700,0.63,202517,133588331537488,2026-09-06T12:18:41.954-05:00
03c186f81202,campaign-sf1,mado,tpch,Q14,Simple,commercial_a,non-indexed,1,2,3,2,sqlalchemy,orm,q14s1,0,3.268204,1,ok,,client-side:2700,0.66,202517,133588331537488,2026-09-06T12:18:45.222-05:00
03c186f81202,campaign-sf1,mado,tpch,Q14,Simple,commercial_a,non-indexed,1,2,3,3,django,orm,q14s1,0,3.136867,1,ok,,client-side:2700,0.66,202517,133588331537488,2026-09-06T12:18:48.359-05:00
03c186f81202,campaign-sf1,mado,tpch,Q14,Simple,commercial_a,non-indexed,1,3,2,-1,django,sql,q14s2,2,3.080832,,ok,,client-side:2700,0.68,202517,133588331537488,2026-09-06T12:18:51.444-05:00
03c186f81202,campaign-sf1,mado,tpch,Q14,Simple,commercial_a,non-indexed,1,3,2,-1,django,orm,q14s2,2,3.134801,,ok,,client-side:2700,0.63,202517,133588331537488,2026-09-06T12:18:54.579-05:00
03c186f81202,campaign-sf1,mado,tpch,Q14,Simple,commercial_a,non-indexed,1,3,2,-1,sqlalchemy,sql,q14s2,2,3.30927,,ok,,client-side:2700,0.63,202517,133588331537488,2026-09-06T12:18:57.889-05:00
03c186f81202,campaign-sf1,mado,tpch,Q14,Simple,commercial_a,non-indexed,1,3,2,-1,sqlalchemy,orm,q14s2,2,3.144291,,ok,,client-side:2700,0.66,202517,133588331537488,2026-09-06T12:19:01.033-05:00
03c186f81202,campaign-sf1,mado,tpch,Q14,Simple,commercial_a,non-indexed,1,3,2,0,sqlalchemy,orm,q14s2,0,3.151344,1,ok,,client-side:2700,0.69,202517,133588331537488,2026-09-06T12:19:04.185-05:00
03c186f81202,campaign-sf1,mado,tpch,Q14,Simple,commercial_a,non-indexed,1,3,2,1,sqlalchemy,sql,q14s2,0,3.271838,1,ok,,client-side:2700,0.69,202517,133588331537488,2026-09-06T12:19:07.456-05:00
03c186f81202,campaign-sf1,mado,tpch,Q14,Simple,commercial_a,non-indexed,1,3,2,2,django,orm,q14s2,0,3.220981,1,ok,,client-side:2700,0.71,202517,133588331537488,2026-09-06T12:19:10.678-05:00
03c186f81202,campaign-sf1,mado,tpch,Q14,Simple,commercial_a,non-indexed,1,3,2,3,django,sql,q14s2,0,3.169597,1,ok,,client-side:2700,0.73,202517,133588331537488,2026-09-06T12:19:13.847-05:00
03c186f81202,campaign-sf1,mado,tpch,Q14,Simple,commercial_a,non-indexed,1,4,0,-1,django,sql,q14s3,2,3.167815,,ok,,client-side:2700,0.73,202517,133588331537488,2026-09-06T12:19:17.020-05:00
03c186f81202,campaign-sf1,mado,tpch,Q14,Simple,commercial_a,non-indexed,1,4,0,-1,django,orm,q14s3,2,3.206913,,ok,,client-side:2700,0.68,202517,133588331537488,2026-09-06T12:19:20.227-05:00
03c186f81202,campaign-sf1,mado,tpch,Q14,Simple,commercial_a,non-indexed,1,4,0,-1,sqlalchemy,sql,q14s3,2,3.194659,,ok,,client-side:2700,0.68,202517,133588331537488,2026-09-06T12:19:23.422-05:00
03c186f81202,campaign-sf1,mado,tpch,Q14,Simple,commercial_a,non-indexed,1,4,0,-1,sqlalchemy,orm,q14s3,2,3.342124,,ok,,client-side:2700,0.7,202517,133588331537488,2026-09-06T12:19:26.764-05:00
03c186f81202,campaign-sf1,mado,tpch,Q14,Simple,commercial_a,non-indexed,1,4,0,0,django,sql,q14s3,0,4.902436,1,ok,,client-side:2700,0.65,202517,133588331537488,2026-09-06T12:19:31.666-05:00
03c186f81202,campaign-sf1,mado,tpch,Q14,Simple,commercial_a,non-indexed,1,4,0,1,django,orm,q14s3,0,3.199772,1,ok,,client-side:2700,0.67,202517,133588331537488,2026-09-06T12:19:34.866-05:00
03c186f81202,campaign-sf1,mado,tpch,Q14,Simple,commercial_a,non-indexed,1,4,0,2,sqlalchemy,sql,q14s3,0,3.18772,1,ok,,client-side:2700,0.67,202517,133588331537488,2026-09-06T12:19:38.054-05:00
03c186f81202,campaign-sf1,mado,tpch,Q14,Simple,commercial_a,non-indexed,1,4,0,3,sqlalchemy,orm,q14s3,0,3.260102,1,ok,,client-side:2700,0.7,202517,133588331537488,2026-09-06T12:19:41.314-05:00
03c186f81202,campaign-sf1,mado,tpch,Q14,Simple,commercial_a,non-indexed,1,5,2,-1,django,sql,q14s4,2,3.374977,,ok,,client-side:2700,0.73,202517,133588331537488,2026-09-06T12:19:44.694-05:00
03c186f81202,campaign-sf1,mado,tpch,Q14,Simple,commercial_a,non-indexed,1,5,2,-1,django,orm,q14s4,2,5.049023,,ok,,client-side:2700,0.75,202517,133588331537488,2026-09-06T12:19:49.743-05:00
03c186f81202,campaign-sf1,mado,tpch,Q14,Simple,commercial_a,non-indexed,1,5,2,-1,sqlalchemy,sql,q14s4,2,3.042325,,ok,,client-side:2700,0.75,202517,133588331537488,2026-09-06T12:19:52.786-05:00
03c186f81202,campaign-sf1,mado,tpch,Q14,Simple,commercial_a,non-indexed,1,5,2,-1,sqlalchemy,orm,q14s4,2,3.442142,,ok,,client-side:2700,0.77,202517,133588331537488,2026-09-06T12:19:56.228-05:00
03c186f81202,campaign-sf1,mado,tpch,Q14,Simple,commercial_a,non-indexed,1,5,2,0,sqlalchemy,orm,q14s4,0,3.28506,1,ok,,client-side:2700,0.79,202517,133588331537488,2026-09-06T12:19:59.513-05:00
03c186f81202,campaign-sf1,mado,tpch,Q14,Simple,commercial_a,non-indexed,1,5,2,1,sqlalchemy,sql,q14s4,0,3.213123,1,ok,,client-side:2700,0.79,202517,133588331537488,2026-09-06T12:20:02.726-05:00
03c186f81202,campaign-sf1,mado,tpch,Q14,Simple,commercial_a,non-indexed,1,5,2,2,django,orm,q14s4,0,3.294334,1,ok,,client-side:2700,0.72,202517,133588331537488,2026-09-06T12:20:06.021-05:00
03c186f81202,campaign-sf1,mado,tpch,Q14,Simple,commercial_a,non-indexed,1,5,2,3,django,sql,q14s4,0,3.205139,1,ok,,client-side:2700,0.75,202517,133588331537488,2026-09-06T12:20:09.226-05:00
03c186f81202,campaign-sf1,mado,tpch,Q14,Simple,commercial_a,non-indexed,1,6,3,-1,django,sql,q14s5,2,3.295998,,ok,,client-side:2700,0.75,202517,133588331537488,2026-09-06T12:20:12.526-05:00
03c186f81202,campaign-sf1,mado,tpch,Q14,Simple,commercial_a,non-indexed,1,6,3,-1,django,orm,q14s5,2,3.280604,,ok,,client-side:2700,0.69,202517,133588331537488,2026-09-06T12:20:15.807-05:00
03c186f81202,campaign-sf1,mado,tpch,Q14,Simple,commercial_a,non-indexed,1,6,3,-1,sqlalchemy,sql,q14s5,2,3.112561,,ok,,client-side:2700,0.71,202517,133588331537488,2026-09-06T12:20:18.920-05:00
03c186f81202,campaign-sf1,mado,tpch,Q14,Simple,commercial_a,non-indexed,1,6,3,-1,sqlalchemy,orm,q14s5,2,3.389677,,ok,,client-side:2700,0.71,202517,133588331537488,2026-09-06T12:20:22.310-05:00
03c186f81202,campaign-sf1,mado,tpch,Q14,Simple,commercial_a,non-indexed,1,6,3,0,sqlalchemy,sql,q14s5,0,3.239143,1,ok,,client-side:2700,0.73,202517,133588331537488,2026-09-06T12:20:25.549-05:00
03c186f81202,campaign-sf1,mado,tpch,Q14,Simple,commercial_a,non-indexed,1,6,3,1,django,sql,q14s5,0,2.892287,1,ok,,client-side:2700,0.73,202517,133588331537488,2026-09-06T12:20:28.441-05:00
03c186f81202,campaign-sf1,mado,tpch,Q14,Simple,commercial_a,non-indexed,1,6,3,2,sqlalchemy,orm,q14s5,0,3.508813,1,ok,,client-side:2700,0.76,202517,133588331537488,2026-09-06T12:20:31.950-05:00
03c186f81202,campaign-sf1,mado,tpch,Q14,Simple,commercial_a,non-indexed,1,6,3,3,django,orm,q14s5,0,3.333882,1,ok,,client-side:2700,0.7,202517,133588331537488,2026-09-06T12:20:35.284-05:00
03c186f81202,campaign-sf1,mado,tpch,Q14,Simple,commercial_a,non-indexed,1,7,0,-1,django,sql,q14s6,2,3.095174,,ok,,client-side:2700,0.7,202517,133588331537488,2026-09-06T12:20:38.384-05:00
03c186f81202,campaign-sf1,mado,tpch,Q14,Simple,commercial_a,non-indexed,1,7,0,-1,django,orm,q14s6,2,3.17167,,ok,,client-side:2700,0.72,202517,133588331537488,2026-09-06T12:20:41.556-05:00
03c186f81202,campaign-sf1,mado,tpch,Q14,Simple,commercial_a,non-indexed,1,7,0,-1,sqlalchemy,sql,q14s6,2,3.190835,,ok,,client-side:2700,0.66,202517,133588331537488,2026-09-06T12:20:44.747-05:00
03c186f81202,campaign-sf1,mado,tpch,Q14,Simple,commercial_a,non-indexed,1,7,0,-1,sqlalchemy,orm,q14s6,2,3.340011,,ok,,client-side:2700,0.66,202517,133588331537488,2026-09-06T12:20:48.087-05:00
03c186f81202,campaign-sf1,mado,tpch,Q14,Simple,commercial_a,non-indexed,1,7,0,0,django,sql,q14s6,0,3.128195,1,ok,,client-side:2700,0.61,202517,133588331537488,2026-09-06T12:20:51.215-05:00
03c186f81202,campaign-sf1,mado,tpch,Q14,Simple,commercial_a,non-indexed,1,7,0,1,django,orm,q14s6,0,3.337204,1,ok,,client-side:2700,0.64,202517,133588331537488,2026-09-06T12:20:54.552-05:00
03c186f81202,campaign-sf1,mado,tpch,Q14,Simple,commercial_a,non-indexed,1,7,0,2,sqlalchemy,sql,q14s6,0,3.260387,1,ok,,client-side:2700,0.64,202517,133588331537488,2026-09-06T12:20:57.813-05:00
03c186f81202,campaign-sf1,mado,tpch,Q14,Simple,commercial_a,non-indexed,1,7,0,3,sqlalchemy,orm,q14s6,0,3.525346,1,ok,,client-side:2700,0.67,202517,133588331537488,2026-09-06T12:21:01.338-05:00
03c186f81202,campaign-sf1,mado,tpch,Q14,Simple,commercial_a,non-indexed,1,8,1,-1,django,sql,q14s7,2,3.304206,,ok,,client-side:2700,0.7,202517,133588331537488,2026-09-06T12:21:04.647-05:00
03c186f81202,campaign-sf1,mado,tpch,Q14,Simple,commercial_a,non-indexed,1,8,1,-1,django,orm,q14s7,2,3.328691,,ok,,client-side:2700,0.7,202517,133588331537488,2026-09-06T12:21:07.976-05:00
03c186f81202,campaign-sf1,mado,tpch,Q14,Simple,commercial_a,non-indexed,1,8,1,-1,sqlalchemy,sql,q14s7,2,3.10628,,ok,,client-side:2700,0.72,202517,133588331537488,2026-09-06T12:21:11.082-05:00
03c186f81202,campaign-sf1,mado,tpch,Q14,Simple,commercial_a,non-indexed,1,8,1,-1,sqlalchemy,orm,q14s7,2,3.341433,,ok,,client-side:2700,0.74,202517,133588331537488,2026-09-06T12:21:14.424-05:00
03c186f81202,campaign-sf1,mado,tpch,Q14,Simple,commercial_a,non-indexed,1,8,1,0,django,orm,q14s7,0,3.110859,1,ok,,client-side:2700,0.74,202517,133588331537488,2026-09-06T12:21:17.535-05:00
03c186f81202,campaign-sf1,mado,tpch,Q14,Simple,commercial_a,non-indexed,1,8,1,1,sqlalchemy,orm,q14s7,0,3.354286,1,ok,,client-side:2700,0.76,202517,133588331537488,2026-09-06T12:21:20.889-05:00
03c186f81202,campaign-sf1,mado,tpch,Q14,Simple,commercial_a,non-indexed,1,8,1,2,django,sql,q14s7,0,4.929378,1,ok,,client-side:2700,0.78,202517,133588331537488,2026-09-06T12:21:25.818-05:00
03c186f81202,campaign-sf1,mado,tpch,Q14,Simple,commercial_a,non-indexed,1,8,1,3,sqlalchemy,sql,q14s7,0,3.033657,1,ok,,client-side:2700,0.8,202517,133588331537488,2026-09-06T12:21:28.852-05:00
d418e1b45471,campaign-sf1,mado,tpch,Q15,Complex,commercial_a,non-indexed,1,0,3,0,sqlalchemy,sql,q15warm,1,2.965444,1,ok,,client-side:2700,0.8,202520,128286735782384,2026-09-06T12:21:33.244-05:00
d418e1b45471,campaign-sf1,mado,tpch,Q15,Complex,commercial_a,non-indexed,1,0,3,1,django,sql,q15warm,1,3.12072,1,ok,,client-side:2700,0.82,202520,128286735782384,2026-09-06T12:21:36.365-05:00
d418e1b45471,campaign-sf1,mado,tpch,Q15,Complex,commercial_a,non-indexed,1,0,3,2,sqlalchemy,orm,q15warm,1,6.571017,1,ok,,client-side:2700,0.83,202520,128286735782384,2026-09-06T12:21:42.936-05:00
d418e1b45471,campaign-sf1,mado,tpch,Q15,Complex,commercial_a,non-indexed,1,0,3,3,django,orm,q15warm,1,5.634429,1,ok,,client-side:2700,0.93,202520,128286735782384,2026-09-06T12:21:48.571-05:00
d418e1b45471,campaign-sf1,mado,tpch,Q15,Complex,commercial_a,non-indexed,1,1,2,-1,django,sql,q15s0,2,3.11091,,ok,,client-side:2700,0.85,202520,128286735782384,2026-09-06T12:21:51.685-05:00
d418e1b45471,campaign-sf1,mado,tpch,Q15,Complex,commercial_a,non-indexed,1,1,2,-1,django,orm,q15s0,2,8.42471,,ok,,client-side:2700,0.72,202520,128286735782384,2026-09-06T12:22:00.110-05:00
d418e1b45471,campaign-sf1,mado,tpch,Q15,Complex,commercial_a,non-indexed,1,1,2,-1,sqlalchemy,sql,q15s0,2,4.522042,,ok,,client-side:2700,0.74,202520,128286735782384,2026-09-06T12:22:04.632-05:00
d418e1b45471,campaign-sf1,mado,tpch,Q15,Complex,commercial_a,non-indexed,1,1,2,-1,sqlalchemy,orm,q15s0,2,6.024692,,ok,,client-side:2700,0.68,202520,128286735782384,2026-09-06T12:22:10.657-05:00
d418e1b45471,campaign-sf1,mado,tpch,Q15,Complex,commercial_a,non-indexed,1,1,2,0,sqlalchemy,orm,q15s0,0,6.515604,1,ok,,client-side:2700,0.79,202520,128286735782384,2026-09-06T12:22:17.172-05:00
d418e1b45471,campaign-sf1,mado,tpch,Q15,Complex,commercial_a,non-indexed,1,1,2,1,sqlalchemy,sql,q15s0,0,3.000707,1,ok,,client-side:2700,0.73,202520,128286735782384,2026-09-06T12:22:20.173-05:00
d418e1b45471,campaign-sf1,mado,tpch,Q15,Complex,commercial_a,non-indexed,1,1,2,2,django,orm,q15s0,0,5.734628,1,ok,,client-side:2700,0.75,202520,128286735782384,2026-09-06T12:22:25.908-05:00
d418e1b45471,campaign-sf1,mado,tpch,Q15,Complex,commercial_a,non-indexed,1,1,2,3,django,sql,q15s0,0,2.332159,1,ok,,client-side:2700,0.75,202520,128286735782384,2026-09-06T12:22:28.240-05:00
d418e1b45471,campaign-sf1,mado,tpch,Q15,Complex,commercial_a,non-indexed,1,2,1,-1,django,sql,q15s1,2,2.743517,,ok,,client-side:2700,0.77,202520,128286735782384,2026-09-06T12:22:30.989-05:00
d418e1b45471,campaign-sf1,mado,tpch,Q15,Complex,commercial_a,non-indexed,1,2,1,-1,django,orm,q15s1,2,5.668991,,ok,,client-side:2700,0.87,202520,128286735782384,2026-09-06T12:22:36.658-05:00
d418e1b45471,campaign-sf1,mado,tpch,Q15,Complex,commercial_a,non-indexed,1,2,1,-1,sqlalchemy,sql,q15s1,2,3.339634,,ok,,client-side:2700,0.8,202520,128286735782384,2026-09-06T12:22:39.998-05:00
d418e1b45471,campaign-sf1,mado,tpch,Q15,Complex,commercial_a,non-indexed,1,2,1,-1,sqlalchemy,orm,q15s1,2,6.303432,,ok,,client-side:2700,0.81,202520,128286735782384,2026-09-06T12:22:46.301-05:00
d418e1b45471,campaign-sf1,mado,tpch,Q15,Complex,commercial_a,non-indexed,1,2,1,0,django,orm,q15s1,0,7.341692,1,ok,,client-side:2700,0.75,202520,128286735782384,2026-09-06T12:22:53.643-05:00
d418e1b45471,campaign-sf1,mado,tpch,Q15,Complex,commercial_a,non-indexed,1,2,1,1,sqlalchemy,orm,q15s1,0,5.655346,1,ok,,client-side:2700,0.86,202520,128286735782384,2026-09-06T12:22:59.299-05:00
d418e1b45471,campaign-sf1,mado,tpch,Q15,Complex,commercial_a,non-indexed,1,2,1,2,django,sql,q15s1,0,2.616454,1,ok,,client-side:2700,0.86,202520,128286735782384,2026-09-06T12:23:01.915-05:00
d418e1b45471,campaign-sf1,mado,tpch,Q15,Complex,commercial_a,non-indexed,1,2,1,3,sqlalchemy,sql,q15s1,0,2.42728,1,ok,,client-side:2700,0.79,202520,128286735782384,2026-09-06T12:23:04.342-05:00
d418e1b45471,campaign-sf1,mado,tpch,Q15,Complex,commercial_a,non-indexed,1,3,3,-1,django,sql,q15s2,2,4.751686,,ok,,client-side:2700,0.73,202520,128286735782384,2026-09-06T12:23:09.098-05:00
d418e1b45471,campaign-sf1,mado,tpch,Q15,Complex,commercial_a,non-indexed,1,3,3,-1,django,orm,q15s2,2,5.535391,,ok,,client-side:2700,0.67,202520,128286735782384,2026-09-06T12:23:14.633-05:00
d418e1b45471,campaign-sf1,mado,tpch,Q15,Complex,commercial_a,non-indexed,1,3,3,-1,sqlalchemy,sql,q15s2,2,3.180241,,ok,,client-side:2700,0.67,202520,128286735782384,2026-09-06T12:23:17.813-05:00
d418e1b45471,campaign-sf1,mado,tpch,Q15,Complex,commercial_a,non-indexed,1,3,3,-1,sqlalchemy,orm,q15s2,2,6.405147,,ok,,client-side:2700,0.8,202520,128286735782384,2026-09-06T12:23:24.219-05:00
d418e1b45471,campaign-sf1,mado,tpch,Q15,Complex,commercial_a,non-indexed,1,3,3,0,sqlalchemy,sql,q15s2,0,2.866275,1,ok,,client-side:2700,0.8,202520,128286735782384,2026-09-06T12:23:27.085-05:00
d418e1b45471,campaign-sf1,mado,tpch,Q15,Complex,commercial_a,non-indexed,1,3,3,1,django,sql,q15s2,0,2.74096,1,ok,,client-side:2700,0.82,202520,128286735782384,2026-09-06T12:23:29.826-05:00
d418e1b45471,campaign-sf1,mado,tpch,Q15,Complex,commercial_a,non-indexed,1,3,3,2,sqlalchemy,orm,q15s2,0,6.506598,1,ok,,client-side:2700,0.83,202520,128286735782384,2026-09-06T12:23:36.333-05:00
d418e1b45471,campaign-sf1,mado,tpch,Q15,Complex,commercial_a,non-indexed,1,3,3,3,django,orm,q15s2,0,7.533429,1,ok,,client-side:2700,0.86,202520,128286735782384,2026-09-06T12:23:43.866-05:00
d418e1b45471,campaign-sf1,mado,tpch,Q15,Complex,commercial_a,non-indexed,1,4,0,-1,django,sql,q15s3,2,2.798612,,ok,,client-side:2700,0.86,202520,128286735782384,2026-09-06T12:23:46.668-05:00
d418e1b45471,campaign-sf1,mado,tpch,Q15,Complex,commercial_a,non-indexed,1,4,0,-1,django,orm,q15s3,2,5.958107,,ok,,client-side:2700,0.79,202520,128286735782384,2026-09-06T12:23:52.626-05:00
d418e1b45471,campaign-sf1,mado,tpch,Q15,Complex,commercial_a,non-indexed,1,4,0,-1,sqlalchemy,sql,q15s3,2,2.970265,,ok,,client-side:2700,0.81,202520,128286735782384,2026-09-06T12:23:55.597-05:00
d418e1b45471,campaign-sf1,mado,tpch,Q15,Complex,commercial_a,non-indexed,1,4,0,-1,sqlalchemy,orm,q15s3,2,6.643244,,ok,,client-side:2700,0.82,202520,128286735782384,2026-09-06T12:24:02.240-05:00
d418e1b45471,campaign-sf1,mado,tpch,Q15,Complex,commercial_a,non-indexed,1,4,0,0,django,sql,q15s3,0,3.018504,1,ok,,client-side:2700,0.92,202520,128286735782384,2026-09-06T12:24:05.259-05:00
d418e1b45471,campaign-sf1,mado,tpch,Q15,Complex,commercial_a,non-indexed,1,4,0,1,django,orm,q15s3,0,5.937717,1,ok,,client-side:2700,0.84,202520,128286735782384,2026-09-06T12:24:11.196-05:00
d418e1b45471,campaign-sf1,mado,tpch,Q15,Complex,commercial_a,non-indexed,1,4,0,2,sqlalchemy,sql,q15s3,0,3.002146,1,ok,,client-side:2700,0.86,202520,128286735782384,2026-09-06T12:24:14.199-05:00
d418e1b45471,campaign-sf1,mado,tpch,Q15,Complex,commercial_a,non-indexed,1,4,0,3,sqlalchemy,orm,q15s3,0,6.812585,1,ok,,client-side:2700,0.87,202520,128286735782384,2026-09-06T12:24:21.011-05:00
d418e1b45471,campaign-sf1,mado,tpch,Q15,Complex,commercial_a,non-indexed,1,5,0,-1,django,sql,q15s4,2,2.792249,,ok,,client-side:2700,0.88,202520,128286735782384,2026-09-06T12:24:23.807-05:00
d418e1b45471,campaign-sf1,mado,tpch,Q15,Complex,commercial_a,non-indexed,1,5,0,-1,django,orm,q15s4,2,5.952963,,ok,,client-side:2700,0.89,202520,128286735782384,2026-09-06T12:24:29.760-05:00
d418e1b45471,campaign-sf1,mado,tpch,Q15,Complex,commercial_a,non-indexed,1,5,0,-1,sqlalchemy,sql,q15s4,2,3.06461,,ok,,client-side:2700,0.89,202520,128286735782384,2026-09-06T12:24:32.825-05:00
d418e1b45471,campaign-sf1,mado,tpch,Q15,Complex,commercial_a,non-indexed,1,5,0,-1,sqlalchemy,orm,q15s4,2,6.365295,,ok,,client-side:2700,0.91,202520,128286735782384,2026-09-06T12:24:39.190-05:00
d418e1b45471,campaign-sf1,mado,tpch,Q15,Complex,commercial_a,non-indexed,1,5,0,0,django,sql,q15s4,0,4.708981,1,ok,,client-side:2700,0.91,202520,128286735782384,2026-09-06T12:24:43.899-05:00
d418e1b45471,campaign-sf1,mado,tpch,Q15,Complex,commercial_a,non-indexed,1,5,0,1,django,orm,q15s4,0,5.60293,1,ok,,client-side:2700,0.92,202520,128286735782384,2026-09-06T12:24:49.502-05:00
d418e1b45471,campaign-sf1,mado,tpch,Q15,Complex,commercial_a,non-indexed,1,5,0,2,sqlalchemy,sql,q15s4,0,2.976146,1,ok,,client-side:2700,0.92,202520,128286735782384,2026-09-06T12:24:52.478-05:00
d418e1b45471,campaign-sf1,mado,tpch,Q15,Complex,commercial_a,non-indexed,1,5,0,3,sqlalchemy,orm,q15s4,0,6.523127,1,ok,,client-side:2700,0.85,202520,128286735782384,2026-09-06T12:24:59.002-05:00
d418e1b45471,campaign-sf1,mado,tpch,Q15,Complex,commercial_a,non-indexed,1,6,3,-1,django,sql,q15s5,2,2.899516,,ok,,client-side:2700,0.85,202520,128286735782384,2026-09-06T12:25:01.905-05:00
d418e1b45471,campaign-sf1,mado,tpch,Q15,Complex,commercial_a,non-indexed,1,6,3,-1,django,orm,q15s5,2,6.102324,,ok,,client-side:2700,0.86,202520,128286735782384,2026-09-06T12:25:08.007-05:00
d418e1b45471,campaign-sf1,mado,tpch,Q15,Complex,commercial_a,non-indexed,1,6,3,-1,sqlalchemy,sql,q15s5,2,3.128358,,ok,,client-side:2700,0.88,202520,128286735782384,2026-09-06T12:25:11.135-05:00
d418e1b45471,campaign-sf1,mado,tpch,Q15,Complex,commercial_a,non-indexed,1,6,3,-1,sqlalchemy,orm,q15s5,2,6.347502,,ok,,client-side:2700,0.89,202520,128286735782384,2026-09-06T12:25:17.483-05:00
d418e1b45471,campaign-sf1,mado,tpch,Q15,Complex,commercial_a,non-indexed,1,6,3,0,sqlalchemy,sql,q15s5,0,3.068749,1,ok,,client-side:2700,0.9,202520,128286735782384,2026-09-06T12:25:20.552-05:00
d418e1b45471,campaign-sf1,mado,tpch,Q15,Complex,commercial_a,non-indexed,1,6,3,1,django,sql,q15s5,0,2.726994,1,ok,,client-side:2700,0.9,202520,128286735782384,2026-09-06T12:25:23.279-05:00
d418e1b45471,campaign-sf1,mado,tpch,Q15,Complex,commercial_a,non-indexed,1,6,3,2,sqlalchemy,orm,q15s5,0,6.533947,1,ok,,client-side:2700,0.91,202520,128286735782384,2026-09-06T12:25:29.813-05:00
d418e1b45471,campaign-sf1,mado,tpch,Q15,Complex,commercial_a,non-indexed,1,6,3,3,django,orm,q15s5,0,6.029886,1,ok,,client-side:2700,0.84,202520,128286735782384,2026-09-06T12:25:35.843-05:00
d418e1b45471,campaign-sf1,mado,tpch,Q15,Complex,commercial_a,non-indexed,1,7,1,-1,django,sql,q15s6,2,3.088327,,ok,,client-side:2700,0.85,202520,128286735782384,2026-09-06T12:25:38.935-05:00
d418e1b45471,campaign-sf1,mado,tpch,Q15,Complex,commercial_a,non-indexed,1,7,1,-1,django,orm,q15s6,2,6.302327,,ok,,client-side:2700,0.86,202520,128286735782384,2026-09-06T12:25:45.237-05:00
d418e1b45471,campaign-sf1,mado,tpch,Q15,Complex,commercial_a,non-indexed,1,7,1,-1,sqlalchemy,sql,q15s6,2,3.00719,,ok,,client-side:2700,0.86,202520,128286735782384,2026-09-06T12:25:48.244-05:00
d418e1b45471,campaign-sf1,mado,tpch,Q15,Complex,commercial_a,non-indexed,1,7,1,-1,sqlalchemy,orm,q15s6,2,6.6058,,ok,,client-side:2700,0.89,202520,128286735782384,2026-09-06T12:25:54.850-05:00
d418e1b45471,campaign-sf1,mado,tpch,Q15,Complex,commercial_a,non-indexed,1,7,1,0,django,orm,q15s6,0,6.034979,1,ok,,client-side:2700,0.9,202520,128286735782384,2026-09-06T12:26:00.885-05:00
d418e1b45471,campaign-sf1,mado,tpch,Q15,Complex,commercial_a,non-indexed,1,7,1,1,sqlalchemy,orm,q15s6,0,6.384854,1,ok,,client-side:2700,0.82,202520,128286735782384,2026-09-06T12:26:07.270-05:00
d418e1b45471,campaign-sf1,mado,tpch,Q15,Complex,commercial_a,non-indexed,1,7,1,2,django,sql,q15s6,0,2.976388,1,ok,,client-side:2700,0.84,202520,128286735782384,2026-09-06T12:26:10.247-05:00
d418e1b45471,campaign-sf1,mado,tpch,Q15,Complex,commercial_a,non-indexed,1,7,1,3,sqlalchemy,sql,q15s6,0,3.018349,1,ok,,client-side:2700,0.84,202520,128286735782384,2026-09-06T12:26:13.265-05:00
d418e1b45471,campaign-sf1,mado,tpch,Q15,Complex,commercial_a,non-indexed,1,8,2,-1,django,sql,q15s7,2,3.09863,,ok,,client-side:2700,0.85,202520,128286735782384,2026-09-06T12:26:16.367-05:00
d418e1b45471,campaign-sf1,mado,tpch,Q15,Complex,commercial_a,non-indexed,1,8,2,-1,django,orm,q15s7,2,5.952965,,ok,,client-side:2700,0.86,202520,128286735782384,2026-09-06T12:26:22.320-05:00
d418e1b45471,campaign-sf1,mado,tpch,Q15,Complex,commercial_a,non-indexed,1,8,2,-1,sqlalchemy,sql,q15s7,2,3.076701,,ok,,client-side:2700,0.87,202520,128286735782384,2026-09-06T12:26:25.397-05:00
d418e1b45471,campaign-sf1,mado,tpch,Q15,Complex,commercial_a,non-indexed,1,8,2,-1,sqlalchemy,orm,q15s7,2,6.193096,,ok,,client-side:2700,0.88,202520,128286735782384,2026-09-06T12:26:31.590-05:00
d418e1b45471,campaign-sf1,mado,tpch,Q15,Complex,commercial_a,non-indexed,1,8,2,0,sqlalchemy,orm,q15s7,0,5.799828,1,ok,,client-side:2700,0.81,202520,128286735782384,2026-09-06T12:26:37.390-05:00
d418e1b45471,campaign-sf1,mado,tpch,Q15,Complex,commercial_a,non-indexed,1,8,2,1,sqlalchemy,sql,q15s7,0,2.938036,1,ok,,client-side:2700,0.75,202520,128286735782384,2026-09-06T12:26:40.328-05:00
d418e1b45471,campaign-sf1,mado,tpch,Q15,Complex,commercial_a,non-indexed,1,8,2,2,django,orm,q15s7,0,5.342614,1,ok,,client-side:2700,0.77,202520,128286735782384,2026-09-06T12:26:45.671-05:00
d418e1b45471,campaign-sf1,mado,tpch,Q15,Complex,commercial_a,non-indexed,1,8,2,3,django,sql,q15s7,0,2.994943,1,ok,,client-side:2700,0.77,202520,128286735782384,2026-09-06T12:26:48.666-05:00
2e4cec0cbdef,campaign-sf1,mado,tpch,Q16,Medium,commercial_a,non-indexed,1,0,3,0,sqlalchemy,sql,q16warm,1,0.644473,18259,ok,,client-side:2700,0.79,202529,128339408803008,2026-09-06T12:26:50.736-05:00
2e4cec0cbdef,campaign-sf1,mado,tpch,Q16,Medium,commercial_a,non-indexed,1,0,3,1,django,sql,q16warm,1,0.492132,18259,ok,,client-side:2700,0.79,202529,128339408803008,2026-09-06T12:26:51.228-05:00
2e4cec0cbdef,campaign-sf1,mado,tpch,Q16,Medium,commercial_a,non-indexed,1,0,3,2,sqlalchemy,orm,q16warm,1,0.611473,18259,ok,,client-side:2700,0.79,202529,128339408803008,2026-09-06T12:26:51.840-05:00
2e4cec0cbdef,campaign-sf1,mado,tpch,Q16,Medium,commercial_a,non-indexed,1,0,3,3,django,orm,q16warm,1,0.613321,18259,ok,,client-side:2700,0.79,202529,128339408803008,2026-09-06T12:26:52.453-05:00
2e4cec0cbdef,campaign-sf1,mado,tpch,Q16,Medium,commercial_a,non-indexed,1,1,2,-1,django,sql,q16s0,2,0.487222,,ok,,client-side:2700,0.79,202529,128339408803008,2026-09-06T12:26:52.945-05:00
2e4cec0cbdef,campaign-sf1,mado,tpch,Q16,Medium,commercial_a,non-indexed,1,1,2,-1,django,orm,q16s0,2,0.615701,,ok,,client-side:2700,0.79,202529,128339408803008,2026-09-06T12:26:53.561-05:00
2e4cec0cbdef,campaign-sf1,mado,tpch,Q16,Medium,commercial_a,non-indexed,1,1,2,-1,sqlalchemy,sql,q16s0,2,0.525371,,ok,,client-side:2700,0.8,202529,128339408803008,2026-09-06T12:26:54.087-05:00
2e4cec0cbdef,campaign-sf1,mado,tpch,Q16,Medium,commercial_a,non-indexed,1,1,2,-1,sqlalchemy,orm,q16s0,2,0.563597,,ok,,client-side:2700,0.8,202529,128339408803008,2026-09-06T12:26:54.650-05:00
2e4cec0cbdef,campaign-sf1,mado,tpch,Q16,Medium,commercial_a,non-indexed,1,1,2,0,sqlalchemy,orm,q16s0,0,0.536123,18314,ok,,client-side:2700,0.8,202529,128339408803008,2026-09-06T12:26:55.186-05:00
2e4cec0cbdef,campaign-sf1,mado,tpch,Q16,Medium,commercial_a,non-indexed,1,1,2,1,sqlalchemy,sql,q16s0,0,0.463859,18314,ok,,client-side:2700,0.8,202529,128339408803008,2026-09-06T12:26:55.650-05:00
2e4cec0cbdef,campaign-sf1,mado,tpch,Q16,Medium,commercial_a,non-indexed,1,1,2,2,django,orm,q16s0,0,0.586292,18314,ok,,client-side:2700,0.8,202529,128339408803008,2026-09-06T12:26:56.237-05:00
2e4cec0cbdef,campaign-sf1,mado,tpch,Q16,Medium,commercial_a,non-indexed,1,1,2,3,django,sql,q16s0,0,0.460699,18314,ok,,client-side:2700,0.8,202529,128339408803008,2026-09-06T12:26:56.698-05:00
2e4cec0cbdef,campaign-sf1,mado,tpch,Q16,Medium,commercial_a,non-indexed,1,2,0,-1,django,sql,q16s1,2,0.486893,,ok,,client-side:2700,0.8,202529,128339408803008,2026-09-06T12:26:57.190-05:00
2e4cec0cbdef,campaign-sf1,mado,tpch,Q16,Medium,commercial_a,non-indexed,1,2,0,-1,django,orm,q16s1,2,0.61484,,ok,,client-side:2700,0.8,202529,128339408803008,2026-09-06T12:26:57.804-05:00
2e4cec0cbdef,campaign-sf1,mado,tpch,Q16,Medium,commercial_a,non-indexed,1,2,0,-1,sqlalchemy,sql,q16s1,2,0.521018,,ok,,client-side:2700,0.8,202529,128339408803008,2026-09-06T12:26:58.326-05:00
2e4cec0cbdef,campaign-sf1,mado,tpch,Q16,Medium,commercial_a,non-indexed,1,2,0,-1,sqlalchemy,orm,q16s1,2,0.563739,,ok,,client-side:2700,0.82,202529,128339408803008,2026-09-06T12:26:58.889-05:00
2e4cec0cbdef,campaign-sf1,mado,tpch,Q16,Medium,commercial_a,non-indexed,1,2,0,0,django,sql,q16s1,0,0.457734,18196,ok,,client-side:2700,0.82,202529,128339408803008,2026-09-06T12:26:59.347-05:00
2e4cec0cbdef,campaign-sf1,mado,tpch,Q16,Medium,commercial_a,non-indexed,1,2,0,1,django,orm,q16s1,0,0.586603,18196,ok,,client-side:2700,0.82,202529,128339408803008,2026-09-06T12:26:59.934-05:00
2e4cec0cbdef,campaign-sf1,mado,tpch,Q16,Medium,commercial_a,non-indexed,1,2,0,2,sqlalchemy,sql,q16s1,0,0.496631,18196,ok,,client-side:2700,0.82,202529,128339408803008,2026-09-06T12:27:00.431-05:00
2e4cec0cbdef,campaign-sf1,mado,tpch,Q16,Medium,commercial_a,non-indexed,1,2,0,3,sqlalchemy,orm,q16s1,0,0.53675,18196,ok,,client-side:2700,0.82,202529,128339408803008,2026-09-06T12:27:00.968-05:00
2e4cec0cbdef,campaign-sf1,mado,tpch,Q16,Medium,commercial_a,non-indexed,1,3,3,-1,django,sql,q16s2,2,0.48619,,ok,,client-side:2700,0.82,202529,128339408803008,2026-09-06T12:27:01.459-05:00
2e4cec0cbdef,campaign-sf1,mado,tpch,Q16,Medium,commercial_a,non-indexed,1,3,3,-1,django,orm,q16s2,2,0.613513,,ok,,client-side:2700,0.82,202529,128339408803008,2026-09-06T12:27:02.072-05:00
2e4cec0cbdef,campaign-sf1,mado,tpch,Q16,Medium,commercial_a,non-indexed,1,3,3,-1,sqlalchemy,sql,q16s2,2,0.488663,,ok,,client-side:2700,0.82,202529,128339408803008,2026-09-06T12:27:02.561-05:00
2e4cec0cbdef,campaign-sf1,mado,tpch,Q16,Medium,commercial_a,non-indexed,1,3,3,-1,sqlalchemy,orm,q16s2,2,0.541196,,ok,,client-side:2700,0.82,202529,128339408803008,2026-09-06T12:27:03.102-05:00
2e4cec0cbdef,campaign-sf1,mado,tpch,Q16,Medium,commercial_a,non-indexed,1,3,3,0,sqlalchemy,sql,q16s2,0,0.500083,18263,ok,,client-side:2700,0.82,202529,128339408803008,2026-09-06T12:27:03.602-05:00
2e4cec0cbdef,campaign-sf1,mado,tpch,Q16,Medium,commercial_a,non-indexed,1,3,3,1,django,sql,q16s2,0,0.461778,18263,ok,,client-side:2700,0.83,202529,128339408803008,2026-09-06T12:27:04.064-05:00
2e4cec0cbdef,campaign-sf1,mado,tpch,Q16,Medium,commercial_a,non-indexed,1,3,3,2,sqlalchemy,orm,q16s2,0,0.543072,18263,ok,,client-side:2700,0.83,202529,128339408803008,2026-09-06T12:27:04.608-05:00
2e4cec0cbdef,campaign-sf1,mado,tpch,Q16,Medium,commercial_a,non-indexed,1,3,3,3,django,orm,q16s2,0,0.587165,18263,ok,,client-side:2700,0.83,202529,128339408803008,2026-09-06T12:27:05.195-05:00
2e4cec0cbdef,campaign-sf1,mado,tpch,Q16,Medium,commercial_a,non-indexed,1,4,1,-1,django,sql,q16s3,2,0.484427,,ok,,client-side:2700,0.83,202529,128339408803008,2026-09-06T12:27:05.684-05:00
2e4cec0cbdef,campaign-sf1,mado,tpch,Q16,Medium,commercial_a,non-indexed,1,4,1,-1,django,orm,q16s3,2,0.610843,,ok,,client-side:2700,0.83,202529,128339408803008,2026-09-06T12:27:06.295-05:00
2e4cec0cbdef,campaign-sf1,mado,tpch,Q16,Medium,commercial_a,non-indexed,1,4,1,-1,sqlalchemy,sql,q16s3,2,0.518153,,ok,,client-side:2700,0.83,202529,128339408803008,2026-09-06T12:27:06.813-05:00
2e4cec0cbdef,campaign-sf1,mado,tpch,Q16,Medium,commercial_a,non-indexed,1,4,1,-1,sqlalchemy,orm,q16s3,2,0.559201,,ok,,client-side:2700,0.83,202529,128339408803008,2026-09-06T12:27:07.372-05:00
2e4cec0cbdef,campaign-sf1,mado,tpch,Q16,Medium,commercial_a,non-indexed,1,4,1,0,django,orm,q16s3,0,0.582691,18290,ok,,client-side:2700,0.83,202529,128339408803008,2026-09-06T12:27:07.955-05:00
2e4cec0cbdef,campaign-sf1,mado,tpch,Q16,Medium,commercial_a,non-indexed,1,4,1,1,sqlalchemy,orm,q16s3,0,0.537944,18290,ok,,client-side:2700,0.83,202529,128339408803008,2026-09-06T12:27:08.493-05:00
2e4cec0cbdef,campaign-sf1,mado,tpch,Q16,Medium,commercial_a,non-indexed,1,4,1,2,django,sql,q16s3,0,0.464844,18290,ok,,client-side:2700,0.85,202529,128339408803008,2026-09-06T12:27:08.958-05:00
2e4cec0cbdef,campaign-sf1,mado,tpch,Q16,Medium,commercial_a,non-indexed,1,4,1,3,sqlalchemy,sql,q16s3,0,0.495251,18290,ok,,client-side:2700,0.85,202529,128339408803008,2026-09-06T12:27:09.453-05:00
2e4cec0cbdef,campaign-sf1,mado,tpch,Q16,Medium,commercial_a,non-indexed,1,5,0,-1,django,sql,q16s4,2,0.486422,,ok,,client-side:2700,0.85,202529,128339408803008,2026-09-06T12:27:09.944-05:00
2e4cec0cbdef,campaign-sf1,mado,tpch,Q16,Medium,commercial_a,non-indexed,1,5,0,-1,django,orm,q16s4,2,0.61579,,ok,,client-side:2700,0.85,202529,128339408803008,2026-09-06T12:27:10.560-05:00
2e4cec0cbdef,campaign-sf1,mado,tpch,Q16,Medium,commercial_a,non-indexed,1,5,0,-1,sqlalchemy,sql,q16s4,2,0.524976,,ok,,client-side:2700,0.85,202529,128339408803008,2026-09-06T12:27:11.085-05:00
2e4cec0cbdef,campaign-sf1,mado,tpch,Q16,Medium,commercial_a,non-indexed,1,5,0,-1,sqlalchemy,orm,q16s4,2,0.564441,,ok,,client-side:2700,0.85,202529,128339408803008,2026-09-06T12:27:11.650-05:00
2e4cec0cbdef,campaign-sf1,mado,tpch,Q16,Medium,commercial_a,non-indexed,1,5,0,0,django,sql,q16s4,0,0.458422,18226,ok,,client-side:2700,0.85,202529,128339408803008,2026-09-06T12:27:12.109-05:00
2e4cec0cbdef,campaign-sf1,mado,tpch,Q16,Medium,commercial_a,non-indexed,1,5,0,1,django,orm,q16s4,0,0.585027,18226,ok,,client-side:2700,0.85,202529,128339408803008,2026-09-06T12:27:12.694-05:00
2e4cec0cbdef,campaign-sf1,mado,tpch,Q16,Medium,commercial_a,non-indexed,1,5,0,2,sqlalchemy,sql,q16s4,0,0.465218,18226,ok,,client-side:2700,0.85,202529,128339408803008,2026-09-06T12:27:13.159-05:00
2e4cec0cbdef,campaign-sf1,mado,tpch,Q16,Medium,commercial_a,non-indexed,1,5,0,3,sqlalchemy,orm,q16s4,0,0.542017,18226,ok,,client-side:2700,0.85,202529,128339408803008,2026-09-06T12:27:13.701-05:00
2e4cec0cbdef,campaign-sf1,mado,tpch,Q16,Medium,commercial_a,non-indexed,1,6,1,-1,django,sql,q16s5,2,0.524747,,ok,,client-side:2700,0.86,202529,128339408803008,2026-09-06T12:27:14.231-05:00
2e4cec0cbdef,campaign-sf1,mado,tpch,Q16,Medium,commercial_a,non-indexed,1,6,1,-1,django,orm,q16s5,2,0.615655,,ok,,client-side:2700,0.86,202529,128339408803008,2026-09-06T12:27:14.846-05:00
2e4cec0cbdef,campaign-sf1,mado,tpch,Q16,Medium,commercial_a,non-indexed,1,6,1,-1,sqlalchemy,sql,q16s5,2,0.493883,,ok,,client-side:2700,0.86,202529,128339408803008,2026-09-06T12:27:15.340-05:00
2e4cec0cbdef,campaign-sf1,mado,tpch,Q16,Medium,commercial_a,non-indexed,1,6,1,-1,sqlalchemy,orm,q16s5,2,0.541246,,ok,,client-side:2700,0.86,202529,128339408803008,2026-09-06T12:27:15.882-05:00
2e4cec0cbdef,campaign-sf1,mado,tpch,Q16,Medium,commercial_a,non-indexed,1,6,1,0,django,orm,q16s5,0,0.623013,18374,ok,,client-side:2700,0.86,202529,128339408803008,2026-09-06T12:27:16.505-05:00
2e4cec0cbdef,campaign-sf1,mado,tpch,Q16,Medium,commercial_a,non-indexed,1,6,1,1,sqlalchemy,orm,q16s5,0,0.541816,18374,ok,,client-side:2700,0.86,202529,128339408803008,2026-09-06T12:27:17.047-05:00
2e4cec0cbdef,campaign-sf1,mado,tpch,Q16,Medium,commercial_a,non-indexed,1,6,1,2,django,sql,q16s5,0,0.465105,18374,ok,,client-side:2700,0.86,202529,128339408803008,2026-09-06T12:27:17.512-05:00
2e4cec0cbdef,campaign-sf1,mado,tpch,Q16,Medium,commercial_a,non-indexed,1,6,1,3,sqlalchemy,sql,q16s5,0,0.472104,18374,ok,,client-side:2700,0.86,202529,128339408803008,2026-09-06T12:27:17.984-05:00
2e4cec0cbdef,campaign-sf1,mado,tpch,Q16,Medium,commercial_a,non-indexed,1,7,3,-1,django,sql,q16s6,2,0.485544,,ok,,client-side:2700,0.86,202529,128339408803008,2026-09-06T12:27:18.475-05:00
2e4cec0cbdef,campaign-sf1,mado,tpch,Q16,Medium,commercial_a,non-indexed,1,7,3,-1,django,orm,q16s6,2,0.61156,,ok,,client-side:2700,0.87,202529,128339408803008,2026-09-06T12:27:19.086-05:00
2e4cec0cbdef,campaign-sf1,mado,tpch,Q16,Medium,commercial_a,non-indexed,1,7,3,-1,sqlalchemy,sql,q16s6,2,0.520847,,ok,,client-side:2700,0.87,202529,128339408803008,2026-09-06T12:27:19.607-05:00
2e4cec0cbdef,campaign-sf1,mado,tpch,Q16,Medium,commercial_a,non-indexed,1,7,3,-1,sqlalchemy,orm,q16s6,2,0.538684,,ok,,client-side:2700,0.87,202529,128339408803008,2026-09-06T12:27:20.146-05:00
2e4cec0cbdef,campaign-sf1,mado,tpch,Q16,Medium,commercial_a,non-indexed,1,7,3,0,sqlalchemy,sql,q16s6,0,0.497798,18220,ok,,client-side:2700,0.87,202529,128339408803008,2026-09-06T12:27:20.644-05:00
2e4cec0cbdef,campaign-sf1,mado,tpch,Q16,Medium,commercial_a,non-indexed,1,7,3,1,django,sql,q16s6,0,0.4656,18220,ok,,client-side:2700,0.87,202529,128339408803008,2026-09-06T12:27:21.110-05:00
2e4cec0cbdef,campaign-sf1,mado,tpch,Q16,Medium,commercial_a,non-indexed,1,7,3,2,sqlalchemy,orm,q16s6,0,0.538958,18220,ok,,client-side:2700,0.87,202529,128339408803008,2026-09-06T12:27:21.649-05:00
2e4cec0cbdef,campaign-sf1,mado,tpch,Q16,Medium,commercial_a,non-indexed,1,7,3,3,django,orm,q16s6,0,0.584516,18220,ok,,client-side:2700,0.87,202529,128339408803008,2026-09-06T12:27:22.233-05:00
2e4cec0cbdef,campaign-sf1,mado,tpch,Q16,Medium,commercial_a,non-indexed,1,8,2,-1,django,sql,q16s7,2,0.486343,,ok,,client-side:2700,0.87,202529,128339408803008,2026-09-06T12:27:22.725-05:00
2e4cec0cbdef,campaign-sf1,mado,tpch,Q16,Medium,commercial_a,non-indexed,1,8,2,-1,django,orm,q16s7,2,0.615702,,ok,,client-side:2700,0.87,202529,128339408803008,2026-09-06T12:27:23.340-05:00
2e4cec0cbdef,campaign-sf1,mado,tpch,Q16,Medium,commercial_a,non-indexed,1,8,2,-1,sqlalchemy,sql,q16s7,2,0.497194,,ok,,client-side:2700,0.88,202529,128339408803008,2026-09-06T12:27:23.838-05:00
2e4cec0cbdef,campaign-sf1,mado,tpch,Q16,Medium,commercial_a,non-indexed,1,8,2,-1,sqlalchemy,orm,q16s7,2,0.540167,,ok,,client-side:2700,0.88,202529,128339408803008,2026-09-06T12:27:24.378-05:00
2e4cec0cbdef,campaign-sf1,mado,tpch,Q16,Medium,commercial_a,non-indexed,1,8,2,0,sqlalchemy,orm,q16s7,0,0.539893,18284,ok,,client-side:2700,0.88,202529,128339408803008,2026-09-06T12:27:24.918-05:00
2e4cec0cbdef,campaign-sf1,mado,tpch,Q16,Medium,commercial_a,non-indexed,1,8,2,1,sqlalchemy,sql,q16s7,0,0.497649,18284,ok,,client-side:2700,0.88,202529,128339408803008,2026-09-06T12:27:25.416-05:00
2e4cec0cbdef,campaign-sf1,mado,tpch,Q16,Medium,commercial_a,non-indexed,1,8,2,2,django,orm,q16s7,0,0.587603,18284,ok,,client-side:2700,0.88,202529,128339408803008,2026-09-06T12:27:26.003-05:00
2e4cec0cbdef,campaign-sf1,mado,tpch,Q16,Medium,commercial_a,non-indexed,1,8,2,3,django,sql,q16s7,0,0.463011,18284,ok,,client-side:2700,0.88,202529,128339408803008,2026-09-06T12:27:26.467-05:00
ed4d4812869e,campaign-sf1,mado,tpch,Q17,Complex,commercial_a,non-indexed,1,0,1,0,django,orm,q17warm,1,5.513913,1,ok,,client-side:2700,0.81,202539,134463703226496,2026-09-06T12:27:33.401-05:00
ed4d4812869e,campaign-sf1,mado,tpch,Q17,Complex,commercial_a,non-indexed,1,0,1,1,sqlalchemy,orm,q17warm,1,5.289934,1,ok,,client-side:2700,0.75,202539,134463703226496,2026-09-06T12:27:38.691-05:00
ed4d4812869e,campaign-sf1,mado,tpch,Q17,Complex,commercial_a,non-indexed,1,0,1,2,django,sql,q17warm,1,2.829318,1,ok,,client-side:2700,0.77,202539,134463703226496,2026-09-06T12:27:41.521-05:00
ed4d4812869e,campaign-sf1,mado,tpch,Q17,Complex,commercial_a,non-indexed,1,0,1,3,sqlalchemy,sql,q17warm,1,3.057036,1,ok,,client-side:2700,0.79,202539,134463703226496,2026-09-06T12:27:44.578-05:00
ed4d4812869e,campaign-sf1,mado,tpch,Q17,Complex,commercial_a,non-indexed,1,1,1,-1,django,sql,q17s0,2,1.247653,,ok,,client-side:2700,0.79,202539,134463703226496,2026-09-06T12:27:45.829-05:00
ed4d4812869e,campaign-sf1,mado,tpch,Q17,Complex,commercial_a,non-indexed,1,1,1,-1,django,orm,q17s0,2,5.104547,,ok,,client-side:2700,0.8,202539,134463703226496,2026-09-06T12:27:50.933-05:00
ed4d4812869e,campaign-sf1,mado,tpch,Q17,Complex,commercial_a,non-indexed,1,1,1,-1,sqlalchemy,sql,q17s0,2,3.11053,,ok,,client-side:2700,0.74,202539,134463703226496,2026-09-06T12:27:54.044-05:00
ed4d4812869e,campaign-sf1,mado,tpch,Q17,Complex,commercial_a,non-indexed,1,1,1,-1,sqlalchemy,orm,q17s0,2,6.131814,,ok,,client-side:2700,0.68,202539,134463703226496,2026-09-06T12:28:00.176-05:00
ed4d4812869e,campaign-sf1,mado,tpch,Q17,Complex,commercial_a,non-indexed,1,1,1,0,django,orm,q17s0,0,5.828468,1,ok,,client-side:2700,0.71,202539,134463703226496,2026-09-06T12:28:06.004-05:00
ed4d4812869e,campaign-sf1,mado,tpch,Q17,Complex,commercial_a,non-indexed,1,1,1,1,sqlalchemy,orm,q17s0,0,6.246527,1,ok,,client-side:2700,0.65,202539,134463703226496,2026-09-06T12:28:12.251-05:00
ed4d4812869e,campaign-sf1,mado,tpch,Q17,Complex,commercial_a,non-indexed,1,1,1,2,django,sql,q17s0,0,2.644764,1,ok,,client-side:2700,0.68,202539,134463703226496,2026-09-06T12:28:14.896-05:00
ed4d4812869e,campaign-sf1,mado,tpch,Q17,Complex,commercial_a,non-indexed,1,1,1,3,sqlalchemy,sql,q17s0,0,2.806797,1,ok,,client-side:2700,0.68,202539,134463703226496,2026-09-06T12:28:17.703-05:00
ed4d4812869e,campaign-sf1,mado,tpch,Q17,Complex,commercial_a,non-indexed,1,2,2,-1,django,sql,q17s1,2,4.810311,,ok,,client-side:2700,0.7,202539,134463703226496,2026-09-06T12:28:22.517-05:00
ed4d4812869e,campaign-sf1,mado,tpch,Q17,Complex,commercial_a,non-indexed,1,2,2,-1,django,orm,q17s1,2,6.237491,,ok,,client-side:2700,0.65,202539,134463703226496,2026-09-06T12:28:28.754-05:00
ed4d4812869e,campaign-sf1,mado,tpch,Q17,Complex,commercial_a,non-indexed,1,2,2,-1,sqlalchemy,sql,q17s1,2,3.44188,,ok,,client-side:2700,0.67,202539,134463703226496,2026-09-06T12:28:32.196-05:00
ed4d4812869e,campaign-sf1,mado,tpch,Q17,Complex,commercial_a,non-indexed,1,2,2,-1,sqlalchemy,orm,q17s1,2,5.768955,,ok,,client-side:2700,0.62,202539,134463703226496,2026-09-06T12:28:37.965-05:00
ed4d4812869e,campaign-sf1,mado,tpch,Q17,Complex,commercial_a,non-indexed,1,2,2,0,sqlalchemy,orm,q17s1,0,5.978946,1,ok,,client-side:2700,0.61,202539,134463703226496,2026-09-06T12:28:43.944-05:00
ed4d4812869e,campaign-sf1,mado,tpch,Q17,Complex,commercial_a,non-indexed,1,2,2,1,sqlalchemy,sql,q17s1,0,3.321072,1,ok,,client-side:2700,0.61,202539,134463703226496,2026-09-06T12:28:47.265-05:00
ed4d4812869e,campaign-sf1,mado,tpch,Q17,Complex,commercial_a,non-indexed,1,2,2,2,django,orm,q17s1,0,5.685542,1,ok,,client-side:2700,0.56,202539,134463703226496,2026-09-06T12:28:52.951-05:00
ed4d4812869e,campaign-sf1,mado,tpch,Q17,Complex,commercial_a,non-indexed,1,2,2,3,django,sql,q17s1,0,3.129303,1,ok,,client-side:2700,0.59,202539,134463703226496,2026-09-06T12:28:56.080-05:00
ed4d4812869e,campaign-sf1,mado,tpch,Q17,Complex,commercial_a,non-indexed,1,3,3,-1,django,sql,q17s2,2,3.187148,,ok,,client-side:2700,0.54,202539,134463703226496,2026-09-06T12:28:59.271-05:00
ed4d4812869e,campaign-sf1,mado,tpch,Q17,Complex,commercial_a,non-indexed,1,3,3,-1,django,orm,q17s2,2,5.005828,,ok,,client-side:2700,0.58,202539,134463703226496,2026-09-06T12:29:04.277-05:00
ed4d4812869e,campaign-sf1,mado,tpch,Q17,Complex,commercial_a,non-indexed,1,3,3,-1,sqlalchemy,sql,q17s2,2,2.566223,,ok,,client-side:2700,0.58,202539,134463703226496,2026-09-06T12:29:06.843-05:00
ed4d4812869e,campaign-sf1,mado,tpch,Q17,Complex,commercial_a,non-indexed,1,3,3,-1,sqlalchemy,orm,q17s2,2,7.774856,,ok,,client-side:2700,0.65,202539,134463703226496,2026-09-06T12:29:14.618-05:00
ed4d4812869e,campaign-sf1,mado,tpch,Q17,Complex,commercial_a,non-indexed,1,3,3,0,sqlalchemy,sql,q17s2,0,2.850681,1,ok,,client-side:2700,0.65,202539,134463703226496,2026-09-06T12:29:17.469-05:00
ed4d4812869e,campaign-sf1,mado,tpch,Q17,Complex,commercial_a,non-indexed,1,3,3,1,django,sql,q17s2,0,3.050446,1,ok,,client-side:2700,0.59,202539,134463703226496,2026-09-06T12:29:20.519-05:00
ed4d4812869e,campaign-sf1,mado,tpch,Q17,Complex,commercial_a,non-indexed,1,3,3,2,sqlalchemy,orm,q17s2,0,5.840564,1,ok,,client-side:2700,0.63,202539,134463703226496,2026-09-06T12:29:26.360-05:00
ed4d4812869e,campaign-sf1,mado,tpch,Q17,Complex,commercial_a,non-indexed,1,3,3,3,django,orm,q17s2,0,5.936403,1,ok,,client-side:2700,0.66,202539,134463703226496,2026-09-06T12:29:32.297-05:00
ed4d4812869e,campaign-sf1,mado,tpch,Q17,Complex,commercial_a,non-indexed,1,4,0,-1,django,sql,q17s3,2,3.024076,,ok,,client-side:2700,0.6,202539,134463703226496,2026-09-06T12:29:35.324-05:00
ed4d4812869e,campaign-sf1,mado,tpch,Q17,Complex,commercial_a,non-indexed,1,4,0,-1,django,orm,q17s3,2,5.756356,,ok,,client-side:2700,0.56,202539,134463703226496,2026-09-06T12:29:41.081-05:00
ed4d4812869e,campaign-sf1,mado,tpch,Q17,Complex,commercial_a,non-indexed,1,4,0,-1,sqlalchemy,sql,q17s3,2,3.004795,,ok,,client-side:2700,0.59,202539,134463703226496,2026-09-06T12:29:44.085-05:00
ed4d4812869e,campaign-sf1,mado,tpch,Q17,Complex,commercial_a,non-indexed,1,4,0,-1,sqlalchemy,orm,q17s3,2,5.887311,,ok,,client-side:2700,0.54,202539,134463703226496,2026-09-06T12:29:49.973-05:00
ed4d4812869e,campaign-sf1,mado,tpch,Q17,Complex,commercial_a,non-indexed,1,4,0,0,django,sql,q17s3,0,3.077081,1,ok,,client-side:2700,0.54,202539,134463703226496,2026-09-06T12:29:53.050-05:00
ed4d4812869e,campaign-sf1,mado,tpch,Q17,Complex,commercial_a,non-indexed,1,4,0,1,django,orm,q17s3,0,5.756042,1,ok,,client-side:2700,0.58,202539,134463703226496,2026-09-06T12:29:58.806-05:00
ed4d4812869e,campaign-sf1,mado,tpch,Q17,Complex,commercial_a,non-indexed,1,4,0,2,sqlalchemy,sql,q17s3,0,3.134804,1,ok,,client-side:2700,0.61,202539,134463703226496,2026-09-06T12:30:01.941-05:00
ed4d4812869e,campaign-sf1,mado,tpch,Q17,Complex,commercial_a,non-indexed,1,4,0,3,sqlalchemy,orm,q17s3,0,5.602574,1,ok,,client-side:2700,0.65,202539,134463703226496,2026-09-06T12:30:07.544-05:00
ed4d4812869e,campaign-sf1,mado,tpch,Q17,Complex,commercial_a,non-indexed,1,5,1,-1,django,sql,q17s4,2,3.10668,,ok,,client-side:2700,0.59,202539,134463703226496,2026-09-06T12:30:10.654-05:00
ed4d4812869e,campaign-sf1,mado,tpch,Q17,Complex,commercial_a,non-indexed,1,5,1,-1,django,orm,q17s4,2,5.809077,,ok,,client-side:2700,0.55,202539,134463703226496,2026-09-06T12:30:16.463-05:00
ed4d4812869e,campaign-sf1,mado,tpch,Q17,Complex,commercial_a,non-indexed,1,5,1,-1,sqlalchemy,sql,q17s4,2,3.078775,,ok,,client-side:2700,0.5,202539,134463703226496,2026-09-06T12:30:19.542-05:00
ed4d4812869e,campaign-sf1,mado,tpch,Q17,Complex,commercial_a,non-indexed,1,5,1,-1,sqlalchemy,orm,q17s4,2,5.484932,,ok,,client-side:2700,0.46,202539,134463703226496,2026-09-06T12:30:25.027-05:00
ed4d4812869e,campaign-sf1,mado,tpch,Q17,Complex,commercial_a,non-indexed,1,5,1,0,django,orm,q17s4,0,6.296914,1,ok,,client-side:2700,0.42,202539,134463703226496,2026-09-06T12:30:31.324-05:00
ed4d4812869e,campaign-sf1,mado,tpch,Q17,Complex,commercial_a,non-indexed,1,5,1,1,sqlalchemy,orm,q17s4,0,5.731347,1,ok,,client-side:2700,0.39,202539,134463703226496,2026-09-06T12:30:37.055-05:00
ed4d4812869e,campaign-sf1,mado,tpch,Q17,Complex,commercial_a,non-indexed,1,5,1,2,django,sql,q17s4,0,3.121481,1,ok,,client-side:2700,0.44,202539,134463703226496,2026-09-06T12:30:40.177-05:00
ed4d4812869e,campaign-sf1,mado,tpch,Q17,Complex,commercial_a,non-indexed,1,5,1,3,sqlalchemy,sql,q17s4,0,3.014964,1,ok,,client-side:2700,0.44,202539,134463703226496,2026-09-06T12:30:43.192-05:00
ed4d4812869e,campaign-sf1,mado,tpch,Q17,Complex,commercial_a,non-indexed,1,6,3,-1,django,sql,q17s5,2,2.210303,,ok,,client-side:2700,0.48,202539,134463703226496,2026-09-06T12:30:45.406-05:00
ed4d4812869e,campaign-sf1,mado,tpch,Q17,Complex,commercial_a,non-indexed,1,6,3,-1,django,orm,q17s5,2,5.522598,,ok,,client-side:2700,0.53,202539,134463703226496,2026-09-06T12:30:50.928-05:00
ed4d4812869e,campaign-sf1,mado,tpch,Q17,Complex,commercial_a,non-indexed,1,6,3,-1,sqlalchemy,sql,q17s5,2,3.009101,,ok,,client-side:2700,0.48,202539,134463703226496,2026-09-06T12:30:53.937-05:00
ed4d4812869e,campaign-sf1,mado,tpch,Q17,Complex,commercial_a,non-indexed,1,6,3,-1,sqlalchemy,orm,q17s5,2,7.315061,,ok,,client-side:2700,0.44,202539,134463703226496,2026-09-06T12:31:01.253-05:00
ed4d4812869e,campaign-sf1,mado,tpch,Q17,Complex,commercial_a,non-indexed,1,6,3,0,sqlalchemy,sql,q17s5,0,3.40041,1,ok,,client-side:2700,0.49,202539,134463703226496,2026-09-06T12:31:04.653-05:00
ed4d4812869e,campaign-sf1,mado,tpch,Q17,Complex,commercial_a,non-indexed,1,6,3,1,django,sql,q17s5,0,3.026854,1,ok,,client-side:2700,0.49,202539,134463703226496,2026-09-06T12:31:07.680-05:00
ed4d4812869e,campaign-sf1,mado,tpch,Q17,Complex,commercial_a,non-indexed,1,6,3,2,sqlalchemy,orm,q17s5,0,6.072797,1,ok,,client-side:2700,0.53,202539,134463703226496,2026-09-06T12:31:13.753-05:00
ed4d4812869e,campaign-sf1,mado,tpch,Q17,Complex,commercial_a,non-indexed,1,6,3,3,django,orm,q17s5,0,5.858932,1,ok,,client-side:2700,0.52,202539,134463703226496,2026-09-06T12:31:19.612-05:00
ed4d4812869e,campaign-sf1,mado,tpch,Q17,Complex,commercial_a,non-indexed,1,7,0,-1,django,sql,q17s6,2,2.452109,,ok,,client-side:2700,0.52,202539,134463703226496,2026-09-06T12:31:22.068-05:00
ed4d4812869e,campaign-sf1,mado,tpch,Q17,Complex,commercial_a,non-indexed,1,7,0,-1,django,orm,q17s6,2,6.051043,,ok,,client-side:2700,0.48,202539,134463703226496,2026-09-06T12:31:28.119-05:00
ed4d4812869e,campaign-sf1,mado,tpch,Q17,Complex,commercial_a,non-indexed,1,7,0,-1,sqlalchemy,sql,q17s6,2,3.187789,,ok,,client-side:2700,0.52,202539,134463703226496,2026-09-06T12:31:31.307-05:00
ed4d4812869e,campaign-sf1,mado,tpch,Q17,Complex,commercial_a,non-indexed,1,7,0,-1,sqlalchemy,orm,q17s6,2,5.896088,,ok,,client-side:2700,0.48,202539,134463703226496,2026-09-06T12:31:37.203-05:00
ed4d4812869e,campaign-sf1,mado,tpch,Q17,Complex,commercial_a,non-indexed,1,7,0,0,django,sql,q17s6,0,3.140819,1,ok,,client-side:2700,0.52,202539,134463703226496,2026-09-06T12:31:40.344-05:00
ed4d4812869e,campaign-sf1,mado,tpch,Q17,Complex,commercial_a,non-indexed,1,7,0,1,django,orm,q17s6,0,6.297128,1,ok,,client-side:2700,0.56,202539,134463703226496,2026-09-06T12:31:46.641-05:00
ed4d4812869e,campaign-sf1,mado,tpch,Q17,Complex,commercial_a,non-indexed,1,7,0,2,sqlalchemy,sql,q17s6,0,2.849612,1,ok,,client-side:2700,0.52,202539,134463703226496,2026-09-06T12:31:49.491-05:00
ed4d4812869e,campaign-sf1,mado,tpch,Q17,Complex,commercial_a,non-indexed,1,7,0,3,sqlalchemy,orm,q17s6,0,5.551334,1,ok,,client-side:2700,0.63,202539,134463703226496,2026-09-06T12:31:55.042-05:00
ed4d4812869e,campaign-sf1,mado,tpch,Q17,Complex,commercial_a,non-indexed,1,8,2,-1,django,sql,q17s7,2,2.696999,,ok,,client-side:2700,0.63,202539,134463703226496,2026-09-06T12:31:57.744-05:00
ed4d4812869e,campaign-sf1,mado,tpch,Q17,Complex,commercial_a,non-indexed,1,8,2,-1,django,orm,q17s7,2,5.65888,,ok,,client-side:2700,0.58,202539,134463703226496,2026-09-06T12:32:03.403-05:00
ed4d4812869e,campaign-sf1,mado,tpch,Q17,Complex,commercial_a,non-indexed,1,8,2,-1,sqlalchemy,sql,q17s7,2,3.109396,,ok,,client-side:2700,0.54,202539,134463703226496,2026-09-06T12:32:06.512-05:00
ed4d4812869e,campaign-sf1,mado,tpch,Q17,Complex,commercial_a,non-indexed,1,8,2,-1,sqlalchemy,orm,q17s7,2,5.800165,,ok,,client-side:2700,0.57,202539,134463703226496,2026-09-06T12:32:12.313-05:00
ed4d4812869e,campaign-sf1,mado,tpch,Q17,Complex,commercial_a,non-indexed,1,8,2,0,sqlalchemy,orm,q17s7,0,5.976774,1,ok,,client-side:2700,0.53,202539,134463703226496,2026-09-06T12:32:18.290-05:00
ed4d4812869e,campaign-sf1,mado,tpch,Q17,Complex,commercial_a,non-indexed,1,8,2,1,sqlalchemy,sql,q17s7,0,2.593196,1,ok,,client-side:2700,0.65,202539,134463703226496,2026-09-06T12:32:20.883-05:00
ed4d4812869e,campaign-sf1,mado,tpch,Q17,Complex,commercial_a,non-indexed,1,8,2,2,django,orm,q17s7,0,5.609749,1,ok,,client-side:2700,0.67,202539,134463703226496,2026-09-06T12:32:26.493-05:00
ed4d4812869e,campaign-sf1,mado,tpch,Q17,Complex,commercial_a,non-indexed,1,8,2,3,django,sql,q17s7,0,3.167384,1,ok,,client-side:2700,0.62,202539,134463703226496,2026-09-06T12:32:29.660-05:00
6da1cc1640a4,campaign-sf1,mado,tpch,Q18,Complex,commercial_a,non-indexed,1,0,0,0,django,sql,q18warm,1,5.009442,9,ok,,client-side:2700,0.65,202544,123584918115424,2026-09-06T12:32:36.100-05:00
6da1cc1640a4,campaign-sf1,mado,tpch,Q18,Complex,commercial_a,non-indexed,1,0,0,1,django,orm,q18warm,1,7.718492,9,ok,,client-side:2700,0.6,202544,123584918115424,2026-09-06T12:32:43.819-05:00
6da1cc1640a4,campaign-sf1,mado,tpch,Q18,Complex,commercial_a,non-indexed,1,0,0,2,sqlalchemy,sql,q18warm,1,8.004018,9,ok,,client-side:2700,0.66,202544,123584918115424,2026-09-06T12:32:51.823-05:00
6da1cc1640a4,campaign-sf1,mado,tpch,Q18,Complex,commercial_a,non-indexed,1,0,0,3,sqlalchemy,orm,q18warm,1,4.240944,9,ok,,client-side:2700,0.69,202544,123584918115424,2026-09-06T12:32:56.064-05:00
6da1cc1640a4,campaign-sf1,mado,tpch,Q18,Complex,commercial_a,non-indexed,1,1,3,-1,django,sql,q18s0,2,3.873509,,ok,,client-side:2700,0.71,202544,123584918115424,2026-09-06T12:32:59.942-05:00
6da1cc1640a4,campaign-sf1,mado,tpch,Q18,Complex,commercial_a,non-indexed,1,1,3,-1,django,orm,q18s0,2,3.950493,,ok,,client-side:2700,0.74,202544,123584918115424,2026-09-06T12:33:03.893-05:00
6da1cc1640a4,campaign-sf1,mado,tpch,Q18,Complex,commercial_a,non-indexed,1,1,3,-1,sqlalchemy,sql,q18s0,2,4.64894,,ok,,client-side:2700,0.74,202544,123584918115424,2026-09-06T12:33:08.542-05:00
6da1cc1640a4,campaign-sf1,mado,tpch,Q18,Complex,commercial_a,non-indexed,1,1,3,-1,sqlalchemy,orm,q18s0,2,3.178286,,ok,,client-side:2700,0.76,202544,123584918115424,2026-09-06T12:33:11.720-05:00
6da1cc1640a4,campaign-sf1,mado,tpch,Q18,Complex,commercial_a,non-indexed,1,1,3,0,sqlalchemy,sql,q18s0,0,4.415147,57,ok,,client-side:2700,0.7,202544,123584918115424,2026-09-06T12:33:16.135-05:00
6da1cc1640a4,campaign-sf1,mado,tpch,Q18,Complex,commercial_a,non-indexed,1,1,3,1,django,sql,q18s0,0,3.256885,57,ok,,client-side:2700,0.72,202544,123584918115424,2026-09-06T12:33:19.392-05:00
6da1cc1640a4,campaign-sf1,mado,tpch,Q18,Complex,commercial_a,non-indexed,1,1,3,2,sqlalchemy,orm,q18s0,0,3.174811,57,ok,,client-side:2700,0.72,202544,123584918115424,2026-09-06T12:33:22.567-05:00
6da1cc1640a4,campaign-sf1,mado,tpch,Q18,Complex,commercial_a,non-indexed,1,1,3,3,django,orm,q18s0,0,3.949635,57,ok,,client-side:2700,0.74,202544,123584918115424,2026-09-06T12:33:26.517-05:00
6da1cc1640a4,campaign-sf1,mado,tpch,Q18,Complex,commercial_a,non-indexed,1,2,2,-1,django,sql,q18s1,2,4.055639,,ok,,client-side:2700,0.68,202544,123584918115424,2026-09-06T12:33:30.576-05:00
6da1cc1640a4,campaign-sf1,mado,tpch,Q18,Complex,commercial_a,non-indexed,1,2,2,-1,django,orm,q18s1,2,4.004397,,ok,,client-side:2700,0.71,202544,123584918115424,2026-09-06T12:33:34.580-05:00
6da1cc1640a4,campaign-sf1,mado,tpch,Q18,Complex,commercial_a,non-indexed,1,2,2,-1,sqlalchemy,sql,q18s1,2,4.150819,,ok,,client-side:2700,0.71,202544,123584918115424,2026-09-06T12:33:38.731-05:00
6da1cc1640a4,campaign-sf1,mado,tpch,Q18,Complex,commercial_a,non-indexed,1,2,2,-1,sqlalchemy,orm,q18s1,2,3.23829,,ok,,client-side:2700,0.73,202544,123584918115424,2026-09-06T12:33:41.970-05:00
6da1cc1640a4,campaign-sf1,mado,tpch,Q18,Complex,commercial_a,non-indexed,1,2,2,0,sqlalchemy,orm,q18s1,0,4.376001,9,ok,,client-side:2700,0.75,202544,123584918115424,2026-09-06T12:33:46.346-05:00
6da1cc1640a4,campaign-sf1,mado,tpch,Q18,Complex,commercial_a,non-indexed,1,2,2,1,sqlalchemy,sql,q18s1,0,3.172205,9,ok,,client-side:2700,0.77,202544,123584918115424,2026-09-06T12:33:49.518-05:00
6da1cc1640a4,campaign-sf1,mado,tpch,Q18,Complex,commercial_a,non-indexed,1,2,2,2,django,orm,q18s1,0,3.917561,9,ok,,client-side:2700,0.77,202544,123584918115424,2026-09-06T12:33:53.436-05:00
6da1cc1640a4,campaign-sf1,mado,tpch,Q18,Complex,commercial_a,non-indexed,1,2,2,3,django,sql,q18s1,0,5.185173,9,ok,,client-side:2700,0.79,202544,123584918115424,2026-09-06T12:33:58.621-05:00
6da1cc1640a4,campaign-sf1,mado,tpch,Q18,Complex,commercial_a,non-indexed,1,3,0,-1,django,sql,q18s2,2,3.317584,,ok,,client-side:2700,0.81,202544,123584918115424,2026-09-06T12:34:01.942-05:00
6da1cc1640a4,campaign-sf1,mado,tpch,Q18,Complex,commercial_a,non-indexed,1,3,0,-1,django,orm,q18s2,2,3.971551,,ok,,client-side:2700,0.91,202544,123584918115424,2026-09-06T12:34:05.914-05:00
6da1cc1640a4,campaign-sf1,mado,tpch,Q18,Complex,commercial_a,non-indexed,1,3,0,-1,sqlalchemy,sql,q18s2,2,4.016111,,ok,,client-side:2700,0.91,202544,123584918115424,2026-09-06T12:34:09.930-05:00
6da1cc1640a4,campaign-sf1,mado,tpch,Q18,Complex,commercial_a,non-indexed,1,3,0,-1,sqlalchemy,orm,q18s2,2,3.179681,,ok,,client-side:2700,0.91,202544,123584918115424,2026-09-06T12:34:13.109-05:00
6da1cc1640a4,campaign-sf1,mado,tpch,Q18,Complex,commercial_a,non-indexed,1,3,0,0,django,sql,q18s2,0,3.187449,9,ok,,client-side:2700,0.92,202544,123584918115424,2026-09-06T12:34:16.297-05:00
6da1cc1640a4,campaign-sf1,mado,tpch,Q18,Complex,commercial_a,non-indexed,1,3,0,1,django,orm,q18s2,0,3.820531,9,ok,,client-side:2700,0.93,202544,123584918115424,2026-09-06T12:34:20.118-05:00
6da1cc1640a4,campaign-sf1,mado,tpch,Q18,Complex,commercial_a,non-indexed,1,3,0,2,sqlalchemy,sql,q18s2,0,5.571804,9,ok,,client-side:2700,0.93,202544,123584918115424,2026-09-06T12:34:25.690-05:00
6da1cc1640a4,campaign-sf1,mado,tpch,Q18,Complex,commercial_a,non-indexed,1,3,0,3,sqlalchemy,orm,q18s2,0,3.18777,9,ok,,client-side:2700,0.93,202544,123584918115424,2026-09-06T12:34:28.877-05:00
6da1cc1640a4,campaign-sf1,mado,tpch,Q18,Complex,commercial_a,non-indexed,1,4,1,-1,django,sql,q18s3,2,3.3086,,ok,,client-side:2700,0.94,202544,123584918115424,2026-09-06T12:34:32.190-05:00
6da1cc1640a4,campaign-sf1,mado,tpch,Q18,Complex,commercial_a,non-indexed,1,4,1,-1,django,orm,q18s3,2,4.012023,,ok,,client-side:2700,0.94,202544,123584918115424,2026-09-06T12:34:36.203-05:00
6da1cc1640a4,campaign-sf1,mado,tpch,Q18,Complex,commercial_a,non-indexed,1,4,1,-1,sqlalchemy,sql,q18s3,2,4.812023,,ok,,client-side:2700,0.95,202544,123584918115424,2026-09-06T12:34:41.015-05:00
6da1cc1640a4,campaign-sf1,mado,tpch,Q18,Complex,commercial_a,non-indexed,1,4,1,-1,sqlalchemy,orm,q18s3,2,3.187843,,ok,,client-side:2700,0.95,202544,123584918115424,2026-09-06T12:34:44.203-05:00
6da1cc1640a4,campaign-sf1,mado,tpch,Q18,Complex,commercial_a,non-indexed,1,4,1,0,django,orm,q18s3,0,3.90516,9,ok,,client-side:2700,0.95,202544,123584918115424,2026-09-06T12:34:48.108-05:00
6da1cc1640a4,campaign-sf1,mado,tpch,Q18,Complex,commercial_a,non-indexed,1,4,1,1,sqlalchemy,orm,q18s3,0,4.928828,9,ok,,client-side:2700,0.96,202544,123584918115424,2026-09-06T12:34:53.037-05:00
6da1cc1640a4,campaign-sf1,mado,tpch,Q18,Complex,commercial_a,non-indexed,1,4,1,2,django,sql,q18s3,0,3.353648,9,ok,,client-side:2700,0.96,202544,123584918115424,2026-09-06T12:34:56.391-05:00
6da1cc1640a4,campaign-sf1,mado,tpch,Q18,Complex,commercial_a,non-indexed,1,4,1,3,sqlalchemy,sql,q18s3,0,3.157548,9,ok,,client-side:2700,0.96,202544,123584918115424,2026-09-06T12:34:59.548-05:00
6da1cc1640a4,campaign-sf1,mado,tpch,Q18,Complex,commercial_a,non-indexed,1,5,3,-1,django,sql,q18s4,2,3.310628,,ok,,client-side:2700,0.96,202544,123584918115424,2026-09-06T12:35:02.863-05:00
6da1cc1640a4,campaign-sf1,mado,tpch,Q18,Complex,commercial_a,non-indexed,1,5,3,-1,django,orm,q18s4,2,4.147476,,ok,,client-side:2700,0.97,202544,123584918115424,2026-09-06T12:35:07.011-05:00
6da1cc1640a4,campaign-sf1,mado,tpch,Q18,Complex,commercial_a,non-indexed,1,5,3,-1,sqlalchemy,sql,q18s4,2,6.063113,,ok,,client-side:2700,0.97,202544,123584918115424,2026-09-06T12:35:13.074-05:00
6da1cc1640a4,campaign-sf1,mado,tpch,Q18,Complex,commercial_a,non-indexed,1,5,3,-1,sqlalchemy,orm,q18s4,2,3.306153,,ok,,client-side:2700,0.97,202544,123584918115424,2026-09-06T12:35:16.380-05:00
6da1cc1640a4,campaign-sf1,mado,tpch,Q18,Complex,commercial_a,non-indexed,1,5,3,0,sqlalchemy,sql,q18s4,0,3.16132,10,ok,,client-side:2700,0.98,202544,123584918115424,2026-09-06T12:35:19.542-05:00
6da1cc1640a4,campaign-sf1,mado,tpch,Q18,Complex,commercial_a,non-indexed,1,5,3,1,django,sql,q18s4,0,3.178654,10,ok,,client-side:2700,0.98,202544,123584918115424,2026-09-06T12:35:22.721-05:00
6da1cc1640a4,campaign-sf1,mado,tpch,Q18,Complex,commercial_a,non-indexed,1,5,3,2,sqlalchemy,orm,q18s4,0,3.109619,10,ok,,client-side:2700,0.98,202544,123584918115424,2026-09-06T12:35:25.830-05:00
6da1cc1640a4,campaign-sf1,mado,tpch,Q18,Complex,commercial_a,non-indexed,1,5,3,3,django,orm,q18s4,0,3.939051,10,ok,,client-side:2700,0.98,202544,123584918115424,2026-09-06T12:35:29.769-05:00
6da1cc1640a4,campaign-sf1,mado,tpch,Q18,Complex,commercial_a,non-indexed,1,6,1,-1,django,sql,q18s5,2,3.556215,,ok,,client-side:2700,0.98,202544,123584918115424,2026-09-06T12:35:33.329-05:00
6da1cc1640a4,campaign-sf1,mado,tpch,Q18,Complex,commercial_a,non-indexed,1,6,1,-1,django,orm,q18s5,2,3.47214,,ok,,client-side:2700,0.98,202544,123584918115424,2026-09-06T12:35:36.801-05:00
6da1cc1640a4,campaign-sf1,mado,tpch,Q18,Complex,commercial_a,non-indexed,1,6,1,-1,sqlalchemy,sql,q18s5,2,3.254692,,ok,,client-side:2700,0.98,202544,123584918115424,2026-09-06T12:35:40.056-05:00
6da1cc1640a4,campaign-sf1,mado,tpch,Q18,Complex,commercial_a,non-indexed,1,6,1,-1,sqlalchemy,orm,q18s5,2,3.137052,,ok,,client-side:2700,0.98,202544,123584918115424,2026-09-06T12:35:43.193-05:00
6da1cc1640a4,campaign-sf1,mado,tpch,Q18,Complex,commercial_a,non-indexed,1,6,1,0,django,orm,q18s5,0,3.469582,10,ok,,client-side:2700,0.98,202544,123584918115424,2026-09-06T12:35:46.663-05:00
6da1cc1640a4,campaign-sf1,mado,tpch,Q18,Complex,commercial_a,non-indexed,1,6,1,1,sqlalchemy,orm,q18s5,0,3.163539,10,ok,,client-side:2700,0.99,202544,123584918115424,2026-09-06T12:35:49.827-05:00
6da1cc1640a4,campaign-sf1,mado,tpch,Q18,Complex,commercial_a,non-indexed,1,6,1,2,django,sql,q18s5,0,3.137586,10,ok,,client-side:2700,0.99,202544,123584918115424,2026-09-06T12:35:52.964-05:00
6da1cc1640a4,campaign-sf1,mado,tpch,Q18,Complex,commercial_a,non-indexed,1,6,1,3,sqlalchemy,sql,q18s5,0,3.096922,10,ok,,client-side:2700,1.07,202544,123584918115424,2026-09-06T12:35:56.061-05:00
6da1cc1640a4,campaign-sf1,mado,tpch,Q18,Complex,commercial_a,non-indexed,1,7,0,-1,django,sql,q18s6,2,3.253173,,ok,,client-side:2700,1.06,202544,123584918115424,2026-09-06T12:35:59.319-05:00
6da1cc1640a4,campaign-sf1,mado,tpch,Q18,Complex,commercial_a,non-indexed,1,7,0,-1,django,orm,q18s6,2,3.481282,,ok,,client-side:2700,1.06,202544,123584918115424,2026-09-06T12:36:02.800-05:00
6da1cc1640a4,campaign-sf1,mado,tpch,Q18,Complex,commercial_a,non-indexed,1,7,0,-1,sqlalchemy,sql,q18s6,2,3.226362,,ok,,client-side:2700,1.06,202544,123584918115424,2026-09-06T12:36:06.027-05:00
6da1cc1640a4,campaign-sf1,mado,tpch,Q18,Complex,commercial_a,non-indexed,1,7,0,-1,sqlalchemy,orm,q18s6,2,3.113197,,ok,,client-side:2700,1.05,202544,123584918115424,2026-09-06T12:36:09.140-05:00
6da1cc1640a4,campaign-sf1,mado,tpch,Q18,Complex,commercial_a,non-indexed,1,7,0,0,django,sql,q18s6,0,3.139924,9,ok,,client-side:2700,1.05,202544,123584918115424,2026-09-06T12:36:12.280-05:00
6da1cc1640a4,campaign-sf1,mado,tpch,Q18,Complex,commercial_a,non-indexed,1,7,0,1,django,orm,q18s6,0,3.460128,9,ok,,client-side:2700,1.05,202544,123584918115424,2026-09-06T12:36:15.740-05:00
6da1cc1640a4,campaign-sf1,mado,tpch,Q18,Complex,commercial_a,non-indexed,1,7,0,2,sqlalchemy,sql,q18s6,0,3.107647,9,ok,,client-side:2700,1.05,202544,123584918115424,2026-09-06T12:36:18.848-05:00
6da1cc1640a4,campaign-sf1,mado,tpch,Q18,Complex,commercial_a,non-indexed,1,7,0,3,sqlalchemy,orm,q18s6,0,3.094244,9,ok,,client-side:2700,1.04,202544,123584918115424,2026-09-06T12:36:21.942-05:00
6da1cc1640a4,campaign-sf1,mado,tpch,Q18,Complex,commercial_a,non-indexed,1,8,2,-1,django,sql,q18s7,2,3.238897,,ok,,client-side:2700,1.04,202544,123584918115424,2026-09-06T12:36:25.186-05:00
6da1cc1640a4,campaign-sf1,mado,tpch,Q18,Complex,commercial_a,non-indexed,1,8,2,-1,django,orm,q18s7,2,3.454209,,ok,,client-side:2700,1.04,202544,123584918115424,2026-09-06T12:36:28.640-05:00
6da1cc1640a4,campaign-sf1,mado,tpch,Q18,Complex,commercial_a,non-indexed,1,8,2,-1,sqlalchemy,sql,q18s7,2,3.210899,,ok,,client-side:2700,1.04,202544,123584918115424,2026-09-06T12:36:31.851-05:00
6da1cc1640a4,campaign-sf1,mado,tpch,Q18,Complex,commercial_a,non-indexed,1,8,2,-1,sqlalchemy,orm,q18s7,2,3.119331,,ok,,client-side:2700,1.03,202544,123584918115424,2026-09-06T12:36:34.970-05:00
6da1cc1640a4,campaign-sf1,mado,tpch,Q18,Complex,commercial_a,non-indexed,1,8,2,0,sqlalchemy,orm,q18s7,0,3.096209,9,ok,,client-side:2700,1.03,202544,123584918115424,2026-09-06T12:36:38.067-05:00
6da1cc1640a4,campaign-sf1,mado,tpch,Q18,Complex,commercial_a,non-indexed,1,8,2,1,sqlalchemy,sql,q18s7,0,3.091835,9,ok,,client-side:2700,1.03,202544,123584918115424,2026-09-06T12:36:41.159-05:00
6da1cc1640a4,campaign-sf1,mado,tpch,Q18,Complex,commercial_a,non-indexed,1,8,2,2,django,orm,q18s7,0,3.457261,9,ok,,client-side:2700,1.03,202544,123584918115424,2026-09-06T12:36:44.616-05:00
6da1cc1640a4,campaign-sf1,mado,tpch,Q18,Complex,commercial_a,non-indexed,1,8,2,3,django,sql,q18s7,0,3.107318,9,ok,,client-side:2700,1.03,202544,123584918115424,2026-09-06T12:36:47.723-05:00
afc7a9a6c2ad,campaign-sf1,mado,tpch,Q19,Simple,commercial_a,non-indexed,1,0,1,0,django,orm,q19warm,1,1.136665,1,ok,,client-side:2700,1.03,202580,139170462012512,2026-09-06T12:36:50.334-05:00
afc7a9a6c2ad,campaign-sf1,mado,tpch,Q19,Simple,commercial_a,non-indexed,1,0,1,1,sqlalchemy,orm,q19warm,1,1.047356,1,ok,,client-side:2700,1.03,202580,139170462012512,2026-09-06T12:36:51.381-05:00
afc7a9a6c2ad,campaign-sf1,mado,tpch,Q19,Simple,commercial_a,non-indexed,1,0,1,2,django,sql,q19warm,1,0.986226,1,ok,,client-side:2700,1.03,202580,139170462012512,2026-09-06T12:36:52.368-05:00
afc7a9a6c2ad,campaign-sf1,mado,tpch,Q19,Simple,commercial_a,non-indexed,1,0,1,3,sqlalchemy,sql,q19warm,1,0.978674,1,ok,,client-side:2700,1.03,202580,139170462012512,2026-09-06T12:36:53.347-05:00
afc7a9a6c2ad,campaign-sf1,mado,tpch,Q19,Simple,commercial_a,non-indexed,1,1,2,-1,django,sql,q19s0,2,0.990602,,ok,,client-side:2700,1.02,202580,139170462012512,2026-09-06T12:36:54.340-05:00
afc7a9a6c2ad,campaign-sf1,mado,tpch,Q19,Simple,commercial_a,non-indexed,1,1,2,-1,django,orm,q19s0,2,1.06684,,ok,,client-side:2700,1.02,202580,139170462012512,2026-09-06T12:36:55.407-05:00
afc7a9a6c2ad,campaign-sf1,mado,tpch,Q19,Simple,commercial_a,non-indexed,1,1,2,-1,sqlalchemy,sql,q19s0,2,0.98239,,ok,,client-side:2700,1.02,202580,139170462012512,2026-09-06T12:36:56.390-05:00
afc7a9a6c2ad,campaign-sf1,mado,tpch,Q19,Simple,commercial_a,non-indexed,1,1,2,-1,sqlalchemy,orm,q19s0,2,0.979583,,ok,,client-side:2700,1.02,202580,139170462012512,2026-09-06T12:36:57.369-05:00
afc7a9a6c2ad,campaign-sf1,mado,tpch,Q19,Simple,commercial_a,non-indexed,1,1,2,0,sqlalchemy,orm,q19s0,0,0.98154,1,ok,,client-side:2700,1.02,202580,139170462012512,2026-09-06T12:36:58.351-05:00
afc7a9a6c2ad,campaign-sf1,mado,tpch,Q19,Simple,commercial_a,non-indexed,1,1,2,1,sqlalchemy,sql,q19s0,0,0.976098,1,ok,,client-side:2700,1.02,202580,139170462012512,2026-09-06T12:36:59.327-05:00
afc7a9a6c2ad,campaign-sf1,mado,tpch,Q19,Simple,commercial_a,non-indexed,1,1,2,2,django,orm,q19s0,0,1.067014,1,ok,,client-side:2700,1.02,202580,139170462012512,2026-09-06T12:37:00.394-05:00
afc7a9a6c2ad,campaign-sf1,mado,tpch,Q19,Simple,commercial_a,non-indexed,1,1,2,3,django,sql,q19s0,0,0.970775,1,ok,,client-side:2700,1.02,202580,139170462012512,2026-09-06T12:37:01.365-05:00
afc7a9a6c2ad,campaign-sf1,mado,tpch,Q19,Simple,commercial_a,non-indexed,1,2,0,-1,django,sql,q19s1,2,0.984389,,ok,,client-side:2700,1.02,202580,139170462012512,2026-09-06T12:37:02.354-05:00
afc7a9a6c2ad,campaign-sf1,mado,tpch,Q19,Simple,commercial_a,non-indexed,1,2,0,-1,django,orm,q19s1,2,1.064776,,ok,,client-side:2700,1.02,202580,139170462012512,2026-09-06T12:37:03.419-05:00
afc7a9a6c2ad,campaign-sf1,mado,tpch,Q19,Simple,commercial_a,non-indexed,1,2,0,-1,sqlalchemy,sql,q19s1,2,0.982378,,ok,,client-side:2700,1.02,202580,139170462012512,2026-09-06T12:37:04.402-05:00
afc7a9a6c2ad,campaign-sf1,mado,tpch,Q19,Simple,commercial_a,non-indexed,1,2,0,-1,sqlalchemy,orm,q19s1,2,0.978489,,ok,,client-side:2700,1.02,202580,139170462012512,2026-09-06T12:37:05.380-05:00
afc7a9a6c2ad,campaign-sf1,mado,tpch,Q19,Simple,commercial_a,non-indexed,1,2,0,0,django,sql,q19s1,0,0.965842,1,ok,,client-side:2700,1.02,202580,139170462012512,2026-09-06T12:37:06.346-05:00
afc7a9a6c2ad,campaign-sf1,mado,tpch,Q19,Simple,commercial_a,non-indexed,1,2,0,1,django,orm,q19s1,0,1.065784,1,ok,,client-side:2700,1.02,202580,139170462012512,2026-09-06T12:37:07.412-05:00
afc7a9a6c2ad,campaign-sf1,mado,tpch,Q19,Simple,commercial_a,non-indexed,1,2,0,2,sqlalchemy,sql,q19s1,0,0.958728,1,ok,,client-side:2700,1.02,202580,139170462012512,2026-09-06T12:37:08.371-05:00
afc7a9a6c2ad,campaign-sf1,mado,tpch,Q19,Simple,commercial_a,non-indexed,1,2,0,3,sqlalchemy,orm,q19s1,0,0.981225,1,ok,,client-side:2700,1.02,202580,139170462012512,2026-09-06T12:37:09.352-05:00
afc7a9a6c2ad,campaign-sf1,mado,tpch,Q19,Simple,commercial_a,non-indexed,1,3,1,-1,django,sql,q19s2,2,1.006851,,ok,,client-side:2700,1.02,202580,139170462012512,2026-09-06T12:37:10.364-05:00
afc7a9a6c2ad,campaign-sf1,mado,tpch,Q19,Simple,commercial_a,non-indexed,1,3,1,-1,django,orm,q19s2,2,1.070214,,ok,,client-side:2700,1.02,202580,139170462012512,2026-09-06T12:37:11.434-05:00
afc7a9a6c2ad,campaign-sf1,mado,tpch,Q19,Simple,commercial_a,non-indexed,1,3,1,-1,sqlalchemy,sql,q19s2,2,0.980325,,ok,,client-side:2700,1.02,202580,139170462012512,2026-09-06T12:37:12.414-05:00
afc7a9a6c2ad,campaign-sf1,mado,tpch,Q19,Simple,commercial_a,non-indexed,1,3,1,-1,sqlalchemy,orm,q19s2,2,0.982645,,ok,,client-side:2700,1.02,202580,139170462012512,2026-09-06T12:37:13.397-05:00
afc7a9a6c2ad,campaign-sf1,mado,tpch,Q19,Simple,commercial_a,non-indexed,1,3,1,0,django,orm,q19s2,0,1.071473,1,ok,,client-side:2700,1.02,202580,139170462012512,2026-09-06T12:37:14.469-05:00
afc7a9a6c2ad,campaign-sf1,mado,tpch,Q19,Simple,commercial_a,non-indexed,1,3,1,1,sqlalchemy,orm,q19s2,0,0.987319,1,ok,,client-side:2700,1.02,202580,139170462012512,2026-09-06T12:37:15.456-05:00
afc7a9a6c2ad,campaign-sf1,mado,tpch,Q19,Simple,commercial_a,non-indexed,1,3,1,2,django,sql,q19s2,0,0.967609,1,ok,,client-side:2700,1.02,202580,139170462012512,2026-09-06T12:37:16.424-05:00
afc7a9a6c2ad,campaign-sf1,mado,tpch,Q19,Simple,commercial_a,non-indexed,1,3,1,3,sqlalchemy,sql,q19s2,0,0.962028,1,ok,,client-side:2700,1.02,202580,139170462012512,2026-09-06T12:37:17.386-05:00
afc7a9a6c2ad,campaign-sf1,mado,tpch,Q19,Simple,commercial_a,non-indexed,1,4,3,-1,django,sql,q19s3,2,0.986361,,ok,,client-side:2700,1.02,202580,139170462012512,2026-09-06T12:37:18.377-05:00
afc7a9a6c2ad,campaign-sf1,mado,tpch,Q19,Simple,commercial_a,non-indexed,1,4,3,-1,django,orm,q19s3,2,1.067004,,ok,,client-side:2700,1.01,202580,139170462012512,2026-09-06T12:37:19.444-05:00
afc7a9a6c2ad,campaign-sf1,mado,tpch,Q19,Simple,commercial_a,non-indexed,1,4,3,-1,sqlalchemy,sql,q19s3,2,0.978023,,ok,,client-side:2700,1.01,202580,139170462012512,2026-09-06T12:37:20.422-05:00
afc7a9a6c2ad,campaign-sf1,mado,tpch,Q19,Simple,commercial_a,non-indexed,1,4,3,-1,sqlalchemy,orm,q19s3,2,0.980184,,ok,,client-side:2700,1.01,202580,139170462012512,2026-09-06T12:37:21.402-05:00
afc7a9a6c2ad,campaign-sf1,mado,tpch,Q19,Simple,commercial_a,non-indexed,1,4,3,0,sqlalchemy,sql,q19s3,0,0.961954,1,ok,,client-side:2700,1.01,202580,139170462012512,2026-09-06T12:37:22.364-05:00
afc7a9a6c2ad,campaign-sf1,mado,tpch,Q19,Simple,commercial_a,non-indexed,1,4,3,1,django,sql,q19s3,0,0.96696,1,ok,,client-side:2700,1.01,202580,139170462012512,2026-09-06T12:37:23.331-05:00
afc7a9a6c2ad,campaign-sf1,mado,tpch,Q19,Simple,commercial_a,non-indexed,1,4,3,2,sqlalchemy,orm,q19s3,0,0.985789,1,ok,,client-side:2700,1.01,202580,139170462012512,2026-09-06T12:37:24.317-05:00
afc7a9a6c2ad,campaign-sf1,mado,tpch,Q19,Simple,commercial_a,non-indexed,1,4,3,3,django,orm,q19s3,0,1.066302,1,ok,,client-side:2700,1.01,202580,139170462012512,2026-09-06T12:37:25.384-05:00
afc7a9a6c2ad,campaign-sf1,mado,tpch,Q19,Simple,commercial_a,non-indexed,1,5,2,-1,django,sql,q19s4,2,0.987658,,ok,,client-side:2700,1.01,202580,139170462012512,2026-09-06T12:37:26.376-05:00
afc7a9a6c2ad,campaign-sf1,mado,tpch,Q19,Simple,commercial_a,non-indexed,1,5,2,-1,django,orm,q19s4,2,1.068634,,ok,,client-side:2700,1.01,202580,139170462012512,2026-09-06T12:37:27.445-05:00
afc7a9a6c2ad,campaign-sf1,mado,tpch,Q19,Simple,commercial_a,non-indexed,1,5,2,-1,sqlalchemy,sql,q19s4,2,0.980187,,ok,,client-side:2700,1.01,202580,139170462012512,2026-09-06T12:37:28.425-05:00
afc7a9a6c2ad,campaign-sf1,mado,tpch,Q19,Simple,commercial_a,non-indexed,1,5,2,-1,sqlalchemy,orm,q19s4,2,0.983952,,ok,,client-side:2700,1.01,202580,139170462012512,2026-09-06T12:37:29.409-05:00
afc7a9a6c2ad,campaign-sf1,mado,tpch,Q19,Simple,commercial_a,non-indexed,1,5,2,0,sqlalchemy,orm,q19s4,0,0.982293,1,ok,,client-side:2700,1.01,202580,139170462012512,2026-09-06T12:37:30.391-05:00
afc7a9a6c2ad,campaign-sf1,mado,tpch,Q19,Simple,commercial_a,non-indexed,1,5,2,1,sqlalchemy,sql,q19s4,0,0.960903,1,ok,,client-side:2700,1.01,202580,139170462012512,2026-09-06T12:37:31.352-05:00
afc7a9a6c2ad,campaign-sf1,mado,tpch,Q19,Simple,commercial_a,non-indexed,1,5,2,2,django,orm,q19s4,0,1.068407,1,ok,,client-side:2700,1.01,202580,139170462012512,2026-09-06T12:37:32.421-05:00
afc7a9a6c2ad,campaign-sf1,mado,tpch,Q19,Simple,commercial_a,non-indexed,1,5,2,3,django,sql,q19s4,0,0.983585,1,ok,,client-side:2700,1.01,202580,139170462012512,2026-09-06T12:37:33.405-05:00
afc7a9a6c2ad,campaign-sf1,mado,tpch,Q19,Simple,commercial_a,non-indexed,1,6,0,-1,django,sql,q19s5,2,0.986638,,ok,,client-side:2700,1.01,202580,139170462012512,2026-09-06T12:37:34.396-05:00
afc7a9a6c2ad,campaign-sf1,mado,tpch,Q19,Simple,commercial_a,non-indexed,1,6,0,-1,django,orm,q19s5,2,1.096757,,ok,,client-side:2700,1.01,202580,139170462012512,2026-09-06T12:37:35.493-05:00
afc7a9a6c2ad,campaign-sf1,mado,tpch,Q19,Simple,commercial_a,non-indexed,1,6,0,-1,sqlalchemy,sql,q19s5,2,0.977663,,ok,,client-side:2700,1.01,202580,139170462012512,2026-09-06T12:37:36.470-05:00
afc7a9a6c2ad,campaign-sf1,mado,tpch,Q19,Simple,commercial_a,non-indexed,1,6,0,-1,sqlalchemy,orm,q19s5,2,0.98037,,ok,,client-side:2700,1.01,202580,139170462012512,2026-09-06T12:37:37.451-05:00
afc7a9a6c2ad,campaign-sf1,mado,tpch,Q19,Simple,commercial_a,non-indexed,1,6,0,0,django,sql,q19s5,0,0.967057,1,ok,,client-side:2700,1.01,202580,139170462012512,2026-09-06T12:37:38.418-05:00
afc7a9a6c2ad,campaign-sf1,mado,tpch,Q19,Simple,commercial_a,non-indexed,1,6,0,1,django,orm,q19s5,0,1.072952,1,ok,,client-side:2700,1.01,202580,139170462012512,2026-09-06T12:37:39.491-05:00
afc7a9a6c2ad,campaign-sf1,mado,tpch,Q19,Simple,commercial_a,non-indexed,1,6,0,2,sqlalchemy,sql,q19s5,0,0.960531,1,ok,,client-side:2700,1.01,202580,139170462012512,2026-09-06T12:37:40.452-05:00
afc7a9a6c2ad,campaign-sf1,mado,tpch,Q19,Simple,commercial_a,non-indexed,1,6,0,3,sqlalchemy,orm,q19s5,0,0.979792,1,ok,,client-side:2700,1.01,202580,139170462012512,2026-09-06T12:37:41.432-05:00
afc7a9a6c2ad,campaign-sf1,mado,tpch,Q19,Simple,commercial_a,non-indexed,1,7,3,-1,django,sql,q19s6,2,0.984896,,ok,,client-side:2700,1.01,202580,139170462012512,2026-09-06T12:37:42.421-05:00
afc7a9a6c2ad,campaign-sf1,mado,tpch,Q19,Simple,commercial_a,non-indexed,1,7,3,-1,django,orm,q19s6,2,1.067465,,ok,,client-side:2700,1.01,202580,139170462012512,2026-09-06T12:37:43.489-05:00
afc7a9a6c2ad,campaign-sf1,mado,tpch,Q19,Simple,commercial_a,non-indexed,1,7,3,-1,sqlalchemy,sql,q19s6,2,0.979812,,ok,,client-side:2700,1.01,202580,139170462012512,2026-09-06T12:37:44.469-05:00
afc7a9a6c2ad,campaign-sf1,mado,tpch,Q19,Simple,commercial_a,non-indexed,1,7,3,-1,sqlalchemy,orm,q19s6,2,0.984997,,ok,,client-side:2700,1.01,202580,139170462012512,2026-09-06T12:37:45.454-05:00
afc7a9a6c2ad,campaign-sf1,mado,tpch,Q19,Simple,commercial_a,non-indexed,1,7,3,0,sqlalchemy,sql,q19s6,0,0.960622,1,ok,,client-side:2700,1.01,202580,139170462012512,2026-09-06T12:37:46.414-05:00
afc7a9a6c2ad,campaign-sf1,mado,tpch,Q19,Simple,commercial_a,non-indexed,1,7,3,1,django,sql,q19s6,0,0.967341,1,ok,,client-side:2700,1.01,202580,139170462012512,2026-09-06T12:37:47.382-05:00
afc7a9a6c2ad,campaign-sf1,mado,tpch,Q19,Simple,commercial_a,non-indexed,1,7,3,2,sqlalchemy,orm,q19s6,0,0.98055,1,ok,,client-side:2700,1.01,202580,139170462012512,2026-09-06T12:37:48.362-05:00
afc7a9a6c2ad,campaign-sf1,mado,tpch,Q19,Simple,commercial_a,non-indexed,1,7,3,3,django,orm,q19s6,0,1.068722,1,ok,,client-side:2700,1.01,202580,139170462012512,2026-09-06T12:37:49.431-05:00
afc7a9a6c2ad,campaign-sf1,mado,tpch,Q19,Simple,commercial_a,non-indexed,1,8,1,-1,django,sql,q19s7,2,0.984534,,ok,,client-side:2700,1.01,202580,139170462012512,2026-09-06T12:37:50.421-05:00
afc7a9a6c2ad,campaign-sf1,mado,tpch,Q19,Simple,commercial_a,non-indexed,1,8,1,-1,django,orm,q19s7,2,1.067729,,ok,,client-side:2700,1.01,202580,139170462012512,2026-09-06T12:37:51.488-05:00
afc7a9a6c2ad,campaign-sf1,mado,tpch,Q19,Simple,commercial_a,non-indexed,1,8,1,-1,sqlalchemy,sql,q19s7,2,0.978653,,ok,,client-side:2700,1.01,202580,139170462012512,2026-09-06T12:37:52.467-05:00
afc7a9a6c2ad,campaign-sf1,mado,tpch,Q19,Simple,commercial_a,non-indexed,1,8,1,-1,sqlalchemy,orm,q19s7,2,1.055534,,ok,,client-side:2700,1.01,202580,139170462012512,2026-09-06T12:37:53.523-05:00
afc7a9a6c2ad,campaign-sf1,mado,tpch,Q19,Simple,commercial_a,non-indexed,1,8,1,0,django,orm,q19s7,0,1.0766,1,ok,,client-side:2700,1.01,202580,139170462012512,2026-09-06T12:37:54.599-05:00
afc7a9a6c2ad,campaign-sf1,mado,tpch,Q19,Simple,commercial_a,non-indexed,1,8,1,1,sqlalchemy,orm,q19s7,0,0.981899,1,ok,,client-side:2700,1.01,202580,139170462012512,2026-09-06T12:37:55.581-05:00
afc7a9a6c2ad,campaign-sf1,mado,tpch,Q19,Simple,commercial_a,non-indexed,1,8,1,2,django,sql,q19s7,0,0.967042,1,ok,,client-side:2700,1.01,202580,139170462012512,2026-09-06T12:37:56.549-05:00
afc7a9a6c2ad,campaign-sf1,mado,tpch,Q19,Simple,commercial_a,non-indexed,1,8,1,3,sqlalchemy,sql,q19s7,0,0.960949,1,ok,,client-side:2700,1.01,202580,139170462012512,2026-09-06T12:37:57.510-05:00
e773eeae4f94,campaign-sf1,mado,tpch,Q20,Complex,commercial_a,non-indexed,1,0,1,0,django,orm,q20warm,1,2.123143,165,ok,,client-side:2700,1.01,202582,125551833913424,2026-09-06T12:38:01.063-05:00
e773eeae4f94,campaign-sf1,mado,tpch,Q20,Complex,commercial_a,non-indexed,1,0,1,1,sqlalchemy,orm,q20warm,1,2.04677,165,ok,,client-side:2700,1.01,202582,125551833913424,2026-09-06T12:38:03.110-05:00
e773eeae4f94,campaign-sf1,mado,tpch,Q20,Complex,commercial_a,non-indexed,1,0,1,2,django,sql,q20warm,1,1.991577,165,ok,,client-side:2700,1.0,202582,125551833913424,2026-09-06T12:38:05.102-05:00
e773eeae4f94,campaign-sf1,mado,tpch,Q20,Complex,commercial_a,non-indexed,1,0,1,3,sqlalchemy,sql,q20warm,1,1.987457,165,ok,,client-side:2700,1.0,202582,125551833913424,2026-09-06T12:38:07.089-05:00
e773eeae4f94,campaign-sf1,mado,tpch,Q20,Complex,commercial_a,non-indexed,1,1,2,-1,django,sql,q20s0,2,2.003262,,ok,,client-side:2700,1.0,202582,125551833913424,2026-09-06T12:38:09.098-05:00
e773eeae4f94,campaign-sf1,mado,tpch,Q20,Complex,commercial_a,non-indexed,1,1,2,-1,django,orm,q20s0,2,2.092208,,ok,,client-side:2700,1.0,202582,125551833913424,2026-09-06T12:38:11.190-05:00
e773eeae4f94,campaign-sf1,mado,tpch,Q20,Complex,commercial_a,non-indexed,1,1,2,-1,sqlalchemy,sql,q20s0,2,1.970755,,ok,,client-side:2700,1.0,202582,125551833913424,2026-09-06T12:38:13.161-05:00
e773eeae4f94,campaign-sf1,mado,tpch,Q20,Complex,commercial_a,non-indexed,1,1,2,-1,sqlalchemy,orm,q20s0,2,1.992732,,ok,,client-side:2700,1.0,202582,125551833913424,2026-09-06T12:38:15.153-05:00
e773eeae4f94,campaign-sf1,mado,tpch,Q20,Complex,commercial_a,non-indexed,1,1,2,0,sqlalchemy,orm,q20s0,0,0.916165,186,ok,,client-side:2700,1.0,202582,125551833913424,2026-09-06T12:38:16.070-05:00
e773eeae4f94,campaign-sf1,mado,tpch,Q20,Complex,commercial_a,non-indexed,1,1,2,1,sqlalchemy,sql,q20s0,0,0.909054,186,ok,,client-side:2700,1.0,202582,125551833913424,2026-09-06T12:38:16.979-05:00
e773eeae4f94,campaign-sf1,mado,tpch,Q20,Complex,commercial_a,non-indexed,1,1,2,2,django,orm,q20s0,0,0.951568,186,ok,,client-side:2700,1.0,202582,125551833913424,2026-09-06T12:38:17.931-05:00
e773eeae4f94,campaign-sf1,mado,tpch,Q20,Complex,commercial_a,non-indexed,1,1,2,3,django,sql,q20s0,0,0.916288,186,ok,,client-side:2700,1.0,202582,125551833913424,2026-09-06T12:38:18.847-05:00
e773eeae4f94,campaign-sf1,mado,tpch,Q20,Complex,commercial_a,non-indexed,1,2,1,-1,django,sql,q20s1,2,1.994179,,ok,,client-side:2700,1.0,202582,125551833913424,2026-09-06T12:38:20.846-05:00
e773eeae4f94,campaign-sf1,mado,tpch,Q20,Complex,commercial_a,non-indexed,1,2,1,-1,django,orm,q20s1,2,2.069051,,ok,,client-side:2700,1.0,202582,125551833913424,2026-09-06T12:38:22.915-05:00
e773eeae4f94,campaign-sf1,mado,tpch,Q20,Complex,commercial_a,non-indexed,1,2,1,-1,sqlalchemy,sql,q20s1,2,1.975745,,ok,,client-side:2700,1.0,202582,125551833913424,2026-09-06T12:38:24.891-05:00
e773eeae4f94,campaign-sf1,mado,tpch,Q20,Complex,commercial_a,non-indexed,1,2,1,-1,sqlalchemy,orm,q20s1,2,1.985675,,ok,,client-side:2700,1.0,202582,125551833913424,2026-09-06T12:38:26.877-05:00
e773eeae4f94,campaign-sf1,mado,tpch,Q20,Complex,commercial_a,non-indexed,1,2,1,0,django,orm,q20s1,0,0.947879,192,ok,,client-side:2700,1.0,202582,125551833913424,2026-09-06T12:38:27.825-05:00
e773eeae4f94,campaign-sf1,mado,tpch,Q20,Complex,commercial_a,non-indexed,1,2,1,1,sqlalchemy,orm,q20s1,0,0.917411,192,ok,,client-side:2700,1.0,202582,125551833913424,2026-09-06T12:38:28.742-05:00
e773eeae4f94,campaign-sf1,mado,tpch,Q20,Complex,commercial_a,non-indexed,1,2,1,2,django,sql,q20s1,0,0.923538,192,ok,,client-side:2700,1.0,202582,125551833913424,2026-09-06T12:38:29.666-05:00
e773eeae4f94,campaign-sf1,mado,tpch,Q20,Complex,commercial_a,non-indexed,1,2,1,3,sqlalchemy,sql,q20s1,0,0.911137,192,ok,,client-side:2700,1.0,202582,125551833913424,2026-09-06T12:38:30.577-05:00
e773eeae4f94,campaign-sf1,mado,tpch,Q20,Complex,commercial_a,non-indexed,1,3,3,-1,django,sql,q20s2,2,1.998002,,ok,,client-side:2700,1.0,202582,125551833913424,2026-09-06T12:38:32.580-05:00
e773eeae4f94,campaign-sf1,mado,tpch,Q20,Complex,commercial_a,non-indexed,1,3,3,-1,django,orm,q20s2,2,2.089304,,ok,,client-side:2700,1.0,202582,125551833913424,2026-09-06T12:38:34.670-05:00
e773eeae4f94,campaign-sf1,mado,tpch,Q20,Complex,commercial_a,non-indexed,1,3,3,-1,sqlalchemy,sql,q20s2,2,1.97316,,ok,,client-side:2700,1.0,202582,125551833913424,2026-09-06T12:38:36.643-05:00
e773eeae4f94,campaign-sf1,mado,tpch,Q20,Complex,commercial_a,non-indexed,1,3,3,-1,sqlalchemy,orm,q20s2,2,1.992085,,ok,,client-side:2700,1.0,202582,125551833913424,2026-09-06T12:38:38.635-05:00
e773eeae4f94,campaign-sf1,mado,tpch,Q20,Complex,commercial_a,non-indexed,1,3,3,0,sqlalchemy,sql,q20s2,0,0.916469,195,ok,,client-side:2700,1.0,202582,125551833913424,2026-09-06T12:38:39.552-05:00
e773eeae4f94,campaign-sf1,mado,tpch,Q20,Complex,commercial_a,non-indexed,1,3,3,1,django,sql,q20s2,0,0.924283,195,ok,,client-side:2700,1.0,202582,125551833913424,2026-09-06T12:38:40.476-05:00
e773eeae4f94,campaign-sf1,mado,tpch,Q20,Complex,commercial_a,non-indexed,1,3,3,2,sqlalchemy,orm,q20s2,0,0.930435,195,ok,,client-side:2700,1.0,202582,125551833913424,2026-09-06T12:38:41.406-05:00
e773eeae4f94,campaign-sf1,mado,tpch,Q20,Complex,commercial_a,non-indexed,1,3,3,3,django,orm,q20s2,0,0.950274,195,ok,,client-side:2700,1.0,202582,125551833913424,2026-09-06T12:38:42.357-05:00
e773eeae4f94,campaign-sf1,mado,tpch,Q20,Complex,commercial_a,non-indexed,1,4,0,-1,django,sql,q20s3,2,1.994489,,ok,,client-side:2700,1.0,202582,125551833913424,2026-09-06T12:38:44.356-05:00
e773eeae4f94,campaign-sf1,mado,tpch,Q20,Complex,commercial_a,non-indexed,1,4,0,-1,django,orm,q20s3,2,2.069277,,ok,,client-side:2700,1.0,202582,125551833913424,2026-09-06T12:38:46.425-05:00
e773eeae4f94,campaign-sf1,mado,tpch,Q20,Complex,commercial_a,non-indexed,1,4,0,-1,sqlalchemy,sql,q20s3,2,1.973823,,ok,,client-side:2700,1.0,202582,125551833913424,2026-09-06T12:38:48.399-05:00
e773eeae4f94,campaign-sf1,mado,tpch,Q20,Complex,commercial_a,non-indexed,1,4,0,-1,sqlalchemy,orm,q20s3,2,1.99912,,ok,,client-side:2700,1.0,202582,125551833913424,2026-09-06T12:38:50.398-05:00
e773eeae4f94,campaign-sf1,mado,tpch,Q20,Complex,commercial_a,non-indexed,1,4,0,0,django,sql,q20s3,0,0.923536,154,ok,,client-side:2700,1.0,202582,125551833913424,2026-09-06T12:38:51.322-05:00
e773eeae4f94,campaign-sf1,mado,tpch,Q20,Complex,commercial_a,non-indexed,1,4,0,1,django,orm,q20s3,0,0.95031,154,ok,,client-side:2700,1.0,202582,125551833913424,2026-09-06T12:38:52.273-05:00
e773eeae4f94,campaign-sf1,mado,tpch,Q20,Complex,commercial_a,non-indexed,1,4,0,2,sqlalchemy,sql,q20s3,0,0.915064,154,ok,,client-side:2700,1.0,202582,125551833913424,2026-09-06T12:38:53.188-05:00
e773eeae4f94,campaign-sf1,mado,tpch,Q20,Complex,commercial_a,non-indexed,1,4,0,3,sqlalchemy,orm,q20s3,0,0.931454,154,ok,,client-side:2700,1.0,202582,125551833913424,2026-09-06T12:38:54.119-05:00
e773eeae4f94,campaign-sf1,mado,tpch,Q20,Complex,commercial_a,non-indexed,1,5,1,-1,django,sql,q20s4,2,1.996138,,ok,,client-side:2700,1.0,202582,125551833913424,2026-09-06T12:38:56.120-05:00
e773eeae4f94,campaign-sf1,mado,tpch,Q20,Complex,commercial_a,non-indexed,1,5,1,-1,django,orm,q20s4,2,2.076895,,ok,,client-side:2700,1.0,202582,125551833913424,2026-09-06T12:38:58.197-05:00
e773eeae4f94,campaign-sf1,mado,tpch,Q20,Complex,commercial_a,non-indexed,1,5,1,-1,sqlalchemy,sql,q20s4,2,1.978266,,ok,,client-side:2700,1.0,202582,125551833913424,2026-09-06T12:39:00.176-05:00
e773eeae4f94,campaign-sf1,mado,tpch,Q20,Complex,commercial_a,non-indexed,1,5,1,-1,sqlalchemy,orm,q20s4,2,1.993168,,ok,,client-side:2700,1.0,202582,125551833913424,2026-09-06T12:39:02.169-05:00
e773eeae4f94,campaign-sf1,mado,tpch,Q20,Complex,commercial_a,non-indexed,1,5,1,0,django,orm,q20s4,0,0.949418,177,ok,,client-side:2700,1.0,202582,125551833913424,2026-09-06T12:39:03.118-05:00
e773eeae4f94,campaign-sf1,mado,tpch,Q20,Complex,commercial_a,non-indexed,1,5,1,1,sqlalchemy,orm,q20s4,0,0.915288,177,ok,,client-side:2700,1.0,202582,125551833913424,2026-09-06T12:39:04.034-05:00
e773eeae4f94,campaign-sf1,mado,tpch,Q20,Complex,commercial_a,non-indexed,1,5,1,2,django,sql,q20s4,0,0.915357,177,ok,,client-side:2700,1.0,202582,125551833913424,2026-09-06T12:39:04.949-05:00
e773eeae4f94,campaign-sf1,mado,tpch,Q20,Complex,commercial_a,non-indexed,1,5,1,3,sqlalchemy,sql,q20s4,0,0.909605,177,ok,,client-side:2700,1.0,202582,125551833913424,2026-09-06T12:39:05.859-05:00
e773eeae4f94,campaign-sf1,mado,tpch,Q20,Complex,commercial_a,non-indexed,1,6,2,-1,django,sql,q20s5,2,1.996836,,ok,,client-side:2700,1.0,202582,125551833913424,2026-09-06T12:39:07.860-05:00
e773eeae4f94,campaign-sf1,mado,tpch,Q20,Complex,commercial_a,non-indexed,1,6,2,-1,django,orm,q20s5,2,2.078177,,ok,,client-side:2700,1.0,202582,125551833913424,2026-09-06T12:39:09.939-05:00
e773eeae4f94,campaign-sf1,mado,tpch,Q20,Complex,commercial_a,non-indexed,1,6,2,-1,sqlalchemy,sql,q20s5,2,2.008013,,ok,,client-side:2700,1.0,202582,125551833913424,2026-09-06T12:39:11.947-05:00
e773eeae4f94,campaign-sf1,mado,tpch,Q20,Complex,commercial_a,non-indexed,1,6,2,-1,sqlalchemy,orm,q20s5,2,1.99263,,ok,,client-side:2700,1.0,202582,125551833913424,2026-09-06T12:39:13.940-05:00
e773eeae4f94,campaign-sf1,mado,tpch,Q20,Complex,commercial_a,non-indexed,1,6,2,0,sqlalchemy,orm,q20s5,0,0.916189,177,ok,,client-side:2700,1.0,202582,125551833913424,2026-09-06T12:39:14.856-05:00
e773eeae4f94,campaign-sf1,mado,tpch,Q20,Complex,commercial_a,non-indexed,1,6,2,1,sqlalchemy,sql,q20s5,0,0.909922,177,ok,,client-side:2700,1.0,202582,125551833913424,2026-09-06T12:39:15.766-05:00
e773eeae4f94,campaign-sf1,mado,tpch,Q20,Complex,commercial_a,non-indexed,1,6,2,2,django,orm,q20s5,0,0.952195,177,ok,,client-side:2700,1.0,202582,125551833913424,2026-09-06T12:39:16.718-05:00
e773eeae4f94,campaign-sf1,mado,tpch,Q20,Complex,commercial_a,non-indexed,1,6,2,3,django,sql,q20s5,0,0.915582,177,ok,,client-side:2700,1.0,202582,125551833913424,2026-09-06T12:39:17.634-05:00
e773eeae4f94,campaign-sf1,mado,tpch,Q20,Complex,commercial_a,non-indexed,1,7,3,-1,django,sql,q20s6,2,1.991465,,ok,,client-side:2700,1.0,202582,125551833913424,2026-09-06T12:39:19.630-05:00
e773eeae4f94,campaign-sf1,mado,tpch,Q20,Complex,commercial_a,non-indexed,1,7,3,-1,django,orm,q20s6,2,2.068096,,ok,,client-side:2700,1.0,202582,125551833913424,2026-09-06T12:39:21.698-05:00
e773eeae4f94,campaign-sf1,mado,tpch,Q20,Complex,commercial_a,non-indexed,1,7,3,-1,sqlalchemy,sql,q20s6,2,1.964512,,ok,,client-side:2700,1.0,202582,125551833913424,2026-09-06T12:39:23.663-05:00
e773eeae4f94,campaign-sf1,mado,tpch,Q20,Complex,commercial_a,non-indexed,1,7,3,-1,sqlalchemy,orm,q20s6,2,1.989242,,ok,,client-side:2700,1.0,202582,125551833913424,2026-09-06T12:39:25.652-05:00
e773eeae4f94,campaign-sf1,mado,tpch,Q20,Complex,commercial_a,non-indexed,1,7,3,0,sqlalchemy,sql,q20s6,0,0.908252,180,ok,,client-side:2700,1.0,202582,125551833913424,2026-09-06T12:39:26.561-05:00
e773eeae4f94,campaign-sf1,mado,tpch,Q20,Complex,commercial_a,non-indexed,1,7,3,1,django,sql,q20s6,0,0.915076,180,ok,,client-side:2700,1.0,202582,125551833913424,2026-09-06T12:39:27.476-05:00
e773eeae4f94,campaign-sf1,mado,tpch,Q20,Complex,commercial_a,non-indexed,1,7,3,2,sqlalchemy,orm,q20s6,0,0.913054,180,ok,,client-side:2700,1.0,202582,125551833913424,2026-09-06T12:39:28.389-05:00
e773eeae4f94,campaign-sf1,mado,tpch,Q20,Complex,commercial_a,non-indexed,1,7,3,3,django,orm,q20s6,0,0.945003,180,ok,,client-side:2700,1.0,202582,125551833913424,2026-09-06T12:39:29.334-05:00
e773eeae4f94,campaign-sf1,mado,tpch,Q20,Complex,commercial_a,non-indexed,1,8,0,-1,django,sql,q20s7,2,1.993372,,ok,,client-side:2700,1.0,202582,125551833913424,2026-09-06T12:39:31.332-05:00
e773eeae4f94,campaign-sf1,mado,tpch,Q20,Complex,commercial_a,non-indexed,1,8,0,-1,django,orm,q20s7,2,2.083638,,ok,,client-side:2700,1.0,202582,125551833913424,2026-09-06T12:39:33.416-05:00
e773eeae4f94,campaign-sf1,mado,tpch,Q20,Complex,commercial_a,non-indexed,1,8,0,-1,sqlalchemy,sql,q20s7,2,1.968993,,ok,,client-side:2700,1.0,202582,125551833913424,2026-09-06T12:39:35.385-05:00
e773eeae4f94,campaign-sf1,mado,tpch,Q20,Complex,commercial_a,non-indexed,1,8,0,-1,sqlalchemy,orm,q20s7,2,1.989187,,ok,,client-side:2700,1.0,202582,125551833913424,2026-09-06T12:39:37.374-05:00
e773eeae4f94,campaign-sf1,mado,tpch,Q20,Complex,commercial_a,non-indexed,1,8,0,0,django,sql,q20s7,0,0.918634,201,ok,,client-side:2700,1.0,202582,125551833913424,2026-09-06T12:39:38.293-05:00
e773eeae4f94,campaign-sf1,mado,tpch,Q20,Complex,commercial_a,non-indexed,1,8,0,1,django,orm,q20s7,0,0.959732,201,ok,,client-side:2700,1.0,202582,125551833913424,2026-09-06T12:39:39.252-05:00
e773eeae4f94,campaign-sf1,mado,tpch,Q20,Complex,commercial_a,non-indexed,1,8,0,2,sqlalchemy,sql,q20s7,0,0.912581,201,ok,,client-side:2700,1.0,202582,125551833913424,2026-09-06T12:39:40.165-05:00
e773eeae4f94,campaign-sf1,mado,tpch,Q20,Complex,commercial_a,non-indexed,1,8,0,3,sqlalchemy,orm,q20s7,0,0.91602,201,ok,,client-side:2700,1.0,202582,125551833913424,2026-09-06T12:39:41.081-05:00
7955824d091e,campaign-sf1,mado,tpch,Q21,Very Complex,commercial_a,non-indexed,1,0,3,0,sqlalchemy,sql,q21warm,1,3.123854,100,ok,,client-side:2700,1.0,202839,131913388750608,2026-09-06T12:39:45.626-05:00
7955824d091e,campaign-sf1,mado,tpch,Q21,Very Complex,commercial_a,non-indexed,1,0,3,1,django,sql,q21warm,1,3.137664,100,ok,,client-side:2700,1.0,202839,131913388750608,2026-09-06T12:39:48.764-05:00
7955824d091e,campaign-sf1,mado,tpch,Q21,Very Complex,commercial_a,non-indexed,1,0,3,2,sqlalchemy,orm,q21warm,1,3.166538,100,ok,,client-side:2700,1.0,202839,131913388750608,2026-09-06T12:39:51.930-05:00
7955824d091e,campaign-sf1,mado,tpch,Q21,Very Complex,commercial_a,non-indexed,1,0,3,3,django,orm,q21warm,1,53.172111,100,ok,,client-side:2700,1.0,202839,131913388750608,2026-09-06T12:40:45.103-05:00
7955824d091e,campaign-sf1,mado,tpch,Q21,Very Complex,commercial_a,non-indexed,1,1,0,-1,django,sql,q21s0,2,3.657505,,ok,,client-side:2700,1.0,202839,131913388750608,2026-09-06T12:40:48.765-05:00
7955824d091e,campaign-sf1,mado,tpch,Q21,Very Complex,commercial_a,non-indexed,1,1,0,-1,django,orm,q21s0,2,52.577573,,ok,,client-side:2700,1.0,202839,131913388750608,2026-09-06T12:41:41.343-05:00
7955824d091e,campaign-sf1,mado,tpch,Q21,Very Complex,commercial_a,non-indexed,1,1,0,-1,sqlalchemy,sql,q21s0,2,5.009794,,ok,,client-side:2700,0.92,202839,131913388750608,2026-09-06T12:41:46.353-05:00
7955824d091e,campaign-sf1,mado,tpch,Q21,Very Complex,commercial_a,non-indexed,1,1,0,-1,sqlalchemy,orm,q21s0,2,3.131808,,ok,,client-side:2700,0.93,202839,131913388750608,2026-09-06T12:41:49.484-05:00
7955824d091e,campaign-sf1,mado,tpch,Q21,Very Complex,commercial_a,non-indexed,1,1,0,0,django,sql,q21s0,0,3.024174,100,ok,,client-side:2700,0.93,202839,131913388750608,2026-09-06T12:41:52.509-05:00
7955824d091e,campaign-sf1,mado,tpch,Q21,Very Complex,commercial_a,non-indexed,1,1,0,1,django,orm,q21s0,0,52.167447,100,ok,,client-side:2700,0.97,202839,131913388750608,2026-09-06T12:42:44.676-05:00
7955824d091e,campaign-sf1,mado,tpch,Q21,Very Complex,commercial_a,non-indexed,1,1,0,2,sqlalchemy,sql,q21s0,0,4.892217,100,ok,,client-side:2700,0.98,202839,131913388750608,2026-09-06T12:42:49.569-05:00
7955824d091e,campaign-sf1,mado,tpch,Q21,Very Complex,commercial_a,non-indexed,1,1,0,3,sqlalchemy,orm,q21s0,0,3.019015,100,ok,,client-side:2700,0.98,202839,131913388750608,2026-09-06T12:42:52.588-05:00
7955824d091e,campaign-sf1,mado,tpch,Q21,Very Complex,commercial_a,non-indexed,1,2,1,-1,django,sql,q21s1,2,3.225,,ok,,client-side:2700,0.98,202839,131913388750608,2026-09-06T12:42:55.817-05:00
7955824d091e,campaign-sf1,mado,tpch,Q21,Very Complex,commercial_a,non-indexed,1,2,1,-1,django,orm,q21s1,2,51.62416,,ok,,client-side:2700,1.23,202839,131913388750608,2026-09-06T12:43:47.442-05:00
7955824d091e,campaign-sf1,mado,tpch,Q21,Very Complex,commercial_a,non-indexed,1,2,1,-1,sqlalchemy,sql,q21s1,2,3.580954,,ok,,client-side:2700,1.21,202839,131913388750608,2026-09-06T12:43:51.023-05:00
7955824d091e,campaign-sf1,mado,tpch,Q21,Very Complex,commercial_a,non-indexed,1,2,1,-1,sqlalchemy,orm,q21s1,2,3.001214,,ok,,client-side:2700,1.19,202839,131913388750608,2026-09-06T12:43:54.024-05:00
7955824d091e,campaign-sf1,mado,tpch,Q21,Very Complex,commercial_a,non-indexed,1,2,1,0,django,orm,q21s1,0,52.299952,100,ok,,client-side:2700,1.12,202839,131913388750608,2026-09-06T12:44:46.324-05:00
7955824d091e,campaign-sf1,mado,tpch,Q21,Very Complex,commercial_a,non-indexed,1,2,1,1,sqlalchemy,orm,q21s1,0,3.374236,100,ok,,client-side:2700,1.11,202839,131913388750608,2026-09-06T12:44:49.698-05:00
7955824d091e,campaign-sf1,mado,tpch,Q21,Very Complex,commercial_a,non-indexed,1,2,1,2,django,sql,q21s1,0,3.025841,100,ok,,client-side:2700,1.11,202839,131913388750608,2026-09-06T12:44:52.724-05:00
7955824d091e,campaign-sf1,mado,tpch,Q21,Very Complex,commercial_a,non-indexed,1,2,1,3,sqlalchemy,sql,q21s1,0,2.998053,100,ok,,client-side:2700,1.1,202839,131913388750608,2026-09-06T12:44:55.722-05:00
7955824d091e,campaign-sf1,mado,tpch,Q21,Very Complex,commercial_a,non-indexed,1,3,3,-1,django,sql,q21s2,2,3.150986,,ok,,client-side:2700,1.1,202839,131913388750608,2026-09-06T12:44:58.878-05:00
7955824d091e,campaign-sf1,mado,tpch,Q21,Very Complex,commercial_a,non-indexed,1,3,3,-1,django,orm,q21s2,2,52.840765,,ok,,client-side:2700,1.06,202839,131913388750608,2026-09-06T12:45:51.719-05:00
7955824d091e,campaign-sf1,mado,tpch,Q21,Very Complex,commercial_a,non-indexed,1,3,3,-1,sqlalchemy,sql,q21s2,2,3.496526,,ok,,client-side:2700,1.06,202839,131913388750608,2026-09-06T12:45:55.215-05:00
7955824d091e,campaign-sf1,mado,tpch,Q21,Very Complex,commercial_a,non-indexed,1,3,3,-1,sqlalchemy,orm,q21s2,2,3.115922,,ok,,client-side:2700,1.06,202839,131913388750608,2026-09-06T12:45:58.331-05:00
7955824d091e,campaign-sf1,mado,tpch,Q21,Very Complex,commercial_a,non-indexed,1,3,3,0,sqlalchemy,sql,q21s2,0,3.00758,100,ok,,client-side:2700,1.05,202839,131913388750608,2026-09-06T12:46:01.339-05:00
7955824d091e,campaign-sf1,mado,tpch,Q21,Very Complex,commercial_a,non-indexed,1,3,3,1,django,sql,q21s2,0,3.002708,100,ok,,client-side:2700,1.05,202839,131913388750608,2026-09-06T12:46:04.342-05:00
7955824d091e,campaign-sf1,mado,tpch,Q21,Very Complex,commercial_a,non-indexed,1,3,3,2,sqlalchemy,orm,q21s2,0,2.984934,100,ok,,client-side:2700,1.05,202839,131913388750608,2026-09-06T12:46:07.327-05:00
7955824d091e,campaign-sf1,mado,tpch,Q21,Very Complex,commercial_a,non-indexed,1,3,3,3,django,orm,q21s2,0,54.067638,100,ok,,client-side:2700,1.0,202839,131913388750608,2026-09-06T12:47:01.394-05:00
7955824d091e,campaign-sf1,mado,tpch,Q21,Very Complex,commercial_a,non-indexed,1,4,2,-1,django,sql,q21s3,2,3.582074,,ok,,client-side:2700,1.08,202839,131913388750608,2026-09-06T12:47:04.980-05:00
7955824d091e,campaign-sf1,mado,tpch,Q21,Very Complex,commercial_a,non-indexed,1,4,2,-1,django,orm,q21s3,2,53.081561,,ok,,client-side:2700,1.03,202839,131913388750608,2026-09-06T12:47:58.062-05:00
7955824d091e,campaign-sf1,mado,tpch,Q21,Very Complex,commercial_a,non-indexed,1,4,2,-1,sqlalchemy,sql,q21s3,2,5.10697,,ok,,client-side:2700,1.03,202839,131913388750608,2026-09-06T12:48:03.169-05:00
7955824d091e,campaign-sf1,mado,tpch,Q21,Very Complex,commercial_a,non-indexed,1,4,2,-1,sqlalchemy,orm,q21s3,2,3.104716,,ok,,client-side:2700,1.03,202839,131913388750608,2026-09-06T12:48:06.274-05:00
7955824d091e,campaign-sf1,mado,tpch,Q21,Very Complex,commercial_a,non-indexed,1,4,2,0,sqlalchemy,orm,q21s3,0,2.979958,100,ok,,client-side:2700,1.02,202839,131913388750608,2026-09-06T12:48:09.254-05:00
7955824d091e,campaign-sf1,mado,tpch,Q21,Very Complex,commercial_a,non-indexed,1,4,2,1,sqlalchemy,sql,q21s3,0,2.965938,100,ok,,client-side:2700,1.02,202839,131913388750608,2026-09-06T12:48:12.220-05:00
7955824d091e,campaign-sf1,mado,tpch,Q21,Very Complex,commercial_a,non-indexed,1,4,2,2,django,orm,q21s3,0,52.640709,100,ok,,client-side:2700,1.01,202839,131913388750608,2026-09-06T12:49:04.861-05:00
7955824d091e,campaign-sf1,mado,tpch,Q21,Very Complex,commercial_a,non-indexed,1,4,2,3,django,sql,q21s3,0,3.399555,100,ok,,client-side:2700,1.01,202839,131913388750608,2026-09-06T12:49:08.260-05:00
7955824d091e,campaign-sf1,mado,tpch,Q21,Very Complex,commercial_a,non-indexed,1,5,0,-1,django,sql,q21s4,2,3.133615,,ok,,client-side:2700,1.01,202839,131913388750608,2026-09-06T12:49:11.399-05:00
7955824d091e,campaign-sf1,mado,tpch,Q21,Very Complex,commercial_a,non-indexed,1,5,0,-1,django,orm,q21s4,2,54.800913,,ok,,client-side:2700,0.92,202839,131913388750608,2026-09-06T12:50:06.200-05:00
7955824d091e,campaign-sf1,mado,tpch,Q21,Very Complex,commercial_a,non-indexed,1,5,0,-1,sqlalchemy,sql,q21s4,2,3.585858,,ok,,client-side:2700,0.93,202839,131913388750608,2026-09-06T12:50:09.786-05:00
7955824d091e,campaign-sf1,mado,tpch,Q21,Very Complex,commercial_a,non-indexed,1,5,0,-1,sqlalchemy,orm,q21s4,2,3.139274,,ok,,client-side:2700,0.93,202839,131913388750608,2026-09-06T12:50:12.925-05:00
7955824d091e,campaign-sf1,mado,tpch,Q21,Very Complex,commercial_a,non-indexed,1,5,0,0,django,sql,q21s4,0,3.052846,100,ok,,client-side:2700,0.93,202839,131913388750608,2026-09-06T12:50:15.978-05:00
7955824d091e,campaign-sf1,mado,tpch,Q21,Very Complex,commercial_a,non-indexed,1,5,0,1,django,orm,q21s4,0,52.21826,100,ok,,client-side:2700,0.97,202839,131913388750608,2026-09-06T12:51:08.196-05:00
7955824d091e,campaign-sf1,mado,tpch,Q21,Very Complex,commercial_a,non-indexed,1,5,0,2,sqlalchemy,sql,q21s4,0,3.386198,100,ok,,client-side:2700,0.98,202839,131913388750608,2026-09-06T12:51:11.583-05:00
7955824d091e,campaign-sf1,mado,tpch,Q21,Very Complex,commercial_a,non-indexed,1,5,0,3,sqlalchemy,orm,q21s4,0,2.993658,100,ok,,client-side:2700,0.98,202839,131913388750608,2026-09-06T12:51:14.576-05:00
7955824d091e,campaign-sf1,mado,tpch,Q21,Very Complex,commercial_a,non-indexed,1,6,2,-1,django,sql,q21s5,2,3.165938,,ok,,client-side:2700,0.98,202839,131913388750608,2026-09-06T12:51:17.747-05:00
7955824d091e,campaign-sf1,mado,tpch,Q21,Very Complex,commercial_a,non-indexed,1,6,2,-1,django,orm,q21s5,2,52.617809,,ok,,client-side:2700,1.04,202839,131913388750608,2026-09-06T12:52:10.365-05:00
7955824d091e,campaign-sf1,mado,tpch,Q21,Very Complex,commercial_a,non-indexed,1,6,2,-1,sqlalchemy,sql,q21s5,2,3.535719,,ok,,client-side:2700,1.04,202839,131913388750608,2026-09-06T12:52:13.901-05:00
7955824d091e,campaign-sf1,mado,tpch,Q21,Very Complex,commercial_a,non-indexed,1,6,2,-1,sqlalchemy,orm,q21s5,2,3.034747,,ok,,client-side:2700,1.04,202839,131913388750608,2026-09-06T12:52:16.935-05:00
7955824d091e,campaign-sf1,mado,tpch,Q21,Very Complex,commercial_a,non-indexed,1,6,2,0,sqlalchemy,orm,q21s5,0,3.041333,100,ok,,client-side:2700,1.03,202839,131913388750608,2026-09-06T12:52:19.977-05:00
7955824d091e,campaign-sf1,mado,tpch,Q21,Very Complex,commercial_a,non-indexed,1,6,2,1,sqlalchemy,sql,q21s5,0,2.998228,100,ok,,client-side:2700,1.03,202839,131913388750608,2026-09-06T12:52:22.975-05:00
7955824d091e,campaign-sf1,mado,tpch,Q21,Very Complex,commercial_a,non-indexed,1,6,2,2,django,orm,q21s5,0,52.02334,100,ok,,client-side:2700,1.03,202839,131913388750608,2026-09-06T12:53:14.999-05:00
7955824d091e,campaign-sf1,mado,tpch,Q21,Very Complex,commercial_a,non-indexed,1,6,2,3,django,sql,q21s5,0,3.434986,100,ok,,client-side:2700,1.03,202839,131913388750608,2026-09-06T12:53:18.434-05:00
7955824d091e,campaign-sf1,mado,tpch,Q21,Very Complex,commercial_a,non-indexed,1,7,1,-1,django,sql,q21s6,2,3.109619,,ok,,client-side:2700,1.02,202839,131913388750608,2026-09-06T12:53:21.548-05:00
7955824d091e,campaign-sf1,mado,tpch,Q21,Very Complex,commercial_a,non-indexed,1,7,1,-1,django,orm,q21s6,2,51.67797,,ok,,client-side:2700,1.01,202839,131913388750608,2026-09-06T12:54:13.226-05:00
7955824d091e,campaign-sf1,mado,tpch,Q21,Very Complex,commercial_a,non-indexed,1,7,1,-1,sqlalchemy,sql,q21s6,2,3.493364,,ok,,client-side:2700,1.01,202839,131913388750608,2026-09-06T12:54:16.719-05:00
7955824d091e,campaign-sf1,mado,tpch,Q21,Very Complex,commercial_a,non-indexed,1,7,1,-1,sqlalchemy,orm,q21s6,2,2.96723,,ok,,client-side:2700,1.01,202839,131913388750608,2026-09-06T12:54:19.687-05:00
7955824d091e,campaign-sf1,mado,tpch,Q21,Very Complex,commercial_a,non-indexed,1,7,1,0,django,orm,q21s6,0,51.706125,100,ok,,client-side:2700,0.92,202839,131913388750608,2026-09-06T12:55:11.393-05:00
7955824d091e,campaign-sf1,mado,tpch,Q21,Very Complex,commercial_a,non-indexed,1,7,1,1,sqlalchemy,orm,q21s6,0,3.361017,100,ok,,client-side:2700,0.93,202839,131913388750608,2026-09-06T12:55:14.754-05:00
7955824d091e,campaign-sf1,mado,tpch,Q21,Very Complex,commercial_a,non-indexed,1,7,1,2,django,sql,q21s6,0,3.01456,100,ok,,client-side:2700,0.93,202839,131913388750608,2026-09-06T12:55:17.769-05:00
7955824d091e,campaign-sf1,mado,tpch,Q21,Very Complex,commercial_a,non-indexed,1,7,1,3,sqlalchemy,sql,q21s6,0,2.965521,100,ok,,client-side:2700,0.93,202839,131913388750608,2026-09-06T12:55:20.734-05:00
7955824d091e,campaign-sf1,mado,tpch,Q21,Very Complex,commercial_a,non-indexed,1,8,3,-1,django,sql,q21s7,2,3.142105,,ok,,client-side:2700,0.93,202839,131913388750608,2026-09-06T12:55:23.881-05:00
7955824d091e,campaign-sf1,mado,tpch,Q21,Very Complex,commercial_a,non-indexed,1,8,3,-1,django,orm,q21s7,2,52.505921,,ok,,client-side:2700,0.98,202839,131913388750608,2026-09-06T12:56:16.387-05:00
7955824d091e,campaign-sf1,mado,tpch,Q21,Very Complex,commercial_a,non-indexed,1,8,3,-1,sqlalchemy,sql,q21s7,2,3.515457,,ok,,client-side:2700,0.98,202839,131913388750608,2026-09-06T12:56:19.902-05:00
7955824d091e,campaign-sf1,mado,tpch,Q21,Very Complex,commercial_a,non-indexed,1,8,3,-1,sqlalchemy,orm,q21s7,2,3.131488,,ok,,client-side:2700,0.98,202839,131913388750608,2026-09-06T12:56:23.034-05:00
7955824d091e,campaign-sf1,mado,tpch,Q21,Very Complex,commercial_a,non-indexed,1,8,3,0,sqlalchemy,sql,q21s7,0,3.004276,100,ok,,client-side:2700,0.98,202839,131913388750608,2026-09-06T12:56:26.038-05:00
7955824d091e,campaign-sf1,mado,tpch,Q21,Very Complex,commercial_a,non-indexed,1,8,3,1,django,sql,q21s7,0,3.020478,100,ok,,client-side:2700,0.98,202839,131913388750608,2026-09-06T12:56:29.059-05:00
7955824d091e,campaign-sf1,mado,tpch,Q21,Very Complex,commercial_a,non-indexed,1,8,3,2,sqlalchemy,orm,q21s7,0,3.023735,100,ok,,client-side:2700,0.98,202839,131913388750608,2026-09-06T12:56:32.083-05:00
7955824d091e,campaign-sf1,mado,tpch,Q21,Very Complex,commercial_a,non-indexed,1,8,3,3,django,orm,q21s7,0,52.591655,100,ok,,client-side:2700,0.99,202839,131913388750608,2026-09-06T12:57:24.675-05:00
8eda54c8c45a,campaign-sf1,mado,tpch,Q22,Very Complex,commercial_a,non-indexed,1,0,3,0,sqlalchemy,sql,q22warm,1,0.963405,7,ok,,client-side:2700,0.99,203072,140151705310256,2026-09-06T12:57:27.101-05:00
8eda54c8c45a,campaign-sf1,mado,tpch,Q22,Very Complex,commercial_a,non-indexed,1,0,3,1,django,sql,q22warm,1,0.57428,7,ok,,client-side:2700,0.99,203072,140151705310256,2026-09-06T12:57:27.676-05:00
8eda54c8c45a,campaign-sf1,mado,tpch,Q22,Very Complex,commercial_a,non-indexed,1,0,3,2,sqlalchemy,orm,q22warm,1,0.93168,7,ok,,client-side:2700,0.99,203072,140151705310256,2026-09-06T12:57:28.607-05:00
8eda54c8c45a,campaign-sf1,mado,tpch,Q22,Very Complex,commercial_a,non-indexed,1,0,3,3,django,orm,q22warm,1,7.726742,7,ok,,client-side:2700,1.0,203072,140151705310256,2026-09-06T12:57:36.334-05:00
8eda54c8c45a,campaign-sf1,mado,tpch,Q22,Very Complex,commercial_a,non-indexed,1,1,2,-1,django,sql,q22s0,2,0.585253,,ok,,client-side:2700,1.0,203072,140151705310256,2026-09-06T12:57:36.924-05:00
8eda54c8c45a,campaign-sf1,mado,tpch,Q22,Very Complex,commercial_a,non-indexed,1,1,2,-1,django,orm,q22s0,2,7.654106,,ok,,client-side:2700,1.0,203072,140151705310256,2026-09-06T12:57:44.578-05:00
8eda54c8c45a,campaign-sf1,mado,tpch,Q22,Very Complex,commercial_a,non-indexed,1,1,2,-1,sqlalchemy,sql,q22s0,2,0.58344,,ok,,client-side:2700,1.0,203072,140151705310256,2026-09-06T12:57:45.162-05:00
8eda54c8c45a,campaign-sf1,mado,tpch,Q22,Very Complex,commercial_a,non-indexed,1,1,2,-1,sqlalchemy,orm,q22s0,2,0.863126,,ok,,client-side:2700,1.0,203072,140151705310256,2026-09-06T12:57:46.025-05:00
8eda54c8c45a,campaign-sf1,mado,tpch,Q22,Very Complex,commercial_a,non-indexed,1,1,2,0,sqlalchemy,orm,q22s0,0,0.863999,7,ok,,client-side:2700,1.0,203072,140151705310256,2026-09-06T12:57:46.889-05:00
8eda54c8c45a,campaign-sf1,mado,tpch,Q22,Very Complex,commercial_a,non-indexed,1,1,2,1,sqlalchemy,sql,q22s0,0,0.552479,7,ok,,client-side:2700,1.0,203072,140151705310256,2026-09-06T12:57:47.442-05:00
8eda54c8c45a,campaign-sf1,mado,tpch,Q22,Very Complex,commercial_a,non-indexed,1,1,2,2,django,orm,q22s0,0,8.093141,7,ok,,client-side:2700,1.0,203072,140151705310256,2026-09-06T12:57:55.535-05:00
8eda54c8c45a,campaign-sf1,mado,tpch,Q22,Very Complex,commercial_a,non-indexed,1,1,2,3,django,sql,q22s0,0,0.554393,7,ok,,client-side:2700,1.0,203072,140151705310256,2026-09-06T12:57:56.090-05:00
8eda54c8c45a,campaign-sf1,mado,tpch,Q22,Very Complex,commercial_a,non-indexed,1,2,1,-1,django,sql,q22s1,2,0.57601,,ok,,client-side:2700,1.0,203072,140151705310256,2026-09-06T12:57:56.671-05:00
8eda54c8c45a,campaign-sf1,mado,tpch,Q22,Very Complex,commercial_a,non-indexed,1,2,1,-1,django,orm,q22s1,2,7.796214,,ok,,client-side:2700,1.0,203072,140151705310256,2026-09-06T12:58:04.467-05:00
8eda54c8c45a,campaign-sf1,mado,tpch,Q22,Very Complex,commercial_a,non-indexed,1,2,1,-1,sqlalchemy,sql,q22s1,2,0.57525,,ok,,client-side:2700,1.0,203072,140151705310256,2026-09-06T12:58:05.042-05:00
8eda54c8c45a,campaign-sf1,mado,tpch,Q22,Very Complex,commercial_a,non-indexed,1,2,1,-1,sqlalchemy,orm,q22s1,2,0.86563,,ok,,client-side:2700,1.0,203072,140151705310256,2026-09-06T12:58:05.908-05:00
8eda54c8c45a,campaign-sf1,mado,tpch,Q22,Very Complex,commercial_a,non-indexed,1,2,1,0,django,orm,q22s1,0,7.838844,7,ok,,client-side:2700,1.0,203072,140151705310256,2026-09-06T12:58:13.747-05:00
8eda54c8c45a,campaign-sf1,mado,tpch,Q22,Very Complex,commercial_a,non-indexed,1,2,1,1,sqlalchemy,orm,q22s1,0,0.866307,7,ok,,client-side:2700,1.0,203072,140151705310256,2026-09-06T12:58:14.613-05:00
8eda54c8c45a,campaign-sf1,mado,tpch,Q22,Very Complex,commercial_a,non-indexed,1,2,1,2,django,sql,q22s1,0,0.543834,7,ok,,client-side:2700,1.0,203072,140151705310256,2026-09-06T12:58:15.157-05:00
8eda54c8c45a,campaign-sf1,mado,tpch,Q22,Very Complex,commercial_a,non-indexed,1,2,1,3,sqlalchemy,sql,q22s1,0,0.543665,7,ok,,client-side:2700,1.0,203072,140151705310256,2026-09-06T12:58:15.701-05:00
8eda54c8c45a,campaign-sf1,mado,tpch,Q22,Very Complex,commercial_a,non-indexed,1,3,0,-1,django,sql,q22s2,2,0.579241,,ok,,client-side:2700,1.0,203072,140151705310256,2026-09-06T12:58:16.285-05:00
8eda54c8c45a,campaign-sf1,mado,tpch,Q22,Very Complex,commercial_a,non-indexed,1,3,0,-1,django,orm,q22s2,2,7.866371,,ok,,client-side:2700,1.0,203072,140151705310256,2026-09-06T12:58:24.152-05:00
8eda54c8c45a,campaign-sf1,mado,tpch,Q22,Very Complex,commercial_a,non-indexed,1,3,0,-1,sqlalchemy,sql,q22s2,2,0.573726,,ok,,client-side:2700,1.0,203072,140151705310256,2026-09-06T12:58:24.725-05:00
8eda54c8c45a,campaign-sf1,mado,tpch,Q22,Very Complex,commercial_a,non-indexed,1,3,0,-1,sqlalchemy,orm,q22s2,2,0.853639,,ok,,client-side:2700,1.0,203072,140151705310256,2026-09-06T12:58:25.579-05:00
8eda54c8c45a,campaign-sf1,mado,tpch,Q22,Very Complex,commercial_a,non-indexed,1,3,0,0,django,sql,q22s2,0,0.545025,7,ok,,client-side:2700,1.0,203072,140151705310256,2026-09-06T12:58:26.124-05:00
8eda54c8c45a,campaign-sf1,mado,tpch,Q22,Very Complex,commercial_a,non-indexed,1,3,0,1,django,orm,q22s2,0,7.885952,7,ok,,client-side:2700,1.08,203072,140151705310256,2026-09-06T12:58:34.010-05:00
8eda54c8c45a,campaign-sf1,mado,tpch,Q22,Very Complex,commercial_a,non-indexed,1,3,0,2,sqlalchemy,sql,q22s2,0,0.540798,7,ok,,client-side:2700,1.07,203072,140151705310256,2026-09-06T12:58:34.551-05:00
8eda54c8c45a,campaign-sf1,mado,tpch,Q22,Very Complex,commercial_a,non-indexed,1,3,0,3,sqlalchemy,orm,q22s2,0,0.854404,7,ok,,client-side:2700,1.07,203072,140151705310256,2026-09-06T12:58:35.406-05:00
8eda54c8c45a,campaign-sf1,mado,tpch,Q22,Very Complex,commercial_a,non-indexed,1,4,3,-1,django,sql,q22s3,2,0.57491,,ok,,client-side:2700,1.07,203072,140151705310256,2026-09-06T12:58:35.986-05:00
8eda54c8c45a,campaign-sf1,mado,tpch,Q22,Very Complex,commercial_a,non-indexed,1,4,3,-1,django,orm,q22s3,2,7.796328,,ok,,client-side:2700,1.07,203072,140151705310256,2026-09-06T12:58:43.782-05:00
8eda54c8c45a,campaign-sf1,mado,tpch,Q22,Very Complex,commercial_a,non-indexed,1,4,3,-1,sqlalchemy,sql,q22s3,2,0.579653,,ok,,client-side:2700,1.06,203072,140151705310256,2026-09-06T12:58:44.362-05:00
8eda54c8c45a,campaign-sf1,mado,tpch,Q22,Very Complex,commercial_a,non-indexed,1,4,3,-1,sqlalchemy,orm,q22s3,2,0.859882,,ok,,client-side:2700,1.06,203072,140151705310256,2026-09-06T12:58:45.222-05:00
8eda54c8c45a,campaign-sf1,mado,tpch,Q22,Very Complex,commercial_a,non-indexed,1,4,3,0,sqlalchemy,sql,q22s3,0,0.542819,7,ok,,client-side:2700,1.06,203072,140151705310256,2026-09-06T12:58:45.765-05:00
8eda54c8c45a,campaign-sf1,mado,tpch,Q22,Very Complex,commercial_a,non-indexed,1,4,3,1,django,sql,q22s3,0,0.546998,7,ok,,client-side:2700,1.06,203072,140151705310256,2026-09-06T12:58:46.312-05:00
8eda54c8c45a,campaign-sf1,mado,tpch,Q22,Very Complex,commercial_a,non-indexed,1,4,3,2,sqlalchemy,orm,q22s3,0,0.854408,7,ok,,client-side:2700,1.06,203072,140151705310256,2026-09-06T12:58:47.166-05:00
8eda54c8c45a,campaign-sf1,mado,tpch,Q22,Very Complex,commercial_a,non-indexed,1,4,3,3,django,orm,q22s3,0,7.808665,7,ok,,client-side:2700,1.05,203072,140151705310256,2026-09-06T12:58:54.975-05:00
8eda54c8c45a,campaign-sf1,mado,tpch,Q22,Very Complex,commercial_a,non-indexed,1,5,0,-1,django,sql,q22s4,2,0.573391,,ok,,client-side:2700,1.05,203072,140151705310256,2026-09-06T12:58:55.553-05:00
8eda54c8c45a,campaign-sf1,mado,tpch,Q22,Very Complex,commercial_a,non-indexed,1,5,0,-1,django,orm,q22s4,2,7.652956,,ok,,client-side:2700,1.05,203072,140151705310256,2026-09-06T12:59:03.206-05:00
8eda54c8c45a,campaign-sf1,mado,tpch,Q22,Very Complex,commercial_a,non-indexed,1,5,0,-1,sqlalchemy,sql,q22s4,2,0.569098,,ok,,client-side:2700,1.05,203072,140151705310256,2026-09-06T12:59:03.775-05:00
8eda54c8c45a,campaign-sf1,mado,tpch,Q22,Very Complex,commercial_a,non-indexed,1,5,0,-1,sqlalchemy,orm,q22s4,2,0.842159,,ok,,client-side:2700,1.04,203072,140151705310256,2026-09-06T12:59:04.618-05:00
8eda54c8c45a,campaign-sf1,mado,tpch,Q22,Very Complex,commercial_a,non-indexed,1,5,0,0,django,sql,q22s4,0,0.538843,7,ok,,client-side:2700,1.04,203072,140151705310256,2026-09-06T12:59:05.157-05:00
8eda54c8c45a,campaign-sf1,mado,tpch,Q22,Very Complex,commercial_a,non-indexed,1,5,0,1,django,orm,q22s4,0,7.719912,7,ok,,client-side:2700,1.12,203072,140151705310256,2026-09-06T12:59:12.877-05:00
8eda54c8c45a,campaign-sf1,mado,tpch,Q22,Very Complex,commercial_a,non-indexed,1,5,0,2,sqlalchemy,sql,q22s4,0,0.537392,7,ok,,client-side:2700,1.12,203072,140151705310256,2026-09-06T12:59:13.414-05:00
8eda54c8c45a,campaign-sf1,mado,tpch,Q22,Very Complex,commercial_a,non-indexed,1,5,0,3,sqlalchemy,orm,q22s4,0,0.848162,7,ok,,client-side:2700,1.11,203072,140151705310256,2026-09-06T12:59:14.262-05:00
8eda54c8c45a,campaign-sf1,mado,tpch,Q22,Very Complex,commercial_a,non-indexed,1,6,3,-1,django,sql,q22s5,2,0.577551,,ok,,client-side:2700,1.11,203072,140151705310256,2026-09-06T12:59:14.845-05:00
8eda54c8c45a,campaign-sf1,mado,tpch,Q22,Very Complex,commercial_a,non-indexed,1,6,3,-1,django,orm,q22s5,2,7.721291,,ok,,client-side:2700,1.1,203072,140151705310256,2026-09-06T12:59:22.566-05:00
8eda54c8c45a,campaign-sf1,mado,tpch,Q22,Very Complex,commercial_a,non-indexed,1,6,3,-1,sqlalchemy,sql,q22s5,2,0.576925,,ok,,client-side:2700,1.1,203072,140151705310256,2026-09-06T12:59:23.143-05:00
8eda54c8c45a,campaign-sf1,mado,tpch,Q22,Very Complex,commercial_a,non-indexed,1,6,3,-1,sqlalchemy,orm,q22s5,2,0.850368,,ok,,client-side:2700,1.1,203072,140151705310256,2026-09-06T12:59:23.994-05:00
8eda54c8c45a,campaign-sf1,mado,tpch,Q22,Very Complex,commercial_a,non-indexed,1,6,3,0,sqlalchemy,sql,q22s5,0,0.542522,7,ok,,client-side:2700,1.09,203072,140151705310256,2026-09-06T12:59:24.536-05:00
8eda54c8c45a,campaign-sf1,mado,tpch,Q22,Very Complex,commercial_a,non-indexed,1,6,3,1,django,sql,q22s5,0,0.539657,7,ok,,client-side:2700,1.09,203072,140151705310256,2026-09-06T12:59:25.076-05:00
8eda54c8c45a,campaign-sf1,mado,tpch,Q22,Very Complex,commercial_a,non-indexed,1,6,3,2,sqlalchemy,orm,q22s5,0,0.851793,7,ok,,client-side:2700,1.09,203072,140151705310256,2026-09-06T12:59:25.928-05:00
8eda54c8c45a,campaign-sf1,mado,tpch,Q22,Very Complex,commercial_a,non-indexed,1,6,3,3,django,orm,q22s5,0,7.784141,7,ok,,client-side:2700,1.08,203072,140151705310256,2026-09-06T12:59:33.712-05:00
8eda54c8c45a,campaign-sf1,mado,tpch,Q22,Very Complex,commercial_a,non-indexed,1,7,1,-1,django,sql,q22s6,2,0.574272,,ok,,client-side:2700,1.08,203072,140151705310256,2026-09-06T12:59:34.291-05:00
8eda54c8c45a,campaign-sf1,mado,tpch,Q22,Very Complex,commercial_a,non-indexed,1,7,1,-1,django,orm,q22s6,2,7.721083,,ok,,client-side:2700,1.07,203072,140151705310256,2026-09-06T12:59:42.012-05:00
8eda54c8c45a,campaign-sf1,mado,tpch,Q22,Very Complex,commercial_a,non-indexed,1,7,1,-1,sqlalchemy,sql,q22s6,2,0.571858,,ok,,client-side:2700,1.07,203072,140151705310256,2026-09-06T12:59:42.584-05:00
8eda54c8c45a,campaign-sf1,mado,tpch,Q22,Very Complex,commercial_a,non-indexed,1,7,1,-1,sqlalchemy,orm,q22s6,2,0.850487,,ok,,client-side:2700,1.07,203072,140151705310256,2026-09-06T12:59:43.435-05:00
8eda54c8c45a,campaign-sf1,mado,tpch,Q22,Very Complex,commercial_a,non-indexed,1,7,1,0,django,orm,q22s6,0,7.793024,7,ok,,client-side:2700,1.06,203072,140151705310256,2026-09-06T12:59:51.228-05:00
8eda54c8c45a,campaign-sf1,mado,tpch,Q22,Very Complex,commercial_a,non-indexed,1,7,1,1,sqlalchemy,orm,q22s6,0,0.85303,7,ok,,client-side:2700,1.06,203072,140151705310256,2026-09-06T12:59:52.081-05:00
8eda54c8c45a,campaign-sf1,mado,tpch,Q22,Very Complex,commercial_a,non-indexed,1,7,1,2,django,sql,q22s6,0,0.542354,7,ok,,client-side:2700,1.06,203072,140151705310256,2026-09-06T12:59:52.623-05:00
8eda54c8c45a,campaign-sf1,mado,tpch,Q22,Very Complex,commercial_a,non-indexed,1,7,1,3,sqlalchemy,sql,q22s6,0,0.542334,7,ok,,client-side:2700,1.06,203072,140151705310256,2026-09-06T12:59:53.166-05:00
8eda54c8c45a,campaign-sf1,mado,tpch,Q22,Very Complex,commercial_a,non-indexed,1,8,2,-1,django,sql,q22s7,2,0.576252,,ok,,client-side:2700,1.06,203072,140151705310256,2026-09-06T12:59:53.747-05:00
8eda54c8c45a,campaign-sf1,mado,tpch,Q22,Very Complex,commercial_a,non-indexed,1,8,2,-1,django,orm,q22s7,2,7.792909,,ok,,client-side:2700,1.05,203072,140151705310256,2026-09-06T13:00:01.540-05:00
8eda54c8c45a,campaign-sf1,mado,tpch,Q22,Very Complex,commercial_a,non-indexed,1,8,2,-1,sqlalchemy,sql,q22s7,2,0.573091,,ok,,client-side:2700,1.05,203072,140151705310256,2026-09-06T13:00:02.113-05:00
8eda54c8c45a,campaign-sf1,mado,tpch,Q22,Very Complex,commercial_a,non-indexed,1,8,2,-1,sqlalchemy,orm,q22s7,2,0.862833,,ok,,client-side:2700,1.05,203072,140151705310256,2026-09-06T13:00:02.976-05:00
8eda54c8c45a,campaign-sf1,mado,tpch,Q22,Very Complex,commercial_a,non-indexed,1,8,2,0,sqlalchemy,orm,q22s7,0,0.861229,7,ok,,client-side:2700,1.05,203072,140151705310256,2026-09-06T13:00:03.837-05:00
8eda54c8c45a,campaign-sf1,mado,tpch,Q22,Very Complex,commercial_a,non-indexed,1,8,2,1,sqlalchemy,sql,q22s7,0,0.541155,7,ok,,client-side:2700,1.05,203072,140151705310256,2026-09-06T13:00:04.379-05:00
8eda54c8c45a,campaign-sf1,mado,tpch,Q22,Very Complex,commercial_a,non-indexed,1,8,2,2,django,orm,q22s7,0,7.816836,7,ok,,client-side:2700,1.04,203072,140151705310256,2026-09-06T13:00:12.195-05:00
8eda54c8c45a,campaign-sf1,mado,tpch,Q22,Very Complex,commercial_a,non-indexed,1,8,2,3,django,sql,q22s7,0,0.543539,7,ok,,client-side:2700,1.04,203072,140151705310256,2026-09-06T13:00:12.739-05:00
