run_id,campaign_id,host,benchmark,query_id,band,dbms,schema_config,scale_factor,block,sequence_id,position,framework,path,param_set_id,is_warmup,elapsed_s,rows_returned,status,note,ceiling_s,load1,pid,session_id,timestamp
82a9914598f5,campaign-sf1,mado,tpch,Q01,Medium,commercial_a,indexed,1,0,1,0,django,orm,q01warm,1,6.088411,4,ok,,client-side,1.08,185693,125393731186000,2026-09-06T05:24:28.062-05:00
82a9914598f5,campaign-sf1,mado,tpch,Q01,Medium,commercial_a,indexed,1,0,1,1,sqlalchemy,orm,q01warm,1,4.189176,4,ok,,client-side,1.08,185693,125393731186000,2026-09-06T05:24:32.251-05:00
82a9914598f5,campaign-sf1,mado,tpch,Q01,Medium,commercial_a,indexed,1,0,1,2,django,sql,q01warm,1,3.184889,4,ok,,client-side,1.07,185693,125393731186000,2026-09-06T05:24:35.436-05:00
82a9914598f5,campaign-sf1,mado,tpch,Q01,Medium,commercial_a,indexed,1,0,1,3,sqlalchemy,sql,q01warm,1,3.136792,4,ok,,client-side,1.07,185693,125393731186000,2026-09-06T05:24:38.573-05:00
82a9914598f5,campaign-sf1,mado,tpch,Q01,Medium,commercial_a,indexed,1,1,3,-1,django,sql,q01s0,2,3.124932,,ok,,client-side,1.06,185693,125393731186000,2026-09-06T05:24:41.703-05:00
82a9914598f5,campaign-sf1,mado,tpch,Q01,Medium,commercial_a,indexed,1,1,3,-1,django,orm,q01s0,2,5.438019,,ok,,client-side,1.06,185693,125393731186000,2026-09-06T05:24:47.141-05:00
82a9914598f5,campaign-sf1,mado,tpch,Q01,Medium,commercial_a,indexed,1,1,3,-1,sqlalchemy,sql,q01s0,2,3.120708,,ok,,client-side,1.13,185693,125393731186000,2026-09-06T05:24:50.262-05:00
82a9914598f5,campaign-sf1,mado,tpch,Q01,Medium,commercial_a,indexed,1,1,3,-1,sqlalchemy,orm,q01s0,2,3.678864,,ok,,client-side,1.12,185693,125393731186000,2026-09-06T05:24:53.940-05:00
82a9914598f5,campaign-sf1,mado,tpch,Q01,Medium,commercial_a,indexed,1,1,3,0,sqlalchemy,sql,q01s0,0,3.120333,4,ok,,client-side,1.12,185693,125393731186000,2026-09-06T05:24:57.061-05:00
82a9914598f5,campaign-sf1,mado,tpch,Q01,Medium,commercial_a,indexed,1,1,3,1,django,sql,q01s0,0,3.263269,4,ok,,client-side,1.11,185693,125393731186000,2026-09-06T05:25:00.324-05:00
82a9914598f5,campaign-sf1,mado,tpch,Q01,Medium,commercial_a,indexed,1,1,3,2,sqlalchemy,orm,q01s0,0,3.722116,4,ok,,client-side,1.1,185693,125393731186000,2026-09-06T05:25:04.046-05:00
82a9914598f5,campaign-sf1,mado,tpch,Q01,Medium,commercial_a,indexed,1,1,3,3,django,orm,q01s0,0,5.51009,4,ok,,client-side,1.09,185693,125393731186000,2026-09-06T05:25:09.557-05:00
82a9914598f5,campaign-sf1,mado,tpch,Q01,Medium,commercial_a,indexed,1,2,0,-1,django,sql,q01s1,2,3.167109,,ok,,client-side,1.09,185693,125393731186000,2026-09-06T05:25:12.729-05:00
82a9914598f5,campaign-sf1,mado,tpch,Q01,Medium,commercial_a,indexed,1,2,0,-1,django,orm,q01s1,2,5.511061,,ok,,client-side,1.09,185693,125393731186000,2026-09-06T05:25:18.240-05:00
82a9914598f5,campaign-sf1,mado,tpch,Q01,Medium,commercial_a,indexed,1,2,0,-1,sqlalchemy,sql,q01s1,2,3.138602,,ok,,client-side,1.08,185693,125393731186000,2026-09-06T05:25:21.378-05:00
82a9914598f5,campaign-sf1,mado,tpch,Q01,Medium,commercial_a,indexed,1,2,0,-1,sqlalchemy,orm,q01s1,2,3.686445,,ok,,client-side,1.07,185693,125393731186000,2026-09-06T05:25:25.065-05:00
82a9914598f5,campaign-sf1,mado,tpch,Q01,Medium,commercial_a,indexed,1,2,0,0,django,sql,q01s1,0,3.135338,4,ok,,client-side,1.07,185693,125393731186000,2026-09-06T05:25:28.200-05:00
82a9914598f5,campaign-sf1,mado,tpch,Q01,Medium,commercial_a,indexed,1,2,0,1,django,orm,q01s1,0,5.462362,4,ok,,client-side,1.07,185693,125393731186000,2026-09-06T05:25:33.663-05:00
82a9914598f5,campaign-sf1,mado,tpch,Q01,Medium,commercial_a,indexed,1,2,0,2,sqlalchemy,sql,q01s1,0,3.190875,4,ok,,client-side,1.06,185693,125393731186000,2026-09-06T05:25:36.854-05:00
82a9914598f5,campaign-sf1,mado,tpch,Q01,Medium,commercial_a,indexed,1,2,0,3,sqlalchemy,orm,q01s1,0,3.677179,4,ok,,client-side,1.06,185693,125393731186000,2026-09-06T05:25:40.531-05:00
82a9914598f5,campaign-sf1,mado,tpch,Q01,Medium,commercial_a,indexed,1,3,1,-1,django,sql,q01s2,2,3.113786,,ok,,client-side,1.06,185693,125393731186000,2026-09-06T05:25:43.650-05:00
82a9914598f5,campaign-sf1,mado,tpch,Q01,Medium,commercial_a,indexed,1,3,1,-1,django,orm,q01s2,2,5.430683,,ok,,client-side,1.05,185693,125393731186000,2026-09-06T05:25:49.080-05:00
82a9914598f5,campaign-sf1,mado,tpch,Q01,Medium,commercial_a,indexed,1,3,1,-1,sqlalchemy,sql,q01s2,2,3.114665,,ok,,client-side,1.05,185693,125393731186000,2026-09-06T05:25:52.195-05:00
82a9914598f5,campaign-sf1,mado,tpch,Q01,Medium,commercial_a,indexed,1,3,1,-1,sqlalchemy,orm,q01s2,2,3.667257,,ok,,client-side,1.04,185693,125393731186000,2026-09-06T05:25:55.863-05:00
82a9914598f5,campaign-sf1,mado,tpch,Q01,Medium,commercial_a,indexed,1,3,1,0,django,orm,q01s2,0,5.743871,4,ok,,client-side,1.12,185693,125393731186000,2026-09-06T05:26:01.607-05:00
82a9914598f5,campaign-sf1,mado,tpch,Q01,Medium,commercial_a,indexed,1,3,1,1,sqlalchemy,orm,q01s2,0,3.719875,4,ok,,client-side,1.11,185693,125393731186000,2026-09-06T05:26:05.326-05:00
82a9914598f5,campaign-sf1,mado,tpch,Q01,Medium,commercial_a,indexed,1,3,1,2,django,sql,q01s2,0,3.118639,4,ok,,client-side,1.11,185693,125393731186000,2026-09-06T05:26:08.445-05:00
82a9914598f5,campaign-sf1,mado,tpch,Q01,Medium,commercial_a,indexed,1,3,1,3,sqlalchemy,sql,q01s2,0,3.176429,4,ok,,client-side,1.1,185693,125393731186000,2026-09-06T05:26:11.622-05:00
82a9914598f5,campaign-sf1,mado,tpch,Q01,Medium,commercial_a,indexed,1,4,2,-1,django,sql,q01s3,2,3.204382,,ok,,client-side,1.09,185693,125393731186000,2026-09-06T05:26:14.831-05:00
82a9914598f5,campaign-sf1,mado,tpch,Q01,Medium,commercial_a,indexed,1,4,2,-1,django,orm,q01s3,2,5.524179,,ok,,client-side,1.08,185693,125393731186000,2026-09-06T05:26:20.355-05:00
82a9914598f5,campaign-sf1,mado,tpch,Q01,Medium,commercial_a,indexed,1,4,2,-1,sqlalchemy,sql,q01s3,2,3.218092,,ok,,client-side,1.08,185693,125393731186000,2026-09-06T05:26:23.574-05:00
82a9914598f5,campaign-sf1,mado,tpch,Q01,Medium,commercial_a,indexed,1,4,2,-1,sqlalchemy,orm,q01s3,2,3.780761,,ok,,client-side,1.08,185693,125393731186000,2026-09-06T05:26:27.354-05:00
82a9914598f5,campaign-sf1,mado,tpch,Q01,Medium,commercial_a,indexed,1,4,2,0,sqlalchemy,orm,q01s3,0,3.714604,4,ok,,client-side,1.07,185693,125393731186000,2026-09-06T05:26:31.069-05:00
82a9914598f5,campaign-sf1,mado,tpch,Q01,Medium,commercial_a,indexed,1,4,2,1,sqlalchemy,sql,q01s3,0,3.337476,4,ok,,client-side,1.07,185693,125393731186000,2026-09-06T05:26:34.407-05:00
82a9914598f5,campaign-sf1,mado,tpch,Q01,Medium,commercial_a,indexed,1,4,2,2,django,orm,q01s3,0,5.480813,4,ok,,client-side,1.06,185693,125393731186000,2026-09-06T05:26:39.888-05:00
82a9914598f5,campaign-sf1,mado,tpch,Q01,Medium,commercial_a,indexed,1,4,2,3,django,sql,q01s3,0,3.143651,4,ok,,client-side,1.06,185693,125393731186000,2026-09-06T05:26:43.031-05:00
82a9914598f5,campaign-sf1,mado,tpch,Q01,Medium,commercial_a,indexed,1,5,3,-1,django,sql,q01s4,2,3.338137,,ok,,client-side,1.06,185693,125393731186000,2026-09-06T05:26:46.374-05:00
82a9914598f5,campaign-sf1,mado,tpch,Q01,Medium,commercial_a,indexed,1,5,3,-1,django,orm,q01s4,2,5.846372,,ok,,client-side,1.05,185693,125393731186000,2026-09-06T05:26:52.220-05:00
82a9914598f5,campaign-sf1,mado,tpch,Q01,Medium,commercial_a,indexed,1,5,3,-1,sqlalchemy,sql,q01s4,2,3.421188,,ok,,client-side,1.05,185693,125393731186000,2026-09-06T05:26:55.642-05:00
82a9914598f5,campaign-sf1,mado,tpch,Q01,Medium,commercial_a,indexed,1,5,3,-1,sqlalchemy,orm,q01s4,2,3.875857,,ok,,client-side,1.12,185693,125393731186000,2026-09-06T05:26:59.518-05:00
82a9914598f5,campaign-sf1,mado,tpch,Q01,Medium,commercial_a,indexed,1,5,3,0,sqlalchemy,sql,q01s4,0,3.138711,4,ok,,client-side,1.12,185693,125393731186000,2026-09-06T05:27:02.656-05:00
82a9914598f5,campaign-sf1,mado,tpch,Q01,Medium,commercial_a,indexed,1,5,3,1,django,sql,q01s4,0,3.140768,4,ok,,client-side,1.11,185693,125393731186000,2026-09-06T05:27:05.797-05:00
82a9914598f5,campaign-sf1,mado,tpch,Q01,Medium,commercial_a,indexed,1,5,3,2,sqlalchemy,orm,q01s4,0,3.703022,4,ok,,client-side,1.1,185693,125393731186000,2026-09-06T05:27:09.500-05:00
82a9914598f5,campaign-sf1,mado,tpch,Q01,Medium,commercial_a,indexed,1,5,3,3,django,orm,q01s4,0,5.468644,4,ok,,client-side,1.09,185693,125393731186000,2026-09-06T05:27:14.969-05:00
82a9914598f5,campaign-sf1,mado,tpch,Q01,Medium,commercial_a,indexed,1,6,2,-1,django,sql,q01s5,2,3.317076,,ok,,client-side,1.09,185693,125393731186000,2026-09-06T05:27:18.291-05:00
82a9914598f5,campaign-sf1,mado,tpch,Q01,Medium,commercial_a,indexed,1,6,2,-1,django,orm,q01s5,2,5.57963,,ok,,client-side,1.08,185693,125393731186000,2026-09-06T05:27:23.870-05:00
82a9914598f5,campaign-sf1,mado,tpch,Q01,Medium,commercial_a,indexed,1,6,2,-1,sqlalchemy,sql,q01s5,2,3.582362,,ok,,client-side,1.08,185693,125393731186000,2026-09-06T05:27:27.453-05:00
82a9914598f5,campaign-sf1,mado,tpch,Q01,Medium,commercial_a,indexed,1,6,2,-1,sqlalchemy,orm,q01s5,2,3.723206,,ok,,client-side,1.07,185693,125393731186000,2026-09-06T05:27:31.176-05:00
82a9914598f5,campaign-sf1,mado,tpch,Q01,Medium,commercial_a,indexed,1,6,2,0,sqlalchemy,orm,q01s5,0,4.051127,4,ok,,client-side,1.07,185693,125393731186000,2026-09-06T05:27:35.227-05:00
82a9914598f5,campaign-sf1,mado,tpch,Q01,Medium,commercial_a,indexed,1,6,2,1,sqlalchemy,sql,q01s5,0,3.249227,4,ok,,client-side,1.07,185693,125393731186000,2026-09-06T05:27:38.477-05:00
82a9914598f5,campaign-sf1,mado,tpch,Q01,Medium,commercial_a,indexed,1,6,2,2,django,orm,q01s5,0,6.172144,4,ok,,client-side,1.06,185693,125393731186000,2026-09-06T05:27:44.649-05:00
82a9914598f5,campaign-sf1,mado,tpch,Q01,Medium,commercial_a,indexed,1,6,2,3,django,sql,q01s5,0,3.194883,4,ok,,client-side,1.06,185693,125393731186000,2026-09-06T05:27:47.844-05:00
82a9914598f5,campaign-sf1,mado,tpch,Q01,Medium,commercial_a,indexed,1,7,1,-1,django,sql,q01s6,2,3.269063,,ok,,client-side,1.05,185693,125393731186000,2026-09-06T05:27:51.118-05:00
82a9914598f5,campaign-sf1,mado,tpch,Q01,Medium,commercial_a,indexed,1,7,1,-1,django,orm,q01s6,2,6.102716,,ok,,client-side,1.05,185693,125393731186000,2026-09-06T05:27:57.221-05:00
82a9914598f5,campaign-sf1,mado,tpch,Q01,Medium,commercial_a,indexed,1,7,1,-1,sqlalchemy,sql,q01s6,2,3.475756,,ok,,client-side,1.04,185693,125393731186000,2026-09-06T05:28:00.696-05:00
82a9914598f5,campaign-sf1,mado,tpch,Q01,Medium,commercial_a,indexed,1,7,1,-1,sqlalchemy,orm,q01s6,2,4.022116,,ok,,client-side,1.12,185693,125393731186000,2026-09-06T05:28:04.719-05:00
82a9914598f5,campaign-sf1,mado,tpch,Q01,Medium,commercial_a,indexed,1,7,1,0,django,orm,q01s6,0,5.800059,4,ok,,client-side,1.11,185693,125393731186000,2026-09-06T05:28:10.519-05:00
82a9914598f5,campaign-sf1,mado,tpch,Q01,Medium,commercial_a,indexed,1,7,1,1,sqlalchemy,orm,q01s6,0,3.65229,4,ok,,client-side,1.18,185693,125393731186000,2026-09-06T05:28:14.171-05:00
82a9914598f5,campaign-sf1,mado,tpch,Q01,Medium,commercial_a,indexed,1,7,1,2,django,sql,q01s6,0,3.115522,4,ok,,client-side,1.18,185693,125393731186000,2026-09-06T05:28:17.287-05:00
82a9914598f5,campaign-sf1,mado,tpch,Q01,Medium,commercial_a,indexed,1,7,1,3,sqlalchemy,sql,q01s6,0,3.166378,4,ok,,client-side,1.17,185693,125393731186000,2026-09-06T05:28:20.453-05:00
82a9914598f5,campaign-sf1,mado,tpch,Q01,Medium,commercial_a,indexed,1,8,0,-1,django,sql,q01s7,2,3.514782,,ok,,client-side,1.15,185693,125393731186000,2026-09-06T05:28:23.971-05:00
82a9914598f5,campaign-sf1,mado,tpch,Q01,Medium,commercial_a,indexed,1,8,0,-1,django,orm,q01s7,2,5.426412,,ok,,client-side,1.22,185693,125393731186000,2026-09-06T05:28:29.398-05:00
82a9914598f5,campaign-sf1,mado,tpch,Q01,Medium,commercial_a,indexed,1,8,0,-1,sqlalchemy,sql,q01s7,2,3.098875,,ok,,client-side,1.22,185693,125393731186000,2026-09-06T05:28:32.497-05:00
82a9914598f5,campaign-sf1,mado,tpch,Q01,Medium,commercial_a,indexed,1,8,0,-1,sqlalchemy,orm,q01s7,2,3.64818,,ok,,client-side,1.2,185693,125393731186000,2026-09-06T05:28:36.145-05:00
82a9914598f5,campaign-sf1,mado,tpch,Q01,Medium,commercial_a,indexed,1,8,0,0,django,sql,q01s7,0,3.091741,4,ok,,client-side,1.19,185693,125393731186000,2026-09-06T05:28:39.237-05:00
82a9914598f5,campaign-sf1,mado,tpch,Q01,Medium,commercial_a,indexed,1,8,0,1,django,orm,q01s7,0,5.363614,4,ok,,client-side,1.17,185693,125393731186000,2026-09-06T05:28:44.601-05:00
82a9914598f5,campaign-sf1,mado,tpch,Q01,Medium,commercial_a,indexed,1,8,0,2,sqlalchemy,sql,q01s7,0,3.186437,4,ok,,client-side,1.17,185693,125393731186000,2026-09-06T05:28:47.787-05:00
82a9914598f5,campaign-sf1,mado,tpch,Q01,Medium,commercial_a,indexed,1,8,0,3,sqlalchemy,orm,q01s7,0,3.652523,4,ok,,client-side,1.24,185693,125393731186000,2026-09-06T05:28:51.440-05:00
d14ac42a5f47,campaign-sf1,mado,tpch,Q02,Complex,commercial_a,indexed,1,0,1,0,django,orm,q02warm,1,0.535328,100,ok,,client-side,1.24,185746,137478206972960,2026-09-06T05:28:53.394-05:00
d14ac42a5f47,campaign-sf1,mado,tpch,Q02,Complex,commercial_a,indexed,1,0,1,1,sqlalchemy,orm,q02warm,1,0.718955,100,ok,,client-side,1.22,185746,137478206972960,2026-09-06T05:28:54.113-05:00
d14ac42a5f47,campaign-sf1,mado,tpch,Q02,Complex,commercial_a,indexed,1,0,1,2,django,sql,q02warm,1,0.508163,100,ok,,client-side,1.22,185746,137478206972960,2026-09-06T05:28:54.621-05:00
d14ac42a5f47,campaign-sf1,mado,tpch,Q02,Complex,commercial_a,indexed,1,0,1,3,sqlalchemy,sql,q02warm,1,0.515796,100,ok,,client-side,1.22,185746,137478206972960,2026-09-06T05:28:55.137-05:00
d14ac42a5f47,campaign-sf1,mado,tpch,Q02,Complex,commercial_a,indexed,1,1,1,-1,django,sql,q02s0,2,0.511336,,ok,,client-side,1.22,185746,137478206972960,2026-09-06T05:28:55.653-05:00
d14ac42a5f47,campaign-sf1,mado,tpch,Q02,Complex,commercial_a,indexed,1,1,1,-1,django,orm,q02s0,2,0.144982,,ok,,client-side,1.22,185746,137478206972960,2026-09-06T05:28:55.798-05:00
d14ac42a5f47,campaign-sf1,mado,tpch,Q02,Complex,commercial_a,indexed,1,1,1,-1,sqlalchemy,sql,q02s0,2,0.492833,,ok,,client-side,1.22,185746,137478206972960,2026-09-06T05:28:56.291-05:00
d14ac42a5f47,campaign-sf1,mado,tpch,Q02,Complex,commercial_a,indexed,1,1,1,-1,sqlalchemy,orm,q02s0,2,0.189909,,ok,,client-side,1.22,185746,137478206972960,2026-09-06T05:28:56.481-05:00
d14ac42a5f47,campaign-sf1,mado,tpch,Q02,Complex,commercial_a,indexed,1,1,1,0,django,orm,q02s0,0,0.127918,100,ok,,client-side,1.22,185746,137478206972960,2026-09-06T05:28:56.609-05:00
d14ac42a5f47,campaign-sf1,mado,tpch,Q02,Complex,commercial_a,indexed,1,1,1,1,sqlalchemy,orm,q02s0,0,0.195251,100,ok,,client-side,1.22,185746,137478206972960,2026-09-06T05:28:56.804-05:00
d14ac42a5f47,campaign-sf1,mado,tpch,Q02,Complex,commercial_a,indexed,1,1,1,2,django,sql,q02s0,0,0.189739,100,ok,,client-side,1.22,185746,137478206972960,2026-09-06T05:28:56.994-05:00
d14ac42a5f47,campaign-sf1,mado,tpch,Q02,Complex,commercial_a,indexed,1,1,1,3,sqlalchemy,sql,q02s0,0,0.188011,100,ok,,client-side,1.22,185746,137478206972960,2026-09-06T05:28:57.182-05:00
d14ac42a5f47,campaign-sf1,mado,tpch,Q02,Complex,commercial_a,indexed,1,2,2,-1,django,sql,q02s1,2,0.519274,,ok,,client-side,1.22,185746,137478206972960,2026-09-06T05:28:57.706-05:00
d14ac42a5f47,campaign-sf1,mado,tpch,Q02,Complex,commercial_a,indexed,1,2,2,-1,django,orm,q02s1,2,0.285511,,ok,,client-side,1.22,185746,137478206972960,2026-09-06T05:28:57.992-05:00
d14ac42a5f47,campaign-sf1,mado,tpch,Q02,Complex,commercial_a,indexed,1,2,2,-1,sqlalchemy,sql,q02s1,2,0.498689,,ok,,client-side,1.22,185746,137478206972960,2026-09-06T05:28:58.491-05:00
d14ac42a5f47,campaign-sf1,mado,tpch,Q02,Complex,commercial_a,indexed,1,2,2,-1,sqlalchemy,orm,q02s1,2,0.517533,,ok,,client-side,1.2,185746,137478206972960,2026-09-06T05:28:59.008-05:00
d14ac42a5f47,campaign-sf1,mado,tpch,Q02,Complex,commercial_a,indexed,1,2,2,0,sqlalchemy,orm,q02s1,0,0.191867,100,ok,,client-side,1.2,185746,137478206972960,2026-09-06T05:28:59.200-05:00
d14ac42a5f47,campaign-sf1,mado,tpch,Q02,Complex,commercial_a,indexed,1,2,2,1,sqlalchemy,sql,q02s1,0,0.231268,100,ok,,client-side,1.2,185746,137478206972960,2026-09-06T05:28:59.432-05:00
d14ac42a5f47,campaign-sf1,mado,tpch,Q02,Complex,commercial_a,indexed,1,2,2,2,django,orm,q02s1,0,0.140718,100,ok,,client-side,1.2,185746,137478206972960,2026-09-06T05:28:59.572-05:00
d14ac42a5f47,campaign-sf1,mado,tpch,Q02,Complex,commercial_a,indexed,1,2,2,3,django,sql,q02s1,0,0.185032,100,ok,,client-side,1.2,185746,137478206972960,2026-09-06T05:28:59.758-05:00
d14ac42a5f47,campaign-sf1,mado,tpch,Q02,Complex,commercial_a,indexed,1,3,3,-1,django,sql,q02s2,2,0.514361,,ok,,client-side,1.2,185746,137478206972960,2026-09-06T05:29:00.276-05:00
d14ac42a5f47,campaign-sf1,mado,tpch,Q02,Complex,commercial_a,indexed,1,3,3,-1,django,orm,q02s2,2,0.272605,,ok,,client-side,1.2,185746,137478206972960,2026-09-06T05:29:00.549-05:00
d14ac42a5f47,campaign-sf1,mado,tpch,Q02,Complex,commercial_a,indexed,1,3,3,-1,sqlalchemy,sql,q02s2,2,0.503647,,ok,,client-side,1.2,185746,137478206972960,2026-09-06T05:29:01.053-05:00
d14ac42a5f47,campaign-sf1,mado,tpch,Q02,Complex,commercial_a,indexed,1,3,3,-1,sqlalchemy,orm,q02s2,2,0.528552,,ok,,client-side,1.2,185746,137478206972960,2026-09-06T05:29:01.582-05:00
d14ac42a5f47,campaign-sf1,mado,tpch,Q02,Complex,commercial_a,indexed,1,3,3,0,sqlalchemy,sql,q02s2,0,0.183935,100,ok,,client-side,1.2,185746,137478206972960,2026-09-06T05:29:01.766-05:00
d14ac42a5f47,campaign-sf1,mado,tpch,Q02,Complex,commercial_a,indexed,1,3,3,1,django,sql,q02s2,0,0.182508,100,ok,,client-side,1.2,185746,137478206972960,2026-09-06T05:29:01.948-05:00
d14ac42a5f47,campaign-sf1,mado,tpch,Q02,Complex,commercial_a,indexed,1,3,3,2,sqlalchemy,orm,q02s2,0,0.196847,100,ok,,client-side,1.2,185746,137478206972960,2026-09-06T05:29:02.145-05:00
d14ac42a5f47,campaign-sf1,mado,tpch,Q02,Complex,commercial_a,indexed,1,3,3,3,django,orm,q02s2,0,0.131033,100,ok,,client-side,1.2,185746,137478206972960,2026-09-06T05:29:02.276-05:00
d14ac42a5f47,campaign-sf1,mado,tpch,Q02,Complex,commercial_a,indexed,1,4,0,-1,django,sql,q02s3,2,0.513186,,ok,,client-side,1.2,185746,137478206972960,2026-09-06T05:29:02.794-05:00
d14ac42a5f47,campaign-sf1,mado,tpch,Q02,Complex,commercial_a,indexed,1,4,0,-1,django,orm,q02s3,2,0.271579,,ok,,client-side,1.2,185746,137478206972960,2026-09-06T05:29:03.066-05:00
d14ac42a5f47,campaign-sf1,mado,tpch,Q02,Complex,commercial_a,indexed,1,4,0,-1,sqlalchemy,sql,q02s3,2,0.510866,,ok,,client-side,1.2,185746,137478206972960,2026-09-06T05:29:03.577-05:00
d14ac42a5f47,campaign-sf1,mado,tpch,Q02,Complex,commercial_a,indexed,1,4,0,-1,sqlalchemy,orm,q02s3,2,0.574965,,ok,,client-side,1.18,185746,137478206972960,2026-09-06T05:29:04.152-05:00
d14ac42a5f47,campaign-sf1,mado,tpch,Q02,Complex,commercial_a,indexed,1,4,0,0,django,sql,q02s3,0,0.181861,100,ok,,client-side,1.18,185746,137478206972960,2026-09-06T05:29:04.334-05:00
d14ac42a5f47,campaign-sf1,mado,tpch,Q02,Complex,commercial_a,indexed,1,4,0,1,django,orm,q02s3,0,0.136409,100,ok,,client-side,1.18,185746,137478206972960,2026-09-06T05:29:04.470-05:00
d14ac42a5f47,campaign-sf1,mado,tpch,Q02,Complex,commercial_a,indexed,1,4,0,2,sqlalchemy,sql,q02s3,0,0.187384,100,ok,,client-side,1.18,185746,137478206972960,2026-09-06T05:29:04.658-05:00
d14ac42a5f47,campaign-sf1,mado,tpch,Q02,Complex,commercial_a,indexed,1,4,0,3,sqlalchemy,orm,q02s3,0,0.188971,100,ok,,client-side,1.18,185746,137478206972960,2026-09-06T05:29:04.847-05:00
d14ac42a5f47,campaign-sf1,mado,tpch,Q02,Complex,commercial_a,indexed,1,5,2,-1,django,sql,q02s4,2,0.504115,,ok,,client-side,1.18,185746,137478206972960,2026-09-06T05:29:05.356-05:00
d14ac42a5f47,campaign-sf1,mado,tpch,Q02,Complex,commercial_a,indexed,1,5,2,-1,django,orm,q02s4,2,0.141352,,ok,,client-side,1.18,185746,137478206972960,2026-09-06T05:29:05.497-05:00
d14ac42a5f47,campaign-sf1,mado,tpch,Q02,Complex,commercial_a,indexed,1,5,2,-1,sqlalchemy,sql,q02s4,2,0.4966,,ok,,client-side,1.18,185746,137478206972960,2026-09-06T05:29:05.994-05:00
d14ac42a5f47,campaign-sf1,mado,tpch,Q02,Complex,commercial_a,indexed,1,5,2,-1,sqlalchemy,orm,q02s4,2,0.190862,,ok,,client-side,1.18,185746,137478206972960,2026-09-06T05:29:06.185-05:00
d14ac42a5f47,campaign-sf1,mado,tpch,Q02,Complex,commercial_a,indexed,1,5,2,0,sqlalchemy,orm,q02s4,0,0.193574,100,ok,,client-side,1.18,185746,137478206972960,2026-09-06T05:29:06.379-05:00
d14ac42a5f47,campaign-sf1,mado,tpch,Q02,Complex,commercial_a,indexed,1,5,2,1,sqlalchemy,sql,q02s4,0,0.185047,100,ok,,client-side,1.18,185746,137478206972960,2026-09-06T05:29:06.564-05:00
d14ac42a5f47,campaign-sf1,mado,tpch,Q02,Complex,commercial_a,indexed,1,5,2,2,django,orm,q02s4,0,0.130857,100,ok,,client-side,1.18,185746,137478206972960,2026-09-06T05:29:06.695-05:00
d14ac42a5f47,campaign-sf1,mado,tpch,Q02,Complex,commercial_a,indexed,1,5,2,3,django,sql,q02s4,0,0.194249,100,ok,,client-side,1.18,185746,137478206972960,2026-09-06T05:29:06.889-05:00
d14ac42a5f47,campaign-sf1,mado,tpch,Q02,Complex,commercial_a,indexed,1,6,0,-1,django,sql,q02s5,2,0.501277,,ok,,client-side,1.18,185746,137478206972960,2026-09-06T05:29:07.395-05:00
d14ac42a5f47,campaign-sf1,mado,tpch,Q02,Complex,commercial_a,indexed,1,6,0,-1,django,orm,q02s5,2,0.271934,,ok,,client-side,1.18,185746,137478206972960,2026-09-06T05:29:07.667-05:00
d14ac42a5f47,campaign-sf1,mado,tpch,Q02,Complex,commercial_a,indexed,1,6,0,-1,sqlalchemy,sql,q02s5,2,0.49672,,ok,,client-side,1.18,185746,137478206972960,2026-09-06T05:29:08.164-05:00
d14ac42a5f47,campaign-sf1,mado,tpch,Q02,Complex,commercial_a,indexed,1,6,0,-1,sqlalchemy,orm,q02s5,2,0.568926,,ok,,client-side,1.18,185746,137478206972960,2026-09-06T05:29:08.733-05:00
d14ac42a5f47,campaign-sf1,mado,tpch,Q02,Complex,commercial_a,indexed,1,6,0,0,django,sql,q02s5,0,0.190096,100,ok,,client-side,1.17,185746,137478206972960,2026-09-06T05:29:08.923-05:00
d14ac42a5f47,campaign-sf1,mado,tpch,Q02,Complex,commercial_a,indexed,1,6,0,1,django,orm,q02s5,0,0.134901,100,ok,,client-side,1.17,185746,137478206972960,2026-09-06T05:29:09.058-05:00
d14ac42a5f47,campaign-sf1,mado,tpch,Q02,Complex,commercial_a,indexed,1,6,0,2,sqlalchemy,sql,q02s5,0,0.187272,100,ok,,client-side,1.17,185746,137478206972960,2026-09-06T05:29:09.245-05:00
d14ac42a5f47,campaign-sf1,mado,tpch,Q02,Complex,commercial_a,indexed,1,6,0,3,sqlalchemy,orm,q02s5,0,0.188338,100,ok,,client-side,1.17,185746,137478206972960,2026-09-06T05:29:09.434-05:00
d14ac42a5f47,campaign-sf1,mado,tpch,Q02,Complex,commercial_a,indexed,1,7,1,-1,django,sql,q02s6,2,0.505426,,ok,,client-side,1.17,185746,137478206972960,2026-09-06T05:29:09.944-05:00
d14ac42a5f47,campaign-sf1,mado,tpch,Q02,Complex,commercial_a,indexed,1,7,1,-1,django,orm,q02s6,2,0.281277,,ok,,client-side,1.17,185746,137478206972960,2026-09-06T05:29:10.225-05:00
d14ac42a5f47,campaign-sf1,mado,tpch,Q02,Complex,commercial_a,indexed,1,7,1,-1,sqlalchemy,sql,q02s6,2,0.513251,,ok,,client-side,1.17,185746,137478206972960,2026-09-06T05:29:10.739-05:00
d14ac42a5f47,campaign-sf1,mado,tpch,Q02,Complex,commercial_a,indexed,1,7,1,-1,sqlalchemy,orm,q02s6,2,0.190816,,ok,,client-side,1.17,185746,137478206972960,2026-09-06T05:29:10.929-05:00
d14ac42a5f47,campaign-sf1,mado,tpch,Q02,Complex,commercial_a,indexed,1,7,1,0,django,orm,q02s6,0,0.134157,100,ok,,client-side,1.17,185746,137478206972960,2026-09-06T05:29:11.064-05:00
d14ac42a5f47,campaign-sf1,mado,tpch,Q02,Complex,commercial_a,indexed,1,7,1,1,sqlalchemy,orm,q02s6,0,0.194815,100,ok,,client-side,1.17,185746,137478206972960,2026-09-06T05:29:11.259-05:00
d14ac42a5f47,campaign-sf1,mado,tpch,Q02,Complex,commercial_a,indexed,1,7,1,2,django,sql,q02s6,0,0.18576,100,ok,,client-side,1.17,185746,137478206972960,2026-09-06T05:29:11.444-05:00
d14ac42a5f47,campaign-sf1,mado,tpch,Q02,Complex,commercial_a,indexed,1,7,1,3,sqlalchemy,sql,q02s6,0,0.191402,100,ok,,client-side,1.17,185746,137478206972960,2026-09-06T05:29:11.636-05:00
d14ac42a5f47,campaign-sf1,mado,tpch,Q02,Complex,commercial_a,indexed,1,8,3,-1,django,sql,q02s7,2,0.507273,,ok,,client-side,1.17,185746,137478206972960,2026-09-06T05:29:12.148-05:00
d14ac42a5f47,campaign-sf1,mado,tpch,Q02,Complex,commercial_a,indexed,1,8,3,-1,django,orm,q02s7,2,0.26443,,ok,,client-side,1.17,185746,137478206972960,2026-09-06T05:29:12.413-05:00
d14ac42a5f47,campaign-sf1,mado,tpch,Q02,Complex,commercial_a,indexed,1,8,3,-1,sqlalchemy,sql,q02s7,2,0.50098,,ok,,client-side,1.17,185746,137478206972960,2026-09-06T05:29:12.914-05:00
d14ac42a5f47,campaign-sf1,mado,tpch,Q02,Complex,commercial_a,indexed,1,8,3,-1,sqlalchemy,orm,q02s7,2,0.524827,,ok,,client-side,1.17,185746,137478206972960,2026-09-06T05:29:13.439-05:00
d14ac42a5f47,campaign-sf1,mado,tpch,Q02,Complex,commercial_a,indexed,1,8,3,0,sqlalchemy,sql,q02s7,0,0.189956,100,ok,,client-side,1.17,185746,137478206972960,2026-09-06T05:29:13.629-05:00
d14ac42a5f47,campaign-sf1,mado,tpch,Q02,Complex,commercial_a,indexed,1,8,3,1,django,sql,q02s7,0,0.18591,100,ok,,client-side,1.16,185746,137478206972960,2026-09-06T05:29:13.815-05:00
d14ac42a5f47,campaign-sf1,mado,tpch,Q02,Complex,commercial_a,indexed,1,8,3,2,sqlalchemy,orm,q02s7,0,0.191105,100,ok,,client-side,1.16,185746,137478206972960,2026-09-06T05:29:14.006-05:00
d14ac42a5f47,campaign-sf1,mado,tpch,Q02,Complex,commercial_a,indexed,1,8,3,3,django,orm,q02s7,0,0.141937,100,ok,,client-side,1.16,185746,137478206972960,2026-09-06T05:29:14.148-05:00
4159d6c2213b,campaign-sf1,mado,tpch,Q03,Medium,commercial_a,indexed,1,0,2,0,sqlalchemy,orm,q03warm,1,3.222917,10,ok,,client-side,1.22,185748,136920381407600,2026-09-06T05:29:18.795-05:00
4159d6c2213b,campaign-sf1,mado,tpch,Q03,Medium,commercial_a,indexed,1,0,2,1,sqlalchemy,sql,q03warm,1,3.852755,10,ok,,client-side,1.22,185748,136920381407600,2026-09-06T05:29:22.648-05:00
4159d6c2213b,campaign-sf1,mado,tpch,Q03,Medium,commercial_a,indexed,1,0,2,2,django,orm,q03warm,1,3.025317,10,ok,,client-side,1.21,185748,136920381407600,2026-09-06T05:29:25.673-05:00
4159d6c2213b,campaign-sf1,mado,tpch,Q03,Medium,commercial_a,indexed,1,0,2,3,django,sql,q03warm,1,1.575726,10,ok,,client-side,1.21,185748,136920381407600,2026-09-06T05:29:27.249-05:00
4159d6c2213b,campaign-sf1,mado,tpch,Q03,Medium,commercial_a,indexed,1,1,2,-1,django,sql,q03s0,2,1.327467,,ok,,client-side,1.21,185748,136920381407600,2026-09-06T05:29:28.580-05:00
4159d6c2213b,campaign-sf1,mado,tpch,Q03,Medium,commercial_a,indexed,1,1,2,-1,django,orm,q03s0,2,1.394962,,ok,,client-side,1.19,185748,136920381407600,2026-09-06T05:29:29.975-05:00
4159d6c2213b,campaign-sf1,mado,tpch,Q03,Medium,commercial_a,indexed,1,1,2,-1,sqlalchemy,sql,q03s0,2,1.314058,,ok,,client-side,1.19,185748,136920381407600,2026-09-06T05:29:31.289-05:00
4159d6c2213b,campaign-sf1,mado,tpch,Q03,Medium,commercial_a,indexed,1,1,2,-1,sqlalchemy,orm,q03s0,2,1.387854,,ok,,client-side,1.19,185748,136920381407600,2026-09-06T05:29:32.677-05:00
4159d6c2213b,campaign-sf1,mado,tpch,Q03,Medium,commercial_a,indexed,1,1,2,0,sqlalchemy,orm,q03s0,0,1.397034,10,ok,,client-side,1.17,185748,136920381407600,2026-09-06T05:29:34.074-05:00
4159d6c2213b,campaign-sf1,mado,tpch,Q03,Medium,commercial_a,indexed,1,1,2,1,sqlalchemy,sql,q03s0,0,1.354765,10,ok,,client-side,1.17,185748,136920381407600,2026-09-06T05:29:35.429-05:00
4159d6c2213b,campaign-sf1,mado,tpch,Q03,Medium,commercial_a,indexed,1,1,2,2,django,orm,q03s0,0,1.400486,10,ok,,client-side,1.17,185748,136920381407600,2026-09-06T05:29:36.830-05:00
4159d6c2213b,campaign-sf1,mado,tpch,Q03,Medium,commercial_a,indexed,1,1,2,3,django,sql,q03s0,0,1.308095,10,ok,,client-side,1.17,185748,136920381407600,2026-09-06T05:29:38.138-05:00
4159d6c2213b,campaign-sf1,mado,tpch,Q03,Medium,commercial_a,indexed,1,2,1,-1,django,sql,q03s1,2,1.514883,,ok,,client-side,1.16,185748,136920381407600,2026-09-06T05:29:39.657-05:00
4159d6c2213b,campaign-sf1,mado,tpch,Q03,Medium,commercial_a,indexed,1,2,1,-1,django,orm,q03s1,2,1.383659,,ok,,client-side,1.16,185748,136920381407600,2026-09-06T05:29:41.041-05:00
4159d6c2213b,campaign-sf1,mado,tpch,Q03,Medium,commercial_a,indexed,1,2,1,-1,sqlalchemy,sql,q03s1,2,1.35195,,ok,,client-side,1.16,185748,136920381407600,2026-09-06T05:29:42.393-05:00
4159d6c2213b,campaign-sf1,mado,tpch,Q03,Medium,commercial_a,indexed,1,2,1,-1,sqlalchemy,orm,q03s1,2,1.661788,,ok,,client-side,1.15,185748,136920381407600,2026-09-06T05:29:44.055-05:00
4159d6c2213b,campaign-sf1,mado,tpch,Q03,Medium,commercial_a,indexed,1,2,1,0,django,orm,q03s1,0,1.280808,10,ok,,client-side,1.15,185748,136920381407600,2026-09-06T05:29:45.336-05:00
4159d6c2213b,campaign-sf1,mado,tpch,Q03,Medium,commercial_a,indexed,1,2,1,1,sqlalchemy,orm,q03s1,0,1.70439,10,ok,,client-side,1.15,185748,136920381407600,2026-09-06T05:29:47.040-05:00
4159d6c2213b,campaign-sf1,mado,tpch,Q03,Medium,commercial_a,indexed,1,2,1,2,django,sql,q03s1,0,1.237929,10,ok,,client-side,1.15,185748,136920381407600,2026-09-06T05:29:48.278-05:00
4159d6c2213b,campaign-sf1,mado,tpch,Q03,Medium,commercial_a,indexed,1,2,1,3,sqlalchemy,sql,q03s1,0,1.219649,10,ok,,client-side,1.13,185748,136920381407600,2026-09-06T05:29:49.498-05:00
4159d6c2213b,campaign-sf1,mado,tpch,Q03,Medium,commercial_a,indexed,1,3,3,-1,django,sql,q03s2,2,1.310295,,ok,,client-side,1.13,185748,136920381407600,2026-09-06T05:29:50.813-05:00
4159d6c2213b,campaign-sf1,mado,tpch,Q03,Medium,commercial_a,indexed,1,3,3,-1,django,orm,q03s2,2,1.330523,,ok,,client-side,1.13,185748,136920381407600,2026-09-06T05:29:52.144-05:00
4159d6c2213b,campaign-sf1,mado,tpch,Q03,Medium,commercial_a,indexed,1,3,3,-1,sqlalchemy,sql,q03s2,2,1.291219,,ok,,client-side,1.13,185748,136920381407600,2026-09-06T05:29:53.435-05:00
4159d6c2213b,campaign-sf1,mado,tpch,Q03,Medium,commercial_a,indexed,1,3,3,-1,sqlalchemy,orm,q03s2,2,1.297479,,ok,,client-side,1.12,185748,136920381407600,2026-09-06T05:29:54.733-05:00
4159d6c2213b,campaign-sf1,mado,tpch,Q03,Medium,commercial_a,indexed,1,3,3,0,sqlalchemy,sql,q03s2,0,1.208116,10,ok,,client-side,1.12,185748,136920381407600,2026-09-06T05:29:55.941-05:00
4159d6c2213b,campaign-sf1,mado,tpch,Q03,Medium,commercial_a,indexed,1,3,3,1,django,sql,q03s2,0,1.217417,10,ok,,client-side,1.12,185748,136920381407600,2026-09-06T05:29:57.158-05:00
4159d6c2213b,campaign-sf1,mado,tpch,Q03,Medium,commercial_a,indexed,1,3,3,2,sqlalchemy,orm,q03s2,0,1.296207,10,ok,,client-side,1.12,185748,136920381407600,2026-09-06T05:29:58.455-05:00
4159d6c2213b,campaign-sf1,mado,tpch,Q03,Medium,commercial_a,indexed,1,3,3,3,django,orm,q03s2,0,1.261875,10,ok,,client-side,1.11,185748,136920381407600,2026-09-06T05:29:59.716-05:00
4159d6c2213b,campaign-sf1,mado,tpch,Q03,Medium,commercial_a,indexed,1,4,0,-1,django,sql,q03s3,2,1.294169,,ok,,client-side,1.11,185748,136920381407600,2026-09-06T05:30:01.015-05:00
4159d6c2213b,campaign-sf1,mado,tpch,Q03,Medium,commercial_a,indexed,1,4,0,-1,django,orm,q03s3,2,1.264954,,ok,,client-side,1.11,185748,136920381407600,2026-09-06T05:30:02.280-05:00
4159d6c2213b,campaign-sf1,mado,tpch,Q03,Medium,commercial_a,indexed,1,4,0,-1,sqlalchemy,sql,q03s3,2,1.290324,,ok,,client-side,1.11,185748,136920381407600,2026-09-06T05:30:03.571-05:00
4159d6c2213b,campaign-sf1,mado,tpch,Q03,Medium,commercial_a,indexed,1,4,0,-1,sqlalchemy,orm,q03s3,2,1.299068,,ok,,client-side,1.1,185748,136920381407600,2026-09-06T05:30:04.870-05:00
4159d6c2213b,campaign-sf1,mado,tpch,Q03,Medium,commercial_a,indexed,1,4,0,0,django,sql,q03s3,0,1.218373,10,ok,,client-side,1.1,185748,136920381407600,2026-09-06T05:30:06.089-05:00
4159d6c2213b,campaign-sf1,mado,tpch,Q03,Medium,commercial_a,indexed,1,4,0,1,django,orm,q03s3,0,1.262471,10,ok,,client-side,1.1,185748,136920381407600,2026-09-06T05:30:07.351-05:00
4159d6c2213b,campaign-sf1,mado,tpch,Q03,Medium,commercial_a,indexed,1,4,0,2,sqlalchemy,sql,q03s3,0,1.311752,10,ok,,client-side,1.1,185748,136920381407600,2026-09-06T05:30:08.663-05:00
4159d6c2213b,campaign-sf1,mado,tpch,Q03,Medium,commercial_a,indexed,1,4,0,3,sqlalchemy,orm,q03s3,0,1.402556,10,ok,,client-side,1.1,185748,136920381407600,2026-09-06T05:30:10.066-05:00
4159d6c2213b,campaign-sf1,mado,tpch,Q03,Medium,commercial_a,indexed,1,5,3,-1,django,sql,q03s4,2,1.301016,,ok,,client-side,1.1,185748,136920381407600,2026-09-06T05:30:11.371-05:00
4159d6c2213b,campaign-sf1,mado,tpch,Q03,Medium,commercial_a,indexed,1,5,3,-1,django,orm,q03s4,2,1.394265,,ok,,client-side,1.1,185748,136920381407600,2026-09-06T05:30:12.766-05:00
4159d6c2213b,campaign-sf1,mado,tpch,Q03,Medium,commercial_a,indexed,1,5,3,-1,sqlalchemy,sql,q03s4,2,1.375045,,ok,,client-side,1.09,185748,136920381407600,2026-09-06T05:30:14.141-05:00
4159d6c2213b,campaign-sf1,mado,tpch,Q03,Medium,commercial_a,indexed,1,5,3,-1,sqlalchemy,orm,q03s4,2,1.480153,,ok,,client-side,1.09,185748,136920381407600,2026-09-06T05:30:15.621-05:00
4159d6c2213b,campaign-sf1,mado,tpch,Q03,Medium,commercial_a,indexed,1,5,3,0,sqlalchemy,sql,q03s4,0,1.476108,10,ok,,client-side,1.09,185748,136920381407600,2026-09-06T05:30:17.097-05:00
4159d6c2213b,campaign-sf1,mado,tpch,Q03,Medium,commercial_a,indexed,1,5,3,1,django,sql,q03s4,0,1.230773,10,ok,,client-side,1.09,185748,136920381407600,2026-09-06T05:30:18.328-05:00
4159d6c2213b,campaign-sf1,mado,tpch,Q03,Medium,commercial_a,indexed,1,5,3,2,sqlalchemy,orm,q03s4,0,1.434576,10,ok,,client-side,1.08,185748,136920381407600,2026-09-06T05:30:19.763-05:00
4159d6c2213b,campaign-sf1,mado,tpch,Q03,Medium,commercial_a,indexed,1,5,3,3,django,orm,q03s4,0,1.396996,10,ok,,client-side,1.08,185748,136920381407600,2026-09-06T05:30:21.160-05:00
4159d6c2213b,campaign-sf1,mado,tpch,Q03,Medium,commercial_a,indexed,1,6,0,-1,django,sql,q03s5,2,1.494617,,ok,,client-side,1.08,185748,136920381407600,2026-09-06T05:30:22.659-05:00
4159d6c2213b,campaign-sf1,mado,tpch,Q03,Medium,commercial_a,indexed,1,6,0,-1,django,orm,q03s5,2,1.478699,,ok,,client-side,1.07,185748,136920381407600,2026-09-06T05:30:24.138-05:00
4159d6c2213b,campaign-sf1,mado,tpch,Q03,Medium,commercial_a,indexed,1,6,0,-1,sqlalchemy,sql,q03s5,2,2.677043,,ok,,client-side,1.07,185748,136920381407600,2026-09-06T05:30:26.815-05:00
4159d6c2213b,campaign-sf1,mado,tpch,Q03,Medium,commercial_a,indexed,1,6,0,-1,sqlalchemy,orm,q03s5,2,1.618224,,ok,,client-side,1.07,185748,136920381407600,2026-09-06T05:30:28.434-05:00
4159d6c2213b,campaign-sf1,mado,tpch,Q03,Medium,commercial_a,indexed,1,6,0,0,django,sql,q03s5,0,1.284848,10,ok,,client-side,1.07,185748,136920381407600,2026-09-06T05:30:29.719-05:00
4159d6c2213b,campaign-sf1,mado,tpch,Q03,Medium,commercial_a,indexed,1,6,0,1,django,orm,q03s5,0,1.397414,10,ok,,client-side,1.07,185748,136920381407600,2026-09-06T05:30:31.116-05:00
4159d6c2213b,campaign-sf1,mado,tpch,Q03,Medium,commercial_a,indexed,1,6,0,2,sqlalchemy,sql,q03s5,0,1.424822,10,ok,,client-side,1.07,185748,136920381407600,2026-09-06T05:30:32.541-05:00
4159d6c2213b,campaign-sf1,mado,tpch,Q03,Medium,commercial_a,indexed,1,6,0,3,sqlalchemy,orm,q03s5,0,2.32444,10,ok,,client-side,1.06,185748,136920381407600,2026-09-06T05:30:34.866-05:00
4159d6c2213b,campaign-sf1,mado,tpch,Q03,Medium,commercial_a,indexed,1,7,1,-1,django,sql,q03s6,2,3.031402,,ok,,client-side,1.06,185748,136920381407600,2026-09-06T05:30:37.901-05:00
4159d6c2213b,campaign-sf1,mado,tpch,Q03,Medium,commercial_a,indexed,1,7,1,-1,django,orm,q03s6,2,1.852398,,ok,,client-side,1.06,185748,136920381407600,2026-09-06T05:30:39.754-05:00
4159d6c2213b,campaign-sf1,mado,tpch,Q03,Medium,commercial_a,indexed,1,7,1,-1,sqlalchemy,sql,q03s6,2,2.490089,,ok,,client-side,1.06,185748,136920381407600,2026-09-06T05:30:42.244-05:00
4159d6c2213b,campaign-sf1,mado,tpch,Q03,Medium,commercial_a,indexed,1,7,1,-1,sqlalchemy,orm,q03s6,2,1.617549,,ok,,client-side,1.05,185748,136920381407600,2026-09-06T05:30:43.862-05:00
4159d6c2213b,campaign-sf1,mado,tpch,Q03,Medium,commercial_a,indexed,1,7,1,0,django,orm,q03s6,0,1.427945,10,ok,,client-side,1.05,185748,136920381407600,2026-09-06T05:30:45.290-05:00
4159d6c2213b,campaign-sf1,mado,tpch,Q03,Medium,commercial_a,indexed,1,7,1,1,sqlalchemy,orm,q03s6,0,2.818923,10,ok,,client-side,1.05,185748,136920381407600,2026-09-06T05:30:48.109-05:00
4159d6c2213b,campaign-sf1,mado,tpch,Q03,Medium,commercial_a,indexed,1,7,1,2,django,sql,q03s6,0,1.689562,10,ok,,client-side,0.97,185748,136920381407600,2026-09-06T05:30:49.798-05:00
4159d6c2213b,campaign-sf1,mado,tpch,Q03,Medium,commercial_a,indexed,1,7,1,3,sqlalchemy,sql,q03s6,0,1.233639,10,ok,,client-side,0.97,185748,136920381407600,2026-09-06T05:30:51.032-05:00
4159d6c2213b,campaign-sf1,mado,tpch,Q03,Medium,commercial_a,indexed,1,8,2,-1,django,sql,q03s7,2,1.32156,,ok,,client-side,0.97,185748,136920381407600,2026-09-06T05:30:52.358-05:00
4159d6c2213b,campaign-sf1,mado,tpch,Q03,Medium,commercial_a,indexed,1,8,2,-1,django,orm,q03s7,2,1.270421,,ok,,client-side,0.97,185748,136920381407600,2026-09-06T05:30:53.629-05:00
4159d6c2213b,campaign-sf1,mado,tpch,Q03,Medium,commercial_a,indexed,1,8,2,-1,sqlalchemy,sql,q03s7,2,2.618452,,ok,,client-side,0.97,185748,136920381407600,2026-09-06T05:30:56.247-05:00
4159d6c2213b,campaign-sf1,mado,tpch,Q03,Medium,commercial_a,indexed,1,8,2,-1,sqlalchemy,orm,q03s7,2,1.384169,,ok,,client-side,0.97,185748,136920381407600,2026-09-06T05:30:57.631-05:00
4159d6c2213b,campaign-sf1,mado,tpch,Q03,Medium,commercial_a,indexed,1,8,2,0,sqlalchemy,orm,q03s7,0,1.328745,10,ok,,client-side,0.97,185748,136920381407600,2026-09-06T05:30:58.960-05:00
4159d6c2213b,campaign-sf1,mado,tpch,Q03,Medium,commercial_a,indexed,1,8,2,1,sqlalchemy,sql,q03s7,0,1.220297,10,ok,,client-side,0.97,185748,136920381407600,2026-09-06T05:31:00.181-05:00
4159d6c2213b,campaign-sf1,mado,tpch,Q03,Medium,commercial_a,indexed,1,8,2,2,django,orm,q03s7,0,1.696614,10,ok,,client-side,0.97,185748,136920381407600,2026-09-06T05:31:01.877-05:00
4159d6c2213b,campaign-sf1,mado,tpch,Q03,Medium,commercial_a,indexed,1,8,2,3,django,sql,q03s7,0,1.235492,10,ok,,client-side,0.97,185748,136920381407600,2026-09-06T05:31:03.113-05:00
b36a50fdf7b5,campaign-sf1,mado,tpch,Q04,Medium,commercial_a,indexed,1,0,1,0,django,orm,q04warm,1,28.328392,5,ok,,client-side,0.98,185752,129421207742624,2026-09-06T05:31:32.866-05:00
b36a50fdf7b5,campaign-sf1,mado,tpch,Q04,Medium,commercial_a,indexed,1,0,1,1,sqlalchemy,orm,q04warm,1,3.010883,5,ok,,client-side,0.99,185752,129421207742624,2026-09-06T05:31:35.877-05:00
b36a50fdf7b5,campaign-sf1,mado,tpch,Q04,Medium,commercial_a,indexed,1,0,1,2,django,sql,q04warm,1,2.747656,5,ok,,client-side,0.99,185752,129421207742624,2026-09-06T05:31:38.624-05:00
b36a50fdf7b5,campaign-sf1,mado,tpch,Q04,Medium,commercial_a,indexed,1,0,1,3,sqlalchemy,sql,q04warm,1,5.015099,5,ok,,client-side,0.99,185752,129421207742624,2026-09-06T05:31:43.639-05:00
b36a50fdf7b5,campaign-sf1,mado,tpch,Q04,Medium,commercial_a,indexed,1,1,2,-1,django,sql,q04s0,2,2.270373,,ok,,client-side,0.99,185752,129421207742624,2026-09-06T05:31:45.913-05:00
b36a50fdf7b5,campaign-sf1,mado,tpch,Q04,Medium,commercial_a,indexed,1,1,2,-1,django,orm,q04s0,2,25.420727,,ok,,client-side,0.99,185752,129421207742624,2026-09-06T05:32:11.334-05:00
b36a50fdf7b5,campaign-sf1,mado,tpch,Q04,Medium,commercial_a,indexed,1,1,2,-1,sqlalchemy,sql,q04s0,2,2.750933,,ok,,client-side,0.99,185752,129421207742624,2026-09-06T05:32:14.085-05:00
b36a50fdf7b5,campaign-sf1,mado,tpch,Q04,Medium,commercial_a,indexed,1,1,2,-1,sqlalchemy,orm,q04s0,2,3.05526,,ok,,client-side,0.99,185752,129421207742624,2026-09-06T05:32:17.141-05:00
b36a50fdf7b5,campaign-sf1,mado,tpch,Q04,Medium,commercial_a,indexed,1,1,2,0,sqlalchemy,orm,q04s0,0,3.456259,5,ok,,client-side,1.0,185752,129421207742624,2026-09-06T05:32:20.597-05:00
b36a50fdf7b5,campaign-sf1,mado,tpch,Q04,Medium,commercial_a,indexed,1,1,2,1,sqlalchemy,sql,q04s0,0,2.452767,5,ok,,client-side,1.0,185752,129421207742624,2026-09-06T05:32:23.050-05:00
b36a50fdf7b5,campaign-sf1,mado,tpch,Q04,Medium,commercial_a,indexed,1,1,2,2,django,orm,q04s0,0,27.399052,5,ok,,client-side,0.92,185752,129421207742624,2026-09-06T05:32:50.449-05:00
b36a50fdf7b5,campaign-sf1,mado,tpch,Q04,Medium,commercial_a,indexed,1,1,2,3,django,sql,q04s0,0,3.261673,5,ok,,client-side,0.92,185752,129421207742624,2026-09-06T05:32:53.711-05:00
b36a50fdf7b5,campaign-sf1,mado,tpch,Q04,Medium,commercial_a,indexed,1,2,3,-1,django,sql,q04s1,2,3.30064,,ok,,client-side,1.0,185752,129421207742624,2026-09-06T05:32:57.014-05:00
b36a50fdf7b5,campaign-sf1,mado,tpch,Q04,Medium,commercial_a,indexed,1,2,3,-1,django,orm,q04s1,2,24.422841,,ok,,client-side,1.0,185752,129421207742624,2026-09-06T05:33:21.437-05:00
b36a50fdf7b5,campaign-sf1,mado,tpch,Q04,Medium,commercial_a,indexed,1,2,3,-1,sqlalchemy,sql,q04s1,2,2.987934,,ok,,client-side,1.0,185752,129421207742624,2026-09-06T05:33:24.425-05:00
b36a50fdf7b5,campaign-sf1,mado,tpch,Q04,Medium,commercial_a,indexed,1,2,3,-1,sqlalchemy,orm,q04s1,2,3.289734,,ok,,client-side,1.0,185752,129421207742624,2026-09-06T05:33:27.715-05:00
b36a50fdf7b5,campaign-sf1,mado,tpch,Q04,Medium,commercial_a,indexed,1,2,3,0,sqlalchemy,sql,q04s1,0,3.184223,5,ok,,client-side,1.0,185752,129421207742624,2026-09-06T05:33:30.899-05:00
b36a50fdf7b5,campaign-sf1,mado,tpch,Q04,Medium,commercial_a,indexed,1,2,3,1,django,sql,q04s1,0,2.43661,5,ok,,client-side,1.0,185752,129421207742624,2026-09-06T05:33:33.336-05:00
b36a50fdf7b5,campaign-sf1,mado,tpch,Q04,Medium,commercial_a,indexed,1,2,3,2,sqlalchemy,orm,q04s1,0,3.019492,5,ok,,client-side,1.0,185752,129421207742624,2026-09-06T05:33:36.356-05:00
b36a50fdf7b5,campaign-sf1,mado,tpch,Q04,Medium,commercial_a,indexed,1,2,3,3,django,orm,q04s1,0,26.25669,5,ok,,client-side,1.0,185752,129421207742624,2026-09-06T05:34:02.613-05:00
b36a50fdf7b5,campaign-sf1,mado,tpch,Q04,Medium,commercial_a,indexed,1,3,0,-1,django,sql,q04s2,2,3.281605,,ok,,client-side,1.0,185752,129421207742624,2026-09-06T05:34:05.897-05:00
b36a50fdf7b5,campaign-sf1,mado,tpch,Q04,Medium,commercial_a,indexed,1,3,0,-1,django,orm,q04s2,2,25.210067,,ok,,client-side,1.0,185752,129421207742624,2026-09-06T05:34:31.108-05:00
b36a50fdf7b5,campaign-sf1,mado,tpch,Q04,Medium,commercial_a,indexed,1,3,0,-1,sqlalchemy,sql,q04s2,2,4.571931,,ok,,client-side,1.08,185752,129421207742624,2026-09-06T05:34:35.680-05:00
b36a50fdf7b5,campaign-sf1,mado,tpch,Q04,Medium,commercial_a,indexed,1,3,0,-1,sqlalchemy,orm,q04s2,2,3.527697,,ok,,client-side,1.07,185752,129421207742624,2026-09-06T05:34:39.207-05:00
b36a50fdf7b5,campaign-sf1,mado,tpch,Q04,Medium,commercial_a,indexed,1,3,0,0,django,sql,q04s2,0,3.239658,5,ok,,client-side,1.07,185752,129421207742624,2026-09-06T05:34:42.447-05:00
b36a50fdf7b5,campaign-sf1,mado,tpch,Q04,Medium,commercial_a,indexed,1,3,0,1,django,orm,q04s2,0,24.069928,5,ok,,client-side,1.12,185752,129421207742624,2026-09-06T05:35:06.517-05:00
b36a50fdf7b5,campaign-sf1,mado,tpch,Q04,Medium,commercial_a,indexed,1,3,0,2,sqlalchemy,sql,q04s2,0,4.42616,5,ok,,client-side,1.11,185752,129421207742624,2026-09-06T05:35:10.943-05:00
b36a50fdf7b5,campaign-sf1,mado,tpch,Q04,Medium,commercial_a,indexed,1,3,0,3,sqlalchemy,orm,q04s2,0,3.484506,5,ok,,client-side,1.1,185752,129421207742624,2026-09-06T05:35:14.428-05:00
b36a50fdf7b5,campaign-sf1,mado,tpch,Q04,Medium,commercial_a,indexed,1,4,1,-1,django,sql,q04s3,2,3.308103,,ok,,client-side,1.1,185752,129421207742624,2026-09-06T05:35:17.740-05:00
b36a50fdf7b5,campaign-sf1,mado,tpch,Q04,Medium,commercial_a,indexed,1,4,1,-1,django,orm,q04s3,2,24.513813,,ok,,client-side,1.07,185752,129421207742624,2026-09-06T05:35:42.254-05:00
b36a50fdf7b5,campaign-sf1,mado,tpch,Q04,Medium,commercial_a,indexed,1,4,1,-1,sqlalchemy,sql,q04s3,2,3.10556,,ok,,client-side,1.06,185752,129421207742624,2026-09-06T05:35:45.359-05:00
b36a50fdf7b5,campaign-sf1,mado,tpch,Q04,Medium,commercial_a,indexed,1,4,1,-1,sqlalchemy,orm,q04s3,2,3.310034,,ok,,client-side,1.06,185752,129421207742624,2026-09-06T05:35:48.669-05:00
b36a50fdf7b5,campaign-sf1,mado,tpch,Q04,Medium,commercial_a,indexed,1,4,1,0,django,orm,q04s3,0,25.987892,5,ok,,client-side,1.04,185752,129421207742624,2026-09-06T05:36:14.657-05:00
b36a50fdf7b5,campaign-sf1,mado,tpch,Q04,Medium,commercial_a,indexed,1,4,1,1,sqlalchemy,orm,q04s3,0,3.206123,5,ok,,client-side,1.04,185752,129421207742624,2026-09-06T05:36:17.863-05:00
b36a50fdf7b5,campaign-sf1,mado,tpch,Q04,Medium,commercial_a,indexed,1,4,1,2,django,sql,q04s3,0,3.176787,5,ok,,client-side,1.03,185752,129421207742624,2026-09-06T05:36:21.040-05:00
b36a50fdf7b5,campaign-sf1,mado,tpch,Q04,Medium,commercial_a,indexed,1,4,1,3,sqlalchemy,sql,q04s3,0,2.710644,5,ok,,client-side,1.03,185752,129421207742624,2026-09-06T05:36:23.751-05:00
b36a50fdf7b5,campaign-sf1,mado,tpch,Q04,Medium,commercial_a,indexed,1,5,1,-1,django,sql,q04s4,2,2.266938,,ok,,client-side,1.03,185752,129421207742624,2026-09-06T05:36:26.022-05:00
b36a50fdf7b5,campaign-sf1,mado,tpch,Q04,Medium,commercial_a,indexed,1,5,1,-1,django,orm,q04s4,2,26.999951,,ok,,client-side,1.02,185752,129421207742624,2026-09-06T05:36:53.022-05:00
b36a50fdf7b5,campaign-sf1,mado,tpch,Q04,Medium,commercial_a,indexed,1,5,1,-1,sqlalchemy,sql,q04s4,2,2.970522,,ok,,client-side,1.02,185752,129421207742624,2026-09-06T05:36:55.992-05:00
b36a50fdf7b5,campaign-sf1,mado,tpch,Q04,Medium,commercial_a,indexed,1,5,1,-1,sqlalchemy,orm,q04s4,2,3.26584,,ok,,client-side,1.02,185752,129421207742624,2026-09-06T05:36:59.258-05:00
b36a50fdf7b5,campaign-sf1,mado,tpch,Q04,Medium,commercial_a,indexed,1,5,1,0,django,orm,q04s4,0,24.510092,5,ok,,client-side,1.01,185752,129421207742624,2026-09-06T05:37:23.768-05:00
b36a50fdf7b5,campaign-sf1,mado,tpch,Q04,Medium,commercial_a,indexed,1,5,1,1,sqlalchemy,orm,q04s4,0,3.455771,5,ok,,client-side,1.01,185752,129421207742624,2026-09-06T05:37:27.224-05:00
b36a50fdf7b5,campaign-sf1,mado,tpch,Q04,Medium,commercial_a,indexed,1,5,1,2,django,sql,q04s4,0,3.214144,5,ok,,client-side,1.01,185752,129421207742624,2026-09-06T05:37:30.438-05:00
b36a50fdf7b5,campaign-sf1,mado,tpch,Q04,Medium,commercial_a,indexed,1,5,1,3,sqlalchemy,sql,q04s4,0,3.123,5,ok,,client-side,1.01,185752,129421207742624,2026-09-06T05:37:33.561-05:00
b36a50fdf7b5,campaign-sf1,mado,tpch,Q04,Medium,commercial_a,indexed,1,6,2,-1,django,sql,q04s5,2,2.521001,,ok,,client-side,1.01,185752,129421207742624,2026-09-06T05:37:36.086-05:00
b36a50fdf7b5,campaign-sf1,mado,tpch,Q04,Medium,commercial_a,indexed,1,6,2,-1,django,orm,q04s5,2,27.832205,,ok,,client-side,0.85,185752,129421207742624,2026-09-06T05:38:03.918-05:00
b36a50fdf7b5,campaign-sf1,mado,tpch,Q04,Medium,commercial_a,indexed,1,6,2,-1,sqlalchemy,sql,q04s5,2,3.208013,,ok,,client-side,0.85,185752,129421207742624,2026-09-06T05:38:07.126-05:00
b36a50fdf7b5,campaign-sf1,mado,tpch,Q04,Medium,commercial_a,indexed,1,6,2,-1,sqlalchemy,orm,q04s5,2,3.31963,,ok,,client-side,0.86,185752,129421207742624,2026-09-06T05:38:10.446-05:00
b36a50fdf7b5,campaign-sf1,mado,tpch,Q04,Medium,commercial_a,indexed,1,6,2,0,sqlalchemy,orm,q04s5,0,3.17057,5,ok,,client-side,0.86,185752,129421207742624,2026-09-06T05:38:13.617-05:00
b36a50fdf7b5,campaign-sf1,mado,tpch,Q04,Medium,commercial_a,indexed,1,6,2,1,sqlalchemy,sql,q04s5,0,2.816936,5,ok,,client-side,0.87,185752,129421207742624,2026-09-06T05:38:16.434-05:00
b36a50fdf7b5,campaign-sf1,mado,tpch,Q04,Medium,commercial_a,indexed,1,6,2,2,django,orm,q04s5,0,26.080702,5,ok,,client-side,0.92,185752,129421207742624,2026-09-06T05:38:42.515-05:00
b36a50fdf7b5,campaign-sf1,mado,tpch,Q04,Medium,commercial_a,indexed,1,6,2,3,django,sql,q04s5,0,2.704235,5,ok,,client-side,0.92,185752,129421207742624,2026-09-06T05:38:45.219-05:00
b36a50fdf7b5,campaign-sf1,mado,tpch,Q04,Medium,commercial_a,indexed,1,7,0,-1,django,sql,q04s6,2,3.502094,,ok,,client-side,0.92,185752,129421207742624,2026-09-06T05:38:48.724-05:00
b36a50fdf7b5,campaign-sf1,mado,tpch,Q04,Medium,commercial_a,indexed,1,7,0,-1,django,orm,q04s6,2,24.253933,,ok,,client-side,0.95,185752,129421207742624,2026-09-06T05:39:12.978-05:00
b36a50fdf7b5,campaign-sf1,mado,tpch,Q04,Medium,commercial_a,indexed,1,7,0,-1,sqlalchemy,sql,q04s6,2,4.704161,,ok,,client-side,0.96,185752,129421207742624,2026-09-06T05:39:17.682-05:00
b36a50fdf7b5,campaign-sf1,mado,tpch,Q04,Medium,commercial_a,indexed,1,7,0,-1,sqlalchemy,orm,q04s6,2,3.428157,,ok,,client-side,0.96,185752,129421207742624,2026-09-06T05:39:21.111-05:00
b36a50fdf7b5,campaign-sf1,mado,tpch,Q04,Medium,commercial_a,indexed,1,7,0,0,django,sql,q04s6,0,3.596245,5,ok,,client-side,0.96,185752,129421207742624,2026-09-06T05:39:24.707-05:00
b36a50fdf7b5,campaign-sf1,mado,tpch,Q04,Medium,commercial_a,indexed,1,7,0,1,django,orm,q04s6,0,24.846836,5,ok,,client-side,0.98,185752,129421207742624,2026-09-06T05:39:49.554-05:00
b36a50fdf7b5,campaign-sf1,mado,tpch,Q04,Medium,commercial_a,indexed,1,7,0,2,sqlalchemy,sql,q04s6,0,3.211816,5,ok,,client-side,0.98,185752,129421207742624,2026-09-06T05:39:52.766-05:00
b36a50fdf7b5,campaign-sf1,mado,tpch,Q04,Medium,commercial_a,indexed,1,7,0,3,sqlalchemy,orm,q04s6,0,3.287998,5,ok,,client-side,0.98,185752,129421207742624,2026-09-06T05:39:56.054-05:00
b36a50fdf7b5,campaign-sf1,mado,tpch,Q04,Medium,commercial_a,indexed,1,8,3,-1,django,sql,q04s7,2,3.386044,,ok,,client-side,0.98,185752,129421207742624,2026-09-06T05:39:59.445-05:00
b36a50fdf7b5,campaign-sf1,mado,tpch,Q04,Medium,commercial_a,indexed,1,8,3,-1,django,orm,q04s7,2,26.151652,,ok,,client-side,0.99,185752,129421207742624,2026-09-06T05:40:25.597-05:00
b36a50fdf7b5,campaign-sf1,mado,tpch,Q04,Medium,commercial_a,indexed,1,8,3,-1,sqlalchemy,sql,q04s7,2,3.065554,,ok,,client-side,0.99,185752,129421207742624,2026-09-06T05:40:28.662-05:00
b36a50fdf7b5,campaign-sf1,mado,tpch,Q04,Medium,commercial_a,indexed,1,8,3,-1,sqlalchemy,orm,q04s7,2,3.522327,,ok,,client-side,0.99,185752,129421207742624,2026-09-06T05:40:32.185-05:00
b36a50fdf7b5,campaign-sf1,mado,tpch,Q04,Medium,commercial_a,indexed,1,8,3,0,sqlalchemy,sql,q04s7,0,3.267104,5,ok,,client-side,0.91,185752,129421207742624,2026-09-06T05:40:35.452-05:00
b36a50fdf7b5,campaign-sf1,mado,tpch,Q04,Medium,commercial_a,indexed,1,8,3,1,django,sql,q04s7,0,3.312737,5,ok,,client-side,0.91,185752,129421207742624,2026-09-06T05:40:38.765-05:00
b36a50fdf7b5,campaign-sf1,mado,tpch,Q04,Medium,commercial_a,indexed,1,8,3,2,sqlalchemy,orm,q04s7,0,5.011162,5,ok,,client-side,0.92,185752,129421207742624,2026-09-06T05:40:43.776-05:00
b36a50fdf7b5,campaign-sf1,mado,tpch,Q04,Medium,commercial_a,indexed,1,8,3,3,django,orm,q04s7,0,24.268632,5,ok,,client-side,0.95,185752,129421207742624,2026-09-06T05:41:08.045-05:00
88e14a1d2530,campaign-sf1,mado,tpch,Q05,Complex,commercial_a,indexed,1,0,0,0,django,sql,q05warm,1,2.669365,5,ok,,client-side,0.95,186056,139656709000992,2026-09-06T05:41:12.142-05:00
88e14a1d2530,campaign-sf1,mado,tpch,Q05,Complex,commercial_a,indexed,1,0,0,1,django,orm,q05warm,1,2.282896,5,ok,,client-side,0.96,186056,139656709000992,2026-09-06T05:41:14.425-05:00
88e14a1d2530,campaign-sf1,mado,tpch,Q05,Complex,commercial_a,indexed,1,0,0,2,sqlalchemy,sql,q05warm,1,1.757347,5,ok,,client-side,0.96,186056,139656709000992,2026-09-06T05:41:16.182-05:00
88e14a1d2530,campaign-sf1,mado,tpch,Q05,Complex,commercial_a,indexed,1,0,0,3,sqlalchemy,orm,q05warm,1,1.884038,5,ok,,client-side,0.96,186056,139656709000992,2026-09-06T05:41:18.066-05:00
88e14a1d2530,campaign-sf1,mado,tpch,Q05,Complex,commercial_a,indexed,1,1,1,-1,django,sql,q05s0,2,1.756426,,ok,,client-side,0.96,186056,139656709000992,2026-09-06T05:41:19.827-05:00
88e14a1d2530,campaign-sf1,mado,tpch,Q05,Complex,commercial_a,indexed,1,1,1,-1,django,orm,q05s0,2,2.073396,,ok,,client-side,0.96,186056,139656709000992,2026-09-06T05:41:21.901-05:00
88e14a1d2530,campaign-sf1,mado,tpch,Q05,Complex,commercial_a,indexed,1,1,1,-1,sqlalchemy,sql,q05s0,2,1.731295,,ok,,client-side,0.96,186056,139656709000992,2026-09-06T05:41:23.632-05:00
88e14a1d2530,campaign-sf1,mado,tpch,Q05,Complex,commercial_a,indexed,1,1,1,-1,sqlalchemy,orm,q05s0,2,1.789904,,ok,,client-side,0.96,186056,139656709000992,2026-09-06T05:41:25.422-05:00
88e14a1d2530,campaign-sf1,mado,tpch,Q05,Complex,commercial_a,indexed,1,1,1,0,django,orm,q05s0,0,1.487234,5,ok,,client-side,0.96,186056,139656709000992,2026-09-06T05:41:26.909-05:00
88e14a1d2530,campaign-sf1,mado,tpch,Q05,Complex,commercial_a,indexed,1,1,1,1,sqlalchemy,orm,q05s0,0,1.563921,5,ok,,client-side,0.96,186056,139656709000992,2026-09-06T05:41:28.473-05:00
88e14a1d2530,campaign-sf1,mado,tpch,Q05,Complex,commercial_a,indexed,1,1,1,2,django,sql,q05s0,0,1.476496,5,ok,,client-side,0.97,186056,139656709000992,2026-09-06T05:41:29.950-05:00
88e14a1d2530,campaign-sf1,mado,tpch,Q05,Complex,commercial_a,indexed,1,1,1,3,sqlalchemy,sql,q05s0,0,1.461913,5,ok,,client-side,0.97,186056,139656709000992,2026-09-06T05:41:31.412-05:00
88e14a1d2530,campaign-sf1,mado,tpch,Q05,Complex,commercial_a,indexed,1,2,2,-1,django,sql,q05s1,2,1.753286,,ok,,client-side,0.97,186056,139656709000992,2026-09-06T05:41:33.170-05:00
88e14a1d2530,campaign-sf1,mado,tpch,Q05,Complex,commercial_a,indexed,1,2,2,-1,django,orm,q05s1,2,2.081061,,ok,,client-side,0.97,186056,139656709000992,2026-09-06T05:41:35.251-05:00
88e14a1d2530,campaign-sf1,mado,tpch,Q05,Complex,commercial_a,indexed,1,2,2,-1,sqlalchemy,sql,q05s1,2,1.742367,,ok,,client-side,0.97,186056,139656709000992,2026-09-06T05:41:36.993-05:00
88e14a1d2530,campaign-sf1,mado,tpch,Q05,Complex,commercial_a,indexed,1,2,2,-1,sqlalchemy,orm,q05s1,2,1.793944,,ok,,client-side,0.97,186056,139656709000992,2026-09-06T05:41:38.787-05:00
88e14a1d2530,campaign-sf1,mado,tpch,Q05,Complex,commercial_a,indexed,1,2,2,0,sqlalchemy,orm,q05s1,0,1.551353,5,ok,,client-side,0.97,186056,139656709000992,2026-09-06T05:41:40.339-05:00
88e14a1d2530,campaign-sf1,mado,tpch,Q05,Complex,commercial_a,indexed,1,2,2,1,sqlalchemy,sql,q05s1,0,1.468262,5,ok,,client-side,0.97,186056,139656709000992,2026-09-06T05:41:41.807-05:00
88e14a1d2530,campaign-sf1,mado,tpch,Q05,Complex,commercial_a,indexed,1,2,2,2,django,orm,q05s1,0,1.481368,5,ok,,client-side,0.97,186056,139656709000992,2026-09-06T05:41:43.289-05:00
88e14a1d2530,campaign-sf1,mado,tpch,Q05,Complex,commercial_a,indexed,1,2,2,3,django,sql,q05s1,0,1.482517,5,ok,,client-side,0.97,186056,139656709000992,2026-09-06T05:41:44.771-05:00
88e14a1d2530,campaign-sf1,mado,tpch,Q05,Complex,commercial_a,indexed,1,3,3,-1,django,sql,q05s2,2,1.746136,,ok,,client-side,0.97,186056,139656709000992,2026-09-06T05:41:46.522-05:00
88e14a1d2530,campaign-sf1,mado,tpch,Q05,Complex,commercial_a,indexed,1,3,3,-1,django,orm,q05s2,2,2.064166,,ok,,client-side,0.97,186056,139656709000992,2026-09-06T05:41:48.586-05:00
88e14a1d2530,campaign-sf1,mado,tpch,Q05,Complex,commercial_a,indexed,1,3,3,-1,sqlalchemy,sql,q05s2,2,1.725499,,ok,,client-side,0.98,186056,139656709000992,2026-09-06T05:41:50.312-05:00
88e14a1d2530,campaign-sf1,mado,tpch,Q05,Complex,commercial_a,indexed,1,3,3,-1,sqlalchemy,orm,q05s2,2,1.566305,,ok,,client-side,0.98,186056,139656709000992,2026-09-06T05:41:51.878-05:00
88e14a1d2530,campaign-sf1,mado,tpch,Q05,Complex,commercial_a,indexed,1,3,3,0,sqlalchemy,sql,q05s2,0,1.477302,5,ok,,client-side,0.98,186056,139656709000992,2026-09-06T05:41:53.356-05:00
88e14a1d2530,campaign-sf1,mado,tpch,Q05,Complex,commercial_a,indexed,1,3,3,1,django,sql,q05s2,0,1.483104,5,ok,,client-side,0.98,186056,139656709000992,2026-09-06T05:41:54.839-05:00
88e14a1d2530,campaign-sf1,mado,tpch,Q05,Complex,commercial_a,indexed,1,3,3,2,sqlalchemy,orm,q05s2,0,1.545283,5,ok,,client-side,0.98,186056,139656709000992,2026-09-06T05:41:56.384-05:00
88e14a1d2530,campaign-sf1,mado,tpch,Q05,Complex,commercial_a,indexed,1,3,3,3,django,orm,q05s2,0,1.496108,5,ok,,client-side,0.98,186056,139656709000992,2026-09-06T05:41:57.881-05:00
88e14a1d2530,campaign-sf1,mado,tpch,Q05,Complex,commercial_a,indexed,1,4,0,-1,django,sql,q05s3,2,1.734508,,ok,,client-side,0.98,186056,139656709000992,2026-09-06T05:41:59.620-05:00
88e14a1d2530,campaign-sf1,mado,tpch,Q05,Complex,commercial_a,indexed,1,4,0,-1,django,orm,q05s3,2,2.066845,,ok,,client-side,0.98,186056,139656709000992,2026-09-06T05:42:01.687-05:00
88e14a1d2530,campaign-sf1,mado,tpch,Q05,Complex,commercial_a,indexed,1,4,0,-1,sqlalchemy,sql,q05s3,2,1.720513,,ok,,client-side,0.98,186056,139656709000992,2026-09-06T05:42:03.407-05:00
88e14a1d2530,campaign-sf1,mado,tpch,Q05,Complex,commercial_a,indexed,1,4,0,-1,sqlalchemy,orm,q05s3,2,1.55442,,ok,,client-side,0.98,186056,139656709000992,2026-09-06T05:42:04.962-05:00
88e14a1d2530,campaign-sf1,mado,tpch,Q05,Complex,commercial_a,indexed,1,4,0,0,django,sql,q05s3,0,1.478148,5,ok,,client-side,0.98,186056,139656709000992,2026-09-06T05:42:06.440-05:00
88e14a1d2530,campaign-sf1,mado,tpch,Q05,Complex,commercial_a,indexed,1,4,0,1,django,orm,q05s3,0,1.480812,5,ok,,client-side,0.98,186056,139656709000992,2026-09-06T05:42:07.921-05:00
88e14a1d2530,campaign-sf1,mado,tpch,Q05,Complex,commercial_a,indexed,1,4,0,2,sqlalchemy,sql,q05s3,0,1.46591,5,ok,,client-side,0.98,186056,139656709000992,2026-09-06T05:42:09.387-05:00
88e14a1d2530,campaign-sf1,mado,tpch,Q05,Complex,commercial_a,indexed,1,4,0,3,sqlalchemy,orm,q05s3,0,1.559438,5,ok,,client-side,0.98,186056,139656709000992,2026-09-06T05:42:10.946-05:00
88e14a1d2530,campaign-sf1,mado,tpch,Q05,Complex,commercial_a,indexed,1,5,2,-1,django,sql,q05s4,2,1.739806,,ok,,client-side,0.98,186056,139656709000992,2026-09-06T05:42:12.691-05:00
88e14a1d2530,campaign-sf1,mado,tpch,Q05,Complex,commercial_a,indexed,1,5,2,-1,django,orm,q05s4,2,2.066136,,ok,,client-side,0.99,186056,139656709000992,2026-09-06T05:42:14.757-05:00
88e14a1d2530,campaign-sf1,mado,tpch,Q05,Complex,commercial_a,indexed,1,5,2,-1,sqlalchemy,sql,q05s4,2,1.727625,,ok,,client-side,0.99,186056,139656709000992,2026-09-06T05:42:16.485-05:00
88e14a1d2530,campaign-sf1,mado,tpch,Q05,Complex,commercial_a,indexed,1,5,2,-1,sqlalchemy,orm,q05s4,2,1.564642,,ok,,client-side,0.99,186056,139656709000992,2026-09-06T05:42:18.049-05:00
88e14a1d2530,campaign-sf1,mado,tpch,Q05,Complex,commercial_a,indexed,1,5,2,0,sqlalchemy,orm,q05s4,0,1.564561,5,ok,,client-side,0.99,186056,139656709000992,2026-09-06T05:42:19.614-05:00
88e14a1d2530,campaign-sf1,mado,tpch,Q05,Complex,commercial_a,indexed,1,5,2,1,sqlalchemy,sql,q05s4,0,1.472258,5,ok,,client-side,0.99,186056,139656709000992,2026-09-06T05:42:21.086-05:00
88e14a1d2530,campaign-sf1,mado,tpch,Q05,Complex,commercial_a,indexed,1,5,2,2,django,orm,q05s4,0,1.487525,5,ok,,client-side,0.99,186056,139656709000992,2026-09-06T05:42:22.574-05:00
88e14a1d2530,campaign-sf1,mado,tpch,Q05,Complex,commercial_a,indexed,1,5,2,3,django,sql,q05s4,0,1.486209,5,ok,,client-side,0.99,186056,139656709000992,2026-09-06T05:42:24.060-05:00
88e14a1d2530,campaign-sf1,mado,tpch,Q05,Complex,commercial_a,indexed,1,6,1,-1,django,sql,q05s5,2,1.731738,,ok,,client-side,0.99,186056,139656709000992,2026-09-06T05:42:25.797-05:00
88e14a1d2530,campaign-sf1,mado,tpch,Q05,Complex,commercial_a,indexed,1,6,1,-1,django,orm,q05s5,2,2.062237,,ok,,client-side,0.99,186056,139656709000992,2026-09-06T05:42:27.859-05:00
88e14a1d2530,campaign-sf1,mado,tpch,Q05,Complex,commercial_a,indexed,1,6,1,-1,sqlalchemy,sql,q05s5,2,1.720254,,ok,,client-side,1.07,186056,139656709000992,2026-09-06T05:42:29.579-05:00
88e14a1d2530,campaign-sf1,mado,tpch,Q05,Complex,commercial_a,indexed,1,6,1,-1,sqlalchemy,orm,q05s5,2,1.558369,,ok,,client-side,1.07,186056,139656709000992,2026-09-06T05:42:31.138-05:00
88e14a1d2530,campaign-sf1,mado,tpch,Q05,Complex,commercial_a,indexed,1,6,1,0,django,orm,q05s5,0,1.490643,5,ok,,client-side,1.07,186056,139656709000992,2026-09-06T05:42:32.628-05:00
88e14a1d2530,campaign-sf1,mado,tpch,Q05,Complex,commercial_a,indexed,1,6,1,1,sqlalchemy,orm,q05s5,0,1.557867,5,ok,,client-side,1.06,186056,139656709000992,2026-09-06T05:42:34.186-05:00
88e14a1d2530,campaign-sf1,mado,tpch,Q05,Complex,commercial_a,indexed,1,6,1,2,django,sql,q05s5,0,1.489625,5,ok,,client-side,1.06,186056,139656709000992,2026-09-06T05:42:35.676-05:00
88e14a1d2530,campaign-sf1,mado,tpch,Q05,Complex,commercial_a,indexed,1,6,1,3,sqlalchemy,sql,q05s5,0,1.476532,5,ok,,client-side,1.06,186056,139656709000992,2026-09-06T05:42:37.153-05:00
88e14a1d2530,campaign-sf1,mado,tpch,Q05,Complex,commercial_a,indexed,1,7,0,-1,django,sql,q05s6,2,1.737036,,ok,,client-side,1.06,186056,139656709000992,2026-09-06T05:42:38.895-05:00
88e14a1d2530,campaign-sf1,mado,tpch,Q05,Complex,commercial_a,indexed,1,7,0,-1,django,orm,q05s6,2,2.06877,,ok,,client-side,1.06,186056,139656709000992,2026-09-06T05:42:40.963-05:00
88e14a1d2530,campaign-sf1,mado,tpch,Q05,Complex,commercial_a,indexed,1,7,0,-1,sqlalchemy,sql,q05s6,2,1.718543,,ok,,client-side,1.06,186056,139656709000992,2026-09-06T05:42:42.682-05:00
88e14a1d2530,campaign-sf1,mado,tpch,Q05,Complex,commercial_a,indexed,1,7,0,-1,sqlalchemy,orm,q05s6,2,1.561327,,ok,,client-side,1.05,186056,139656709000992,2026-09-06T05:42:44.243-05:00
88e14a1d2530,campaign-sf1,mado,tpch,Q05,Complex,commercial_a,indexed,1,7,0,0,django,sql,q05s6,0,1.47913,5,ok,,client-side,1.05,186056,139656709000992,2026-09-06T05:42:45.723-05:00
88e14a1d2530,campaign-sf1,mado,tpch,Q05,Complex,commercial_a,indexed,1,7,0,1,django,orm,q05s6,0,1.488704,5,ok,,client-side,1.05,186056,139656709000992,2026-09-06T05:42:47.211-05:00
88e14a1d2530,campaign-sf1,mado,tpch,Q05,Complex,commercial_a,indexed,1,7,0,2,sqlalchemy,sql,q05s6,0,1.483342,5,ok,,client-side,1.05,186056,139656709000992,2026-09-06T05:42:48.695-05:00
88e14a1d2530,campaign-sf1,mado,tpch,Q05,Complex,commercial_a,indexed,1,7,0,3,sqlalchemy,orm,q05s6,0,1.551174,5,ok,,client-side,1.05,186056,139656709000992,2026-09-06T05:42:50.246-05:00
88e14a1d2530,campaign-sf1,mado,tpch,Q05,Complex,commercial_a,indexed,1,8,3,-1,django,sql,q05s7,2,1.734353,,ok,,client-side,1.05,186056,139656709000992,2026-09-06T05:42:51.985-05:00
88e14a1d2530,campaign-sf1,mado,tpch,Q05,Complex,commercial_a,indexed,1,8,3,-1,django,orm,q05s7,2,1.482099,,ok,,client-side,1.05,186056,139656709000992,2026-09-06T05:42:53.467-05:00
88e14a1d2530,campaign-sf1,mado,tpch,Q05,Complex,commercial_a,indexed,1,8,3,-1,sqlalchemy,sql,q05s7,2,1.712579,,ok,,client-side,1.04,186056,139656709000992,2026-09-06T05:42:55.180-05:00
88e14a1d2530,campaign-sf1,mado,tpch,Q05,Complex,commercial_a,indexed,1,8,3,-1,sqlalchemy,orm,q05s7,2,1.556439,,ok,,client-side,1.04,186056,139656709000992,2026-09-06T05:42:56.737-05:00
88e14a1d2530,campaign-sf1,mado,tpch,Q05,Complex,commercial_a,indexed,1,8,3,0,sqlalchemy,sql,q05s7,0,1.467232,5,ok,,client-side,1.04,186056,139656709000992,2026-09-06T05:42:58.204-05:00
88e14a1d2530,campaign-sf1,mado,tpch,Q05,Complex,commercial_a,indexed,1,8,3,1,django,sql,q05s7,0,1.476302,5,ok,,client-side,1.04,186056,139656709000992,2026-09-06T05:42:59.680-05:00
88e14a1d2530,campaign-sf1,mado,tpch,Q05,Complex,commercial_a,indexed,1,8,3,2,sqlalchemy,orm,q05s7,0,1.55697,5,ok,,client-side,1.04,186056,139656709000992,2026-09-06T05:43:01.237-05:00
88e14a1d2530,campaign-sf1,mado,tpch,Q05,Complex,commercial_a,indexed,1,8,3,3,django,orm,q05s7,0,1.482621,5,ok,,client-side,1.04,186056,139656709000992,2026-09-06T05:43:02.720-05:00
95886a3c2b73,campaign-sf1,mado,tpch,Q06,Simple,commercial_a,indexed,1,0,2,0,sqlalchemy,orm,q06warm,1,2.068672,1,ok,,client-side,1.04,186071,138637099702688,2026-09-06T05:43:06.214-05:00
95886a3c2b73,campaign-sf1,mado,tpch,Q06,Simple,commercial_a,indexed,1,0,2,1,sqlalchemy,sql,q06warm,1,1.177563,1,ok,,client-side,1.04,186071,138637099702688,2026-09-06T05:43:07.392-05:00
95886a3c2b73,campaign-sf1,mado,tpch,Q06,Simple,commercial_a,indexed,1,0,2,2,django,orm,q06warm,1,1.496435,1,ok,,client-side,1.04,186071,138637099702688,2026-09-06T05:43:08.888-05:00
95886a3c2b73,campaign-sf1,mado,tpch,Q06,Simple,commercial_a,indexed,1,0,2,3,django,sql,q06warm,1,1.184226,1,ok,,client-side,1.03,186071,138637099702688,2026-09-06T05:43:10.072-05:00
95886a3c2b73,campaign-sf1,mado,tpch,Q06,Simple,commercial_a,indexed,1,1,3,-1,django,sql,q06s0,2,1.224469,,ok,,client-side,1.03,186071,138637099702688,2026-09-06T05:43:11.301-05:00
95886a3c2b73,campaign-sf1,mado,tpch,Q06,Simple,commercial_a,indexed,1,1,3,-1,django,orm,q06s0,2,1.634625,,ok,,client-side,1.03,186071,138637099702688,2026-09-06T05:43:12.935-05:00
95886a3c2b73,campaign-sf1,mado,tpch,Q06,Simple,commercial_a,indexed,1,1,3,-1,sqlalchemy,sql,q06s0,2,1.218816,,ok,,client-side,1.03,186071,138637099702688,2026-09-06T05:43:14.154-05:00
95886a3c2b73,campaign-sf1,mado,tpch,Q06,Simple,commercial_a,indexed,1,1,3,-1,sqlalchemy,orm,q06s0,2,2.143172,,ok,,client-side,1.03,186071,138637099702688,2026-09-06T05:43:16.297-05:00
95886a3c2b73,campaign-sf1,mado,tpch,Q06,Simple,commercial_a,indexed,1,1,3,0,sqlalchemy,sql,q06s0,0,1.218687,1,ok,,client-side,1.03,186071,138637099702688,2026-09-06T05:43:17.516-05:00
95886a3c2b73,campaign-sf1,mado,tpch,Q06,Simple,commercial_a,indexed,1,1,3,1,django,sql,q06s0,0,1.223954,1,ok,,client-side,1.03,186071,138637099702688,2026-09-06T05:43:18.740-05:00
95886a3c2b73,campaign-sf1,mado,tpch,Q06,Simple,commercial_a,indexed,1,1,3,2,sqlalchemy,orm,q06s0,0,2.134762,1,ok,,client-side,1.03,186071,138637099702688,2026-09-06T05:43:20.875-05:00
95886a3c2b73,campaign-sf1,mado,tpch,Q06,Simple,commercial_a,indexed,1,1,3,3,django,orm,q06s0,0,1.635399,1,ok,,client-side,1.03,186071,138637099702688,2026-09-06T05:43:22.511-05:00
95886a3c2b73,campaign-sf1,mado,tpch,Q06,Simple,commercial_a,indexed,1,2,1,-1,django,sql,q06s1,2,1.211658,,ok,,client-side,1.03,186071,138637099702688,2026-09-06T05:43:23.727-05:00
95886a3c2b73,campaign-sf1,mado,tpch,Q06,Simple,commercial_a,indexed,1,2,1,-1,django,orm,q06s1,2,1.548331,,ok,,client-side,1.03,186071,138637099702688,2026-09-06T05:43:25.275-05:00
95886a3c2b73,campaign-sf1,mado,tpch,Q06,Simple,commercial_a,indexed,1,2,1,-1,sqlalchemy,sql,q06s1,2,1.204979,,ok,,client-side,1.03,186071,138637099702688,2026-09-06T05:43:26.480-05:00
95886a3c2b73,campaign-sf1,mado,tpch,Q06,Simple,commercial_a,indexed,1,2,1,-1,sqlalchemy,orm,q06s1,2,2.137798,,ok,,client-side,1.03,186071,138637099702688,2026-09-06T05:43:28.618-05:00
95886a3c2b73,campaign-sf1,mado,tpch,Q06,Simple,commercial_a,indexed,1,2,1,0,django,orm,q06s1,0,1.548935,1,ok,,client-side,1.02,186071,138637099702688,2026-09-06T05:43:30.167-05:00
95886a3c2b73,campaign-sf1,mado,tpch,Q06,Simple,commercial_a,indexed,1,2,1,1,sqlalchemy,orm,q06s1,0,2.119232,1,ok,,client-side,1.02,186071,138637099702688,2026-09-06T05:43:32.286-05:00
95886a3c2b73,campaign-sf1,mado,tpch,Q06,Simple,commercial_a,indexed,1,2,1,2,django,sql,q06s1,0,1.21069,1,ok,,client-side,1.02,186071,138637099702688,2026-09-06T05:43:33.497-05:00
95886a3c2b73,campaign-sf1,mado,tpch,Q06,Simple,commercial_a,indexed,1,2,1,3,sqlalchemy,sql,q06s1,0,1.205025,1,ok,,client-side,1.02,186071,138637099702688,2026-09-06T05:43:34.702-05:00
95886a3c2b73,campaign-sf1,mado,tpch,Q06,Simple,commercial_a,indexed,1,3,2,-1,django,sql,q06s2,2,1.196156,,ok,,client-side,1.02,186071,138637099702688,2026-09-06T05:43:35.903-05:00
95886a3c2b73,campaign-sf1,mado,tpch,Q06,Simple,commercial_a,indexed,1,3,2,-1,django,orm,q06s2,2,1.708076,,ok,,client-side,1.02,186071,138637099702688,2026-09-06T05:43:37.611-05:00
95886a3c2b73,campaign-sf1,mado,tpch,Q06,Simple,commercial_a,indexed,1,3,2,-1,sqlalchemy,sql,q06s2,2,1.181274,,ok,,client-side,1.02,186071,138637099702688,2026-09-06T05:43:38.793-05:00
95886a3c2b73,campaign-sf1,mado,tpch,Q06,Simple,commercial_a,indexed,1,3,2,-1,sqlalchemy,orm,q06s2,2,1.965034,,ok,,client-side,1.02,186071,138637099702688,2026-09-06T05:43:40.758-05:00
95886a3c2b73,campaign-sf1,mado,tpch,Q06,Simple,commercial_a,indexed,1,3,2,0,sqlalchemy,orm,q06s2,0,1.9645,1,ok,,client-side,1.02,186071,138637099702688,2026-09-06T05:43:42.722-05:00
95886a3c2b73,campaign-sf1,mado,tpch,Q06,Simple,commercial_a,indexed,1,3,2,1,sqlalchemy,sql,q06s2,0,1.181346,1,ok,,client-side,1.02,186071,138637099702688,2026-09-06T05:43:43.904-05:00
95886a3c2b73,campaign-sf1,mado,tpch,Q06,Simple,commercial_a,indexed,1,3,2,2,django,orm,q06s2,0,1.704617,1,ok,,client-side,1.02,186071,138637099702688,2026-09-06T05:43:45.609-05:00
95886a3c2b73,campaign-sf1,mado,tpch,Q06,Simple,commercial_a,indexed,1,3,2,3,django,sql,q06s2,0,1.190624,1,ok,,client-side,1.02,186071,138637099702688,2026-09-06T05:43:46.799-05:00
95886a3c2b73,campaign-sf1,mado,tpch,Q06,Simple,commercial_a,indexed,1,4,0,-1,django,sql,q06s3,2,1.211904,,ok,,client-side,1.02,186071,138637099702688,2026-09-06T05:43:48.016-05:00
95886a3c2b73,campaign-sf1,mado,tpch,Q06,Simple,commercial_a,indexed,1,4,0,-1,django,orm,q06s3,2,1.66462,,ok,,client-side,1.02,186071,138637099702688,2026-09-06T05:43:49.681-05:00
95886a3c2b73,campaign-sf1,mado,tpch,Q06,Simple,commercial_a,indexed,1,4,0,-1,sqlalchemy,sql,q06s3,2,1.20494,,ok,,client-side,1.02,186071,138637099702688,2026-09-06T05:43:50.886-05:00
95886a3c2b73,campaign-sf1,mado,tpch,Q06,Simple,commercial_a,indexed,1,4,0,-1,sqlalchemy,orm,q06s3,2,2.062158,,ok,,client-side,1.02,186071,138637099702688,2026-09-06T05:43:52.948-05:00
95886a3c2b73,campaign-sf1,mado,tpch,Q06,Simple,commercial_a,indexed,1,4,0,0,django,sql,q06s3,0,1.210882,1,ok,,client-side,1.01,186071,138637099702688,2026-09-06T05:43:54.159-05:00
95886a3c2b73,campaign-sf1,mado,tpch,Q06,Simple,commercial_a,indexed,1,4,0,1,django,orm,q06s3,0,1.666931,1,ok,,client-side,1.01,186071,138637099702688,2026-09-06T05:43:55.826-05:00
95886a3c2b73,campaign-sf1,mado,tpch,Q06,Simple,commercial_a,indexed,1,4,0,2,sqlalchemy,sql,q06s3,0,1.210829,1,ok,,client-side,1.01,186071,138637099702688,2026-09-06T05:43:57.037-05:00
95886a3c2b73,campaign-sf1,mado,tpch,Q06,Simple,commercial_a,indexed,1,4,0,3,sqlalchemy,orm,q06s3,0,2.064684,1,ok,,client-side,1.01,186071,138637099702688,2026-09-06T05:43:59.102-05:00
95886a3c2b73,campaign-sf1,mado,tpch,Q06,Simple,commercial_a,indexed,1,5,2,-1,django,sql,q06s4,2,1.260921,,ok,,client-side,1.01,186071,138637099702688,2026-09-06T05:44:00.367-05:00
95886a3c2b73,campaign-sf1,mado,tpch,Q06,Simple,commercial_a,indexed,1,5,2,-1,django,orm,q06s4,2,1.709076,,ok,,client-side,1.01,186071,138637099702688,2026-09-06T05:44:02.077-05:00
95886a3c2b73,campaign-sf1,mado,tpch,Q06,Simple,commercial_a,indexed,1,5,2,-1,sqlalchemy,sql,q06s4,2,1.25545,,ok,,client-side,1.01,186071,138637099702688,2026-09-06T05:44:03.332-05:00
95886a3c2b73,campaign-sf1,mado,tpch,Q06,Simple,commercial_a,indexed,1,5,2,-1,sqlalchemy,orm,q06s4,2,2.216499,,ok,,client-side,1.01,186071,138637099702688,2026-09-06T05:44:05.549-05:00
95886a3c2b73,campaign-sf1,mado,tpch,Q06,Simple,commercial_a,indexed,1,5,2,0,sqlalchemy,orm,q06s4,0,2.211531,1,ok,,client-side,1.01,186071,138637099702688,2026-09-06T05:44:07.760-05:00
95886a3c2b73,campaign-sf1,mado,tpch,Q06,Simple,commercial_a,indexed,1,5,2,1,sqlalchemy,sql,q06s4,0,1.255089,1,ok,,client-side,1.01,186071,138637099702688,2026-09-06T05:44:09.016-05:00
95886a3c2b73,campaign-sf1,mado,tpch,Q06,Simple,commercial_a,indexed,1,5,2,2,django,orm,q06s4,0,1.709895,1,ok,,client-side,1.01,186071,138637099702688,2026-09-06T05:44:10.726-05:00
95886a3c2b73,campaign-sf1,mado,tpch,Q06,Simple,commercial_a,indexed,1,5,2,3,django,sql,q06s4,0,1.259154,1,ok,,client-side,1.01,186071,138637099702688,2026-09-06T05:44:11.985-05:00
95886a3c2b73,campaign-sf1,mado,tpch,Q06,Simple,commercial_a,indexed,1,6,1,-1,django,sql,q06s5,2,1.201111,,ok,,client-side,1.01,186071,138637099702688,2026-09-06T05:44:13.191-05:00
95886a3c2b73,campaign-sf1,mado,tpch,Q06,Simple,commercial_a,indexed,1,6,1,-1,django,orm,q06s5,2,1.489614,,ok,,client-side,1.01,186071,138637099702688,2026-09-06T05:44:14.681-05:00
95886a3c2b73,campaign-sf1,mado,tpch,Q06,Simple,commercial_a,indexed,1,6,1,-1,sqlalchemy,sql,q06s5,2,1.196022,,ok,,client-side,1.01,186071,138637099702688,2026-09-06T05:44:15.877-05:00
95886a3c2b73,campaign-sf1,mado,tpch,Q06,Simple,commercial_a,indexed,1,6,1,-1,sqlalchemy,orm,q06s5,2,2.112587,,ok,,client-side,1.01,186071,138637099702688,2026-09-06T05:44:17.989-05:00
95886a3c2b73,campaign-sf1,mado,tpch,Q06,Simple,commercial_a,indexed,1,6,1,0,django,orm,q06s5,0,1.490607,1,ok,,client-side,1.01,186071,138637099702688,2026-09-06T05:44:19.480-05:00
95886a3c2b73,campaign-sf1,mado,tpch,Q06,Simple,commercial_a,indexed,1,6,1,1,sqlalchemy,orm,q06s5,0,2.108773,1,ok,,client-side,1.01,186071,138637099702688,2026-09-06T05:44:21.589-05:00
95886a3c2b73,campaign-sf1,mado,tpch,Q06,Simple,commercial_a,indexed,1,6,1,2,django,sql,q06s5,0,1.201123,1,ok,,client-side,1.01,186071,138637099702688,2026-09-06T05:44:22.790-05:00
95886a3c2b73,campaign-sf1,mado,tpch,Q06,Simple,commercial_a,indexed,1,6,1,3,sqlalchemy,sql,q06s5,0,1.196702,1,ok,,client-side,1.01,186071,138637099702688,2026-09-06T05:44:23.987-05:00
95886a3c2b73,campaign-sf1,mado,tpch,Q06,Simple,commercial_a,indexed,1,7,0,-1,django,sql,q06s6,2,1.200996,,ok,,client-side,1.01,186071,138637099702688,2026-09-06T05:44:25.193-05:00
95886a3c2b73,campaign-sf1,mado,tpch,Q06,Simple,commercial_a,indexed,1,7,0,-1,django,orm,q06s6,2,1.595819,,ok,,client-side,1.01,186071,138637099702688,2026-09-06T05:44:26.789-05:00
95886a3c2b73,campaign-sf1,mado,tpch,Q06,Simple,commercial_a,indexed,1,7,0,-1,sqlalchemy,sql,q06s6,2,1.194958,,ok,,client-side,1.01,186071,138637099702688,2026-09-06T05:44:27.984-05:00
95886a3c2b73,campaign-sf1,mado,tpch,Q06,Simple,commercial_a,indexed,1,7,0,-1,sqlalchemy,orm,q06s6,2,2.052023,,ok,,client-side,1.01,186071,138637099702688,2026-09-06T05:44:30.036-05:00
95886a3c2b73,campaign-sf1,mado,tpch,Q06,Simple,commercial_a,indexed,1,7,0,0,django,sql,q06s6,0,1.199033,1,ok,,client-side,1.01,186071,138637099702688,2026-09-06T05:44:31.235-05:00
95886a3c2b73,campaign-sf1,mado,tpch,Q06,Simple,commercial_a,indexed,1,7,0,1,django,orm,q06s6,0,1.595388,1,ok,,client-side,1.01,186071,138637099702688,2026-09-06T05:44:32.830-05:00
95886a3c2b73,campaign-sf1,mado,tpch,Q06,Simple,commercial_a,indexed,1,7,0,2,sqlalchemy,sql,q06s6,0,1.19319,1,ok,,client-side,1.01,186071,138637099702688,2026-09-06T05:44:34.024-05:00
95886a3c2b73,campaign-sf1,mado,tpch,Q06,Simple,commercial_a,indexed,1,7,0,3,sqlalchemy,orm,q06s6,0,2.052386,1,ok,,client-side,1.01,186071,138637099702688,2026-09-06T05:44:36.076-05:00
95886a3c2b73,campaign-sf1,mado,tpch,Q06,Simple,commercial_a,indexed,1,8,3,-1,django,sql,q06s7,2,1.157962,,ok,,client-side,1.01,186071,138637099702688,2026-09-06T05:44:37.239-05:00
95886a3c2b73,campaign-sf1,mado,tpch,Q06,Simple,commercial_a,indexed,1,8,3,-1,django,orm,q06s7,2,1.540905,,ok,,client-side,1.01,186071,138637099702688,2026-09-06T05:44:38.780-05:00
95886a3c2b73,campaign-sf1,mado,tpch,Q06,Simple,commercial_a,indexed,1,8,3,-1,sqlalchemy,sql,q06s7,2,1.153379,,ok,,client-side,1.01,186071,138637099702688,2026-09-06T05:44:39.933-05:00
95886a3c2b73,campaign-sf1,mado,tpch,Q06,Simple,commercial_a,indexed,1,8,3,-1,sqlalchemy,orm,q06s7,2,1.933244,,ok,,client-side,1.01,186071,138637099702688,2026-09-06T05:44:41.867-05:00
95886a3c2b73,campaign-sf1,mado,tpch,Q06,Simple,commercial_a,indexed,1,8,3,0,sqlalchemy,sql,q06s7,0,1.153151,1,ok,,client-side,1.01,186071,138637099702688,2026-09-06T05:44:43.020-05:00
95886a3c2b73,campaign-sf1,mado,tpch,Q06,Simple,commercial_a,indexed,1,8,3,1,django,sql,q06s7,0,1.160114,1,ok,,client-side,1.0,186071,138637099702688,2026-09-06T05:44:44.180-05:00
95886a3c2b73,campaign-sf1,mado,tpch,Q06,Simple,commercial_a,indexed,1,8,3,2,sqlalchemy,orm,q06s7,0,1.938604,1,ok,,client-side,1.0,186071,138637099702688,2026-09-06T05:44:46.119-05:00
95886a3c2b73,campaign-sf1,mado,tpch,Q06,Simple,commercial_a,indexed,1,8,3,3,django,orm,q06s7,0,1.54058,1,ok,,client-side,1.0,186071,138637099702688,2026-09-06T05:44:47.659-05:00
5118d228f459,campaign-sf1,mado,tpch,Q07,Complex,commercial_a,indexed,1,0,0,0,django,sql,q07warm,1,2.059614,4,ok,,client-side,1.0,186074,128437932527776,2026-09-06T05:44:51.139-05:00
5118d228f459,campaign-sf1,mado,tpch,Q07,Complex,commercial_a,indexed,1,0,0,1,django,orm,q07warm,1,1.554418,4,ok,,client-side,1.0,186074,128437932527776,2026-09-06T05:44:52.694-05:00
5118d228f459,campaign-sf1,mado,tpch,Q07,Complex,commercial_a,indexed,1,0,0,2,sqlalchemy,sql,q07warm,1,1.573825,4,ok,,client-side,1.0,186074,128437932527776,2026-09-06T05:44:54.268-05:00
5118d228f459,campaign-sf1,mado,tpch,Q07,Complex,commercial_a,indexed,1,0,0,3,sqlalchemy,orm,q07warm,1,1.825713,4,ok,,client-side,1.0,186074,128437932527776,2026-09-06T05:44:56.093-05:00
5118d228f459,campaign-sf1,mado,tpch,Q07,Complex,commercial_a,indexed,1,1,0,-1,django,sql,q07s0,2,1.624744,,ok,,client-side,1.0,186074,128437932527776,2026-09-06T05:44:57.722-05:00
5118d228f459,campaign-sf1,mado,tpch,Q07,Complex,commercial_a,indexed,1,1,0,-1,django,orm,q07s0,2,1.552242,,ok,,client-side,1.0,186074,128437932527776,2026-09-06T05:44:59.274-05:00
5118d228f459,campaign-sf1,mado,tpch,Q07,Complex,commercial_a,indexed,1,1,0,-1,sqlalchemy,sql,q07s0,2,1.881914,,ok,,client-side,1.0,186074,128437932527776,2026-09-06T05:45:01.156-05:00
5118d228f459,campaign-sf1,mado,tpch,Q07,Complex,commercial_a,indexed,1,1,0,-1,sqlalchemy,orm,q07s0,2,2.646143,,ok,,client-side,1.0,186074,128437932527776,2026-09-06T05:45:03.802-05:00
5118d228f459,campaign-sf1,mado,tpch,Q07,Complex,commercial_a,indexed,1,1,0,0,django,sql,q07s0,0,1.814815,4,ok,,client-side,1.0,186074,128437932527776,2026-09-06T05:45:05.617-05:00
5118d228f459,campaign-sf1,mado,tpch,Q07,Complex,commercial_a,indexed,1,1,0,1,django,orm,q07s0,0,1.320303,4,ok,,client-side,1.0,186074,128437932527776,2026-09-06T05:45:06.937-05:00
5118d228f459,campaign-sf1,mado,tpch,Q07,Complex,commercial_a,indexed,1,1,0,2,sqlalchemy,sql,q07s0,0,1.536976,4,ok,,client-side,1.0,186074,128437932527776,2026-09-06T05:45:08.475-05:00
5118d228f459,campaign-sf1,mado,tpch,Q07,Complex,commercial_a,indexed,1,1,0,3,sqlalchemy,orm,q07s0,0,1.809656,4,ok,,client-side,1.0,186074,128437932527776,2026-09-06T05:45:10.284-05:00
5118d228f459,campaign-sf1,mado,tpch,Q07,Complex,commercial_a,indexed,1,2,2,-1,django,sql,q07s1,2,1.525276,,ok,,client-side,1.0,186074,128437932527776,2026-09-06T05:45:11.813-05:00
5118d228f459,campaign-sf1,mado,tpch,Q07,Complex,commercial_a,indexed,1,2,2,-1,django,orm,q07s1,2,1.732766,,ok,,client-side,1.0,186074,128437932527776,2026-09-06T05:45:13.546-05:00
5118d228f459,campaign-sf1,mado,tpch,Q07,Complex,commercial_a,indexed,1,2,2,-1,sqlalchemy,sql,q07s1,2,2.179529,,ok,,client-side,1.0,186074,128437932527776,2026-09-06T05:45:15.726-05:00
5118d228f459,campaign-sf1,mado,tpch,Q07,Complex,commercial_a,indexed,1,2,2,-1,sqlalchemy,orm,q07s1,2,1.676298,,ok,,client-side,1.0,186074,128437932527776,2026-09-06T05:45:17.402-05:00
5118d228f459,campaign-sf1,mado,tpch,Q07,Complex,commercial_a,indexed,1,2,2,0,sqlalchemy,orm,q07s1,0,1.304,4,ok,,client-side,1.0,186074,128437932527776,2026-09-06T05:45:18.706-05:00
5118d228f459,campaign-sf1,mado,tpch,Q07,Complex,commercial_a,indexed,1,2,2,1,sqlalchemy,sql,q07s1,0,1.415807,4,ok,,client-side,1.0,186074,128437932527776,2026-09-06T05:45:20.122-05:00
5118d228f459,campaign-sf1,mado,tpch,Q07,Complex,commercial_a,indexed,1,2,2,2,django,orm,q07s1,0,1.725028,4,ok,,client-side,1.0,186074,128437932527776,2026-09-06T05:45:21.847-05:00
5118d228f459,campaign-sf1,mado,tpch,Q07,Complex,commercial_a,indexed,1,2,2,3,django,sql,q07s1,0,2.938556,4,ok,,client-side,0.92,186074,128437932527776,2026-09-06T05:45:24.786-05:00
5118d228f459,campaign-sf1,mado,tpch,Q07,Complex,commercial_a,indexed,1,3,1,-1,django,sql,q07s2,2,2.196498,,ok,,client-side,0.92,186074,128437932527776,2026-09-06T05:45:26.986-05:00
5118d228f459,campaign-sf1,mado,tpch,Q07,Complex,commercial_a,indexed,1,3,1,-1,django,orm,q07s2,2,1.701989,,ok,,client-side,0.92,186074,128437932527776,2026-09-06T05:45:28.688-05:00
5118d228f459,campaign-sf1,mado,tpch,Q07,Complex,commercial_a,indexed,1,3,1,-1,sqlalchemy,sql,q07s2,2,2.57217,,ok,,client-side,0.93,186074,128437932527776,2026-09-06T05:45:31.260-05:00
5118d228f459,campaign-sf1,mado,tpch,Q07,Complex,commercial_a,indexed,1,3,1,-1,sqlalchemy,orm,q07s2,2,1.647294,,ok,,client-side,0.93,186074,128437932527776,2026-09-06T05:45:32.908-05:00
5118d228f459,campaign-sf1,mado,tpch,Q07,Complex,commercial_a,indexed,1,3,1,0,django,orm,q07s2,0,1.374889,4,ok,,client-side,0.93,186074,128437932527776,2026-09-06T05:45:34.282-05:00
5118d228f459,campaign-sf1,mado,tpch,Q07,Complex,commercial_a,indexed,1,3,1,1,sqlalchemy,orm,q07s2,0,1.651435,4,ok,,client-side,0.93,186074,128437932527776,2026-09-06T05:45:35.934-05:00
5118d228f459,campaign-sf1,mado,tpch,Q07,Complex,commercial_a,indexed,1,3,1,2,django,sql,q07s2,0,1.374906,4,ok,,client-side,0.93,186074,128437932527776,2026-09-06T05:45:37.309-05:00
5118d228f459,campaign-sf1,mado,tpch,Q07,Complex,commercial_a,indexed,1,3,1,3,sqlalchemy,sql,q07s2,0,1.591727,4,ok,,client-side,0.93,186074,128437932527776,2026-09-06T05:45:38.901-05:00
5118d228f459,campaign-sf1,mado,tpch,Q07,Complex,commercial_a,indexed,1,4,3,-1,django,sql,q07s3,2,1.828051,,ok,,client-side,0.94,186074,128437932527776,2026-09-06T05:45:40.734-05:00
5118d228f459,campaign-sf1,mado,tpch,Q07,Complex,commercial_a,indexed,1,4,3,-1,django,orm,q07s3,2,1.759786,,ok,,client-side,0.94,186074,128437932527776,2026-09-06T05:45:42.494-05:00
5118d228f459,campaign-sf1,mado,tpch,Q07,Complex,commercial_a,indexed,1,4,3,-1,sqlalchemy,sql,q07s3,2,2.585537,,ok,,client-side,1.02,186074,128437932527776,2026-09-06T05:45:45.079-05:00
5118d228f459,campaign-sf1,mado,tpch,Q07,Complex,commercial_a,indexed,1,4,3,-1,sqlalchemy,orm,q07s3,2,2.173751,,ok,,client-side,1.02,186074,128437932527776,2026-09-06T05:45:47.253-05:00
5118d228f459,campaign-sf1,mado,tpch,Q07,Complex,commercial_a,indexed,1,4,3,0,sqlalchemy,sql,q07s3,0,1.641311,4,ok,,client-side,1.02,186074,128437932527776,2026-09-06T05:45:48.894-05:00
5118d228f459,campaign-sf1,mado,tpch,Q07,Complex,commercial_a,indexed,1,4,3,1,django,sql,q07s3,0,1.270129,4,ok,,client-side,1.02,186074,128437932527776,2026-09-06T05:45:50.165-05:00
5118d228f459,campaign-sf1,mado,tpch,Q07,Complex,commercial_a,indexed,1,4,3,2,sqlalchemy,orm,q07s3,0,1.957777,4,ok,,client-side,1.02,186074,128437932527776,2026-09-06T05:45:52.123-05:00
5118d228f459,campaign-sf1,mado,tpch,Q07,Complex,commercial_a,indexed,1,4,3,3,django,orm,q07s3,0,1.691997,4,ok,,client-side,1.02,186074,128437932527776,2026-09-06T05:45:53.815-05:00
5118d228f459,campaign-sf1,mado,tpch,Q07,Complex,commercial_a,indexed,1,5,3,-1,django,sql,q07s4,2,1.802668,,ok,,client-side,1.02,186074,128437932527776,2026-09-06T05:45:55.622-05:00
5118d228f459,campaign-sf1,mado,tpch,Q07,Complex,commercial_a,indexed,1,5,3,-1,django,orm,q07s4,2,1.998806,,ok,,client-side,1.02,186074,128437932527776,2026-09-06T05:45:57.621-05:00
5118d228f459,campaign-sf1,mado,tpch,Q07,Complex,commercial_a,indexed,1,5,3,-1,sqlalchemy,sql,q07s4,2,1.582628,,ok,,client-side,1.02,186074,128437932527776,2026-09-06T05:45:59.204-05:00
5118d228f459,campaign-sf1,mado,tpch,Q07,Complex,commercial_a,indexed,1,5,3,-1,sqlalchemy,orm,q07s4,2,2.454301,,ok,,client-side,1.02,186074,128437932527776,2026-09-06T05:46:01.658-05:00
5118d228f459,campaign-sf1,mado,tpch,Q07,Complex,commercial_a,indexed,1,5,3,0,sqlalchemy,sql,q07s4,0,1.332115,4,ok,,client-side,1.02,186074,128437932527776,2026-09-06T05:46:02.990-05:00
5118d228f459,campaign-sf1,mado,tpch,Q07,Complex,commercial_a,indexed,1,5,3,1,django,sql,q07s4,0,1.483214,4,ok,,client-side,1.02,186074,128437932527776,2026-09-06T05:46:04.473-05:00
5118d228f459,campaign-sf1,mado,tpch,Q07,Complex,commercial_a,indexed,1,5,3,2,sqlalchemy,orm,q07s4,0,1.628175,4,ok,,client-side,1.02,186074,128437932527776,2026-09-06T05:46:06.102-05:00
5118d228f459,campaign-sf1,mado,tpch,Q07,Complex,commercial_a,indexed,1,5,3,3,django,orm,q07s4,0,1.631078,4,ok,,client-side,1.02,186074,128437932527776,2026-09-06T05:46:07.733-05:00
5118d228f459,campaign-sf1,mado,tpch,Q07,Complex,commercial_a,indexed,1,6,1,-1,django,sql,q07s5,2,1.562162,,ok,,client-side,1.02,186074,128437932527776,2026-09-06T05:46:09.300-05:00
5118d228f459,campaign-sf1,mado,tpch,Q07,Complex,commercial_a,indexed,1,6,1,-1,django,orm,q07s5,2,1.602065,,ok,,client-side,1.02,186074,128437932527776,2026-09-06T05:46:10.902-05:00
5118d228f459,campaign-sf1,mado,tpch,Q07,Complex,commercial_a,indexed,1,6,1,-1,sqlalchemy,sql,q07s5,2,1.866278,,ok,,client-side,1.02,186074,128437932527776,2026-09-06T05:46:12.768-05:00
5118d228f459,campaign-sf1,mado,tpch,Q07,Complex,commercial_a,indexed,1,6,1,-1,sqlalchemy,orm,q07s5,2,1.702579,,ok,,client-side,0.93,186074,128437932527776,2026-09-06T05:46:14.471-05:00
5118d228f459,campaign-sf1,mado,tpch,Q07,Complex,commercial_a,indexed,1,6,1,0,django,orm,q07s5,0,1.757136,4,ok,,client-side,0.93,186074,128437932527776,2026-09-06T05:46:16.228-05:00
5118d228f459,campaign-sf1,mado,tpch,Q07,Complex,commercial_a,indexed,1,6,1,1,sqlalchemy,orm,q07s5,0,1.618824,4,ok,,client-side,0.93,186074,128437932527776,2026-09-06T05:46:17.847-05:00
5118d228f459,campaign-sf1,mado,tpch,Q07,Complex,commercial_a,indexed,1,6,1,2,django,sql,q07s5,0,1.585793,4,ok,,client-side,0.86,186074,128437932527776,2026-09-06T05:46:19.433-05:00
5118d228f459,campaign-sf1,mado,tpch,Q07,Complex,commercial_a,indexed,1,6,1,3,sqlalchemy,sql,q07s5,0,1.539017,4,ok,,client-side,0.86,186074,128437932527776,2026-09-06T05:46:20.972-05:00
5118d228f459,campaign-sf1,mado,tpch,Q07,Complex,commercial_a,indexed,1,7,2,-1,django,sql,q07s6,2,1.896861,,ok,,client-side,0.86,186074,128437932527776,2026-09-06T05:46:22.874-05:00
5118d228f459,campaign-sf1,mado,tpch,Q07,Complex,commercial_a,indexed,1,7,2,-1,django,orm,q07s6,2,1.827587,,ok,,client-side,0.87,186074,128437932527776,2026-09-06T05:46:24.701-05:00
5118d228f459,campaign-sf1,mado,tpch,Q07,Complex,commercial_a,indexed,1,7,2,-1,sqlalchemy,sql,q07s6,2,1.816199,,ok,,client-side,0.87,186074,128437932527776,2026-09-06T05:46:26.518-05:00
5118d228f459,campaign-sf1,mado,tpch,Q07,Complex,commercial_a,indexed,1,7,2,-1,sqlalchemy,orm,q07s6,2,1.720262,,ok,,client-side,0.87,186074,128437932527776,2026-09-06T05:46:28.238-05:00
5118d228f459,campaign-sf1,mado,tpch,Q07,Complex,commercial_a,indexed,1,7,2,0,sqlalchemy,orm,q07s6,0,1.703821,4,ok,,client-side,0.88,186074,128437932527776,2026-09-06T05:46:29.942-05:00
5118d228f459,campaign-sf1,mado,tpch,Q07,Complex,commercial_a,indexed,1,7,2,1,sqlalchemy,sql,q07s6,0,2.466235,4,ok,,client-side,0.88,186074,128437932527776,2026-09-06T05:46:32.408-05:00
5118d228f459,campaign-sf1,mado,tpch,Q07,Complex,commercial_a,indexed,1,7,2,2,django,orm,q07s6,0,1.922466,4,ok,,client-side,0.89,186074,128437932527776,2026-09-06T05:46:34.331-05:00
5118d228f459,campaign-sf1,mado,tpch,Q07,Complex,commercial_a,indexed,1,7,2,3,django,sql,q07s6,0,1.880466,4,ok,,client-side,0.89,186074,128437932527776,2026-09-06T05:46:36.211-05:00
5118d228f459,campaign-sf1,mado,tpch,Q07,Complex,commercial_a,indexed,1,8,0,-1,django,sql,q07s7,2,2.112611,,ok,,client-side,0.89,186074,128437932527776,2026-09-06T05:46:38.327-05:00
5118d228f459,campaign-sf1,mado,tpch,Q07,Complex,commercial_a,indexed,1,8,0,-1,django,orm,q07s7,2,2.143508,,ok,,client-side,0.9,186074,128437932527776,2026-09-06T05:46:40.471-05:00
5118d228f459,campaign-sf1,mado,tpch,Q07,Complex,commercial_a,indexed,1,8,0,-1,sqlalchemy,sql,q07s7,2,2.076962,,ok,,client-side,0.9,186074,128437932527776,2026-09-06T05:46:42.548-05:00
5118d228f459,campaign-sf1,mado,tpch,Q07,Complex,commercial_a,indexed,1,8,0,-1,sqlalchemy,orm,q07s7,2,2.290833,,ok,,client-side,0.91,186074,128437932527776,2026-09-06T05:46:44.839-05:00
5118d228f459,campaign-sf1,mado,tpch,Q07,Complex,commercial_a,indexed,1,8,0,0,django,sql,q07s7,0,1.262245,4,ok,,client-side,0.91,186074,128437932527776,2026-09-06T05:46:46.101-05:00
5118d228f459,campaign-sf1,mado,tpch,Q07,Complex,commercial_a,indexed,1,8,0,1,django,orm,q07s7,0,1.540802,4,ok,,client-side,0.91,186074,128437932527776,2026-09-06T05:46:47.642-05:00
5118d228f459,campaign-sf1,mado,tpch,Q07,Complex,commercial_a,indexed,1,8,0,2,sqlalchemy,sql,q07s7,0,1.600402,4,ok,,client-side,0.83,186074,128437932527776,2026-09-06T05:46:49.243-05:00
5118d228f459,campaign-sf1,mado,tpch,Q07,Complex,commercial_a,indexed,1,8,0,3,sqlalchemy,orm,q07s7,0,1.284963,4,ok,,client-side,0.83,186074,128437932527776,2026-09-06T05:46:50.528-05:00
90f0edb5fbf2,campaign-sf1,mado,tpch,Q08,Very Complex,commercial_a,indexed,1,0,3,0,sqlalchemy,sql,q08warm,1,3.611344,2,ok,,client-side,0.85,186082,137391761533472,2026-09-06T05:46:55.568-05:00
90f0edb5fbf2,campaign-sf1,mado,tpch,Q08,Very Complex,commercial_a,indexed,1,0,3,1,django,sql,q08warm,1,1.988261,2,ok,,client-side,0.85,186082,137391761533472,2026-09-06T05:46:57.556-05:00
90f0edb5fbf2,campaign-sf1,mado,tpch,Q08,Very Complex,commercial_a,indexed,1,0,3,2,sqlalchemy,orm,q08warm,1,2.175939,2,ok,,client-side,0.86,186082,137391761533472,2026-09-06T05:46:59.732-05:00
90f0edb5fbf2,campaign-sf1,mado,tpch,Q08,Very Complex,commercial_a,indexed,1,0,3,3,django,orm,q08warm,1,2.117843,2,ok,,client-side,0.86,186082,137391761533472,2026-09-06T05:47:01.850-05:00
90f0edb5fbf2,campaign-sf1,mado,tpch,Q08,Very Complex,commercial_a,indexed,1,1,0,-1,django,sql,q08s0,2,1.989621,,ok,,client-side,0.86,186082,137391761533472,2026-09-06T05:47:03.844-05:00
90f0edb5fbf2,campaign-sf1,mado,tpch,Q08,Very Complex,commercial_a,indexed,1,1,0,-1,django,orm,q08s0,2,2.115483,,ok,,client-side,0.87,186082,137391761533472,2026-09-06T05:47:05.960-05:00
90f0edb5fbf2,campaign-sf1,mado,tpch,Q08,Very Complex,commercial_a,indexed,1,1,0,-1,sqlalchemy,sql,q08s0,2,2.164128,,ok,,client-side,0.87,186082,137391761533472,2026-09-06T05:47:08.124-05:00
90f0edb5fbf2,campaign-sf1,mado,tpch,Q08,Very Complex,commercial_a,indexed,1,1,0,-1,sqlalchemy,orm,q08s0,2,2.453702,,ok,,client-side,0.8,186082,137391761533472,2026-09-06T05:47:10.578-05:00
90f0edb5fbf2,campaign-sf1,mado,tpch,Q08,Very Complex,commercial_a,indexed,1,1,0,0,django,sql,q08s0,0,1.404177,2,ok,,client-side,0.8,186082,137391761533472,2026-09-06T05:47:11.982-05:00
90f0edb5fbf2,campaign-sf1,mado,tpch,Q08,Very Complex,commercial_a,indexed,1,1,0,1,django,orm,q08s0,0,1.446932,2,ok,,client-side,0.8,186082,137391761533472,2026-09-06T05:47:13.429-05:00
90f0edb5fbf2,campaign-sf1,mado,tpch,Q08,Very Complex,commercial_a,indexed,1,1,0,2,sqlalchemy,sql,q08s0,0,1.384226,2,ok,,client-side,0.82,186082,137391761533472,2026-09-06T05:47:14.814-05:00
90f0edb5fbf2,campaign-sf1,mado,tpch,Q08,Very Complex,commercial_a,indexed,1,1,0,3,sqlalchemy,orm,q08s0,0,1.723494,2,ok,,client-side,0.82,186082,137391761533472,2026-09-06T05:47:16.537-05:00
90f0edb5fbf2,campaign-sf1,mado,tpch,Q08,Very Complex,commercial_a,indexed,1,2,3,-1,django,sql,q08s1,2,2.311276,,ok,,client-side,0.82,186082,137391761533472,2026-09-06T05:47:18.852-05:00
90f0edb5fbf2,campaign-sf1,mado,tpch,Q08,Very Complex,commercial_a,indexed,1,2,3,-1,django,orm,q08s1,2,2.114256,,ok,,client-side,0.83,186082,137391761533472,2026-09-06T05:47:20.966-05:00
90f0edb5fbf2,campaign-sf1,mado,tpch,Q08,Very Complex,commercial_a,indexed,1,2,3,-1,sqlalchemy,sql,q08s1,2,2.267164,,ok,,client-side,0.83,186082,137391761533472,2026-09-06T05:47:23.234-05:00
90f0edb5fbf2,campaign-sf1,mado,tpch,Q08,Very Complex,commercial_a,indexed,1,2,3,-1,sqlalchemy,orm,q08s1,2,2.238885,,ok,,client-side,0.85,186082,137391761533472,2026-09-06T05:47:25.473-05:00
90f0edb5fbf2,campaign-sf1,mado,tpch,Q08,Very Complex,commercial_a,indexed,1,2,3,0,sqlalchemy,sql,q08s1,0,1.812004,2,ok,,client-side,0.85,186082,137391761533472,2026-09-06T05:47:27.285-05:00
90f0edb5fbf2,campaign-sf1,mado,tpch,Q08,Very Complex,commercial_a,indexed,1,2,3,1,django,sql,q08s1,0,1.452275,2,ok,,client-side,0.85,186082,137391761533472,2026-09-06T05:47:28.737-05:00
90f0edb5fbf2,campaign-sf1,mado,tpch,Q08,Very Complex,commercial_a,indexed,1,2,3,2,sqlalchemy,orm,q08s1,0,1.549783,2,ok,,client-side,0.86,186082,137391761533472,2026-09-06T05:47:30.287-05:00
90f0edb5fbf2,campaign-sf1,mado,tpch,Q08,Very Complex,commercial_a,indexed,1,2,3,3,django,orm,q08s1,0,1.447312,2,ok,,client-side,0.86,186082,137391761533472,2026-09-06T05:47:31.734-05:00
90f0edb5fbf2,campaign-sf1,mado,tpch,Q08,Very Complex,commercial_a,indexed,1,3,1,-1,django,sql,q08s2,2,2.165007,,ok,,client-side,0.86,186082,137391761533472,2026-09-06T05:47:33.903-05:00
90f0edb5fbf2,campaign-sf1,mado,tpch,Q08,Very Complex,commercial_a,indexed,1,3,1,-1,django,orm,q08s2,2,2.556017,,ok,,client-side,0.87,186082,137391761533472,2026-09-06T05:47:36.459-05:00
90f0edb5fbf2,campaign-sf1,mado,tpch,Q08,Very Complex,commercial_a,indexed,1,3,1,-1,sqlalchemy,sql,q08s2,2,1.975139,,ok,,client-side,0.87,186082,137391761533472,2026-09-06T05:47:38.434-05:00
90f0edb5fbf2,campaign-sf1,mado,tpch,Q08,Very Complex,commercial_a,indexed,1,3,1,-1,sqlalchemy,orm,q08s2,2,2.122871,,ok,,client-side,0.88,186082,137391761533472,2026-09-06T05:47:40.557-05:00
90f0edb5fbf2,campaign-sf1,mado,tpch,Q08,Very Complex,commercial_a,indexed,1,3,1,0,django,orm,q08s2,0,1.710285,2,ok,,client-side,0.88,186082,137391761533472,2026-09-06T05:47:42.267-05:00
90f0edb5fbf2,campaign-sf1,mado,tpch,Q08,Very Complex,commercial_a,indexed,1,3,1,1,sqlalchemy,orm,q08s2,0,2.314412,2,ok,,client-side,0.89,186082,137391761533472,2026-09-06T05:47:44.582-05:00
90f0edb5fbf2,campaign-sf1,mado,tpch,Q08,Very Complex,commercial_a,indexed,1,3,1,2,django,sql,q08s2,0,2.808139,2,ok,,client-side,0.89,186082,137391761533472,2026-09-06T05:47:47.390-05:00
90f0edb5fbf2,campaign-sf1,mado,tpch,Q08,Very Complex,commercial_a,indexed,1,3,1,3,sqlalchemy,sql,q08s2,0,1.414562,2,ok,,client-side,0.89,186082,137391761533472,2026-09-06T05:47:48.805-05:00
90f0edb5fbf2,campaign-sf1,mado,tpch,Q08,Very Complex,commercial_a,indexed,1,4,2,-1,django,sql,q08s3,2,2.019149,,ok,,client-side,0.9,186082,137391761533472,2026-09-06T05:47:50.829-05:00
90f0edb5fbf2,campaign-sf1,mado,tpch,Q08,Very Complex,commercial_a,indexed,1,4,2,-1,django,orm,q08s3,2,2.139443,,ok,,client-side,0.9,186082,137391761533472,2026-09-06T05:47:52.968-05:00
90f0edb5fbf2,campaign-sf1,mado,tpch,Q08,Very Complex,commercial_a,indexed,1,4,2,-1,sqlalchemy,sql,q08s3,2,2.10098,,ok,,client-side,0.91,186082,137391761533472,2026-09-06T05:47:55.069-05:00
90f0edb5fbf2,campaign-sf1,mado,tpch,Q08,Very Complex,commercial_a,indexed,1,4,2,-1,sqlalchemy,orm,q08s3,2,2.343487,,ok,,client-side,0.91,186082,137391761533472,2026-09-06T05:47:57.413-05:00
90f0edb5fbf2,campaign-sf1,mado,tpch,Q08,Very Complex,commercial_a,indexed,1,4,2,0,sqlalchemy,orm,q08s3,0,1.560924,2,ok,,client-side,0.91,186082,137391761533472,2026-09-06T05:47:58.974-05:00
90f0edb5fbf2,campaign-sf1,mado,tpch,Q08,Very Complex,commercial_a,indexed,1,4,2,1,sqlalchemy,sql,q08s3,0,1.575253,2,ok,,client-side,0.92,186082,137391761533472,2026-09-06T05:48:00.549-05:00
90f0edb5fbf2,campaign-sf1,mado,tpch,Q08,Very Complex,commercial_a,indexed,1,4,2,2,django,orm,q08s3,0,1.687611,2,ok,,client-side,0.92,186082,137391761533472,2026-09-06T05:48:02.237-05:00
90f0edb5fbf2,campaign-sf1,mado,tpch,Q08,Very Complex,commercial_a,indexed,1,4,2,3,django,sql,q08s3,0,1.468022,2,ok,,client-side,0.92,186082,137391761533472,2026-09-06T05:48:03.705-05:00
90f0edb5fbf2,campaign-sf1,mado,tpch,Q08,Very Complex,commercial_a,indexed,1,5,0,-1,django,sql,q08s4,2,2.158168,,ok,,client-side,0.92,186082,137391761533472,2026-09-06T05:48:05.867-05:00
90f0edb5fbf2,campaign-sf1,mado,tpch,Q08,Very Complex,commercial_a,indexed,1,5,0,-1,django,orm,q08s4,2,2.143821,,ok,,client-side,0.92,186082,137391761533472,2026-09-06T05:48:08.010-05:00
90f0edb5fbf2,campaign-sf1,mado,tpch,Q08,Very Complex,commercial_a,indexed,1,5,0,-1,sqlalchemy,sql,q08s4,2,2.007292,,ok,,client-side,0.93,186082,137391761533472,2026-09-06T05:48:10.018-05:00
90f0edb5fbf2,campaign-sf1,mado,tpch,Q08,Very Complex,commercial_a,indexed,1,5,0,-1,sqlalchemy,orm,q08s4,2,2.147544,,ok,,client-side,0.93,186082,137391761533472,2026-09-06T05:48:12.165-05:00
90f0edb5fbf2,campaign-sf1,mado,tpch,Q08,Very Complex,commercial_a,indexed,1,5,0,0,django,sql,q08s4,0,1.53673,2,ok,,client-side,0.93,186082,137391761533472,2026-09-06T05:48:13.702-05:00
90f0edb5fbf2,campaign-sf1,mado,tpch,Q08,Very Complex,commercial_a,indexed,1,5,0,1,django,orm,q08s4,0,1.536372,2,ok,,client-side,0.94,186082,137391761533472,2026-09-06T05:48:15.239-05:00
90f0edb5fbf2,campaign-sf1,mado,tpch,Q08,Very Complex,commercial_a,indexed,1,5,0,2,sqlalchemy,sql,q08s4,0,1.414995,2,ok,,client-side,0.94,186082,137391761533472,2026-09-06T05:48:16.654-05:00
90f0edb5fbf2,campaign-sf1,mado,tpch,Q08,Very Complex,commercial_a,indexed,1,5,0,3,sqlalchemy,orm,q08s4,0,1.56974,2,ok,,client-side,0.94,186082,137391761533472,2026-09-06T05:48:18.224-05:00
90f0edb5fbf2,campaign-sf1,mado,tpch,Q08,Very Complex,commercial_a,indexed,1,6,2,-1,django,sql,q08s5,2,2.025233,,ok,,client-side,0.94,186082,137391761533472,2026-09-06T05:48:20.254-05:00
90f0edb5fbf2,campaign-sf1,mado,tpch,Q08,Very Complex,commercial_a,indexed,1,6,2,-1,django,orm,q08s5,2,2.296445,,ok,,client-side,0.94,186082,137391761533472,2026-09-06T05:48:22.550-05:00
90f0edb5fbf2,campaign-sf1,mado,tpch,Q08,Very Complex,commercial_a,indexed,1,6,2,-1,sqlalchemy,sql,q08s5,2,3.100007,,ok,,client-side,0.95,186082,137391761533472,2026-09-06T05:48:25.650-05:00
90f0edb5fbf2,campaign-sf1,mado,tpch,Q08,Very Complex,commercial_a,indexed,1,6,2,-1,sqlalchemy,orm,q08s5,2,2.16118,,ok,,client-side,0.95,186082,137391761533472,2026-09-06T05:48:27.812-05:00
90f0edb5fbf2,campaign-sf1,mado,tpch,Q08,Very Complex,commercial_a,indexed,1,6,2,0,sqlalchemy,orm,q08s5,0,1.808811,2,ok,,client-side,0.95,186082,137391761533472,2026-09-06T05:48:29.620-05:00
90f0edb5fbf2,campaign-sf1,mado,tpch,Q08,Very Complex,commercial_a,indexed,1,6,2,1,sqlalchemy,sql,q08s5,0,1.408687,2,ok,,client-side,0.95,186082,137391761533472,2026-09-06T05:48:31.029-05:00
90f0edb5fbf2,campaign-sf1,mado,tpch,Q08,Very Complex,commercial_a,indexed,1,6,2,2,django,orm,q08s5,0,1.47056,2,ok,,client-side,0.95,186082,137391761533472,2026-09-06T05:48:32.500-05:00
90f0edb5fbf2,campaign-sf1,mado,tpch,Q08,Very Complex,commercial_a,indexed,1,6,2,3,django,sql,q08s5,0,1.625233,2,ok,,client-side,0.95,186082,137391761533472,2026-09-06T05:48:34.125-05:00
90f0edb5fbf2,campaign-sf1,mado,tpch,Q08,Very Complex,commercial_a,indexed,1,7,1,-1,django,sql,q08s6,2,2.003995,,ok,,client-side,0.95,186082,137391761533472,2026-09-06T05:48:36.133-05:00
90f0edb5fbf2,campaign-sf1,mado,tpch,Q08,Very Complex,commercial_a,indexed,1,7,1,-1,django,orm,q08s6,2,2.149227,,ok,,client-side,0.95,186082,137391761533472,2026-09-06T05:48:38.282-05:00
90f0edb5fbf2,campaign-sf1,mado,tpch,Q08,Very Complex,commercial_a,indexed,1,7,1,-1,sqlalchemy,sql,q08s6,2,2.071102,,ok,,client-side,0.96,186082,137391761533472,2026-09-06T05:48:40.353-05:00
90f0edb5fbf2,campaign-sf1,mado,tpch,Q08,Very Complex,commercial_a,indexed,1,7,1,-1,sqlalchemy,orm,q08s6,2,3.783558,,ok,,client-side,0.96,186082,137391761533472,2026-09-06T05:48:44.137-05:00
90f0edb5fbf2,campaign-sf1,mado,tpch,Q08,Very Complex,commercial_a,indexed,1,7,1,0,django,orm,q08s6,0,1.485151,2,ok,,client-side,0.96,186082,137391761533472,2026-09-06T05:48:45.622-05:00
90f0edb5fbf2,campaign-sf1,mado,tpch,Q08,Very Complex,commercial_a,indexed,1,7,1,1,sqlalchemy,orm,q08s6,0,1.75189,2,ok,,client-side,0.96,186082,137391761533472,2026-09-06T05:48:47.374-05:00
90f0edb5fbf2,campaign-sf1,mado,tpch,Q08,Very Complex,commercial_a,indexed,1,7,1,2,django,sql,q08s6,0,1.648865,2,ok,,client-side,0.96,186082,137391761533472,2026-09-06T05:48:49.023-05:00
90f0edb5fbf2,campaign-sf1,mado,tpch,Q08,Very Complex,commercial_a,indexed,1,7,1,3,sqlalchemy,sql,q08s6,0,2.533076,2,ok,,client-side,0.96,186082,137391761533472,2026-09-06T05:48:51.556-05:00
90f0edb5fbf2,campaign-sf1,mado,tpch,Q08,Very Complex,commercial_a,indexed,1,8,3,-1,django,sql,q08s7,2,2.368867,,ok,,client-side,0.96,186082,137391761533472,2026-09-06T05:48:53.929-05:00
90f0edb5fbf2,campaign-sf1,mado,tpch,Q08,Very Complex,commercial_a,indexed,1,8,3,-1,django,orm,q08s7,2,2.31178,,ok,,client-side,0.97,186082,137391761533472,2026-09-06T05:48:56.241-05:00
90f0edb5fbf2,campaign-sf1,mado,tpch,Q08,Very Complex,commercial_a,indexed,1,8,3,-1,sqlalchemy,sql,q08s7,2,2.010293,,ok,,client-side,0.97,186082,137391761533472,2026-09-06T05:48:58.252-05:00
90f0edb5fbf2,campaign-sf1,mado,tpch,Q08,Very Complex,commercial_a,indexed,1,8,3,-1,sqlalchemy,orm,q08s7,2,2.144139,,ok,,client-side,0.97,186082,137391761533472,2026-09-06T05:49:00.396-05:00
90f0edb5fbf2,campaign-sf1,mado,tpch,Q08,Very Complex,commercial_a,indexed,1,8,3,0,sqlalchemy,sql,q08s7,0,1.589706,2,ok,,client-side,0.97,186082,137391761533472,2026-09-06T05:49:01.986-05:00
90f0edb5fbf2,campaign-sf1,mado,tpch,Q08,Very Complex,commercial_a,indexed,1,8,3,1,django,sql,q08s7,0,1.888379,2,ok,,client-side,0.97,186082,137391761533472,2026-09-06T05:49:03.874-05:00
90f0edb5fbf2,campaign-sf1,mado,tpch,Q08,Very Complex,commercial_a,indexed,1,8,3,2,sqlalchemy,orm,q08s7,0,1.577731,2,ok,,client-side,0.97,186082,137391761533472,2026-09-06T05:49:05.452-05:00
90f0edb5fbf2,campaign-sf1,mado,tpch,Q08,Very Complex,commercial_a,indexed,1,8,3,3,django,orm,q08s7,0,1.482309,2,ok,,client-side,0.97,186082,137391761533472,2026-09-06T05:49:06.934-05:00
c1e2f0699497,campaign-sf1,mado,tpch,Q09,Very Complex,commercial_a,indexed,1,0,2,0,sqlalchemy,orm,q09warm,1,4.368538,175,ok,,client-side,0.98,186119,138750206296432,2026-09-06T05:49:12.729-05:00
c1e2f0699497,campaign-sf1,mado,tpch,Q09,Very Complex,commercial_a,indexed,1,0,2,1,sqlalchemy,sql,q09warm,1,4.322389,175,ok,,client-side,0.9,186119,138750206296432,2026-09-06T05:49:17.052-05:00
c1e2f0699497,campaign-sf1,mado,tpch,Q09,Very Complex,commercial_a,indexed,1,0,2,2,django,orm,q09warm,1,4.796961,175,ok,,client-side,0.83,186119,138750206296432,2026-09-06T05:49:21.849-05:00
c1e2f0699497,campaign-sf1,mado,tpch,Q09,Very Complex,commercial_a,indexed,1,0,2,3,django,sql,q09warm,1,4.365967,175,ok,,client-side,0.84,186119,138750206296432,2026-09-06T05:49:26.215-05:00
c1e2f0699497,campaign-sf1,mado,tpch,Q09,Very Complex,commercial_a,indexed,1,1,0,-1,django,sql,q09s0,2,4.454849,,ok,,client-side,0.77,186119,138750206296432,2026-09-06T05:49:30.673-05:00
c1e2f0699497,campaign-sf1,mado,tpch,Q09,Very Complex,commercial_a,indexed,1,1,0,-1,django,orm,q09s0,2,5.05951,,ok,,client-side,0.79,186119,138750206296432,2026-09-06T05:49:35.733-05:00
c1e2f0699497,campaign-sf1,mado,tpch,Q09,Very Complex,commercial_a,indexed,1,1,0,-1,sqlalchemy,sql,q09s0,2,4.567836,,ok,,client-side,0.81,186119,138750206296432,2026-09-06T05:49:40.301-05:00
c1e2f0699497,campaign-sf1,mado,tpch,Q09,Very Complex,commercial_a,indexed,1,1,0,-1,sqlalchemy,orm,q09s0,2,4.180067,,ok,,client-side,0.82,186119,138750206296432,2026-09-06T05:49:44.481-05:00
c1e2f0699497,campaign-sf1,mado,tpch,Q09,Very Complex,commercial_a,indexed,1,1,0,0,django,sql,q09s0,0,3.078323,175,ok,,client-side,0.82,186119,138750206296432,2026-09-06T05:49:47.559-05:00
c1e2f0699497,campaign-sf1,mado,tpch,Q09,Very Complex,commercial_a,indexed,1,1,0,1,django,orm,q09s0,0,3.253355,175,ok,,client-side,0.76,186119,138750206296432,2026-09-06T05:49:50.813-05:00
c1e2f0699497,campaign-sf1,mado,tpch,Q09,Very Complex,commercial_a,indexed,1,1,0,2,sqlalchemy,sql,q09s0,0,4.716957,175,ok,,client-side,0.7,186119,138750206296432,2026-09-06T05:49:55.530-05:00
c1e2f0699497,campaign-sf1,mado,tpch,Q09,Very Complex,commercial_a,indexed,1,1,0,3,sqlalchemy,orm,q09s0,0,3.913447,175,ok,,client-side,0.72,186119,138750206296432,2026-09-06T05:49:59.443-05:00
c1e2f0699497,campaign-sf1,mado,tpch,Q09,Very Complex,commercial_a,indexed,1,2,1,-1,django,sql,q09s1,2,4.074102,,ok,,client-side,0.72,186119,138750206296432,2026-09-06T05:50:03.521-05:00
c1e2f0699497,campaign-sf1,mado,tpch,Q09,Very Complex,commercial_a,indexed,1,2,1,-1,django,orm,q09s1,2,4.638311,,ok,,client-side,0.74,186119,138750206296432,2026-09-06T05:50:08.159-05:00
c1e2f0699497,campaign-sf1,mado,tpch,Q09,Very Complex,commercial_a,indexed,1,2,1,-1,sqlalchemy,sql,q09s1,2,4.445717,,ok,,client-side,0.68,186119,138750206296432,2026-09-06T05:50:12.605-05:00
c1e2f0699497,campaign-sf1,mado,tpch,Q09,Very Complex,commercial_a,indexed,1,2,1,-1,sqlalchemy,orm,q09s1,2,3.937091,,ok,,client-side,0.71,186119,138750206296432,2026-09-06T05:50:16.542-05:00
c1e2f0699497,campaign-sf1,mado,tpch,Q09,Very Complex,commercial_a,indexed,1,2,1,0,django,orm,q09s1,0,4.208718,175,ok,,client-side,0.73,186119,138750206296432,2026-09-06T05:50:20.751-05:00
c1e2f0699497,campaign-sf1,mado,tpch,Q09,Very Complex,commercial_a,indexed,1,2,1,1,sqlalchemy,orm,q09s1,0,3.061459,175,ok,,client-side,0.73,186119,138750206296432,2026-09-06T05:50:23.812-05:00
c1e2f0699497,campaign-sf1,mado,tpch,Q09,Very Complex,commercial_a,indexed,1,2,1,2,django,sql,q09s1,0,2.68002,175,ok,,client-side,0.67,186119,138750206296432,2026-09-06T05:50:26.492-05:00
c1e2f0699497,campaign-sf1,mado,tpch,Q09,Very Complex,commercial_a,indexed,1,2,1,3,sqlalchemy,sql,q09s1,0,3.842051,175,ok,,client-side,0.7,186119,138750206296432,2026-09-06T05:50:30.335-05:00
c1e2f0699497,campaign-sf1,mado,tpch,Q09,Very Complex,commercial_a,indexed,1,3,3,-1,django,sql,q09s2,2,3.860292,,ok,,client-side,0.64,186119,138750206296432,2026-09-06T05:50:34.198-05:00
c1e2f0699497,campaign-sf1,mado,tpch,Q09,Very Complex,commercial_a,indexed,1,3,3,-1,django,orm,q09s2,2,5.813047,,ok,,client-side,0.67,186119,138750206296432,2026-09-06T05:50:40.012-05:00
c1e2f0699497,campaign-sf1,mado,tpch,Q09,Very Complex,commercial_a,indexed,1,3,3,-1,sqlalchemy,sql,q09s2,2,4.386601,,ok,,client-side,0.7,186119,138750206296432,2026-09-06T05:50:44.398-05:00
c1e2f0699497,campaign-sf1,mado,tpch,Q09,Very Complex,commercial_a,indexed,1,3,3,-1,sqlalchemy,orm,q09s2,2,2.826661,,ok,,client-side,0.7,186119,138750206296432,2026-09-06T05:50:47.225-05:00
c1e2f0699497,campaign-sf1,mado,tpch,Q09,Very Complex,commercial_a,indexed,1,3,3,0,sqlalchemy,sql,q09s2,0,3.614457,175,ok,,client-side,0.72,186119,138750206296432,2026-09-06T05:50:50.840-05:00
c1e2f0699497,campaign-sf1,mado,tpch,Q09,Very Complex,commercial_a,indexed,1,3,3,1,django,sql,q09s2,0,3.352535,175,ok,,client-side,0.66,186119,138750206296432,2026-09-06T05:50:54.192-05:00
c1e2f0699497,campaign-sf1,mado,tpch,Q09,Very Complex,commercial_a,indexed,1,3,3,2,sqlalchemy,orm,q09s2,0,4.006481,175,ok,,client-side,0.66,186119,138750206296432,2026-09-06T05:50:58.199-05:00
c1e2f0699497,campaign-sf1,mado,tpch,Q09,Very Complex,commercial_a,indexed,1,3,3,3,django,orm,q09s2,0,4.046238,175,ok,,client-side,0.69,186119,138750206296432,2026-09-06T05:51:02.245-05:00
c1e2f0699497,campaign-sf1,mado,tpch,Q09,Very Complex,commercial_a,indexed,1,4,2,-1,django,sql,q09s3,2,3.670155,,ok,,client-side,0.72,186119,138750206296432,2026-09-06T05:51:05.919-05:00
c1e2f0699497,campaign-sf1,mado,tpch,Q09,Very Complex,commercial_a,indexed,1,4,2,-1,django,orm,q09s3,2,5.171163,,ok,,client-side,0.74,186119,138750206296432,2026-09-06T05:51:11.090-05:00
c1e2f0699497,campaign-sf1,mado,tpch,Q09,Very Complex,commercial_a,indexed,1,4,2,-1,sqlalchemy,sql,q09s3,2,4.374061,,ok,,client-side,0.76,186119,138750206296432,2026-09-06T05:51:15.464-05:00
c1e2f0699497,campaign-sf1,mado,tpch,Q09,Very Complex,commercial_a,indexed,1,4,2,-1,sqlalchemy,orm,q09s3,2,2.387993,,ok,,client-side,0.76,186119,138750206296432,2026-09-06T05:51:17.852-05:00
c1e2f0699497,campaign-sf1,mado,tpch,Q09,Very Complex,commercial_a,indexed,1,4,2,0,sqlalchemy,orm,q09s3,0,1.839676,175,ok,,client-side,0.78,186119,138750206296432,2026-09-06T05:51:19.692-05:00
c1e2f0699497,campaign-sf1,mado,tpch,Q09,Very Complex,commercial_a,indexed,1,4,2,1,sqlalchemy,sql,q09s3,0,1.739451,175,ok,,client-side,0.78,186119,138750206296432,2026-09-06T05:51:21.432-05:00
c1e2f0699497,campaign-sf1,mado,tpch,Q09,Very Complex,commercial_a,indexed,1,4,2,2,django,orm,q09s3,0,3.028818,175,ok,,client-side,0.8,186119,138750206296432,2026-09-06T05:51:24.460-05:00
c1e2f0699497,campaign-sf1,mado,tpch,Q09,Very Complex,commercial_a,indexed,1,4,2,3,django,sql,q09s3,0,2.428688,175,ok,,client-side,0.8,186119,138750206296432,2026-09-06T05:51:26.889-05:00
c1e2f0699497,campaign-sf1,mado,tpch,Q09,Very Complex,commercial_a,indexed,1,5,3,-1,django,sql,q09s4,2,2.427403,,ok,,client-side,0.81,186119,138750206296432,2026-09-06T05:51:29.321-05:00
c1e2f0699497,campaign-sf1,mado,tpch,Q09,Very Complex,commercial_a,indexed,1,5,3,-1,django,orm,q09s4,2,2.996326,,ok,,client-side,0.81,186119,138750206296432,2026-09-06T05:51:32.318-05:00
c1e2f0699497,campaign-sf1,mado,tpch,Q09,Very Complex,commercial_a,indexed,1,5,3,-1,sqlalchemy,sql,q09s4,2,2.463645,,ok,,client-side,0.83,186119,138750206296432,2026-09-06T05:51:34.782-05:00
c1e2f0699497,campaign-sf1,mado,tpch,Q09,Very Complex,commercial_a,indexed,1,5,3,-1,sqlalchemy,orm,q09s4,2,2.347232,,ok,,client-side,0.83,186119,138750206296432,2026-09-06T05:51:37.129-05:00
c1e2f0699497,campaign-sf1,mado,tpch,Q09,Very Complex,commercial_a,indexed,1,5,3,0,sqlalchemy,sql,q09s4,0,1.743563,175,ok,,client-side,0.83,186119,138750206296432,2026-09-06T05:51:38.873-05:00
c1e2f0699497,campaign-sf1,mado,tpch,Q09,Very Complex,commercial_a,indexed,1,5,3,1,django,sql,q09s4,0,1.744587,175,ok,,client-side,0.84,186119,138750206296432,2026-09-06T05:51:40.617-05:00
c1e2f0699497,campaign-sf1,mado,tpch,Q09,Very Complex,commercial_a,indexed,1,5,3,2,sqlalchemy,orm,q09s4,0,1.805501,175,ok,,client-side,0.84,186119,138750206296432,2026-09-06T05:51:42.423-05:00
c1e2f0699497,campaign-sf1,mado,tpch,Q09,Very Complex,commercial_a,indexed,1,5,3,3,django,orm,q09s4,0,2.479016,175,ok,,client-side,0.86,186119,138750206296432,2026-09-06T05:51:44.902-05:00
c1e2f0699497,campaign-sf1,mado,tpch,Q09,Very Complex,commercial_a,indexed,1,6,0,-1,django,sql,q09s5,2,2.46584,,ok,,client-side,0.86,186119,138750206296432,2026-09-06T05:51:47.373-05:00
c1e2f0699497,campaign-sf1,mado,tpch,Q09,Very Complex,commercial_a,indexed,1,6,0,-1,django,orm,q09s5,2,3.025583,,ok,,client-side,0.87,186119,138750206296432,2026-09-06T05:51:50.398-05:00
c1e2f0699497,campaign-sf1,mado,tpch,Q09,Very Complex,commercial_a,indexed,1,6,0,-1,sqlalchemy,sql,q09s5,2,2.439367,,ok,,client-side,0.87,186119,138750206296432,2026-09-06T05:51:52.838-05:00
c1e2f0699497,campaign-sf1,mado,tpch,Q09,Very Complex,commercial_a,indexed,1,6,0,-1,sqlalchemy,orm,q09s5,2,2.339745,,ok,,client-side,0.88,186119,138750206296432,2026-09-06T05:51:55.178-05:00
c1e2f0699497,campaign-sf1,mado,tpch,Q09,Very Complex,commercial_a,indexed,1,6,0,0,django,sql,q09s5,0,1.766019,175,ok,,client-side,0.88,186119,138750206296432,2026-09-06T05:51:56.944-05:00
c1e2f0699497,campaign-sf1,mado,tpch,Q09,Very Complex,commercial_a,indexed,1,6,0,1,django,orm,q09s5,0,2.500606,175,ok,,client-side,0.89,186119,138750206296432,2026-09-06T05:51:59.444-05:00
c1e2f0699497,campaign-sf1,mado,tpch,Q09,Very Complex,commercial_a,indexed,1,6,0,2,sqlalchemy,sql,q09s5,0,1.751972,175,ok,,client-side,0.89,186119,138750206296432,2026-09-06T05:52:01.196-05:00
c1e2f0699497,campaign-sf1,mado,tpch,Q09,Very Complex,commercial_a,indexed,1,6,0,3,sqlalchemy,orm,q09s5,0,1.819013,175,ok,,client-side,0.89,186119,138750206296432,2026-09-06T05:52:03.016-05:00
c1e2f0699497,campaign-sf1,mado,tpch,Q09,Very Complex,commercial_a,indexed,1,7,1,-1,django,sql,q09s6,2,2.442318,,ok,,client-side,0.9,186119,138750206296432,2026-09-06T05:52:05.462-05:00
c1e2f0699497,campaign-sf1,mado,tpch,Q09,Very Complex,commercial_a,indexed,1,7,1,-1,django,orm,q09s6,2,2.489553,,ok,,client-side,0.9,186119,138750206296432,2026-09-06T05:52:07.952-05:00
c1e2f0699497,campaign-sf1,mado,tpch,Q09,Very Complex,commercial_a,indexed,1,7,1,-1,sqlalchemy,sql,q09s6,2,2.450206,,ok,,client-side,0.91,186119,138750206296432,2026-09-06T05:52:10.402-05:00
c1e2f0699497,campaign-sf1,mado,tpch,Q09,Very Complex,commercial_a,indexed,1,7,1,-1,sqlalchemy,orm,q09s6,2,1.818137,,ok,,client-side,0.91,186119,138750206296432,2026-09-06T05:52:12.221-05:00
c1e2f0699497,campaign-sf1,mado,tpch,Q09,Very Complex,commercial_a,indexed,1,7,1,0,django,orm,q09s6,0,2.482696,175,ok,,client-side,0.91,186119,138750206296432,2026-09-06T05:52:14.703-05:00
c1e2f0699497,campaign-sf1,mado,tpch,Q09,Very Complex,commercial_a,indexed,1,7,1,1,sqlalchemy,orm,q09s6,0,1.816655,175,ok,,client-side,0.91,186119,138750206296432,2026-09-06T05:52:16.520-05:00
c1e2f0699497,campaign-sf1,mado,tpch,Q09,Very Complex,commercial_a,indexed,1,7,1,2,django,sql,q09s6,0,1.760875,175,ok,,client-side,0.91,186119,138750206296432,2026-09-06T05:52:18.281-05:00
c1e2f0699497,campaign-sf1,mado,tpch,Q09,Very Complex,commercial_a,indexed,1,7,1,3,sqlalchemy,sql,q09s6,0,1.748895,175,ok,,client-side,0.92,186119,138750206296432,2026-09-06T05:52:20.030-05:00
c1e2f0699497,campaign-sf1,mado,tpch,Q09,Very Complex,commercial_a,indexed,1,8,2,-1,django,sql,q09s7,2,2.466936,,ok,,client-side,0.92,186119,138750206296432,2026-09-06T05:52:22.502-05:00
c1e2f0699497,campaign-sf1,mado,tpch,Q09,Very Complex,commercial_a,indexed,1,8,2,-1,django,orm,q09s7,2,3.017631,,ok,,client-side,0.93,186119,138750206296432,2026-09-06T05:52:25.519-05:00
c1e2f0699497,campaign-sf1,mado,tpch,Q09,Very Complex,commercial_a,indexed,1,8,2,-1,sqlalchemy,sql,q09s7,2,2.453697,,ok,,client-side,0.93,186119,138750206296432,2026-09-06T05:52:27.973-05:00
c1e2f0699497,campaign-sf1,mado,tpch,Q09,Very Complex,commercial_a,indexed,1,8,2,-1,sqlalchemy,orm,q09s7,2,2.355738,,ok,,client-side,0.93,186119,138750206296432,2026-09-06T05:52:30.329-05:00
c1e2f0699497,campaign-sf1,mado,tpch,Q09,Very Complex,commercial_a,indexed,1,8,2,0,sqlalchemy,orm,q09s7,0,1.814861,175,ok,,client-side,0.93,186119,138750206296432,2026-09-06T05:52:32.144-05:00
c1e2f0699497,campaign-sf1,mado,tpch,Q09,Very Complex,commercial_a,indexed,1,8,2,1,sqlalchemy,sql,q09s7,0,1.756295,175,ok,,client-side,0.93,186119,138750206296432,2026-09-06T05:52:33.900-05:00
c1e2f0699497,campaign-sf1,mado,tpch,Q09,Very Complex,commercial_a,indexed,1,8,2,2,django,orm,q09s7,0,2.481818,175,ok,,client-side,0.94,186119,138750206296432,2026-09-06T05:52:36.382-05:00
c1e2f0699497,campaign-sf1,mado,tpch,Q09,Very Complex,commercial_a,indexed,1,8,2,3,django,sql,q09s7,0,1.760501,175,ok,,client-side,0.94,186119,138750206296432,2026-09-06T05:52:38.143-05:00
27be5397fde5,campaign-sf1,mado,tpch,Q10,Complex,commercial_a,indexed,1,0,3,0,sqlalchemy,sql,q10warm,1,1.461032,20,ok,,client-side,0.94,186123,129475619787968,2026-09-06T05:52:41.099-05:00
27be5397fde5,campaign-sf1,mado,tpch,Q10,Complex,commercial_a,indexed,1,0,3,1,django,sql,q10warm,1,1.551886,20,ok,,client-side,0.94,186123,129475619787968,2026-09-06T05:52:42.651-05:00
27be5397fde5,campaign-sf1,mado,tpch,Q10,Complex,commercial_a,indexed,1,0,3,2,sqlalchemy,orm,q10warm,1,1.469647,20,ok,,client-side,0.95,186123,129475619787968,2026-09-06T05:52:44.121-05:00
27be5397fde5,campaign-sf1,mado,tpch,Q10,Complex,commercial_a,indexed,1,0,3,3,django,orm,q10warm,1,1.405439,20,ok,,client-side,0.95,186123,129475619787968,2026-09-06T05:52:45.526-05:00
27be5397fde5,campaign-sf1,mado,tpch,Q10,Complex,commercial_a,indexed,1,1,2,-1,django,sql,q10s0,2,1.387934,,ok,,client-side,0.95,186123,129475619787968,2026-09-06T05:52:46.918-05:00
27be5397fde5,campaign-sf1,mado,tpch,Q10,Complex,commercial_a,indexed,1,1,2,-1,django,orm,q10s0,2,1.402989,,ok,,client-side,0.95,186123,129475619787968,2026-09-06T05:52:48.322-05:00
27be5397fde5,campaign-sf1,mado,tpch,Q10,Complex,commercial_a,indexed,1,1,2,-1,sqlalchemy,sql,q10s0,2,1.363464,,ok,,client-side,1.03,186123,129475619787968,2026-09-06T05:52:49.685-05:00
27be5397fde5,campaign-sf1,mado,tpch,Q10,Complex,commercial_a,indexed,1,1,2,-1,sqlalchemy,orm,q10s0,2,1.346097,,ok,,client-side,1.03,186123,129475619787968,2026-09-06T05:52:51.031-05:00
27be5397fde5,campaign-sf1,mado,tpch,Q10,Complex,commercial_a,indexed,1,1,2,0,sqlalchemy,orm,q10s0,0,1.343866,20,ok,,client-side,1.03,186123,129475619787968,2026-09-06T05:52:52.375-05:00
27be5397fde5,campaign-sf1,mado,tpch,Q10,Complex,commercial_a,indexed,1,1,2,1,sqlalchemy,sql,q10s0,0,1.285858,20,ok,,client-side,1.03,186123,129475619787968,2026-09-06T05:52:53.661-05:00
27be5397fde5,campaign-sf1,mado,tpch,Q10,Complex,commercial_a,indexed,1,1,2,2,django,orm,q10s0,0,1.329408,20,ok,,client-side,1.03,186123,129475619787968,2026-09-06T05:52:54.991-05:00
27be5397fde5,campaign-sf1,mado,tpch,Q10,Complex,commercial_a,indexed,1,1,2,3,django,sql,q10s0,0,1.299917,20,ok,,client-side,1.03,186123,129475619787968,2026-09-06T05:52:56.291-05:00
27be5397fde5,campaign-sf1,mado,tpch,Q10,Complex,commercial_a,indexed,1,2,0,-1,django,sql,q10s1,2,1.389936,,ok,,client-side,1.03,186123,129475619787968,2026-09-06T05:52:57.685-05:00
27be5397fde5,campaign-sf1,mado,tpch,Q10,Complex,commercial_a,indexed,1,2,0,-1,django,orm,q10s1,2,1.322841,,ok,,client-side,1.03,186123,129475619787968,2026-09-06T05:52:59.008-05:00
27be5397fde5,campaign-sf1,mado,tpch,Q10,Complex,commercial_a,indexed,1,2,0,-1,sqlalchemy,sql,q10s1,2,1.356007,,ok,,client-side,1.03,186123,129475619787968,2026-09-06T05:53:00.364-05:00
27be5397fde5,campaign-sf1,mado,tpch,Q10,Complex,commercial_a,indexed,1,2,0,-1,sqlalchemy,orm,q10s1,2,1.334805,,ok,,client-side,1.03,186123,129475619787968,2026-09-06T05:53:01.699-05:00
27be5397fde5,campaign-sf1,mado,tpch,Q10,Complex,commercial_a,indexed,1,2,0,0,django,sql,q10s1,0,1.302224,20,ok,,client-side,1.03,186123,129475619787968,2026-09-06T05:53:03.002-05:00
27be5397fde5,campaign-sf1,mado,tpch,Q10,Complex,commercial_a,indexed,1,2,0,1,django,orm,q10s1,0,1.32124,20,ok,,client-side,1.03,186123,129475619787968,2026-09-06T05:53:04.323-05:00
27be5397fde5,campaign-sf1,mado,tpch,Q10,Complex,commercial_a,indexed,1,2,0,2,sqlalchemy,sql,q10s1,0,1.281378,20,ok,,client-side,1.03,186123,129475619787968,2026-09-06T05:53:05.605-05:00
27be5397fde5,campaign-sf1,mado,tpch,Q10,Complex,commercial_a,indexed,1,2,0,3,sqlalchemy,orm,q10s1,0,1.337004,20,ok,,client-side,1.03,186123,129475619787968,2026-09-06T05:53:06.942-05:00
27be5397fde5,campaign-sf1,mado,tpch,Q10,Complex,commercial_a,indexed,1,3,1,-1,django,sql,q10s2,2,1.386856,,ok,,client-side,1.03,186123,129475619787968,2026-09-06T05:53:08.333-05:00
27be5397fde5,campaign-sf1,mado,tpch,Q10,Complex,commercial_a,indexed,1,3,1,-1,django,orm,q10s2,2,1.324832,,ok,,client-side,1.02,186123,129475619787968,2026-09-06T05:53:09.658-05:00
27be5397fde5,campaign-sf1,mado,tpch,Q10,Complex,commercial_a,indexed,1,3,1,-1,sqlalchemy,sql,q10s2,2,1.375858,,ok,,client-side,1.02,186123,129475619787968,2026-09-06T05:53:11.034-05:00
27be5397fde5,campaign-sf1,mado,tpch,Q10,Complex,commercial_a,indexed,1,3,1,-1,sqlalchemy,orm,q10s2,2,1.346394,,ok,,client-side,1.02,186123,129475619787968,2026-09-06T05:53:12.381-05:00
27be5397fde5,campaign-sf1,mado,tpch,Q10,Complex,commercial_a,indexed,1,3,1,0,django,orm,q10s2,0,1.327263,20,ok,,client-side,1.02,186123,129475619787968,2026-09-06T05:53:13.708-05:00
27be5397fde5,campaign-sf1,mado,tpch,Q10,Complex,commercial_a,indexed,1,3,1,1,sqlalchemy,orm,q10s2,0,1.344403,20,ok,,client-side,1.02,186123,129475619787968,2026-09-06T05:53:15.052-05:00
27be5397fde5,campaign-sf1,mado,tpch,Q10,Complex,commercial_a,indexed,1,3,1,2,django,sql,q10s2,0,1.302692,20,ok,,client-side,1.02,186123,129475619787968,2026-09-06T05:53:16.355-05:00
27be5397fde5,campaign-sf1,mado,tpch,Q10,Complex,commercial_a,indexed,1,3,1,3,sqlalchemy,sql,q10s2,0,1.291872,20,ok,,client-side,1.02,186123,129475619787968,2026-09-06T05:53:17.647-05:00
27be5397fde5,campaign-sf1,mado,tpch,Q10,Complex,commercial_a,indexed,1,4,3,-1,django,sql,q10s3,2,1.382653,,ok,,client-side,1.02,186123,129475619787968,2026-09-06T05:53:19.035-05:00
27be5397fde5,campaign-sf1,mado,tpch,Q10,Complex,commercial_a,indexed,1,4,3,-1,django,orm,q10s3,2,1.387962,,ok,,client-side,1.02,186123,129475619787968,2026-09-06T05:53:20.423-05:00
27be5397fde5,campaign-sf1,mado,tpch,Q10,Complex,commercial_a,indexed,1,4,3,-1,sqlalchemy,sql,q10s3,2,1.365461,,ok,,client-side,1.02,186123,129475619787968,2026-09-06T05:53:21.788-05:00
27be5397fde5,campaign-sf1,mado,tpch,Q10,Complex,commercial_a,indexed,1,4,3,-1,sqlalchemy,orm,q10s3,2,1.335775,,ok,,client-side,1.02,186123,129475619787968,2026-09-06T05:53:23.124-05:00
27be5397fde5,campaign-sf1,mado,tpch,Q10,Complex,commercial_a,indexed,1,4,3,0,sqlalchemy,sql,q10s3,0,1.28465,20,ok,,client-side,1.02,186123,129475619787968,2026-09-06T05:53:24.409-05:00
27be5397fde5,campaign-sf1,mado,tpch,Q10,Complex,commercial_a,indexed,1,4,3,1,django,sql,q10s3,0,1.292836,20,ok,,client-side,1.02,186123,129475619787968,2026-09-06T05:53:25.702-05:00
27be5397fde5,campaign-sf1,mado,tpch,Q10,Complex,commercial_a,indexed,1,4,3,2,sqlalchemy,orm,q10s3,0,1.338423,20,ok,,client-side,1.02,186123,129475619787968,2026-09-06T05:53:27.040-05:00
27be5397fde5,campaign-sf1,mado,tpch,Q10,Complex,commercial_a,indexed,1,4,3,3,django,orm,q10s3,0,1.341005,20,ok,,client-side,1.02,186123,129475619787968,2026-09-06T05:53:28.381-05:00
27be5397fde5,campaign-sf1,mado,tpch,Q10,Complex,commercial_a,indexed,1,5,0,-1,django,sql,q10s4,2,1.397884,,ok,,client-side,1.02,186123,129475619787968,2026-09-06T05:53:29.784-05:00
27be5397fde5,campaign-sf1,mado,tpch,Q10,Complex,commercial_a,indexed,1,5,0,-1,django,orm,q10s4,2,1.329275,,ok,,client-side,1.02,186123,129475619787968,2026-09-06T05:53:31.113-05:00
27be5397fde5,campaign-sf1,mado,tpch,Q10,Complex,commercial_a,indexed,1,5,0,-1,sqlalchemy,sql,q10s4,2,1.361528,,ok,,client-side,1.02,186123,129475619787968,2026-09-06T05:53:32.475-05:00
27be5397fde5,campaign-sf1,mado,tpch,Q10,Complex,commercial_a,indexed,1,5,0,-1,sqlalchemy,orm,q10s4,2,1.342059,,ok,,client-side,1.02,186123,129475619787968,2026-09-06T05:53:33.817-05:00
27be5397fde5,campaign-sf1,mado,tpch,Q10,Complex,commercial_a,indexed,1,5,0,0,django,sql,q10s4,0,1.301886,20,ok,,client-side,1.01,186123,129475619787968,2026-09-06T05:53:35.119-05:00
27be5397fde5,campaign-sf1,mado,tpch,Q10,Complex,commercial_a,indexed,1,5,0,1,django,orm,q10s4,0,1.329158,20,ok,,client-side,1.01,186123,129475619787968,2026-09-06T05:53:36.448-05:00
27be5397fde5,campaign-sf1,mado,tpch,Q10,Complex,commercial_a,indexed,1,5,0,2,sqlalchemy,sql,q10s4,0,1.289881,20,ok,,client-side,1.01,186123,129475619787968,2026-09-06T05:53:37.738-05:00
27be5397fde5,campaign-sf1,mado,tpch,Q10,Complex,commercial_a,indexed,1,5,0,3,sqlalchemy,orm,q10s4,0,1.348491,20,ok,,client-side,1.01,186123,129475619787968,2026-09-06T05:53:39.087-05:00
27be5397fde5,campaign-sf1,mado,tpch,Q10,Complex,commercial_a,indexed,1,6,2,-1,django,sql,q10s5,2,1.375423,,ok,,client-side,1.01,186123,129475619787968,2026-09-06T05:53:40.467-05:00
27be5397fde5,campaign-sf1,mado,tpch,Q10,Complex,commercial_a,indexed,1,6,2,-1,django,orm,q10s5,2,1.403344,,ok,,client-side,1.01,186123,129475619787968,2026-09-06T05:53:41.871-05:00
27be5397fde5,campaign-sf1,mado,tpch,Q10,Complex,commercial_a,indexed,1,6,2,-1,sqlalchemy,sql,q10s5,2,1.365695,,ok,,client-side,1.01,186123,129475619787968,2026-09-06T05:53:43.236-05:00
27be5397fde5,campaign-sf1,mado,tpch,Q10,Complex,commercial_a,indexed,1,6,2,-1,sqlalchemy,orm,q10s5,2,1.349983,,ok,,client-side,1.01,186123,129475619787968,2026-09-06T05:53:44.586-05:00
27be5397fde5,campaign-sf1,mado,tpch,Q10,Complex,commercial_a,indexed,1,6,2,0,sqlalchemy,orm,q10s5,0,1.345382,20,ok,,client-side,1.01,186123,129475619787968,2026-09-06T05:53:45.932-05:00
27be5397fde5,campaign-sf1,mado,tpch,Q10,Complex,commercial_a,indexed,1,6,2,1,sqlalchemy,sql,q10s5,0,1.295967,20,ok,,client-side,1.01,186123,129475619787968,2026-09-06T05:53:47.228-05:00
27be5397fde5,campaign-sf1,mado,tpch,Q10,Complex,commercial_a,indexed,1,6,2,2,django,orm,q10s5,0,1.329419,20,ok,,client-side,1.01,186123,129475619787968,2026-09-06T05:53:48.557-05:00
27be5397fde5,campaign-sf1,mado,tpch,Q10,Complex,commercial_a,indexed,1,6,2,3,django,sql,q10s5,0,1.30252,20,ok,,client-side,1.01,186123,129475619787968,2026-09-06T05:53:49.860-05:00
27be5397fde5,campaign-sf1,mado,tpch,Q10,Complex,commercial_a,indexed,1,7,3,-1,django,sql,q10s6,2,1.384317,,ok,,client-side,1.01,186123,129475619787968,2026-09-06T05:53:51.249-05:00
27be5397fde5,campaign-sf1,mado,tpch,Q10,Complex,commercial_a,indexed,1,7,3,-1,django,orm,q10s6,2,1.324373,,ok,,client-side,1.01,186123,129475619787968,2026-09-06T05:53:52.573-05:00
27be5397fde5,campaign-sf1,mado,tpch,Q10,Complex,commercial_a,indexed,1,7,3,-1,sqlalchemy,sql,q10s6,2,1.367605,,ok,,client-side,1.01,186123,129475619787968,2026-09-06T05:53:53.941-05:00
27be5397fde5,campaign-sf1,mado,tpch,Q10,Complex,commercial_a,indexed,1,7,3,-1,sqlalchemy,orm,q10s6,2,1.34599,,ok,,client-side,1.01,186123,129475619787968,2026-09-06T05:53:55.287-05:00
27be5397fde5,campaign-sf1,mado,tpch,Q10,Complex,commercial_a,indexed,1,7,3,0,sqlalchemy,sql,q10s6,0,1.301474,20,ok,,client-side,1.01,186123,129475619787968,2026-09-06T05:53:56.589-05:00
27be5397fde5,campaign-sf1,mado,tpch,Q10,Complex,commercial_a,indexed,1,7,3,1,django,sql,q10s6,0,1.297399,20,ok,,client-side,1.01,186123,129475619787968,2026-09-06T05:53:57.886-05:00
27be5397fde5,campaign-sf1,mado,tpch,Q10,Complex,commercial_a,indexed,1,7,3,2,sqlalchemy,orm,q10s6,0,1.337421,20,ok,,client-side,1.01,186123,129475619787968,2026-09-06T05:53:59.224-05:00
27be5397fde5,campaign-sf1,mado,tpch,Q10,Complex,commercial_a,indexed,1,7,3,3,django,orm,q10s6,0,1.334393,20,ok,,client-side,1.01,186123,129475619787968,2026-09-06T05:54:00.558-05:00
27be5397fde5,campaign-sf1,mado,tpch,Q10,Complex,commercial_a,indexed,1,8,1,-1,django,sql,q10s7,2,1.381913,,ok,,client-side,1.01,186123,129475619787968,2026-09-06T05:54:01.945-05:00
27be5397fde5,campaign-sf1,mado,tpch,Q10,Complex,commercial_a,indexed,1,8,1,-1,django,orm,q10s7,2,1.397447,,ok,,client-side,1.01,186123,129475619787968,2026-09-06T05:54:03.342-05:00
27be5397fde5,campaign-sf1,mado,tpch,Q10,Complex,commercial_a,indexed,1,8,1,-1,sqlalchemy,sql,q10s7,2,1.361618,,ok,,client-side,1.01,186123,129475619787968,2026-09-06T05:54:04.704-05:00
27be5397fde5,campaign-sf1,mado,tpch,Q10,Complex,commercial_a,indexed,1,8,1,-1,sqlalchemy,orm,q10s7,2,1.336776,,ok,,client-side,1.01,186123,129475619787968,2026-09-06T05:54:06.041-05:00
27be5397fde5,campaign-sf1,mado,tpch,Q10,Complex,commercial_a,indexed,1,8,1,0,django,orm,q10s7,0,1.329852,20,ok,,client-side,1.01,186123,129475619787968,2026-09-06T05:54:07.371-05:00
27be5397fde5,campaign-sf1,mado,tpch,Q10,Complex,commercial_a,indexed,1,8,1,1,sqlalchemy,orm,q10s7,0,1.340475,20,ok,,client-side,1.01,186123,129475619787968,2026-09-06T05:54:08.711-05:00
27be5397fde5,campaign-sf1,mado,tpch,Q10,Complex,commercial_a,indexed,1,8,1,2,django,sql,q10s7,0,1.29669,20,ok,,client-side,1.01,186123,129475619787968,2026-09-06T05:54:10.008-05:00
27be5397fde5,campaign-sf1,mado,tpch,Q10,Complex,commercial_a,indexed,1,8,1,3,sqlalchemy,sql,q10s7,0,1.292481,20,ok,,client-side,1.01,186123,129475619787968,2026-09-06T05:54:11.301-05:00
88cba29213f0,campaign-sf1,mado,tpch,Q11,Medium,commercial_a,indexed,1,0,1,0,django,orm,q11warm,1,0.627097,753,ok,,client-side,1.01,186126,131821659380368,2026-09-06T05:54:13.354-05:00
88cba29213f0,campaign-sf1,mado,tpch,Q11,Medium,commercial_a,indexed,1,0,1,1,sqlalchemy,orm,q11warm,1,0.384039,753,ok,,client-side,1.01,186126,131821659380368,2026-09-06T05:54:13.738-05:00
88cba29213f0,campaign-sf1,mado,tpch,Q11,Medium,commercial_a,indexed,1,0,1,2,django,sql,q11warm,1,0.336645,753,ok,,client-side,1.01,186126,131821659380368,2026-09-06T05:54:14.075-05:00
88cba29213f0,campaign-sf1,mado,tpch,Q11,Medium,commercial_a,indexed,1,0,1,3,sqlalchemy,sql,q11warm,1,0.334923,753,ok,,client-side,1.01,186126,131821659380368,2026-09-06T05:54:14.410-05:00
88cba29213f0,campaign-sf1,mado,tpch,Q11,Medium,commercial_a,indexed,1,1,3,-1,django,sql,q11s0,2,0.335463,,ok,,client-side,1.01,186126,131821659380368,2026-09-06T05:54:14.750-05:00
88cba29213f0,campaign-sf1,mado,tpch,Q11,Medium,commercial_a,indexed,1,1,3,-1,django,orm,q11s0,2,0.346547,,ok,,client-side,1.01,186126,131821659380368,2026-09-06T05:54:15.097-05:00
88cba29213f0,campaign-sf1,mado,tpch,Q11,Medium,commercial_a,indexed,1,1,3,-1,sqlalchemy,sql,q11s0,2,0.33542,,ok,,client-side,1.01,186126,131821659380368,2026-09-06T05:54:15.432-05:00
88cba29213f0,campaign-sf1,mado,tpch,Q11,Medium,commercial_a,indexed,1,1,3,-1,sqlalchemy,orm,q11s0,2,0.340583,,ok,,client-side,1.01,186126,131821659380368,2026-09-06T05:54:15.773-05:00
88cba29213f0,campaign-sf1,mado,tpch,Q11,Medium,commercial_a,indexed,1,1,3,0,sqlalchemy,sql,q11s0,0,0.285933,1048,ok,,client-side,1.01,186126,131821659380368,2026-09-06T05:54:16.059-05:00
88cba29213f0,campaign-sf1,mado,tpch,Q11,Medium,commercial_a,indexed,1,1,3,1,django,sql,q11s0,0,0.28728,1048,ok,,client-side,1.01,186126,131821659380368,2026-09-06T05:54:16.346-05:00
88cba29213f0,campaign-sf1,mado,tpch,Q11,Medium,commercial_a,indexed,1,1,3,2,sqlalchemy,orm,q11s0,0,0.299165,1048,ok,,client-side,1.01,186126,131821659380368,2026-09-06T05:54:16.646-05:00
88cba29213f0,campaign-sf1,mado,tpch,Q11,Medium,commercial_a,indexed,1,1,3,3,django,orm,q11s0,0,0.293695,1048,ok,,client-side,1.01,186126,131821659380368,2026-09-06T05:54:16.939-05:00
88cba29213f0,campaign-sf1,mado,tpch,Q11,Medium,commercial_a,indexed,1,2,1,-1,django,sql,q11s1,2,0.3338,,ok,,client-side,1.01,186126,131821659380368,2026-09-06T05:54:17.278-05:00
88cba29213f0,campaign-sf1,mado,tpch,Q11,Medium,commercial_a,indexed,1,2,1,-1,django,orm,q11s1,2,0.342899,,ok,,client-side,1.01,186126,131821659380368,2026-09-06T05:54:17.621-05:00
88cba29213f0,campaign-sf1,mado,tpch,Q11,Medium,commercial_a,indexed,1,2,1,-1,sqlalchemy,sql,q11s1,2,0.330812,,ok,,client-side,1.01,186126,131821659380368,2026-09-06T05:54:17.952-05:00
88cba29213f0,campaign-sf1,mado,tpch,Q11,Medium,commercial_a,indexed,1,2,1,-1,sqlalchemy,orm,q11s1,2,0.336351,,ok,,client-side,1.01,186126,131821659380368,2026-09-06T05:54:18.288-05:00
88cba29213f0,campaign-sf1,mado,tpch,Q11,Medium,commercial_a,indexed,1,2,1,0,django,orm,q11s1,0,0.286404,819,ok,,client-side,1.01,186126,131821659380368,2026-09-06T05:54:18.575-05:00
88cba29213f0,campaign-sf1,mado,tpch,Q11,Medium,commercial_a,indexed,1,2,1,1,sqlalchemy,orm,q11s1,0,0.287498,819,ok,,client-side,1.01,186126,131821659380368,2026-09-06T05:54:18.862-05:00
88cba29213f0,campaign-sf1,mado,tpch,Q11,Medium,commercial_a,indexed,1,2,1,2,django,sql,q11s1,0,0.284724,819,ok,,client-side,1.0,186126,131821659380368,2026-09-06T05:54:19.147-05:00
88cba29213f0,campaign-sf1,mado,tpch,Q11,Medium,commercial_a,indexed,1,2,1,3,sqlalchemy,sql,q11s1,0,0.284812,819,ok,,client-side,1.0,186126,131821659380368,2026-09-06T05:54:19.432-05:00
88cba29213f0,campaign-sf1,mado,tpch,Q11,Medium,commercial_a,indexed,1,3,2,-1,django,sql,q11s2,2,0.332153,,ok,,client-side,1.0,186126,131821659380368,2026-09-06T05:54:19.769-05:00
88cba29213f0,campaign-sf1,mado,tpch,Q11,Medium,commercial_a,indexed,1,3,2,-1,django,orm,q11s2,2,0.309751,,ok,,client-side,1.0,186126,131821659380368,2026-09-06T05:54:20.079-05:00
88cba29213f0,campaign-sf1,mado,tpch,Q11,Medium,commercial_a,indexed,1,3,2,-1,sqlalchemy,sql,q11s2,2,0.33213,,ok,,client-side,1.0,186126,131821659380368,2026-09-06T05:54:20.411-05:00
88cba29213f0,campaign-sf1,mado,tpch,Q11,Medium,commercial_a,indexed,1,3,2,-1,sqlalchemy,orm,q11s2,2,0.287953,,ok,,client-side,1.0,186126,131821659380368,2026-09-06T05:54:20.699-05:00
88cba29213f0,campaign-sf1,mado,tpch,Q11,Medium,commercial_a,indexed,1,3,2,0,sqlalchemy,orm,q11s2,0,0.287415,911,ok,,client-side,1.0,186126,131821659380368,2026-09-06T05:54:20.986-05:00
88cba29213f0,campaign-sf1,mado,tpch,Q11,Medium,commercial_a,indexed,1,3,2,1,sqlalchemy,sql,q11s2,0,0.284943,911,ok,,client-side,1.0,186126,131821659380368,2026-09-06T05:54:21.271-05:00
88cba29213f0,campaign-sf1,mado,tpch,Q11,Medium,commercial_a,indexed,1,3,2,2,django,orm,q11s2,0,0.287405,911,ok,,client-side,1.0,186126,131821659380368,2026-09-06T05:54:21.559-05:00
88cba29213f0,campaign-sf1,mado,tpch,Q11,Medium,commercial_a,indexed,1,3,2,3,django,sql,q11s2,0,0.284645,911,ok,,client-side,1.0,186126,131821659380368,2026-09-06T05:54:21.844-05:00
88cba29213f0,campaign-sf1,mado,tpch,Q11,Medium,commercial_a,indexed,1,4,0,-1,django,sql,q11s3,2,0.330333,,ok,,client-side,1.0,186126,131821659380368,2026-09-06T05:54:22.179-05:00
88cba29213f0,campaign-sf1,mado,tpch,Q11,Medium,commercial_a,indexed,1,4,0,-1,django,orm,q11s3,2,0.308316,,ok,,client-side,1.0,186126,131821659380368,2026-09-06T05:54:22.487-05:00
88cba29213f0,campaign-sf1,mado,tpch,Q11,Medium,commercial_a,indexed,1,4,0,-1,sqlalchemy,sql,q11s3,2,0.329435,,ok,,client-side,1.0,186126,131821659380368,2026-09-06T05:54:22.816-05:00
88cba29213f0,campaign-sf1,mado,tpch,Q11,Medium,commercial_a,indexed,1,4,0,-1,sqlalchemy,orm,q11s3,2,0.318919,,ok,,client-side,1.0,186126,131821659380368,2026-09-06T05:54:23.135-05:00
88cba29213f0,campaign-sf1,mado,tpch,Q11,Medium,commercial_a,indexed,1,4,0,0,django,sql,q11s3,0,0.283255,1217,ok,,client-side,1.0,186126,131821659380368,2026-09-06T05:54:23.419-05:00
88cba29213f0,campaign-sf1,mado,tpch,Q11,Medium,commercial_a,indexed,1,4,0,1,django,orm,q11s3,0,0.285486,1217,ok,,client-side,1.0,186126,131821659380368,2026-09-06T05:54:23.704-05:00
88cba29213f0,campaign-sf1,mado,tpch,Q11,Medium,commercial_a,indexed,1,4,0,2,sqlalchemy,sql,q11s3,0,0.282049,1217,ok,,client-side,1.0,186126,131821659380368,2026-09-06T05:54:23.987-05:00
88cba29213f0,campaign-sf1,mado,tpch,Q11,Medium,commercial_a,indexed,1,4,0,3,sqlalchemy,orm,q11s3,0,0.286756,1217,ok,,client-side,1.0,186126,131821659380368,2026-09-06T05:54:24.273-05:00
88cba29213f0,campaign-sf1,mado,tpch,Q11,Medium,commercial_a,indexed,1,5,3,-1,django,sql,q11s4,2,0.331565,,ok,,client-side,1.0,186126,131821659380368,2026-09-06T05:54:24.610-05:00
88cba29213f0,campaign-sf1,mado,tpch,Q11,Medium,commercial_a,indexed,1,5,3,-1,django,orm,q11s4,2,0.285723,,ok,,client-side,1.0,186126,131821659380368,2026-09-06T05:54:24.896-05:00
88cba29213f0,campaign-sf1,mado,tpch,Q11,Medium,commercial_a,indexed,1,5,3,-1,sqlalchemy,sql,q11s4,2,0.33034,,ok,,client-side,1.0,186126,131821659380368,2026-09-06T05:54:25.226-05:00
88cba29213f0,campaign-sf1,mado,tpch,Q11,Medium,commercial_a,indexed,1,5,3,-1,sqlalchemy,orm,q11s4,2,0.286788,,ok,,client-side,1.0,186126,131821659380368,2026-09-06T05:54:25.513-05:00
88cba29213f0,campaign-sf1,mado,tpch,Q11,Medium,commercial_a,indexed,1,5,3,0,sqlalchemy,sql,q11s4,0,0.283255,699,ok,,client-side,1.0,186126,131821659380368,2026-09-06T05:54:25.796-05:00
88cba29213f0,campaign-sf1,mado,tpch,Q11,Medium,commercial_a,indexed,1,5,3,1,django,sql,q11s4,0,0.284792,699,ok,,client-side,1.0,186126,131821659380368,2026-09-06T05:54:26.081-05:00
88cba29213f0,campaign-sf1,mado,tpch,Q11,Medium,commercial_a,indexed,1,5,3,2,sqlalchemy,orm,q11s4,0,0.286926,699,ok,,client-side,1.0,186126,131821659380368,2026-09-06T05:54:26.368-05:00
88cba29213f0,campaign-sf1,mado,tpch,Q11,Medium,commercial_a,indexed,1,5,3,3,django,orm,q11s4,0,0.2866,699,ok,,client-side,1.0,186126,131821659380368,2026-09-06T05:54:26.655-05:00
88cba29213f0,campaign-sf1,mado,tpch,Q11,Medium,commercial_a,indexed,1,6,0,-1,django,sql,q11s5,2,0.330865,,ok,,client-side,1.0,186126,131821659380368,2026-09-06T05:54:26.990-05:00
88cba29213f0,campaign-sf1,mado,tpch,Q11,Medium,commercial_a,indexed,1,6,0,-1,django,orm,q11s5,2,0.308426,,ok,,client-side,1.0,186126,131821659380368,2026-09-06T05:54:27.299-05:00
88cba29213f0,campaign-sf1,mado,tpch,Q11,Medium,commercial_a,indexed,1,6,0,-1,sqlalchemy,sql,q11s5,2,0.329953,,ok,,client-side,1.0,186126,131821659380368,2026-09-06T05:54:27.629-05:00
88cba29213f0,campaign-sf1,mado,tpch,Q11,Medium,commercial_a,indexed,1,6,0,-1,sqlalchemy,orm,q11s5,2,0.286191,,ok,,client-side,1.0,186126,131821659380368,2026-09-06T05:54:27.915-05:00
88cba29213f0,campaign-sf1,mado,tpch,Q11,Medium,commercial_a,indexed,1,6,0,0,django,sql,q11s5,0,0.284309,925,ok,,client-side,1.0,186126,131821659380368,2026-09-06T05:54:28.200-05:00
88cba29213f0,campaign-sf1,mado,tpch,Q11,Medium,commercial_a,indexed,1,6,0,1,django,orm,q11s5,0,0.285871,925,ok,,client-side,1.0,186126,131821659380368,2026-09-06T05:54:28.486-05:00
88cba29213f0,campaign-sf1,mado,tpch,Q11,Medium,commercial_a,indexed,1,6,0,2,sqlalchemy,sql,q11s5,0,0.282555,925,ok,,client-side,1.0,186126,131821659380368,2026-09-06T05:54:28.768-05:00
88cba29213f0,campaign-sf1,mado,tpch,Q11,Medium,commercial_a,indexed,1,6,0,3,sqlalchemy,orm,q11s5,0,0.286655,925,ok,,client-side,1.0,186126,131821659380368,2026-09-06T05:54:29.055-05:00
88cba29213f0,campaign-sf1,mado,tpch,Q11,Medium,commercial_a,indexed,1,7,1,-1,django,sql,q11s6,2,0.330512,,ok,,client-side,1.0,186126,131821659380368,2026-09-06T05:54:29.390-05:00
88cba29213f0,campaign-sf1,mado,tpch,Q11,Medium,commercial_a,indexed,1,7,1,-1,django,orm,q11s6,2,0.285231,,ok,,client-side,1.0,186126,131821659380368,2026-09-06T05:54:29.676-05:00
88cba29213f0,campaign-sf1,mado,tpch,Q11,Medium,commercial_a,indexed,1,7,1,-1,sqlalchemy,sql,q11s6,2,0.329143,,ok,,client-side,1.0,186126,131821659380368,2026-09-06T05:54:30.005-05:00
88cba29213f0,campaign-sf1,mado,tpch,Q11,Medium,commercial_a,indexed,1,7,1,-1,sqlalchemy,orm,q11s6,2,0.286239,,ok,,client-side,1.0,186126,131821659380368,2026-09-06T05:54:30.291-05:00
88cba29213f0,campaign-sf1,mado,tpch,Q11,Medium,commercial_a,indexed,1,7,1,0,django,orm,q11s6,0,0.285244,1469,ok,,client-side,1.0,186126,131821659380368,2026-09-06T05:54:30.576-05:00
88cba29213f0,campaign-sf1,mado,tpch,Q11,Medium,commercial_a,indexed,1,7,1,1,sqlalchemy,orm,q11s6,0,0.286764,1469,ok,,client-side,1.0,186126,131821659380368,2026-09-06T05:54:30.863-05:00
88cba29213f0,campaign-sf1,mado,tpch,Q11,Medium,commercial_a,indexed,1,7,1,2,django,sql,q11s6,0,0.282612,1469,ok,,client-side,1.0,186126,131821659380368,2026-09-06T05:54:31.146-05:00
88cba29213f0,campaign-sf1,mado,tpch,Q11,Medium,commercial_a,indexed,1,7,1,3,sqlalchemy,sql,q11s6,0,0.281906,1469,ok,,client-side,1.0,186126,131821659380368,2026-09-06T05:54:31.428-05:00
88cba29213f0,campaign-sf1,mado,tpch,Q11,Medium,commercial_a,indexed,1,8,2,-1,django,sql,q11s7,2,0.331662,,ok,,client-side,1.0,186126,131821659380368,2026-09-06T05:54:31.764-05:00
88cba29213f0,campaign-sf1,mado,tpch,Q11,Medium,commercial_a,indexed,1,8,2,-1,django,orm,q11s7,2,0.342081,,ok,,client-side,1.0,186126,131821659380368,2026-09-06T05:54:32.107-05:00
88cba29213f0,campaign-sf1,mado,tpch,Q11,Medium,commercial_a,indexed,1,8,2,-1,sqlalchemy,sql,q11s7,2,0.330639,,ok,,client-side,1.0,186126,131821659380368,2026-09-06T05:54:32.437-05:00
88cba29213f0,campaign-sf1,mado,tpch,Q11,Medium,commercial_a,indexed,1,8,2,-1,sqlalchemy,orm,q11s7,2,0.335358,,ok,,client-side,1.0,186126,131821659380368,2026-09-06T05:54:32.773-05:00
88cba29213f0,campaign-sf1,mado,tpch,Q11,Medium,commercial_a,indexed,1,8,2,0,sqlalchemy,orm,q11s7,0,0.287661,786,ok,,client-side,1.0,186126,131821659380368,2026-09-06T05:54:33.061-05:00
88cba29213f0,campaign-sf1,mado,tpch,Q11,Medium,commercial_a,indexed,1,8,2,1,sqlalchemy,sql,q11s7,0,0.283191,786,ok,,client-side,1.0,186126,131821659380368,2026-09-06T05:54:33.344-05:00
88cba29213f0,campaign-sf1,mado,tpch,Q11,Medium,commercial_a,indexed,1,8,2,2,django,orm,q11s7,0,0.286315,786,ok,,client-side,1.0,186126,131821659380368,2026-09-06T05:54:33.630-05:00
88cba29213f0,campaign-sf1,mado,tpch,Q11,Medium,commercial_a,indexed,1,8,2,3,django,sql,q11s7,0,0.284766,786,ok,,client-side,1.0,186126,131821659380368,2026-09-06T05:54:33.915-05:00
53e3c23ce70d,campaign-sf1,mado,tpch,Q12,Medium,commercial_a,indexed,1,0,0,0,django,sql,q12warm,1,1.739582,2,ok,,client-side,1.0,186128,123680788270880,2026-09-06T05:54:37.078-05:00
53e3c23ce70d,campaign-sf1,mado,tpch,Q12,Medium,commercial_a,indexed,1,0,0,1,django,orm,q12warm,1,2.656288,2,ok,,client-side,1.0,186128,123680788270880,2026-09-06T05:54:39.734-05:00
53e3c23ce70d,campaign-sf1,mado,tpch,Q12,Medium,commercial_a,indexed,1,0,0,2,sqlalchemy,sql,q12warm,1,1.348345,2,ok,,client-side,1.0,186128,123680788270880,2026-09-06T05:54:41.083-05:00
53e3c23ce70d,campaign-sf1,mado,tpch,Q12,Medium,commercial_a,indexed,1,0,0,3,sqlalchemy,orm,q12warm,1,1.893683,2,ok,,client-side,1.0,186128,123680788270880,2026-09-06T05:54:42.977-05:00
53e3c23ce70d,campaign-sf1,mado,tpch,Q12,Medium,commercial_a,indexed,1,1,0,-1,django,sql,q12s0,2,1.35506,,ok,,client-side,1.0,186128,123680788270880,2026-09-06T05:54:44.337-05:00
53e3c23ce70d,campaign-sf1,mado,tpch,Q12,Medium,commercial_a,indexed,1,1,0,-1,django,orm,q12s0,2,2.516985,,ok,,client-side,1.0,186128,123680788270880,2026-09-06T05:54:46.854-05:00
53e3c23ce70d,campaign-sf1,mado,tpch,Q12,Medium,commercial_a,indexed,1,1,0,-1,sqlalchemy,sql,q12s0,2,1.339952,,ok,,client-side,1.0,186128,123680788270880,2026-09-06T05:54:48.194-05:00
53e3c23ce70d,campaign-sf1,mado,tpch,Q12,Medium,commercial_a,indexed,1,1,0,-1,sqlalchemy,orm,q12s0,2,1.856069,,ok,,client-side,1.0,186128,123680788270880,2026-09-06T05:54:50.050-05:00
53e3c23ce70d,campaign-sf1,mado,tpch,Q12,Medium,commercial_a,indexed,1,1,0,0,django,sql,q12s0,0,1.324166,2,ok,,client-side,1.0,186128,123680788270880,2026-09-06T05:54:51.374-05:00
53e3c23ce70d,campaign-sf1,mado,tpch,Q12,Medium,commercial_a,indexed,1,1,0,1,django,orm,q12s0,0,2.476306,2,ok,,client-side,1.0,186128,123680788270880,2026-09-06T05:54:53.851-05:00
53e3c23ce70d,campaign-sf1,mado,tpch,Q12,Medium,commercial_a,indexed,1,1,0,2,sqlalchemy,sql,q12s0,0,1.326839,2,ok,,client-side,1.0,186128,123680788270880,2026-09-06T05:54:55.178-05:00
53e3c23ce70d,campaign-sf1,mado,tpch,Q12,Medium,commercial_a,indexed,1,1,0,3,sqlalchemy,orm,q12s0,0,1.869113,2,ok,,client-side,1.0,186128,123680788270880,2026-09-06T05:54:57.047-05:00
53e3c23ce70d,campaign-sf1,mado,tpch,Q12,Medium,commercial_a,indexed,1,2,1,-1,django,sql,q12s1,2,1.342369,,ok,,client-side,1.0,186128,123680788270880,2026-09-06T05:54:58.394-05:00
53e3c23ce70d,campaign-sf1,mado,tpch,Q12,Medium,commercial_a,indexed,1,2,1,-1,django,orm,q12s1,2,2.394916,,ok,,client-side,1.0,186128,123680788270880,2026-09-06T05:55:00.789-05:00
53e3c23ce70d,campaign-sf1,mado,tpch,Q12,Medium,commercial_a,indexed,1,2,1,-1,sqlalchemy,sql,q12s1,2,1.337389,,ok,,client-side,1.0,186128,123680788270880,2026-09-06T05:55:02.126-05:00
53e3c23ce70d,campaign-sf1,mado,tpch,Q12,Medium,commercial_a,indexed,1,2,1,-1,sqlalchemy,orm,q12s1,2,1.767221,,ok,,client-side,1.0,186128,123680788270880,2026-09-06T05:55:03.894-05:00
53e3c23ce70d,campaign-sf1,mado,tpch,Q12,Medium,commercial_a,indexed,1,2,1,0,django,orm,q12s1,0,2.365637,2,ok,,client-side,1.0,186128,123680788270880,2026-09-06T05:55:06.259-05:00
53e3c23ce70d,campaign-sf1,mado,tpch,Q12,Medium,commercial_a,indexed,1,2,1,1,sqlalchemy,orm,q12s1,0,1.739085,2,ok,,client-side,1.0,186128,123680788270880,2026-09-06T05:55:07.998-05:00
53e3c23ce70d,campaign-sf1,mado,tpch,Q12,Medium,commercial_a,indexed,1,2,1,2,django,sql,q12s1,0,1.328371,2,ok,,client-side,1.0,186128,123680788270880,2026-09-06T05:55:09.327-05:00
53e3c23ce70d,campaign-sf1,mado,tpch,Q12,Medium,commercial_a,indexed,1,2,1,3,sqlalchemy,sql,q12s1,0,1.334395,2,ok,,client-side,1.0,186128,123680788270880,2026-09-06T05:55:10.661-05:00
53e3c23ce70d,campaign-sf1,mado,tpch,Q12,Medium,commercial_a,indexed,1,3,2,-1,django,sql,q12s2,2,1.347971,,ok,,client-side,1.0,186128,123680788270880,2026-09-06T05:55:12.014-05:00
53e3c23ce70d,campaign-sf1,mado,tpch,Q12,Medium,commercial_a,indexed,1,3,2,-1,django,orm,q12s2,2,2.543249,,ok,,client-side,1.0,186128,123680788270880,2026-09-06T05:55:14.558-05:00
53e3c23ce70d,campaign-sf1,mado,tpch,Q12,Medium,commercial_a,indexed,1,3,2,-1,sqlalchemy,sql,q12s2,2,1.342848,,ok,,client-side,1.0,186128,123680788270880,2026-09-06T05:55:15.901-05:00
53e3c23ce70d,campaign-sf1,mado,tpch,Q12,Medium,commercial_a,indexed,1,3,2,-1,sqlalchemy,orm,q12s2,2,1.862766,,ok,,client-side,1.0,186128,123680788270880,2026-09-06T05:55:17.763-05:00
53e3c23ce70d,campaign-sf1,mado,tpch,Q12,Medium,commercial_a,indexed,1,3,2,0,sqlalchemy,orm,q12s2,0,1.852927,2,ok,,client-side,1.0,186128,123680788270880,2026-09-06T05:55:19.616-05:00
53e3c23ce70d,campaign-sf1,mado,tpch,Q12,Medium,commercial_a,indexed,1,3,2,1,sqlalchemy,sql,q12s2,0,1.330812,2,ok,,client-side,1.0,186128,123680788270880,2026-09-06T05:55:20.947-05:00
53e3c23ce70d,campaign-sf1,mado,tpch,Q12,Medium,commercial_a,indexed,1,3,2,2,django,orm,q12s2,0,2.528118,2,ok,,client-side,1.0,186128,123680788270880,2026-09-06T05:55:23.476-05:00
53e3c23ce70d,campaign-sf1,mado,tpch,Q12,Medium,commercial_a,indexed,1,3,2,3,django,sql,q12s2,0,1.323475,2,ok,,client-side,1.0,186128,123680788270880,2026-09-06T05:55:24.799-05:00
53e3c23ce70d,campaign-sf1,mado,tpch,Q12,Medium,commercial_a,indexed,1,4,3,-1,django,sql,q12s3,2,1.346008,,ok,,client-side,1.0,186128,123680788270880,2026-09-06T05:55:26.150-05:00
53e3c23ce70d,campaign-sf1,mado,tpch,Q12,Medium,commercial_a,indexed,1,4,3,-1,django,orm,q12s3,2,2.529503,,ok,,client-side,1.0,186128,123680788270880,2026-09-06T05:55:28.679-05:00
53e3c23ce70d,campaign-sf1,mado,tpch,Q12,Medium,commercial_a,indexed,1,4,3,-1,sqlalchemy,sql,q12s3,2,1.336063,,ok,,client-side,1.0,186128,123680788270880,2026-09-06T05:55:30.016-05:00
53e3c23ce70d,campaign-sf1,mado,tpch,Q12,Medium,commercial_a,indexed,1,4,3,-1,sqlalchemy,orm,q12s3,2,1.866861,,ok,,client-side,1.0,186128,123680788270880,2026-09-06T05:55:31.882-05:00
53e3c23ce70d,campaign-sf1,mado,tpch,Q12,Medium,commercial_a,indexed,1,4,3,0,sqlalchemy,sql,q12s3,0,1.322928,2,ok,,client-side,1.0,186128,123680788270880,2026-09-06T05:55:33.205-05:00
53e3c23ce70d,campaign-sf1,mado,tpch,Q12,Medium,commercial_a,indexed,1,4,3,1,django,sql,q12s3,0,1.332356,2,ok,,client-side,1.0,186128,123680788270880,2026-09-06T05:55:34.538-05:00
53e3c23ce70d,campaign-sf1,mado,tpch,Q12,Medium,commercial_a,indexed,1,4,3,2,sqlalchemy,orm,q12s3,0,1.852519,2,ok,,client-side,1.0,186128,123680788270880,2026-09-06T05:55:36.391-05:00
53e3c23ce70d,campaign-sf1,mado,tpch,Q12,Medium,commercial_a,indexed,1,4,3,3,django,orm,q12s3,0,2.530666,2,ok,,client-side,1.0,186128,123680788270880,2026-09-06T05:55:38.921-05:00
53e3c23ce70d,campaign-sf1,mado,tpch,Q12,Medium,commercial_a,indexed,1,5,3,-1,django,sql,q12s4,2,1.341884,,ok,,client-side,1.0,186128,123680788270880,2026-09-06T05:55:40.268-05:00
53e3c23ce70d,campaign-sf1,mado,tpch,Q12,Medium,commercial_a,indexed,1,5,3,-1,django,orm,q12s4,2,2.473796,,ok,,client-side,1.0,186128,123680788270880,2026-09-06T05:55:42.742-05:00
53e3c23ce70d,campaign-sf1,mado,tpch,Q12,Medium,commercial_a,indexed,1,5,3,-1,sqlalchemy,sql,q12s4,2,1.346229,,ok,,client-side,1.0,186128,123680788270880,2026-09-06T05:55:44.088-05:00
53e3c23ce70d,campaign-sf1,mado,tpch,Q12,Medium,commercial_a,indexed,1,5,3,-1,sqlalchemy,orm,q12s4,2,1.804341,,ok,,client-side,0.92,186128,123680788270880,2026-09-06T05:55:45.893-05:00
53e3c23ce70d,campaign-sf1,mado,tpch,Q12,Medium,commercial_a,indexed,1,5,3,0,sqlalchemy,sql,q12s4,0,1.330017,2,ok,,client-side,0.92,186128,123680788270880,2026-09-06T05:55:47.223-05:00
53e3c23ce70d,campaign-sf1,mado,tpch,Q12,Medium,commercial_a,indexed,1,5,3,1,django,sql,q12s4,0,1.337922,2,ok,,client-side,0.92,186128,123680788270880,2026-09-06T05:55:48.561-05:00
53e3c23ce70d,campaign-sf1,mado,tpch,Q12,Medium,commercial_a,indexed,1,5,3,2,sqlalchemy,orm,q12s4,0,1.800031,2,ok,,client-side,0.93,186128,123680788270880,2026-09-06T05:55:50.361-05:00
53e3c23ce70d,campaign-sf1,mado,tpch,Q12,Medium,commercial_a,indexed,1,5,3,3,django,orm,q12s4,0,2.458551,2,ok,,client-side,0.93,186128,123680788270880,2026-09-06T05:55:52.819-05:00
53e3c23ce70d,campaign-sf1,mado,tpch,Q12,Medium,commercial_a,indexed,1,6,0,-1,django,sql,q12s5,2,1.522713,,ok,,client-side,0.93,186128,123680788270880,2026-09-06T05:55:54.347-05:00
53e3c23ce70d,campaign-sf1,mado,tpch,Q12,Medium,commercial_a,indexed,1,6,0,-1,django,orm,q12s5,2,2.478412,,ok,,client-side,0.93,186128,123680788270880,2026-09-06T05:55:56.825-05:00
53e3c23ce70d,campaign-sf1,mado,tpch,Q12,Medium,commercial_a,indexed,1,6,0,-1,sqlalchemy,sql,q12s5,2,1.339968,,ok,,client-side,0.93,186128,123680788270880,2026-09-06T05:55:58.166-05:00
53e3c23ce70d,campaign-sf1,mado,tpch,Q12,Medium,commercial_a,indexed,1,6,0,-1,sqlalchemy,orm,q12s5,2,1.823047,,ok,,client-side,0.94,186128,123680788270880,2026-09-06T05:55:59.989-05:00
53e3c23ce70d,campaign-sf1,mado,tpch,Q12,Medium,commercial_a,indexed,1,6,0,0,django,sql,q12s5,0,1.332233,2,ok,,client-side,0.94,186128,123680788270880,2026-09-06T05:56:01.321-05:00
53e3c23ce70d,campaign-sf1,mado,tpch,Q12,Medium,commercial_a,indexed,1,6,0,1,django,orm,q12s5,0,2.460021,2,ok,,client-side,0.94,186128,123680788270880,2026-09-06T05:56:03.781-05:00
53e3c23ce70d,campaign-sf1,mado,tpch,Q12,Medium,commercial_a,indexed,1,6,0,2,sqlalchemy,sql,q12s5,0,1.319041,2,ok,,client-side,0.94,186128,123680788270880,2026-09-06T05:56:05.100-05:00
53e3c23ce70d,campaign-sf1,mado,tpch,Q12,Medium,commercial_a,indexed,1,6,0,3,sqlalchemy,orm,q12s5,0,1.799176,2,ok,,client-side,0.94,186128,123680788270880,2026-09-06T05:56:06.900-05:00
53e3c23ce70d,campaign-sf1,mado,tpch,Q12,Medium,commercial_a,indexed,1,7,2,-1,django,sql,q12s6,2,1.343495,,ok,,client-side,0.94,186128,123680788270880,2026-09-06T05:56:08.248-05:00
53e3c23ce70d,campaign-sf1,mado,tpch,Q12,Medium,commercial_a,indexed,1,7,2,-1,django,orm,q12s6,2,2.478261,,ok,,client-side,0.95,186128,123680788270880,2026-09-06T05:56:10.726-05:00
53e3c23ce70d,campaign-sf1,mado,tpch,Q12,Medium,commercial_a,indexed,1,7,2,-1,sqlalchemy,sql,q12s6,2,1.334504,,ok,,client-side,0.95,186128,123680788270880,2026-09-06T05:56:12.060-05:00
53e3c23ce70d,campaign-sf1,mado,tpch,Q12,Medium,commercial_a,indexed,1,7,2,-1,sqlalchemy,orm,q12s6,2,1.812664,,ok,,client-side,0.95,186128,123680788270880,2026-09-06T05:56:13.873-05:00
53e3c23ce70d,campaign-sf1,mado,tpch,Q12,Medium,commercial_a,indexed,1,7,2,0,sqlalchemy,orm,q12s6,0,1.79253,2,ok,,client-side,0.95,186128,123680788270880,2026-09-06T05:56:15.666-05:00
53e3c23ce70d,campaign-sf1,mado,tpch,Q12,Medium,commercial_a,indexed,1,7,2,1,sqlalchemy,sql,q12s6,0,1.327762,2,ok,,client-side,0.95,186128,123680788270880,2026-09-06T05:56:16.994-05:00
53e3c23ce70d,campaign-sf1,mado,tpch,Q12,Medium,commercial_a,indexed,1,7,2,2,django,orm,q12s6,0,2.462765,2,ok,,client-side,0.96,186128,123680788270880,2026-09-06T05:56:19.457-05:00
53e3c23ce70d,campaign-sf1,mado,tpch,Q12,Medium,commercial_a,indexed,1,7,2,3,django,sql,q12s6,0,1.324375,2,ok,,client-side,0.96,186128,123680788270880,2026-09-06T05:56:20.781-05:00
53e3c23ce70d,campaign-sf1,mado,tpch,Q12,Medium,commercial_a,indexed,1,8,1,-1,django,sql,q12s7,2,1.349088,,ok,,client-side,0.96,186128,123680788270880,2026-09-06T05:56:22.135-05:00
53e3c23ce70d,campaign-sf1,mado,tpch,Q12,Medium,commercial_a,indexed,1,8,1,-1,django,orm,q12s7,2,2.410263,,ok,,client-side,0.96,186128,123680788270880,2026-09-06T05:56:24.545-05:00
53e3c23ce70d,campaign-sf1,mado,tpch,Q12,Medium,commercial_a,indexed,1,8,1,-1,sqlalchemy,sql,q12s7,2,1.33299,,ok,,client-side,0.96,186128,123680788270880,2026-09-06T05:56:25.878-05:00
53e3c23ce70d,campaign-sf1,mado,tpch,Q12,Medium,commercial_a,indexed,1,8,1,-1,sqlalchemy,orm,q12s7,2,1.766218,,ok,,client-side,0.96,186128,123680788270880,2026-09-06T05:56:27.645-05:00
53e3c23ce70d,campaign-sf1,mado,tpch,Q12,Medium,commercial_a,indexed,1,8,1,0,django,orm,q12s7,0,2.367458,2,ok,,client-side,0.96,186128,123680788270880,2026-09-06T05:56:30.012-05:00
53e3c23ce70d,campaign-sf1,mado,tpch,Q12,Medium,commercial_a,indexed,1,8,1,1,sqlalchemy,orm,q12s7,0,1.74009,2,ok,,client-side,0.96,186128,123680788270880,2026-09-06T05:56:31.752-05:00
53e3c23ce70d,campaign-sf1,mado,tpch,Q12,Medium,commercial_a,indexed,1,8,1,2,django,sql,q12s7,0,1.324751,2,ok,,client-side,0.96,186128,123680788270880,2026-09-06T05:56:33.077-05:00
53e3c23ce70d,campaign-sf1,mado,tpch,Q12,Medium,commercial_a,indexed,1,8,1,3,sqlalchemy,sql,q12s7,0,1.324055,2,ok,,client-side,0.97,186128,123680788270880,2026-09-06T05:56:34.401-05:00
2efc03f497ca,campaign-sf1,mado,tpch,Q14,Simple,commercial_a,indexed,1,0,0,0,django,sql,q14warm,1,2.778037,1,ok,,client-side,1.06,186146,128543771758752,2026-09-06T05:57:43.929-05:00
2efc03f497ca,campaign-sf1,mado,tpch,Q14,Simple,commercial_a,indexed,1,0,0,1,django,orm,q14warm,1,2.363353,1,ok,,client-side,1.05,186146,128543771758752,2026-09-06T05:57:46.293-05:00
2efc03f497ca,campaign-sf1,mado,tpch,Q14,Simple,commercial_a,indexed,1,0,0,2,sqlalchemy,sql,q14warm,1,2.883414,1,ok,,client-side,1.05,186146,128543771758752,2026-09-06T05:57:49.176-05:00
2efc03f497ca,campaign-sf1,mado,tpch,Q14,Simple,commercial_a,indexed,1,0,0,3,sqlalchemy,orm,q14warm,1,2.416258,1,ok,,client-side,1.05,186146,128543771758752,2026-09-06T05:57:51.592-05:00
2efc03f497ca,campaign-sf1,mado,tpch,Q14,Simple,commercial_a,indexed,1,1,2,-1,django,sql,q14s0,2,1.280464,,ok,,client-side,1.05,186146,128543771758752,2026-09-06T05:57:52.877-05:00
2efc03f497ca,campaign-sf1,mado,tpch,Q14,Simple,commercial_a,indexed,1,1,2,-1,django,orm,q14s0,2,1.312583,,ok,,client-side,1.04,186146,128543771758752,2026-09-06T05:57:54.190-05:00
2efc03f497ca,campaign-sf1,mado,tpch,Q14,Simple,commercial_a,indexed,1,1,2,-1,sqlalchemy,sql,q14s0,2,1.279909,,ok,,client-side,1.04,186146,128543771758752,2026-09-06T05:57:55.470-05:00
2efc03f497ca,campaign-sf1,mado,tpch,Q14,Simple,commercial_a,indexed,1,1,2,-1,sqlalchemy,orm,q14s0,2,2.027272,,ok,,client-side,1.04,186146,128543771758752,2026-09-06T05:57:57.497-05:00
2efc03f497ca,campaign-sf1,mado,tpch,Q14,Simple,commercial_a,indexed,1,1,2,0,sqlalchemy,orm,q14s0,0,2.034614,1,ok,,client-side,1.04,186146,128543771758752,2026-09-06T05:57:59.532-05:00
2efc03f497ca,campaign-sf1,mado,tpch,Q14,Simple,commercial_a,indexed,1,1,2,1,sqlalchemy,sql,q14s0,0,1.267001,1,ok,,client-side,1.04,186146,128543771758752,2026-09-06T05:58:00.799-05:00
2efc03f497ca,campaign-sf1,mado,tpch,Q14,Simple,commercial_a,indexed,1,1,2,2,django,orm,q14s0,0,1.311118,1,ok,,client-side,1.04,186146,128543771758752,2026-09-06T05:58:02.110-05:00
2efc03f497ca,campaign-sf1,mado,tpch,Q14,Simple,commercial_a,indexed,1,1,2,3,django,sql,q14s0,0,1.272728,1,ok,,client-side,1.04,186146,128543771758752,2026-09-06T05:58:03.383-05:00
2efc03f497ca,campaign-sf1,mado,tpch,Q14,Simple,commercial_a,indexed,1,2,1,-1,django,sql,q14s1,2,1.297069,,ok,,client-side,1.04,186146,128543771758752,2026-09-06T05:58:04.685-05:00
2efc03f497ca,campaign-sf1,mado,tpch,Q14,Simple,commercial_a,indexed,1,2,1,-1,django,orm,q14s1,2,1.332105,,ok,,client-side,1.04,186146,128543771758752,2026-09-06T05:58:06.017-05:00
2efc03f497ca,campaign-sf1,mado,tpch,Q14,Simple,commercial_a,indexed,1,2,1,-1,sqlalchemy,sql,q14s1,2,1.293626,,ok,,client-side,1.04,186146,128543771758752,2026-09-06T05:58:07.311-05:00
2efc03f497ca,campaign-sf1,mado,tpch,Q14,Simple,commercial_a,indexed,1,2,1,-1,sqlalchemy,orm,q14s1,2,2.079237,,ok,,client-side,1.03,186146,128543771758752,2026-09-06T05:58:09.390-05:00
2efc03f497ca,campaign-sf1,mado,tpch,Q14,Simple,commercial_a,indexed,1,2,1,0,django,orm,q14s1,0,1.334171,1,ok,,client-side,1.03,186146,128543771758752,2026-09-06T05:58:10.724-05:00
2efc03f497ca,campaign-sf1,mado,tpch,Q14,Simple,commercial_a,indexed,1,2,1,1,sqlalchemy,orm,q14s1,0,2.082372,1,ok,,client-side,1.03,186146,128543771758752,2026-09-06T05:58:12.807-05:00
2efc03f497ca,campaign-sf1,mado,tpch,Q14,Simple,commercial_a,indexed,1,2,1,2,django,sql,q14s1,0,1.286521,1,ok,,client-side,1.03,186146,128543771758752,2026-09-06T05:58:14.094-05:00
2efc03f497ca,campaign-sf1,mado,tpch,Q14,Simple,commercial_a,indexed,1,2,1,3,sqlalchemy,sql,q14s1,0,1.281888,1,ok,,client-side,1.03,186146,128543771758752,2026-09-06T05:58:15.376-05:00
2efc03f497ca,campaign-sf1,mado,tpch,Q14,Simple,commercial_a,indexed,1,3,0,-1,django,sql,q14s2,2,1.218219,,ok,,client-side,1.03,186146,128543771758752,2026-09-06T05:58:16.599-05:00
2efc03f497ca,campaign-sf1,mado,tpch,Q14,Simple,commercial_a,indexed,1,3,0,-1,django,orm,q14s2,2,1.242224,,ok,,client-side,1.03,186146,128543771758752,2026-09-06T05:58:17.841-05:00
2efc03f497ca,campaign-sf1,mado,tpch,Q14,Simple,commercial_a,indexed,1,3,0,-1,sqlalchemy,sql,q14s2,2,1.212086,,ok,,client-side,1.03,186146,128543771758752,2026-09-06T05:58:19.053-05:00
2efc03f497ca,campaign-sf1,mado,tpch,Q14,Simple,commercial_a,indexed,1,3,0,-1,sqlalchemy,orm,q14s2,2,1.791861,,ok,,client-side,1.03,186146,128543771758752,2026-09-06T05:58:20.845-05:00
2efc03f497ca,campaign-sf1,mado,tpch,Q14,Simple,commercial_a,indexed,1,3,0,0,django,sql,q14s2,0,1.201037,1,ok,,client-side,1.03,186146,128543771758752,2026-09-06T05:58:22.046-05:00
2efc03f497ca,campaign-sf1,mado,tpch,Q14,Simple,commercial_a,indexed,1,3,0,1,django,orm,q14s2,0,1.243089,1,ok,,client-side,1.03,186146,128543771758752,2026-09-06T05:58:23.289-05:00
2efc03f497ca,campaign-sf1,mado,tpch,Q14,Simple,commercial_a,indexed,1,3,0,2,sqlalchemy,sql,q14s2,0,1.198684,1,ok,,client-side,1.03,186146,128543771758752,2026-09-06T05:58:24.488-05:00
2efc03f497ca,campaign-sf1,mado,tpch,Q14,Simple,commercial_a,indexed,1,3,0,3,sqlalchemy,orm,q14s2,0,1.790964,1,ok,,client-side,1.03,186146,128543771758752,2026-09-06T05:58:26.279-05:00
2efc03f497ca,campaign-sf1,mado,tpch,Q14,Simple,commercial_a,indexed,1,4,3,-1,django,sql,q14s3,2,1.288054,,ok,,client-side,1.03,186146,128543771758752,2026-09-06T05:58:27.572-05:00
2efc03f497ca,campaign-sf1,mado,tpch,Q14,Simple,commercial_a,indexed,1,4,3,-1,django,orm,q14s3,2,1.328314,,ok,,client-side,1.03,186146,128543771758752,2026-09-06T05:58:28.900-05:00
2efc03f497ca,campaign-sf1,mado,tpch,Q14,Simple,commercial_a,indexed,1,4,3,-1,sqlalchemy,sql,q14s3,2,1.295203,,ok,,client-side,1.02,186146,128543771758752,2026-09-06T05:58:30.196-05:00
2efc03f497ca,campaign-sf1,mado,tpch,Q14,Simple,commercial_a,indexed,1,4,3,-1,sqlalchemy,orm,q14s3,2,2.024693,,ok,,client-side,1.02,186146,128543771758752,2026-09-06T05:58:32.221-05:00
2efc03f497ca,campaign-sf1,mado,tpch,Q14,Simple,commercial_a,indexed,1,4,3,0,sqlalchemy,sql,q14s3,0,1.279114,1,ok,,client-side,1.02,186146,128543771758752,2026-09-06T05:58:33.500-05:00
2efc03f497ca,campaign-sf1,mado,tpch,Q14,Simple,commercial_a,indexed,1,4,3,1,django,sql,q14s3,0,1.279828,1,ok,,client-side,1.02,186146,128543771758752,2026-09-06T05:58:34.780-05:00
2efc03f497ca,campaign-sf1,mado,tpch,Q14,Simple,commercial_a,indexed,1,4,3,2,sqlalchemy,orm,q14s3,0,2.022209,1,ok,,client-side,1.02,186146,128543771758752,2026-09-06T05:58:36.802-05:00
2efc03f497ca,campaign-sf1,mado,tpch,Q14,Simple,commercial_a,indexed,1,4,3,3,django,orm,q14s3,0,1.320768,1,ok,,client-side,1.02,186146,128543771758752,2026-09-06T05:58:38.123-05:00
2efc03f497ca,campaign-sf1,mado,tpch,Q14,Simple,commercial_a,indexed,1,5,2,-1,django,sql,q14s4,2,1.316028,,ok,,client-side,1.02,186146,128543771758752,2026-09-06T05:58:39.444-05:00
2efc03f497ca,campaign-sf1,mado,tpch,Q14,Simple,commercial_a,indexed,1,5,2,-1,django,orm,q14s4,2,1.346435,,ok,,client-side,1.02,186146,128543771758752,2026-09-06T05:58:40.790-05:00
2efc03f497ca,campaign-sf1,mado,tpch,Q14,Simple,commercial_a,indexed,1,5,2,-1,sqlalchemy,sql,q14s4,2,1.312138,,ok,,client-side,1.02,186146,128543771758752,2026-09-06T05:58:42.103-05:00
2efc03f497ca,campaign-sf1,mado,tpch,Q14,Simple,commercial_a,indexed,1,5,2,-1,sqlalchemy,orm,q14s4,2,2.149391,,ok,,client-side,1.02,186146,128543771758752,2026-09-06T05:58:44.252-05:00
2efc03f497ca,campaign-sf1,mado,tpch,Q14,Simple,commercial_a,indexed,1,5,2,0,sqlalchemy,orm,q14s4,0,2.160994,1,ok,,client-side,1.02,186146,128543771758752,2026-09-06T05:58:46.413-05:00
2efc03f497ca,campaign-sf1,mado,tpch,Q14,Simple,commercial_a,indexed,1,5,2,1,sqlalchemy,sql,q14s4,0,1.297105,1,ok,,client-side,1.02,186146,128543771758752,2026-09-06T05:58:47.710-05:00
2efc03f497ca,campaign-sf1,mado,tpch,Q14,Simple,commercial_a,indexed,1,5,2,2,django,orm,q14s4,0,1.345985,1,ok,,client-side,1.02,186146,128543771758752,2026-09-06T05:58:49.056-05:00
2efc03f497ca,campaign-sf1,mado,tpch,Q14,Simple,commercial_a,indexed,1,5,2,3,django,sql,q14s4,0,1.306025,1,ok,,client-side,1.02,186146,128543771758752,2026-09-06T05:58:50.363-05:00
2efc03f497ca,campaign-sf1,mado,tpch,Q14,Simple,commercial_a,indexed,1,6,1,-1,django,sql,q14s5,2,1.296079,,ok,,client-side,1.02,186146,128543771758752,2026-09-06T05:58:51.663-05:00
2efc03f497ca,campaign-sf1,mado,tpch,Q14,Simple,commercial_a,indexed,1,6,1,-1,django,orm,q14s5,2,1.32793,,ok,,client-side,1.02,186146,128543771758752,2026-09-06T05:58:52.991-05:00
2efc03f497ca,campaign-sf1,mado,tpch,Q14,Simple,commercial_a,indexed,1,6,1,-1,sqlalchemy,sql,q14s5,2,1.2969,,ok,,client-side,1.01,186146,128543771758752,2026-09-06T05:58:54.288-05:00
2efc03f497ca,campaign-sf1,mado,tpch,Q14,Simple,commercial_a,indexed,1,6,1,-1,sqlalchemy,orm,q14s5,2,2.06522,,ok,,client-side,1.01,186146,128543771758752,2026-09-06T05:58:56.354-05:00
2efc03f497ca,campaign-sf1,mado,tpch,Q14,Simple,commercial_a,indexed,1,6,1,0,django,orm,q14s5,0,1.329309,1,ok,,client-side,1.01,186146,128543771758752,2026-09-06T05:58:57.683-05:00
2efc03f497ca,campaign-sf1,mado,tpch,Q14,Simple,commercial_a,indexed,1,6,1,1,sqlalchemy,orm,q14s5,0,2.064917,1,ok,,client-side,1.01,186146,128543771758752,2026-09-06T05:58:59.748-05:00
2efc03f497ca,campaign-sf1,mado,tpch,Q14,Simple,commercial_a,indexed,1,6,1,2,django,sql,q14s5,0,1.284579,1,ok,,client-side,1.01,186146,128543771758752,2026-09-06T05:59:01.033-05:00
2efc03f497ca,campaign-sf1,mado,tpch,Q14,Simple,commercial_a,indexed,1,6,1,3,sqlalchemy,sql,q14s5,0,1.27874,1,ok,,client-side,1.01,186146,128543771758752,2026-09-06T05:59:02.312-05:00
2efc03f497ca,campaign-sf1,mado,tpch,Q14,Simple,commercial_a,indexed,1,7,0,-1,django,sql,q14s6,2,1.271733,,ok,,client-side,1.01,186146,128543771758752,2026-09-06T05:59:03.588-05:00
2efc03f497ca,campaign-sf1,mado,tpch,Q14,Simple,commercial_a,indexed,1,7,0,-1,django,orm,q14s6,2,1.301852,,ok,,client-side,1.01,186146,128543771758752,2026-09-06T05:59:04.890-05:00
2efc03f497ca,campaign-sf1,mado,tpch,Q14,Simple,commercial_a,indexed,1,7,0,-1,sqlalchemy,sql,q14s6,2,1.263323,,ok,,client-side,1.01,186146,128543771758752,2026-09-06T05:59:06.154-05:00
2efc03f497ca,campaign-sf1,mado,tpch,Q14,Simple,commercial_a,indexed,1,7,0,-1,sqlalchemy,orm,q14s6,2,1.98799,,ok,,client-side,1.01,186146,128543771758752,2026-09-06T05:59:08.142-05:00
2efc03f497ca,campaign-sf1,mado,tpch,Q14,Simple,commercial_a,indexed,1,7,0,0,django,sql,q14s6,0,1.256907,1,ok,,client-side,1.01,186146,128543771758752,2026-09-06T05:59:09.399-05:00
2efc03f497ca,campaign-sf1,mado,tpch,Q14,Simple,commercial_a,indexed,1,7,0,1,django,orm,q14s6,0,1.301291,1,ok,,client-side,1.01,186146,128543771758752,2026-09-06T05:59:10.700-05:00
2efc03f497ca,campaign-sf1,mado,tpch,Q14,Simple,commercial_a,indexed,1,7,0,2,sqlalchemy,sql,q14s6,0,1.248955,1,ok,,client-side,1.01,186146,128543771758752,2026-09-06T05:59:11.949-05:00
2efc03f497ca,campaign-sf1,mado,tpch,Q14,Simple,commercial_a,indexed,1,7,0,3,sqlalchemy,orm,q14s6,0,1.977913,1,ok,,client-side,1.01,186146,128543771758752,2026-09-06T05:59:13.927-05:00
2efc03f497ca,campaign-sf1,mado,tpch,Q14,Simple,commercial_a,indexed,1,8,3,-1,django,sql,q14s7,2,1.280677,,ok,,client-side,1.01,186146,128543771758752,2026-09-06T05:59:15.213-05:00
2efc03f497ca,campaign-sf1,mado,tpch,Q14,Simple,commercial_a,indexed,1,8,3,-1,django,orm,q14s7,2,1.307801,,ok,,client-side,1.01,186146,128543771758752,2026-09-06T05:59:16.521-05:00
2efc03f497ca,campaign-sf1,mado,tpch,Q14,Simple,commercial_a,indexed,1,8,3,-1,sqlalchemy,sql,q14s7,2,1.272765,,ok,,client-side,1.01,186146,128543771758752,2026-09-06T05:59:17.794-05:00
2efc03f497ca,campaign-sf1,mado,tpch,Q14,Simple,commercial_a,indexed,1,8,3,-1,sqlalchemy,orm,q14s7,2,2.065936,,ok,,client-side,1.01,186146,128543771758752,2026-09-06T05:59:19.860-05:00
2efc03f497ca,campaign-sf1,mado,tpch,Q14,Simple,commercial_a,indexed,1,8,3,0,sqlalchemy,sql,q14s7,0,1.263361,1,ok,,client-side,1.01,186146,128543771758752,2026-09-06T05:59:21.123-05:00
2efc03f497ca,campaign-sf1,mado,tpch,Q14,Simple,commercial_a,indexed,1,8,3,1,django,sql,q14s7,0,1.266175,1,ok,,client-side,1.01,186146,128543771758752,2026-09-06T05:59:22.390-05:00
2efc03f497ca,campaign-sf1,mado,tpch,Q14,Simple,commercial_a,indexed,1,8,3,2,sqlalchemy,orm,q14s7,0,2.073317,1,ok,,client-side,1.01,186146,128543771758752,2026-09-06T05:59:24.463-05:00
2efc03f497ca,campaign-sf1,mado,tpch,Q14,Simple,commercial_a,indexed,1,8,3,3,django,orm,q14s7,0,1.310019,1,ok,,client-side,1.01,186146,128543771758752,2026-09-06T05:59:25.773-05:00
eb2e87de3b71,campaign-sf1,mado,tpch,Q15,Complex,commercial_a,indexed,1,0,0,0,django,sql,q15warm,1,1.107462,1,ok,,client-side,1.01,186150,139764332613408,2026-09-06T05:59:28.297-05:00
eb2e87de3b71,campaign-sf1,mado,tpch,Q15,Complex,commercial_a,indexed,1,0,0,1,django,orm,q15warm,1,2.157823,1,ok,,client-side,1.01,186150,139764332613408,2026-09-06T05:59:30.455-05:00
eb2e87de3b71,campaign-sf1,mado,tpch,Q15,Complex,commercial_a,indexed,1,0,0,2,sqlalchemy,sql,q15warm,1,1.0961,1,ok,,client-side,1.01,186150,139764332613408,2026-09-06T05:59:31.551-05:00
eb2e87de3b71,campaign-sf1,mado,tpch,Q15,Complex,commercial_a,indexed,1,0,0,3,sqlalchemy,orm,q15warm,1,3.680899,1,ok,,client-side,1.01,186150,139764332613408,2026-09-06T05:59:35.232-05:00
eb2e87de3b71,campaign-sf1,mado,tpch,Q15,Complex,commercial_a,indexed,1,1,2,-1,django,sql,q15s0,2,1.123932,,ok,,client-side,1.01,186150,139764332613408,2026-09-06T05:59:36.360-05:00
eb2e87de3b71,campaign-sf1,mado,tpch,Q15,Complex,commercial_a,indexed,1,1,2,-1,django,orm,q15s0,2,2.182386,,ok,,client-side,1.01,186150,139764332613408,2026-09-06T05:59:38.543-05:00
eb2e87de3b71,campaign-sf1,mado,tpch,Q15,Complex,commercial_a,indexed,1,1,2,-1,sqlalchemy,sql,q15s0,2,1.115083,,ok,,client-side,1.0,186150,139764332613408,2026-09-06T05:59:39.658-05:00
eb2e87de3b71,campaign-sf1,mado,tpch,Q15,Complex,commercial_a,indexed,1,1,2,-1,sqlalchemy,orm,q15s0,2,3.738908,,ok,,client-side,1.0,186150,139764332613408,2026-09-06T05:59:43.397-05:00
eb2e87de3b71,campaign-sf1,mado,tpch,Q15,Complex,commercial_a,indexed,1,1,2,0,sqlalchemy,orm,q15s0,0,3.756428,1,ok,,client-side,1.0,186150,139764332613408,2026-09-06T05:59:47.154-05:00
eb2e87de3b71,campaign-sf1,mado,tpch,Q15,Complex,commercial_a,indexed,1,1,2,1,sqlalchemy,sql,q15s0,0,1.081047,1,ok,,client-side,1.0,186150,139764332613408,2026-09-06T05:59:48.235-05:00
eb2e87de3b71,campaign-sf1,mado,tpch,Q15,Complex,commercial_a,indexed,1,1,2,2,django,orm,q15s0,0,2.162081,1,ok,,client-side,1.0,186150,139764332613408,2026-09-06T05:59:50.397-05:00
eb2e87de3b71,campaign-sf1,mado,tpch,Q15,Complex,commercial_a,indexed,1,1,2,3,django,sql,q15s0,0,1.085079,1,ok,,client-side,1.0,186150,139764332613408,2026-09-06T05:59:51.482-05:00
eb2e87de3b71,campaign-sf1,mado,tpch,Q15,Complex,commercial_a,indexed,1,2,1,-1,django,sql,q15s1,2,1.082425,,ok,,client-side,1.0,186150,139764332613408,2026-09-06T05:59:52.569-05:00
eb2e87de3b71,campaign-sf1,mado,tpch,Q15,Complex,commercial_a,indexed,1,2,1,-1,django,orm,q15s1,2,2.089465,,ok,,client-side,1.0,186150,139764332613408,2026-09-06T05:59:54.659-05:00
eb2e87de3b71,campaign-sf1,mado,tpch,Q15,Complex,commercial_a,indexed,1,2,1,-1,sqlalchemy,sql,q15s1,2,1.073253,,ok,,client-side,1.0,186150,139764332613408,2026-09-06T05:59:55.732-05:00
eb2e87de3b71,campaign-sf1,mado,tpch,Q15,Complex,commercial_a,indexed,1,2,1,-1,sqlalchemy,orm,q15s1,2,3.497314,,ok,,client-side,1.0,186150,139764332613408,2026-09-06T05:59:59.229-05:00
eb2e87de3b71,campaign-sf1,mado,tpch,Q15,Complex,commercial_a,indexed,1,2,1,0,django,orm,q15s1,0,2.082126,1,ok,,client-side,1.0,186150,139764332613408,2026-09-06T06:00:01.312-05:00
eb2e87de3b71,campaign-sf1,mado,tpch,Q15,Complex,commercial_a,indexed,1,2,1,1,sqlalchemy,orm,q15s1,0,3.502874,1,ok,,client-side,1.0,186150,139764332613408,2026-09-06T06:00:04.815-05:00
eb2e87de3b71,campaign-sf1,mado,tpch,Q15,Complex,commercial_a,indexed,1,2,1,2,django,sql,q15s1,0,1.042328,1,ok,,client-side,1.0,186150,139764332613408,2026-09-06T06:00:05.857-05:00
eb2e87de3b71,campaign-sf1,mado,tpch,Q15,Complex,commercial_a,indexed,1,2,1,3,sqlalchemy,sql,q15s1,0,1.03585,1,ok,,client-side,1.0,186150,139764332613408,2026-09-06T06:00:06.893-05:00
eb2e87de3b71,campaign-sf1,mado,tpch,Q15,Complex,commercial_a,indexed,1,3,3,-1,django,sql,q15s2,2,1.179848,,ok,,client-side,1.0,186150,139764332613408,2026-09-06T06:00:08.077-05:00
eb2e87de3b71,campaign-sf1,mado,tpch,Q15,Complex,commercial_a,indexed,1,3,3,-1,django,orm,q15s2,2,2.293092,,ok,,client-side,1.0,186150,139764332613408,2026-09-06T06:00:10.371-05:00
eb2e87de3b71,campaign-sf1,mado,tpch,Q15,Complex,commercial_a,indexed,1,3,3,-1,sqlalchemy,sql,q15s2,2,1.177128,,ok,,client-side,1.0,186150,139764332613408,2026-09-06T06:00:11.548-05:00
eb2e87de3b71,campaign-sf1,mado,tpch,Q15,Complex,commercial_a,indexed,1,3,3,-1,sqlalchemy,orm,q15s2,2,4.153214,,ok,,client-side,1.0,186150,139764332613408,2026-09-06T06:00:15.701-05:00
eb2e87de3b71,campaign-sf1,mado,tpch,Q15,Complex,commercial_a,indexed,1,3,3,0,sqlalchemy,sql,q15s2,0,1.13731,1,ok,,client-side,1.0,186150,139764332613408,2026-09-06T06:00:16.838-05:00
eb2e87de3b71,campaign-sf1,mado,tpch,Q15,Complex,commercial_a,indexed,1,3,3,1,django,sql,q15s2,0,1.13923,1,ok,,client-side,1.0,186150,139764332613408,2026-09-06T06:00:17.978-05:00
eb2e87de3b71,campaign-sf1,mado,tpch,Q15,Complex,commercial_a,indexed,1,3,3,2,sqlalchemy,orm,q15s2,0,4.151899,1,ok,,client-side,1.0,186150,139764332613408,2026-09-06T06:00:22.130-05:00
eb2e87de3b71,campaign-sf1,mado,tpch,Q15,Complex,commercial_a,indexed,1,3,3,3,django,orm,q15s2,0,2.281503,1,ok,,client-side,1.0,186150,139764332613408,2026-09-06T06:00:24.411-05:00
eb2e87de3b71,campaign-sf1,mado,tpch,Q15,Complex,commercial_a,indexed,1,4,0,-1,django,sql,q15s3,2,1.196789,,ok,,client-side,1.0,186150,139764332613408,2026-09-06T06:00:25.613-05:00
eb2e87de3b71,campaign-sf1,mado,tpch,Q15,Complex,commercial_a,indexed,1,4,0,-1,django,orm,q15s3,2,2.323848,,ok,,client-side,1.0,186150,139764332613408,2026-09-06T06:00:27.937-05:00
eb2e87de3b71,campaign-sf1,mado,tpch,Q15,Complex,commercial_a,indexed,1,4,0,-1,sqlalchemy,sql,q15s3,2,1.194046,,ok,,client-side,1.0,186150,139764332613408,2026-09-06T06:00:29.131-05:00
eb2e87de3b71,campaign-sf1,mado,tpch,Q15,Complex,commercial_a,indexed,1,4,0,-1,sqlalchemy,orm,q15s3,2,4.304817,,ok,,client-side,1.0,186150,139764332613408,2026-09-06T06:00:33.436-05:00
eb2e87de3b71,campaign-sf1,mado,tpch,Q15,Complex,commercial_a,indexed,1,4,0,0,django,sql,q15s3,0,1.157424,1,ok,,client-side,1.0,186150,139764332613408,2026-09-06T06:00:34.593-05:00
eb2e87de3b71,campaign-sf1,mado,tpch,Q15,Complex,commercial_a,indexed,1,4,0,1,django,orm,q15s3,0,2.309537,1,ok,,client-side,1.0,186150,139764332613408,2026-09-06T06:00:36.903-05:00
eb2e87de3b71,campaign-sf1,mado,tpch,Q15,Complex,commercial_a,indexed,1,4,0,2,sqlalchemy,sql,q15s3,0,1.152625,1,ok,,client-side,1.0,186150,139764332613408,2026-09-06T06:00:38.055-05:00
eb2e87de3b71,campaign-sf1,mado,tpch,Q15,Complex,commercial_a,indexed,1,4,0,3,sqlalchemy,orm,q15s3,0,4.29465,1,ok,,client-side,1.08,186150,139764332613408,2026-09-06T06:00:42.350-05:00
eb2e87de3b71,campaign-sf1,mado,tpch,Q15,Complex,commercial_a,indexed,1,5,3,-1,django,sql,q15s4,2,1.139158,,ok,,client-side,1.08,186150,139764332613408,2026-09-06T06:00:43.494-05:00
eb2e87de3b71,campaign-sf1,mado,tpch,Q15,Complex,commercial_a,indexed,1,5,3,-1,django,orm,q15s4,2,2.202147,,ok,,client-side,1.07,186150,139764332613408,2026-09-06T06:00:45.696-05:00
eb2e87de3b71,campaign-sf1,mado,tpch,Q15,Complex,commercial_a,indexed,1,5,3,-1,sqlalchemy,sql,q15s4,2,1.148504,,ok,,client-side,1.07,186150,139764332613408,2026-09-06T06:00:46.845-05:00
eb2e87de3b71,campaign-sf1,mado,tpch,Q15,Complex,commercial_a,indexed,1,5,3,-1,sqlalchemy,orm,q15s4,2,3.824265,,ok,,client-side,1.07,186150,139764332613408,2026-09-06T06:00:50.669-05:00
eb2e87de3b71,campaign-sf1,mado,tpch,Q15,Complex,commercial_a,indexed,1,5,3,0,sqlalchemy,sql,q15s4,0,1.092553,1,ok,,client-side,1.07,186150,139764332613408,2026-09-06T06:00:51.762-05:00
eb2e87de3b71,campaign-sf1,mado,tpch,Q15,Complex,commercial_a,indexed,1,5,3,1,django,sql,q15s4,0,1.097134,1,ok,,client-side,1.07,186150,139764332613408,2026-09-06T06:00:52.859-05:00
eb2e87de3b71,campaign-sf1,mado,tpch,Q15,Complex,commercial_a,indexed,1,5,3,2,sqlalchemy,orm,q15s4,0,3.868104,1,ok,,client-side,1.06,186150,139764332613408,2026-09-06T06:00:56.727-05:00
eb2e87de3b71,campaign-sf1,mado,tpch,Q15,Complex,commercial_a,indexed,1,5,3,3,django,orm,q15s4,0,2.19626,1,ok,,client-side,1.06,186150,139764332613408,2026-09-06T06:00:58.924-05:00
eb2e87de3b71,campaign-sf1,mado,tpch,Q15,Complex,commercial_a,indexed,1,6,1,-1,django,sql,q15s5,2,1.129596,,ok,,client-side,1.06,186150,139764332613408,2026-09-06T06:01:00.058-05:00
eb2e87de3b71,campaign-sf1,mado,tpch,Q15,Complex,commercial_a,indexed,1,6,1,-1,django,orm,q15s5,2,2.181967,,ok,,client-side,1.06,186150,139764332613408,2026-09-06T06:01:02.240-05:00
eb2e87de3b71,campaign-sf1,mado,tpch,Q15,Complex,commercial_a,indexed,1,6,1,-1,sqlalchemy,sql,q15s5,2,1.125732,,ok,,client-side,1.06,186150,139764332613408,2026-09-06T06:01:03.366-05:00
eb2e87de3b71,campaign-sf1,mado,tpch,Q15,Complex,commercial_a,indexed,1,6,1,-1,sqlalchemy,orm,q15s5,2,3.790158,,ok,,client-side,1.05,186150,139764332613408,2026-09-06T06:01:07.156-05:00
eb2e87de3b71,campaign-sf1,mado,tpch,Q15,Complex,commercial_a,indexed,1,6,1,0,django,orm,q15s5,0,2.17584,1,ok,,client-side,1.05,186150,139764332613408,2026-09-06T06:01:09.332-05:00
eb2e87de3b71,campaign-sf1,mado,tpch,Q15,Complex,commercial_a,indexed,1,6,1,1,sqlalchemy,orm,q15s5,0,3.783947,1,ok,,client-side,1.05,186150,139764332613408,2026-09-06T06:01:13.116-05:00
eb2e87de3b71,campaign-sf1,mado,tpch,Q15,Complex,commercial_a,indexed,1,6,1,2,django,sql,q15s5,0,1.091211,1,ok,,client-side,1.04,186150,139764332613408,2026-09-06T06:01:14.207-05:00
eb2e87de3b71,campaign-sf1,mado,tpch,Q15,Complex,commercial_a,indexed,1,6,1,3,sqlalchemy,sql,q15s5,0,1.083618,1,ok,,client-side,1.04,186150,139764332613408,2026-09-06T06:01:15.291-05:00
eb2e87de3b71,campaign-sf1,mado,tpch,Q15,Complex,commercial_a,indexed,1,7,0,-1,django,sql,q15s6,2,1.185981,,ok,,client-side,1.04,186150,139764332613408,2026-09-06T06:01:16.481-05:00
eb2e87de3b71,campaign-sf1,mado,tpch,Q15,Complex,commercial_a,indexed,1,7,0,-1,django,orm,q15s6,2,2.302511,,ok,,client-side,1.04,186150,139764332613408,2026-09-06T06:01:18.784-05:00
eb2e87de3b71,campaign-sf1,mado,tpch,Q15,Complex,commercial_a,indexed,1,7,0,-1,sqlalchemy,sql,q15s6,2,1.181011,,ok,,client-side,1.04,186150,139764332613408,2026-09-06T06:01:19.965-05:00
eb2e87de3b71,campaign-sf1,mado,tpch,Q15,Complex,commercial_a,indexed,1,7,0,-1,sqlalchemy,orm,q15s6,2,4.233263,,ok,,client-side,1.04,186150,139764332613408,2026-09-06T06:01:24.198-05:00
eb2e87de3b71,campaign-sf1,mado,tpch,Q15,Complex,commercial_a,indexed,1,7,0,0,django,sql,q15s6,0,1.146091,1,ok,,client-side,1.04,186150,139764332613408,2026-09-06T06:01:25.345-05:00
eb2e87de3b71,campaign-sf1,mado,tpch,Q15,Complex,commercial_a,indexed,1,7,0,1,django,orm,q15s6,0,2.290076,1,ok,,client-side,1.04,186150,139764332613408,2026-09-06T06:01:27.635-05:00
eb2e87de3b71,campaign-sf1,mado,tpch,Q15,Complex,commercial_a,indexed,1,7,0,2,sqlalchemy,sql,q15s6,0,1.144127,1,ok,,client-side,1.04,186150,139764332613408,2026-09-06T06:01:28.779-05:00
eb2e87de3b71,campaign-sf1,mado,tpch,Q15,Complex,commercial_a,indexed,1,7,0,3,sqlalchemy,orm,q15s6,0,4.235598,1,ok,,client-side,1.03,186150,139764332613408,2026-09-06T06:01:33.015-05:00
eb2e87de3b71,campaign-sf1,mado,tpch,Q15,Complex,commercial_a,indexed,1,8,2,-1,django,sql,q15s7,2,1.089309,,ok,,client-side,1.03,186150,139764332613408,2026-09-06T06:01:34.109-05:00
eb2e87de3b71,campaign-sf1,mado,tpch,Q15,Complex,commercial_a,indexed,1,8,2,-1,django,orm,q15s7,2,2.089454,,ok,,client-side,1.03,186150,139764332613408,2026-09-06T06:01:36.199-05:00
eb2e87de3b71,campaign-sf1,mado,tpch,Q15,Complex,commercial_a,indexed,1,8,2,-1,sqlalchemy,sql,q15s7,2,1.073829,,ok,,client-side,1.03,186150,139764332613408,2026-09-06T06:01:37.273-05:00
eb2e87de3b71,campaign-sf1,mado,tpch,Q15,Complex,commercial_a,indexed,1,8,2,-1,sqlalchemy,orm,q15s7,2,3.481111,,ok,,client-side,1.03,186150,139764332613408,2026-09-06T06:01:40.754-05:00
eb2e87de3b71,campaign-sf1,mado,tpch,Q15,Complex,commercial_a,indexed,1,8,2,0,sqlalchemy,orm,q15s7,0,3.476366,1,ok,,client-side,1.02,186150,139764332613408,2026-09-06T06:01:44.230-05:00
eb2e87de3b71,campaign-sf1,mado,tpch,Q15,Complex,commercial_a,indexed,1,8,2,1,sqlalchemy,sql,q15s7,0,1.034828,1,ok,,client-side,1.02,186150,139764332613408,2026-09-06T06:01:45.265-05:00
eb2e87de3b71,campaign-sf1,mado,tpch,Q15,Complex,commercial_a,indexed,1,8,2,2,django,orm,q15s7,0,2.103461,1,ok,,client-side,1.02,186150,139764332613408,2026-09-06T06:01:47.369-05:00
eb2e87de3b71,campaign-sf1,mado,tpch,Q15,Complex,commercial_a,indexed,1,8,2,3,django,sql,q15s7,0,1.042502,1,ok,,client-side,1.02,186150,139764332613408,2026-09-06T06:01:48.411-05:00
5a977fd75003,campaign-sf1,mado,tpch,Q16,Medium,commercial_a,indexed,1,0,2,0,sqlalchemy,orm,q16warm,1,0.953538,18259,ok,,client-side,1.02,186152,126439827936448,2026-09-06T06:01:50.788-05:00
5a977fd75003,campaign-sf1,mado,tpch,Q16,Medium,commercial_a,indexed,1,0,2,1,sqlalchemy,sql,q16warm,1,0.780743,18259,ok,,client-side,1.02,186152,126439827936448,2026-09-06T06:01:51.569-05:00
5a977fd75003,campaign-sf1,mado,tpch,Q16,Medium,commercial_a,indexed,1,0,2,2,django,orm,q16warm,1,1.162316,18259,ok,,client-side,1.02,186152,126439827936448,2026-09-06T06:01:52.731-05:00
5a977fd75003,campaign-sf1,mado,tpch,Q16,Medium,commercial_a,indexed,1,0,2,3,django,sql,q16warm,1,0.737776,18259,ok,,client-side,1.02,186152,126439827936448,2026-09-06T06:01:53.469-05:00
5a977fd75003,campaign-sf1,mado,tpch,Q16,Medium,commercial_a,indexed,1,1,3,-1,django,sql,q16s0,2,0.737797,,ok,,client-side,1.02,186152,126439827936448,2026-09-06T06:01:54.212-05:00
5a977fd75003,campaign-sf1,mado,tpch,Q16,Medium,commercial_a,indexed,1,1,3,-1,django,orm,q16s0,2,1.155047,,ok,,client-side,1.02,186152,126439827936448,2026-09-06T06:01:55.367-05:00
5a977fd75003,campaign-sf1,mado,tpch,Q16,Medium,commercial_a,indexed,1,1,3,-1,sqlalchemy,sql,q16s0,2,0.739124,,ok,,client-side,1.02,186152,126439827936448,2026-09-06T06:01:56.106-05:00
5a977fd75003,campaign-sf1,mado,tpch,Q16,Medium,commercial_a,indexed,1,1,3,-1,sqlalchemy,orm,q16s0,2,0.814801,,ok,,client-side,1.02,186152,126439827936448,2026-09-06T06:01:56.921-05:00
5a977fd75003,campaign-sf1,mado,tpch,Q16,Medium,commercial_a,indexed,1,1,3,0,sqlalchemy,sql,q16s0,0,0.751985,18314,ok,,client-side,1.02,186152,126439827936448,2026-09-06T06:01:57.673-05:00
5a977fd75003,campaign-sf1,mado,tpch,Q16,Medium,commercial_a,indexed,1,1,3,1,django,sql,q16s0,0,0.715307,18314,ok,,client-side,1.02,186152,126439827936448,2026-09-06T06:01:58.388-05:00
5a977fd75003,campaign-sf1,mado,tpch,Q16,Medium,commercial_a,indexed,1,1,3,2,sqlalchemy,orm,q16s0,0,0.794276,18314,ok,,client-side,1.02,186152,126439827936448,2026-09-06T06:01:59.183-05:00
5a977fd75003,campaign-sf1,mado,tpch,Q16,Medium,commercial_a,indexed,1,1,3,3,django,orm,q16s0,0,1.085953,18314,ok,,client-side,1.02,186152,126439827936448,2026-09-06T06:02:00.269-05:00
5a977fd75003,campaign-sf1,mado,tpch,Q16,Medium,commercial_a,indexed,1,2,2,-1,django,sql,q16s1,2,0.736765,,ok,,client-side,1.02,186152,126439827936448,2026-09-06T06:02:01.010-05:00
5a977fd75003,campaign-sf1,mado,tpch,Q16,Medium,commercial_a,indexed,1,2,2,-1,django,orm,q16s1,2,1.145914,,ok,,client-side,1.02,186152,126439827936448,2026-09-06T06:02:02.156-05:00
5a977fd75003,campaign-sf1,mado,tpch,Q16,Medium,commercial_a,indexed,1,2,2,-1,sqlalchemy,sql,q16s1,2,0.770111,,ok,,client-side,1.02,186152,126439827936448,2026-09-06T06:02:02.927-05:00
5a977fd75003,campaign-sf1,mado,tpch,Q16,Medium,commercial_a,indexed,1,2,2,-1,sqlalchemy,orm,q16s1,2,0.807193,,ok,,client-side,1.02,186152,126439827936448,2026-09-06T06:02:03.734-05:00
5a977fd75003,campaign-sf1,mado,tpch,Q16,Medium,commercial_a,indexed,1,2,2,0,sqlalchemy,orm,q16s1,0,0.788069,18196,ok,,client-side,1.02,186152,126439827936448,2026-09-06T06:02:04.522-05:00
5a977fd75003,campaign-sf1,mado,tpch,Q16,Medium,commercial_a,indexed,1,2,2,1,sqlalchemy,sql,q16s1,0,0.717507,18196,ok,,client-side,1.02,186152,126439827936448,2026-09-06T06:02:05.240-05:00
5a977fd75003,campaign-sf1,mado,tpch,Q16,Medium,commercial_a,indexed,1,2,2,2,django,orm,q16s1,0,1.084153,18196,ok,,client-side,1.02,186152,126439827936448,2026-09-06T06:02:06.324-05:00
5a977fd75003,campaign-sf1,mado,tpch,Q16,Medium,commercial_a,indexed,1,2,2,3,django,sql,q16s1,0,0.714698,18196,ok,,client-side,1.02,186152,126439827936448,2026-09-06T06:02:07.039-05:00
5a977fd75003,campaign-sf1,mado,tpch,Q16,Medium,commercial_a,indexed,1,3,0,-1,django,sql,q16s2,2,0.735266,,ok,,client-side,1.02,186152,126439827936448,2026-09-06T06:02:07.779-05:00
5a977fd75003,campaign-sf1,mado,tpch,Q16,Medium,commercial_a,indexed,1,3,0,-1,django,orm,q16s2,2,1.1518,,ok,,client-side,1.02,186152,126439827936448,2026-09-06T06:02:08.931-05:00
5a977fd75003,campaign-sf1,mado,tpch,Q16,Medium,commercial_a,indexed,1,3,0,-1,sqlalchemy,sql,q16s2,2,0.770783,,ok,,client-side,1.02,186152,126439827936448,2026-09-06T06:02:09.702-05:00
5a977fd75003,campaign-sf1,mado,tpch,Q16,Medium,commercial_a,indexed,1,3,0,-1,sqlalchemy,orm,q16s2,2,0.797704,,ok,,client-side,1.02,186152,126439827936448,2026-09-06T06:02:10.500-05:00
5a977fd75003,campaign-sf1,mado,tpch,Q16,Medium,commercial_a,indexed,1,3,0,0,django,sql,q16s2,0,0.718681,18263,ok,,client-side,1.02,186152,126439827936448,2026-09-06T06:02:11.218-05:00
5a977fd75003,campaign-sf1,mado,tpch,Q16,Medium,commercial_a,indexed,1,3,0,1,django,orm,q16s2,0,1.081674,18263,ok,,client-side,1.02,186152,126439827936448,2026-09-06T06:02:12.300-05:00
5a977fd75003,campaign-sf1,mado,tpch,Q16,Medium,commercial_a,indexed,1,3,0,2,sqlalchemy,sql,q16s2,0,0.751299,18263,ok,,client-side,1.02,186152,126439827936448,2026-09-06T06:02:13.052-05:00
5a977fd75003,campaign-sf1,mado,tpch,Q16,Medium,commercial_a,indexed,1,3,0,3,sqlalchemy,orm,q16s2,0,0.799375,18263,ok,,client-side,1.02,186152,126439827936448,2026-09-06T06:02:13.851-05:00
5a977fd75003,campaign-sf1,mado,tpch,Q16,Medium,commercial_a,indexed,1,4,1,-1,django,sql,q16s3,2,0.735444,,ok,,client-side,1.01,186152,126439827936448,2026-09-06T06:02:14.591-05:00
5a977fd75003,campaign-sf1,mado,tpch,Q16,Medium,commercial_a,indexed,1,4,1,-1,django,orm,q16s3,2,1.149282,,ok,,client-side,1.01,186152,126439827936448,2026-09-06T06:02:15.741-05:00
5a977fd75003,campaign-sf1,mado,tpch,Q16,Medium,commercial_a,indexed,1,4,1,-1,sqlalchemy,sql,q16s3,2,0.77253,,ok,,client-side,1.01,186152,126439827936448,2026-09-06T06:02:16.513-05:00
5a977fd75003,campaign-sf1,mado,tpch,Q16,Medium,commercial_a,indexed,1,4,1,-1,sqlalchemy,orm,q16s3,2,0.81133,,ok,,client-side,1.01,186152,126439827936448,2026-09-06T06:02:17.325-05:00
5a977fd75003,campaign-sf1,mado,tpch,Q16,Medium,commercial_a,indexed,1,4,1,0,django,orm,q16s3,0,1.085337,18290,ok,,client-side,1.01,186152,126439827936448,2026-09-06T06:02:18.410-05:00
5a977fd75003,campaign-sf1,mado,tpch,Q16,Medium,commercial_a,indexed,1,4,1,1,sqlalchemy,orm,q16s3,0,0.790889,18290,ok,,client-side,1.01,186152,126439827936448,2026-09-06T06:02:19.201-05:00
5a977fd75003,campaign-sf1,mado,tpch,Q16,Medium,commercial_a,indexed,1,4,1,2,django,sql,q16s3,0,0.716084,18290,ok,,client-side,1.01,186152,126439827936448,2026-09-06T06:02:19.917-05:00
5a977fd75003,campaign-sf1,mado,tpch,Q16,Medium,commercial_a,indexed,1,4,1,3,sqlalchemy,sql,q16s3,0,0.75292,18290,ok,,client-side,1.01,186152,126439827936448,2026-09-06T06:02:20.670-05:00
5a977fd75003,campaign-sf1,mado,tpch,Q16,Medium,commercial_a,indexed,1,5,2,-1,django,sql,q16s4,2,0.735634,,ok,,client-side,1.01,186152,126439827936448,2026-09-06T06:02:21.411-05:00
5a977fd75003,campaign-sf1,mado,tpch,Q16,Medium,commercial_a,indexed,1,5,2,-1,django,orm,q16s4,2,1.159998,,ok,,client-side,1.01,186152,126439827936448,2026-09-06T06:02:22.571-05:00
5a977fd75003,campaign-sf1,mado,tpch,Q16,Medium,commercial_a,indexed,1,5,2,-1,sqlalchemy,sql,q16s4,2,0.774602,,ok,,client-side,1.01,186152,126439827936448,2026-09-06T06:02:23.345-05:00
5a977fd75003,campaign-sf1,mado,tpch,Q16,Medium,commercial_a,indexed,1,5,2,-1,sqlalchemy,orm,q16s4,2,0.813418,,ok,,client-side,1.01,186152,126439827936448,2026-09-06T06:02:24.159-05:00
5a977fd75003,campaign-sf1,mado,tpch,Q16,Medium,commercial_a,indexed,1,5,2,0,sqlalchemy,orm,q16s4,0,0.794491,18226,ok,,client-side,1.01,186152,126439827936448,2026-09-06T06:02:24.954-05:00
5a977fd75003,campaign-sf1,mado,tpch,Q16,Medium,commercial_a,indexed,1,5,2,1,sqlalchemy,sql,q16s4,0,0.720062,18226,ok,,client-side,1.01,186152,126439827936448,2026-09-06T06:02:25.674-05:00
5a977fd75003,campaign-sf1,mado,tpch,Q16,Medium,commercial_a,indexed,1,5,2,2,django,orm,q16s4,0,1.085643,18226,ok,,client-side,1.01,186152,126439827936448,2026-09-06T06:02:26.760-05:00
5a977fd75003,campaign-sf1,mado,tpch,Q16,Medium,commercial_a,indexed,1,5,2,3,django,sql,q16s4,0,0.717167,18226,ok,,client-side,1.01,186152,126439827936448,2026-09-06T06:02:27.477-05:00
5a977fd75003,campaign-sf1,mado,tpch,Q16,Medium,commercial_a,indexed,1,6,0,-1,django,sql,q16s5,2,0.743055,,ok,,client-side,1.01,186152,126439827936448,2026-09-06T06:02:28.225-05:00
5a977fd75003,campaign-sf1,mado,tpch,Q16,Medium,commercial_a,indexed,1,6,0,-1,django,orm,q16s5,2,1.158282,,ok,,client-side,1.01,186152,126439827936448,2026-09-06T06:02:29.383-05:00
5a977fd75003,campaign-sf1,mado,tpch,Q16,Medium,commercial_a,indexed,1,6,0,-1,sqlalchemy,sql,q16s5,2,0.77737,,ok,,client-side,1.01,186152,126439827936448,2026-09-06T06:02:30.160-05:00
5a977fd75003,campaign-sf1,mado,tpch,Q16,Medium,commercial_a,indexed,1,6,0,-1,sqlalchemy,orm,q16s5,2,0.800623,,ok,,client-side,1.01,186152,126439827936448,2026-09-06T06:02:30.961-05:00
5a977fd75003,campaign-sf1,mado,tpch,Q16,Medium,commercial_a,indexed,1,6,0,0,django,sql,q16s5,0,0.722437,18374,ok,,client-side,1.01,186152,126439827936448,2026-09-06T06:02:31.684-05:00
5a977fd75003,campaign-sf1,mado,tpch,Q16,Medium,commercial_a,indexed,1,6,0,1,django,orm,q16s5,0,1.094143,18374,ok,,client-side,1.01,186152,126439827936448,2026-09-06T06:02:32.778-05:00
5a977fd75003,campaign-sf1,mado,tpch,Q16,Medium,commercial_a,indexed,1,6,0,2,sqlalchemy,sql,q16s5,0,0.763268,18374,ok,,client-side,1.01,186152,126439827936448,2026-09-06T06:02:33.541-05:00
5a977fd75003,campaign-sf1,mado,tpch,Q16,Medium,commercial_a,indexed,1,6,0,3,sqlalchemy,orm,q16s5,0,0.800146,18374,ok,,client-side,1.01,186152,126439827936448,2026-09-06T06:02:34.342-05:00
5a977fd75003,campaign-sf1,mado,tpch,Q16,Medium,commercial_a,indexed,1,7,3,-1,django,sql,q16s6,2,0.736743,,ok,,client-side,1.01,186152,126439827936448,2026-09-06T06:02:35.083-05:00
5a977fd75003,campaign-sf1,mado,tpch,Q16,Medium,commercial_a,indexed,1,7,3,-1,django,orm,q16s6,2,1.156108,,ok,,client-side,1.01,186152,126439827936448,2026-09-06T06:02:36.240-05:00
5a977fd75003,campaign-sf1,mado,tpch,Q16,Medium,commercial_a,indexed,1,7,3,-1,sqlalchemy,sql,q16s6,2,0.774333,,ok,,client-side,1.01,186152,126439827936448,2026-09-06T06:02:37.014-05:00
5a977fd75003,campaign-sf1,mado,tpch,Q16,Medium,commercial_a,indexed,1,7,3,-1,sqlalchemy,orm,q16s6,2,0.791256,,ok,,client-side,1.01,186152,126439827936448,2026-09-06T06:02:37.805-05:00
5a977fd75003,campaign-sf1,mado,tpch,Q16,Medium,commercial_a,indexed,1,7,3,0,sqlalchemy,sql,q16s6,0,0.717998,18220,ok,,client-side,1.01,186152,126439827936448,2026-09-06T06:02:38.523-05:00
5a977fd75003,campaign-sf1,mado,tpch,Q16,Medium,commercial_a,indexed,1,7,3,1,django,sql,q16s6,0,0.74566,18220,ok,,client-side,1.01,186152,126439827936448,2026-09-06T06:02:39.269-05:00
5a977fd75003,campaign-sf1,mado,tpch,Q16,Medium,commercial_a,indexed,1,7,3,2,sqlalchemy,orm,q16s6,0,0.794883,18220,ok,,client-side,1.01,186152,126439827936448,2026-09-06T06:02:40.064-05:00
5a977fd75003,campaign-sf1,mado,tpch,Q16,Medium,commercial_a,indexed,1,7,3,3,django,orm,q16s6,0,1.083356,18220,ok,,client-side,1.01,186152,126439827936448,2026-09-06T06:02:41.148-05:00
5a977fd75003,campaign-sf1,mado,tpch,Q16,Medium,commercial_a,indexed,1,8,1,-1,django,sql,q16s7,2,0.740253,,ok,,client-side,1.01,186152,126439827936448,2026-09-06T06:02:41.895-05:00
5a977fd75003,campaign-sf1,mado,tpch,Q16,Medium,commercial_a,indexed,1,8,1,-1,django,orm,q16s7,2,1.145362,,ok,,client-side,1.01,186152,126439827936448,2026-09-06T06:02:43.040-05:00
5a977fd75003,campaign-sf1,mado,tpch,Q16,Medium,commercial_a,indexed,1,8,1,-1,sqlalchemy,sql,q16s7,2,0.744763,,ok,,client-side,1.01,186152,126439827936448,2026-09-06T06:02:43.785-05:00
5a977fd75003,campaign-sf1,mado,tpch,Q16,Medium,commercial_a,indexed,1,8,1,-1,sqlalchemy,orm,q16s7,2,0.795878,,ok,,client-side,1.01,186152,126439827936448,2026-09-06T06:02:44.581-05:00
5a977fd75003,campaign-sf1,mado,tpch,Q16,Medium,commercial_a,indexed,1,8,1,0,django,orm,q16s7,0,1.114534,18284,ok,,client-side,1.01,186152,126439827936448,2026-09-06T06:02:45.696-05:00
5a977fd75003,campaign-sf1,mado,tpch,Q16,Medium,commercial_a,indexed,1,8,1,1,sqlalchemy,orm,q16s7,0,0.798687,18284,ok,,client-side,1.01,186152,126439827936448,2026-09-06T06:02:46.495-05:00
5a977fd75003,campaign-sf1,mado,tpch,Q16,Medium,commercial_a,indexed,1,8,1,2,django,sql,q16s7,0,0.717972,18284,ok,,client-side,1.01,186152,126439827936448,2026-09-06T06:02:47.213-05:00
5a977fd75003,campaign-sf1,mado,tpch,Q16,Medium,commercial_a,indexed,1,8,1,3,sqlalchemy,sql,q16s7,0,0.722882,18284,ok,,client-side,1.01,186152,126439827936448,2026-09-06T06:02:47.936-05:00
a3325d3eaf91,campaign-sf1,mado,tpch,Q17,Complex,commercial_a,indexed,1,0,1,0,django,orm,q17warm,1,1.087071,1,ok,,client-side,1.01,186154,136512359370912,2026-09-06T06:02:50.453-05:00
a3325d3eaf91,campaign-sf1,mado,tpch,Q17,Complex,commercial_a,indexed,1,0,1,1,sqlalchemy,orm,q17warm,1,0.218506,1,ok,,client-side,1.01,186154,136512359370912,2026-09-06T06:02:50.671-05:00
a3325d3eaf91,campaign-sf1,mado,tpch,Q17,Complex,commercial_a,indexed,1,0,1,2,django,sql,q17warm,1,0.17417,1,ok,,client-side,1.01,186154,136512359370912,2026-09-06T06:02:50.845-05:00
a3325d3eaf91,campaign-sf1,mado,tpch,Q17,Complex,commercial_a,indexed,1,0,1,3,sqlalchemy,sql,q17warm,1,0.170223,1,ok,,client-side,1.01,186154,136512359370912,2026-09-06T06:02:51.016-05:00
a3325d3eaf91,campaign-sf1,mado,tpch,Q17,Complex,commercial_a,indexed,1,1,1,-1,django,sql,q17s0,2,0.181304,,ok,,client-side,1.01,186154,136512359370912,2026-09-06T06:02:51.202-05:00
a3325d3eaf91,campaign-sf1,mado,tpch,Q17,Complex,commercial_a,indexed,1,1,1,-1,django,orm,q17s0,2,1.00452,,ok,,client-side,1.01,186154,136512359370912,2026-09-06T06:02:52.207-05:00
a3325d3eaf91,campaign-sf1,mado,tpch,Q17,Complex,commercial_a,indexed,1,1,1,-1,sqlalchemy,sql,q17s0,2,0.172648,,ok,,client-side,1.01,186154,136512359370912,2026-09-06T06:02:52.379-05:00
a3325d3eaf91,campaign-sf1,mado,tpch,Q17,Complex,commercial_a,indexed,1,1,1,-1,sqlalchemy,orm,q17s0,2,0.170584,,ok,,client-side,1.01,186154,136512359370912,2026-09-06T06:02:52.550-05:00
a3325d3eaf91,campaign-sf1,mado,tpch,Q17,Complex,commercial_a,indexed,1,1,1,0,django,orm,q17s0,0,0.909154,1,ok,,client-side,1.01,186154,136512359370912,2026-09-06T06:02:53.459-05:00
a3325d3eaf91,campaign-sf1,mado,tpch,Q17,Complex,commercial_a,indexed,1,1,1,1,sqlalchemy,orm,q17s0,0,0.097371,1,ok,,client-side,1.01,186154,136512359370912,2026-09-06T06:02:53.557-05:00
a3325d3eaf91,campaign-sf1,mado,tpch,Q17,Complex,commercial_a,indexed,1,1,1,2,django,sql,q17s0,0,0.097442,1,ok,,client-side,1.01,186154,136512359370912,2026-09-06T06:02:53.654-05:00
a3325d3eaf91,campaign-sf1,mado,tpch,Q17,Complex,commercial_a,indexed,1,1,1,3,sqlalchemy,sql,q17s0,0,0.097115,1,ok,,client-side,1.01,186154,136512359370912,2026-09-06T06:02:53.751-05:00
a3325d3eaf91,campaign-sf1,mado,tpch,Q17,Complex,commercial_a,indexed,1,2,2,-1,django,sql,q17s1,2,0.191873,,ok,,client-side,1.01,186154,136512359370912,2026-09-06T06:02:53.948-05:00
a3325d3eaf91,campaign-sf1,mado,tpch,Q17,Complex,commercial_a,indexed,1,2,2,-1,django,orm,q17s1,2,1.011011,,ok,,client-side,1.01,186154,136512359370912,2026-09-06T06:02:54.960-05:00
a3325d3eaf91,campaign-sf1,mado,tpch,Q17,Complex,commercial_a,indexed,1,2,2,-1,sqlalchemy,sql,q17s1,2,0.176429,,ok,,client-side,1.01,186154,136512359370912,2026-09-06T06:02:55.136-05:00
a3325d3eaf91,campaign-sf1,mado,tpch,Q17,Complex,commercial_a,indexed,1,2,2,-1,sqlalchemy,orm,q17s1,2,0.098435,,ok,,client-side,1.01,186154,136512359370912,2026-09-06T06:02:55.235-05:00
a3325d3eaf91,campaign-sf1,mado,tpch,Q17,Complex,commercial_a,indexed,1,2,2,0,sqlalchemy,orm,q17s1,0,0.099895,1,ok,,client-side,1.01,186154,136512359370912,2026-09-06T06:02:55.335-05:00
a3325d3eaf91,campaign-sf1,mado,tpch,Q17,Complex,commercial_a,indexed,1,2,2,1,sqlalchemy,sql,q17s1,0,0.101072,1,ok,,client-side,1.01,186154,136512359370912,2026-09-06T06:02:55.436-05:00
a3325d3eaf91,campaign-sf1,mado,tpch,Q17,Complex,commercial_a,indexed,1,2,2,2,django,orm,q17s1,0,0.905733,1,ok,,client-side,1.01,186154,136512359370912,2026-09-06T06:02:56.342-05:00
a3325d3eaf91,campaign-sf1,mado,tpch,Q17,Complex,commercial_a,indexed,1,2,2,3,django,sql,q17s1,0,0.102147,1,ok,,client-side,1.01,186154,136512359370912,2026-09-06T06:02:56.444-05:00
a3325d3eaf91,campaign-sf1,mado,tpch,Q17,Complex,commercial_a,indexed,1,3,3,-1,django,sql,q17s2,2,0.18317,,ok,,client-side,1.01,186154,136512359370912,2026-09-06T06:02:56.632-05:00
a3325d3eaf91,campaign-sf1,mado,tpch,Q17,Complex,commercial_a,indexed,1,3,3,-1,django,orm,q17s2,2,1.0688,,ok,,client-side,1.01,186154,136512359370912,2026-09-06T06:02:57.700-05:00
a3325d3eaf91,campaign-sf1,mado,tpch,Q17,Complex,commercial_a,indexed,1,3,3,-1,sqlalchemy,sql,q17s2,2,0.173851,,ok,,client-side,1.01,186154,136512359370912,2026-09-06T06:02:57.874-05:00
a3325d3eaf91,campaign-sf1,mado,tpch,Q17,Complex,commercial_a,indexed,1,3,3,-1,sqlalchemy,orm,q17s2,2,0.099998,,ok,,client-side,1.01,186154,136512359370912,2026-09-06T06:02:57.975-05:00
a3325d3eaf91,campaign-sf1,mado,tpch,Q17,Complex,commercial_a,indexed,1,3,3,0,sqlalchemy,sql,q17s2,0,0.098984,1,ok,,client-side,1.01,186154,136512359370912,2026-09-06T06:02:58.074-05:00
a3325d3eaf91,campaign-sf1,mado,tpch,Q17,Complex,commercial_a,indexed,1,3,3,1,django,sql,q17s2,0,0.099411,1,ok,,client-side,1.01,186154,136512359370912,2026-09-06T06:02:58.173-05:00
a3325d3eaf91,campaign-sf1,mado,tpch,Q17,Complex,commercial_a,indexed,1,3,3,2,sqlalchemy,orm,q17s2,0,0.100444,1,ok,,client-side,1.01,186154,136512359370912,2026-09-06T06:02:58.274-05:00
a3325d3eaf91,campaign-sf1,mado,tpch,Q17,Complex,commercial_a,indexed,1,3,3,3,django,orm,q17s2,0,0.969627,1,ok,,client-side,1.0,186154,136512359370912,2026-09-06T06:02:59.243-05:00
a3325d3eaf91,campaign-sf1,mado,tpch,Q17,Complex,commercial_a,indexed,1,4,0,-1,django,sql,q17s3,2,0.189822,,ok,,client-side,1.0,186154,136512359370912,2026-09-06T06:02:59.438-05:00
a3325d3eaf91,campaign-sf1,mado,tpch,Q17,Complex,commercial_a,indexed,1,4,0,-1,django,orm,q17s3,2,1.00624,,ok,,client-side,1.0,186154,136512359370912,2026-09-06T06:03:00.444-05:00
a3325d3eaf91,campaign-sf1,mado,tpch,Q17,Complex,commercial_a,indexed,1,4,0,-1,sqlalchemy,sql,q17s3,2,0.175448,,ok,,client-side,1.0,186154,136512359370912,2026-09-06T06:03:00.620-05:00
a3325d3eaf91,campaign-sf1,mado,tpch,Q17,Complex,commercial_a,indexed,1,4,0,-1,sqlalchemy,orm,q17s3,2,0.954914,,ok,,client-side,1.0,186154,136512359370912,2026-09-06T06:03:01.575-05:00
a3325d3eaf91,campaign-sf1,mado,tpch,Q17,Complex,commercial_a,indexed,1,4,0,0,django,sql,q17s3,0,0.099074,1,ok,,client-side,1.0,186154,136512359370912,2026-09-06T06:03:01.674-05:00
a3325d3eaf91,campaign-sf1,mado,tpch,Q17,Complex,commercial_a,indexed,1,4,0,1,django,orm,q17s3,0,0.906175,1,ok,,client-side,1.0,186154,136512359370912,2026-09-06T06:03:02.580-05:00
a3325d3eaf91,campaign-sf1,mado,tpch,Q17,Complex,commercial_a,indexed,1,4,0,2,sqlalchemy,sql,q17s3,0,0.10037,1,ok,,client-side,1.0,186154,136512359370912,2026-09-06T06:03:02.680-05:00
a3325d3eaf91,campaign-sf1,mado,tpch,Q17,Complex,commercial_a,indexed,1,4,0,3,sqlalchemy,orm,q17s3,0,0.876369,1,ok,,client-side,1.0,186154,136512359370912,2026-09-06T06:03:03.557-05:00
a3325d3eaf91,campaign-sf1,mado,tpch,Q17,Complex,commercial_a,indexed,1,5,2,-1,django,sql,q17s4,2,0.190222,,ok,,client-side,1.0,186154,136512359370912,2026-09-06T06:03:03.752-05:00
a3325d3eaf91,campaign-sf1,mado,tpch,Q17,Complex,commercial_a,indexed,1,5,2,-1,django,orm,q17s4,2,1.00545,,ok,,client-side,1.0,186154,136512359370912,2026-09-06T06:03:04.757-05:00
a3325d3eaf91,campaign-sf1,mado,tpch,Q17,Complex,commercial_a,indexed,1,5,2,-1,sqlalchemy,sql,q17s4,2,0.175188,,ok,,client-side,1.0,186154,136512359370912,2026-09-06T06:03:04.933-05:00
a3325d3eaf91,campaign-sf1,mado,tpch,Q17,Complex,commercial_a,indexed,1,5,2,-1,sqlalchemy,orm,q17s4,2,0.951936,,ok,,client-side,1.0,186154,136512359370912,2026-09-06T06:03:05.885-05:00
a3325d3eaf91,campaign-sf1,mado,tpch,Q17,Complex,commercial_a,indexed,1,5,2,0,sqlalchemy,orm,q17s4,0,0.87904,1,ok,,client-side,1.0,186154,136512359370912,2026-09-06T06:03:06.764-05:00
a3325d3eaf91,campaign-sf1,mado,tpch,Q17,Complex,commercial_a,indexed,1,5,2,1,sqlalchemy,sql,q17s4,0,0.101185,1,ok,,client-side,1.0,186154,136512359370912,2026-09-06T06:03:06.865-05:00
a3325d3eaf91,campaign-sf1,mado,tpch,Q17,Complex,commercial_a,indexed,1,5,2,2,django,orm,q17s4,0,0.90847,1,ok,,client-side,1.0,186154,136512359370912,2026-09-06T06:03:07.774-05:00
a3325d3eaf91,campaign-sf1,mado,tpch,Q17,Complex,commercial_a,indexed,1,5,2,3,django,sql,q17s4,0,0.101989,1,ok,,client-side,1.0,186154,136512359370912,2026-09-06T06:03:07.876-05:00
a3325d3eaf91,campaign-sf1,mado,tpch,Q17,Complex,commercial_a,indexed,1,6,3,-1,django,sql,q17s5,2,0.17875,,ok,,client-side,1.0,186154,136512359370912,2026-09-06T06:03:08.059-05:00
a3325d3eaf91,campaign-sf1,mado,tpch,Q17,Complex,commercial_a,indexed,1,6,3,-1,django,orm,q17s5,2,1.060713,,ok,,client-side,1.0,186154,136512359370912,2026-09-06T06:03:09.120-05:00
a3325d3eaf91,campaign-sf1,mado,tpch,Q17,Complex,commercial_a,indexed,1,6,3,-1,sqlalchemy,sql,q17s5,2,0.168519,,ok,,client-side,1.0,186154,136512359370912,2026-09-06T06:03:09.289-05:00
a3325d3eaf91,campaign-sf1,mado,tpch,Q17,Complex,commercial_a,indexed,1,6,3,-1,sqlalchemy,orm,q17s5,2,0.095679,,ok,,client-side,1.0,186154,136512359370912,2026-09-06T06:03:09.385-05:00
a3325d3eaf91,campaign-sf1,mado,tpch,Q17,Complex,commercial_a,indexed,1,6,3,0,sqlalchemy,sql,q17s5,0,0.094662,1,ok,,client-side,1.0,186154,136512359370912,2026-09-06T06:03:09.479-05:00
a3325d3eaf91,campaign-sf1,mado,tpch,Q17,Complex,commercial_a,indexed,1,6,3,1,django,sql,q17s5,0,0.095005,1,ok,,client-side,1.0,186154,136512359370912,2026-09-06T06:03:09.574-05:00
a3325d3eaf91,campaign-sf1,mado,tpch,Q17,Complex,commercial_a,indexed,1,6,3,2,sqlalchemy,orm,q17s5,0,0.097792,1,ok,,client-side,1.0,186154,136512359370912,2026-09-06T06:03:09.672-05:00
a3325d3eaf91,campaign-sf1,mado,tpch,Q17,Complex,commercial_a,indexed,1,6,3,3,django,orm,q17s5,0,0.964712,1,ok,,client-side,1.0,186154,136512359370912,2026-09-06T06:03:10.637-05:00
a3325d3eaf91,campaign-sf1,mado,tpch,Q17,Complex,commercial_a,indexed,1,7,0,-1,django,sql,q17s6,2,0.189176,,ok,,client-side,1.0,186154,136512359370912,2026-09-06T06:03:10.831-05:00
a3325d3eaf91,campaign-sf1,mado,tpch,Q17,Complex,commercial_a,indexed,1,7,0,-1,django,orm,q17s6,2,0.907682,,ok,,client-side,1.0,186154,136512359370912,2026-09-06T06:03:11.739-05:00
a3325d3eaf91,campaign-sf1,mado,tpch,Q17,Complex,commercial_a,indexed,1,7,0,-1,sqlalchemy,sql,q17s6,2,0.175198,,ok,,client-side,1.0,186154,136512359370912,2026-09-06T06:03:11.914-05:00
a3325d3eaf91,campaign-sf1,mado,tpch,Q17,Complex,commercial_a,indexed,1,7,0,-1,sqlalchemy,orm,q17s6,2,0.883595,,ok,,client-side,1.0,186154,136512359370912,2026-09-06T06:03:12.798-05:00
a3325d3eaf91,campaign-sf1,mado,tpch,Q17,Complex,commercial_a,indexed,1,7,0,0,django,sql,q17s6,0,0.102032,1,ok,,client-side,1.0,186154,136512359370912,2026-09-06T06:03:12.900-05:00
a3325d3eaf91,campaign-sf1,mado,tpch,Q17,Complex,commercial_a,indexed,1,7,0,1,django,orm,q17s6,0,0.909671,1,ok,,client-side,1.0,186154,136512359370912,2026-09-06T06:03:13.809-05:00
a3325d3eaf91,campaign-sf1,mado,tpch,Q17,Complex,commercial_a,indexed,1,7,0,2,sqlalchemy,sql,q17s6,0,0.101693,1,ok,,client-side,1.0,186154,136512359370912,2026-09-06T06:03:13.911-05:00
a3325d3eaf91,campaign-sf1,mado,tpch,Q17,Complex,commercial_a,indexed,1,7,0,3,sqlalchemy,orm,q17s6,0,0.880298,1,ok,,client-side,1.0,186154,136512359370912,2026-09-06T06:03:14.792-05:00
a3325d3eaf91,campaign-sf1,mado,tpch,Q17,Complex,commercial_a,indexed,1,8,1,-1,django,sql,q17s7,2,0.190783,,ok,,client-side,1.0,186154,136512359370912,2026-09-06T06:03:14.987-05:00
a3325d3eaf91,campaign-sf1,mado,tpch,Q17,Complex,commercial_a,indexed,1,8,1,-1,django,orm,q17s7,2,1.005361,,ok,,client-side,1.0,186154,136512359370912,2026-09-06T06:03:15.993-05:00
a3325d3eaf91,campaign-sf1,mado,tpch,Q17,Complex,commercial_a,indexed,1,8,1,-1,sqlalchemy,sql,q17s7,2,0.175487,,ok,,client-side,1.0,186154,136512359370912,2026-09-06T06:03:16.168-05:00
a3325d3eaf91,campaign-sf1,mado,tpch,Q17,Complex,commercial_a,indexed,1,8,1,-1,sqlalchemy,orm,q17s7,2,0.879342,,ok,,client-side,1.0,186154,136512359370912,2026-09-06T06:03:17.048-05:00
a3325d3eaf91,campaign-sf1,mado,tpch,Q17,Complex,commercial_a,indexed,1,8,1,0,django,orm,q17s7,0,0.91358,1,ok,,client-side,1.0,186154,136512359370912,2026-09-06T06:03:17.961-05:00
a3325d3eaf91,campaign-sf1,mado,tpch,Q17,Complex,commercial_a,indexed,1,8,1,1,sqlalchemy,orm,q17s7,0,0.882869,1,ok,,client-side,1.0,186154,136512359370912,2026-09-06T06:03:18.844-05:00
a3325d3eaf91,campaign-sf1,mado,tpch,Q17,Complex,commercial_a,indexed,1,8,1,2,django,sql,q17s7,0,0.102913,1,ok,,client-side,1.0,186154,136512359370912,2026-09-06T06:03:18.947-05:00
a3325d3eaf91,campaign-sf1,mado,tpch,Q17,Complex,commercial_a,indexed,1,8,1,3,sqlalchemy,sql,q17s7,0,0.102602,1,ok,,client-side,1.0,186154,136512359370912,2026-09-06T06:03:19.050-05:00
619c69f2a02b,campaign-sf1,mado,tpch,Q18,Complex,commercial_a,indexed,1,0,3,0,sqlalchemy,sql,q18warm,1,2.674557,9,ok,,client-side,1.0,186156,137903649410848,2026-09-06T06:03:23.154-05:00
619c69f2a02b,campaign-sf1,mado,tpch,Q18,Complex,commercial_a,indexed,1,0,3,1,django,sql,q18warm,1,2.378252,9,ok,,client-side,1.0,186156,137903649410848,2026-09-06T06:03:25.532-05:00
619c69f2a02b,campaign-sf1,mado,tpch,Q18,Complex,commercial_a,indexed,1,0,3,2,sqlalchemy,orm,q18warm,1,2.435508,9,ok,,client-side,1.0,186156,137903649410848,2026-09-06T06:03:27.968-05:00
619c69f2a02b,campaign-sf1,mado,tpch,Q18,Complex,commercial_a,indexed,1,0,3,3,django,orm,q18warm,1,184.229609,9,ok,,client-side,0.6,186156,137903649410848,2026-09-06T06:06:32.198-05:00
619c69f2a02b,campaign-sf1,mado,tpch,Q18,Complex,commercial_a,indexed,1,1,0,-1,django,sql,q18s0,2,4.029483,,ok,,client-side,0.63,186156,137903649410848,2026-09-06T06:06:36.230-05:00
619c69f2a02b,campaign-sf1,mado,tpch,Q18,Complex,commercial_a,indexed,1,1,0,-1,django,orm,q18s0,2,192.379243,,ok,,client-side,0.35,186156,137903649410848,2026-09-06T06:09:48.610-05:00
619c69f2a02b,campaign-sf1,mado,tpch,Q18,Complex,commercial_a,indexed,1,1,0,-1,sqlalchemy,sql,q18s0,2,4.505004,,ok,,client-side,0.32,186156,137903649410848,2026-09-06T06:09:53.115-05:00
619c69f2a02b,campaign-sf1,mado,tpch,Q18,Complex,commercial_a,indexed,1,1,0,-1,sqlalchemy,orm,q18s0,2,3.76599,,ok,,client-side,0.37,186156,137903649410848,2026-09-06T06:09:56.881-05:00
619c69f2a02b,campaign-sf1,mado,tpch,Q18,Complex,commercial_a,indexed,1,1,0,0,django,sql,q18s0,0,2.734645,57,ok,,client-side,0.42,186156,137903649410848,2026-09-06T06:09:59.615-05:00
619c69f2a02b,campaign-sf1,mado,tpch,Q18,Complex,commercial_a,indexed,1,1,0,1,django,orm,q18s0,0,198.758336,57,ok,,client-side,0.29,186156,137903649410848,2026-09-06T06:13:18.374-05:00
619c69f2a02b,campaign-sf1,mado,tpch,Q18,Complex,commercial_a,indexed,1,1,0,2,sqlalchemy,sql,q18s0,0,3.937544,57,ok,,client-side,0.34,186156,137903649410848,2026-09-06T06:13:22.312-05:00
619c69f2a02b,campaign-sf1,mado,tpch,Q18,Complex,commercial_a,indexed,1,1,0,3,sqlalchemy,orm,q18s0,0,3.965182,57,ok,,client-side,0.4,186156,137903649410848,2026-09-06T06:13:26.277-05:00
619c69f2a02b,campaign-sf1,mado,tpch,Q18,Complex,commercial_a,indexed,1,2,3,-1,django,sql,q18s1,2,2.918061,,ok,,client-side,0.4,186156,137903649410848,2026-09-06T06:13:29.198-05:00
619c69f2a02b,campaign-sf1,mado,tpch,Q18,Complex,commercial_a,indexed,1,2,3,-1,django,orm,q18s1,2,206.713644,,ok,,client-side,0.3,186156,137903649410848,2026-09-06T06:16:55.912-05:00
619c69f2a02b,campaign-sf1,mado,tpch,Q18,Complex,commercial_a,indexed,1,2,3,-1,sqlalchemy,sql,q18s1,2,4.154258,,ok,,client-side,0.27,186156,137903649410848,2026-09-06T06:17:00.066-05:00
619c69f2a02b,campaign-sf1,mado,tpch,Q18,Complex,commercial_a,indexed,1,2,3,-1,sqlalchemy,orm,q18s1,2,4.136338,,ok,,client-side,0.27,186156,137903649410848,2026-09-06T06:17:04.203-05:00
619c69f2a02b,campaign-sf1,mado,tpch,Q18,Complex,commercial_a,indexed,1,2,3,0,sqlalchemy,sql,q18s1,0,3.1052,9,ok,,client-side,0.33,186156,137903649410848,2026-09-06T06:17:07.308-05:00
619c69f2a02b,campaign-sf1,mado,tpch,Q18,Complex,commercial_a,indexed,1,2,3,1,django,sql,q18s1,0,2.889245,9,ok,,client-side,0.3,186156,137903649410848,2026-09-06T06:17:10.197-05:00
619c69f2a02b,campaign-sf1,mado,tpch,Q18,Complex,commercial_a,indexed,1,2,3,2,sqlalchemy,orm,q18s1,0,2.513378,9,ok,,client-side,0.3,186156,137903649410848,2026-09-06T06:17:12.711-05:00
619c69f2a02b,campaign-sf1,mado,tpch,Q18,Complex,commercial_a,indexed,1,2,3,3,django,orm,q18s1,0,209.733596,9,ok,,client-side,0.27,186156,137903649410848,2026-09-06T06:20:42.445-05:00
619c69f2a02b,campaign-sf1,mado,tpch,Q18,Complex,commercial_a,indexed,1,3,1,-1,django,sql,q18s2,2,3.858958,,ok,,client-side,0.33,186156,137903649410848,2026-09-06T06:20:46.307-05:00
619c69f2a02b,campaign-sf1,mado,tpch,Q18,Complex,commercial_a,indexed,1,3,1,-1,django,orm,q18s2,2,200.886179,,ok,,client-side,0.12,186156,137903649410848,2026-09-06T06:24:07.193-05:00
619c69f2a02b,campaign-sf1,mado,tpch,Q18,Complex,commercial_a,indexed,1,3,1,-1,sqlalchemy,sql,q18s2,2,4.005304,,ok,,client-side,0.19,186156,137903649410848,2026-09-06T06:24:11.198-05:00
619c69f2a02b,campaign-sf1,mado,tpch,Q18,Complex,commercial_a,indexed,1,3,1,-1,sqlalchemy,orm,q18s2,2,3.880621,,ok,,client-side,0.34,186156,137903649410848,2026-09-06T06:24:15.079-05:00
619c69f2a02b,campaign-sf1,mado,tpch,Q18,Complex,commercial_a,indexed,1,3,1,0,django,orm,q18s2,0,208.159466,9,ok,,client-side,0.31,186156,137903649410848,2026-09-06T06:27:43.239-05:00
619c69f2a02b,campaign-sf1,mado,tpch,Q18,Complex,commercial_a,indexed,1,3,1,1,sqlalchemy,orm,q18s2,0,5.865237,9,ok,,client-side,0.36,186156,137903649410848,2026-09-06T06:27:49.104-05:00
619c69f2a02b,campaign-sf1,mado,tpch,Q18,Complex,commercial_a,indexed,1,3,1,2,django,sql,q18s2,0,3.830248,9,ok,,client-side,0.41,186156,137903649410848,2026-09-06T06:27:52.934-05:00
619c69f2a02b,campaign-sf1,mado,tpch,Q18,Complex,commercial_a,indexed,1,3,1,3,sqlalchemy,sql,q18s2,0,2.598014,9,ok,,client-side,0.46,186156,137903649410848,2026-09-06T06:27:55.532-05:00
619c69f2a02b,campaign-sf1,mado,tpch,Q18,Complex,commercial_a,indexed,1,4,2,-1,django,sql,q18s3,2,3.325342,,ok,,client-side,0.46,186156,137903649410848,2026-09-06T06:27:58.861-05:00
619c69f2a02b,campaign-sf1,mado,tpch,Q18,Complex,commercial_a,indexed,1,4,2,-1,django,orm,q18s3,2,211.551486,,ok,,client-side,0.22,186156,137903649410848,2026-09-06T06:31:30.412-05:00
619c69f2a02b,campaign-sf1,mado,tpch,Q18,Complex,commercial_a,indexed,1,4,2,-1,sqlalchemy,sql,q18s3,2,4.379252,,ok,,client-side,0.28,186156,137903649410848,2026-09-06T06:31:34.792-05:00
619c69f2a02b,campaign-sf1,mado,tpch,Q18,Complex,commercial_a,indexed,1,4,2,-1,sqlalchemy,orm,q18s3,2,4.041982,,ok,,client-side,0.28,186156,137903649410848,2026-09-06T06:31:38.834-05:00
619c69f2a02b,campaign-sf1,mado,tpch,Q18,Complex,commercial_a,indexed,1,4,2,0,sqlalchemy,orm,q18s3,0,3.311436,9,ok,,client-side,0.34,186156,137903649410848,2026-09-06T06:31:42.145-05:00
619c69f2a02b,campaign-sf1,mado,tpch,Q18,Complex,commercial_a,indexed,1,4,2,1,sqlalchemy,sql,q18s3,0,2.720644,9,ok,,client-side,0.39,186156,137903649410848,2026-09-06T06:31:44.866-05:00
619c69f2a02b,campaign-sf1,mado,tpch,Q18,Complex,commercial_a,indexed,1,4,2,2,django,orm,q18s3,0,218.778108,9,ok,,client-side,0.5,186156,137903649410848,2026-09-06T06:35:23.644-05:00
619c69f2a02b,campaign-sf1,mado,tpch,Q18,Complex,commercial_a,indexed,1,4,2,3,django,sql,q18s3,0,4.326233,9,ok,,client-side,0.62,186156,137903649410848,2026-09-06T06:35:27.970-05:00
619c69f2a02b,campaign-sf1,mado,tpch,Q18,Complex,commercial_a,indexed,1,5,1,-1,django,sql,q18s4,2,4.063558,,ok,,client-side,0.65,186156,137903649410848,2026-09-06T06:35:32.037-05:00
619c69f2a02b,campaign-sf1,mado,tpch,Q18,Complex,commercial_a,indexed,1,5,1,-1,django,orm,q18s4,2,216.124212,,ok,,client-side,0.35,186156,137903649410848,2026-09-06T06:39:08.161-05:00
619c69f2a02b,campaign-sf1,mado,tpch,Q18,Complex,commercial_a,indexed,1,5,1,-1,sqlalchemy,sql,q18s4,2,4.239491,,ok,,client-side,0.32,186156,137903649410848,2026-09-06T06:39:12.401-05:00
619c69f2a02b,campaign-sf1,mado,tpch,Q18,Complex,commercial_a,indexed,1,5,1,-1,sqlalchemy,orm,q18s4,2,4.052996,,ok,,client-side,0.38,186156,137903649410848,2026-09-06T06:39:16.454-05:00
619c69f2a02b,campaign-sf1,mado,tpch,Q18,Complex,commercial_a,indexed,1,5,1,0,django,orm,q18s4,0,222.119469,10,ok,,client-side,0.13,186156,137903649410848,2026-09-06T06:42:58.574-05:00
619c69f2a02b,campaign-sf1,mado,tpch,Q18,Complex,commercial_a,indexed,1,5,1,1,sqlalchemy,orm,q18s4,0,4.804696,10,ok,,client-side,0.12,186156,137903649410848,2026-09-06T06:43:03.378-05:00
619c69f2a02b,campaign-sf1,mado,tpch,Q18,Complex,commercial_a,indexed,1,5,1,2,django,sql,q18s4,0,3.925371,10,ok,,client-side,0.11,186156,137903649410848,2026-09-06T06:43:07.304-05:00
619c69f2a02b,campaign-sf1,mado,tpch,Q18,Complex,commercial_a,indexed,1,5,1,3,sqlalchemy,sql,q18s4,0,4.021418,10,ok,,client-side,0.18,186156,137903649410848,2026-09-06T06:43:11.325-05:00
619c69f2a02b,campaign-sf1,mado,tpch,Q18,Complex,commercial_a,indexed,1,6,3,-1,django,sql,q18s5,2,2.660544,,ok,,client-side,0.18,186156,137903649410848,2026-09-06T06:43:13.989-05:00
619c69f2a02b,campaign-sf1,mado,tpch,Q18,Complex,commercial_a,indexed,1,6,3,-1,django,orm,q18s5,2,222.889522,,ok,,client-side,0.44,186156,137903649410848,2026-09-06T06:46:56.878-05:00
619c69f2a02b,campaign-sf1,mado,tpch,Q18,Complex,commercial_a,indexed,1,6,3,-1,sqlalchemy,sql,q18s5,2,4.275801,,ok,,client-side,0.49,186156,137903649410848,2026-09-06T06:47:01.154-05:00
619c69f2a02b,campaign-sf1,mado,tpch,Q18,Complex,commercial_a,indexed,1,6,3,-1,sqlalchemy,orm,q18s5,2,5.092944,,ok,,client-side,0.45,186156,137903649410848,2026-09-06T06:47:06.247-05:00
619c69f2a02b,campaign-sf1,mado,tpch,Q18,Complex,commercial_a,indexed,1,6,3,0,sqlalchemy,sql,q18s5,0,3.731314,10,ok,,client-side,0.49,186156,137903649410848,2026-09-06T06:47:09.979-05:00
619c69f2a02b,campaign-sf1,mado,tpch,Q18,Complex,commercial_a,indexed,1,6,3,1,django,sql,q18s5,0,2.917538,10,ok,,client-side,0.49,186156,137903649410848,2026-09-06T06:47:12.896-05:00
619c69f2a02b,campaign-sf1,mado,tpch,Q18,Complex,commercial_a,indexed,1,6,3,2,sqlalchemy,orm,q18s5,0,2.61086,10,ok,,client-side,0.53,186156,137903649410848,2026-09-06T06:47:15.507-05:00
619c69f2a02b,campaign-sf1,mado,tpch,Q18,Complex,commercial_a,indexed,1,6,3,3,django,orm,q18s5,0,225.095152,10,ok,,client-side,0.28,186156,137903649410848,2026-09-06T06:51:00.603-05:00
619c69f2a02b,campaign-sf1,mado,tpch,Q18,Complex,commercial_a,indexed,1,7,0,-1,django,sql,q18s6,2,4.464775,,ok,,client-side,0.33,186156,137903649410848,2026-09-06T06:51:05.071-05:00
619c69f2a02b,campaign-sf1,mado,tpch,Q18,Complex,commercial_a,indexed,1,7,0,-1,django,orm,q18s6,2,221.06473,,ok,,client-side,0.28,186156,137903649410848,2026-09-06T06:54:46.136-05:00
619c69f2a02b,campaign-sf1,mado,tpch,Q18,Complex,commercial_a,indexed,1,7,0,-1,sqlalchemy,sql,q18s6,2,4.052212,,ok,,client-side,0.34,186156,137903649410848,2026-09-06T06:54:50.188-05:00
619c69f2a02b,campaign-sf1,mado,tpch,Q18,Complex,commercial_a,indexed,1,7,0,-1,sqlalchemy,orm,q18s6,2,3.952379,,ok,,client-side,0.34,186156,137903649410848,2026-09-06T06:54:54.140-05:00
619c69f2a02b,campaign-sf1,mado,tpch,Q18,Complex,commercial_a,indexed,1,7,0,0,django,sql,q18s6,0,2.857902,9,ok,,client-side,0.31,186156,137903649410848,2026-09-06T06:54:56.998-05:00
619c69f2a02b,campaign-sf1,mado,tpch,Q18,Complex,commercial_a,indexed,1,7,0,1,django,orm,q18s6,0,224.344998,9,ok,,client-side,0.31,186156,137903649410848,2026-09-06T06:58:41.343-05:00
619c69f2a02b,campaign-sf1,mado,tpch,Q18,Complex,commercial_a,indexed,1,7,0,2,sqlalchemy,sql,q18s6,0,4.550855,9,ok,,client-side,0.37,186156,137903649410848,2026-09-06T06:58:45.894-05:00
619c69f2a02b,campaign-sf1,mado,tpch,Q18,Complex,commercial_a,indexed,1,7,0,3,sqlalchemy,orm,q18s6,0,3.864642,9,ok,,client-side,0.37,186156,137903649410848,2026-09-06T06:58:49.759-05:00
619c69f2a02b,campaign-sf1,mado,tpch,Q18,Complex,commercial_a,indexed,1,8,2,-1,django,sql,q18s7,2,3.081611,,ok,,client-side,0.42,186156,137903649410848,2026-09-06T06:58:52.844-05:00
619c69f2a02b,campaign-sf1,mado,tpch,Q18,Complex,commercial_a,indexed,1,8,2,-1,django,orm,q18s7,2,226.052793,,ok,,client-side,0.41,186156,137903649410848,2026-09-06T07:02:38.897-05:00
619c69f2a02b,campaign-sf1,mado,tpch,Q18,Complex,commercial_a,indexed,1,8,2,-1,sqlalchemy,sql,q18s7,2,4.127752,,ok,,client-side,0.46,186156,137903649410848,2026-09-06T07:02:43.025-05:00
619c69f2a02b,campaign-sf1,mado,tpch,Q18,Complex,commercial_a,indexed,1,8,2,-1,sqlalchemy,orm,q18s7,2,3.835597,,ok,,client-side,0.5,186156,137903649410848,2026-09-06T07:02:46.861-05:00
619c69f2a02b,campaign-sf1,mado,tpch,Q18,Complex,commercial_a,indexed,1,8,2,0,sqlalchemy,orm,q18s7,0,3.190975,9,ok,,client-side,0.54,186156,137903649410848,2026-09-06T07:02:50.052-05:00
619c69f2a02b,campaign-sf1,mado,tpch,Q18,Complex,commercial_a,indexed,1,8,2,1,sqlalchemy,sql,q18s7,0,3.117309,9,ok,,client-side,0.54,186156,137903649410848,2026-09-06T07:02:53.169-05:00
619c69f2a02b,campaign-sf1,mado,tpch,Q18,Complex,commercial_a,indexed,1,8,2,2,django,orm,q18s7,0,232.48727,9,ok,,client-side,0.22,186156,137903649410848,2026-09-06T07:06:45.656-05:00
619c69f2a02b,campaign-sf1,mado,tpch,Q18,Complex,commercial_a,indexed,1,8,2,3,django,sql,q18s7,0,4.334527,9,ok,,client-side,0.28,186156,137903649410848,2026-09-06T07:06:49.991-05:00
d731ec8eaaa4,campaign-sf1,mado,tpch,Q19,Simple,commercial_a,indexed,1,0,1,0,django,orm,q19warm,1,6.565226,1,ok,,client-side,0.34,186890,124599627184944,2026-09-06T07:06:57.999-05:00
d731ec8eaaa4,campaign-sf1,mado,tpch,Q19,Simple,commercial_a,indexed,1,0,1,1,sqlalchemy,orm,q19warm,1,4.870859,1,ok,,client-side,0.39,186890,124599627184944,2026-09-06T07:07:02.870-05:00
d731ec8eaaa4,campaign-sf1,mado,tpch,Q19,Simple,commercial_a,indexed,1,0,1,2,django,sql,q19warm,1,3.218405,1,ok,,client-side,0.44,186890,124599627184944,2026-09-06T07:07:06.088-05:00
d731ec8eaaa4,campaign-sf1,mado,tpch,Q19,Simple,commercial_a,indexed,1,0,1,3,sqlalchemy,sql,q19warm,1,3.194504,1,ok,,client-side,0.44,186890,124599627184944,2026-09-06T07:07:09.283-05:00
d731ec8eaaa4,campaign-sf1,mado,tpch,Q19,Simple,commercial_a,indexed,1,1,2,-1,django,sql,q19s0,2,3.538025,,ok,,client-side,0.49,186890,124599627184944,2026-09-06T07:07:12.824-05:00
d731ec8eaaa4,campaign-sf1,mado,tpch,Q19,Simple,commercial_a,indexed,1,1,2,-1,django,orm,q19s0,2,6.490897,,ok,,client-side,0.53,186890,124599627184944,2026-09-06T07:07:19.315-05:00
d731ec8eaaa4,campaign-sf1,mado,tpch,Q19,Simple,commercial_a,indexed,1,1,2,-1,sqlalchemy,sql,q19s0,2,3.435098,,ok,,client-side,0.57,186890,124599627184944,2026-09-06T07:07:22.750-05:00
d731ec8eaaa4,campaign-sf1,mado,tpch,Q19,Simple,commercial_a,indexed,1,1,2,-1,sqlalchemy,orm,q19s0,2,5.181181,,ok,,client-side,0.6,186890,124599627184944,2026-09-06T07:07:27.932-05:00
d731ec8eaaa4,campaign-sf1,mado,tpch,Q19,Simple,commercial_a,indexed,1,1,2,0,sqlalchemy,orm,q19s0,0,4.755599,1,ok,,client-side,0.63,186890,124599627184944,2026-09-06T07:07:32.687-05:00
d731ec8eaaa4,campaign-sf1,mado,tpch,Q19,Simple,commercial_a,indexed,1,1,2,1,sqlalchemy,sql,q19s0,0,3.185645,1,ok,,client-side,0.66,186890,124599627184944,2026-09-06T07:07:35.873-05:00
d731ec8eaaa4,campaign-sf1,mado,tpch,Q19,Simple,commercial_a,indexed,1,1,2,2,django,orm,q19s0,0,6.192446,1,ok,,client-side,0.69,186890,124599627184944,2026-09-06T07:07:42.066-05:00
d731ec8eaaa4,campaign-sf1,mado,tpch,Q19,Simple,commercial_a,indexed,1,1,2,3,django,sql,q19s0,0,3.532468,1,ok,,client-side,0.72,186890,124599627184944,2026-09-06T07:07:45.598-05:00
d731ec8eaaa4,campaign-sf1,mado,tpch,Q19,Simple,commercial_a,indexed,1,2,0,-1,django,sql,q19s1,2,2.824928,,ok,,client-side,0.72,186890,124599627184944,2026-09-06T07:07:48.428-05:00
d731ec8eaaa4,campaign-sf1,mado,tpch,Q19,Simple,commercial_a,indexed,1,2,0,-1,django,orm,q19s1,2,5.940686,,ok,,client-side,0.74,186890,124599627184944,2026-09-06T07:07:54.369-05:00
d731ec8eaaa4,campaign-sf1,mado,tpch,Q19,Simple,commercial_a,indexed,1,2,0,-1,sqlalchemy,sql,q19s1,2,3.065307,,ok,,client-side,0.76,186890,124599627184944,2026-09-06T07:07:57.434-05:00
d731ec8eaaa4,campaign-sf1,mado,tpch,Q19,Simple,commercial_a,indexed,1,2,0,-1,sqlalchemy,orm,q19s1,2,4.660575,,ok,,client-side,0.78,186890,124599627184944,2026-09-06T07:08:02.095-05:00
d731ec8eaaa4,campaign-sf1,mado,tpch,Q19,Simple,commercial_a,indexed,1,2,0,0,django,sql,q19s1,0,3.253667,1,ok,,client-side,0.8,186890,124599627184944,2026-09-06T07:08:05.348-05:00
d731ec8eaaa4,campaign-sf1,mado,tpch,Q19,Simple,commercial_a,indexed,1,2,0,1,django,orm,q19s1,0,6.062697,1,ok,,client-side,0.81,186890,124599627184944,2026-09-06T07:08:11.411-05:00
d731ec8eaaa4,campaign-sf1,mado,tpch,Q19,Simple,commercial_a,indexed,1,2,0,2,sqlalchemy,sql,q19s1,0,2.805118,1,ok,,client-side,0.81,186890,124599627184944,2026-09-06T07:08:14.216-05:00
d731ec8eaaa4,campaign-sf1,mado,tpch,Q19,Simple,commercial_a,indexed,1,2,0,3,sqlalchemy,orm,q19s1,0,4.677259,1,ok,,client-side,0.83,186890,124599627184944,2026-09-06T07:08:18.894-05:00
d731ec8eaaa4,campaign-sf1,mado,tpch,Q19,Simple,commercial_a,indexed,1,3,1,-1,django,sql,q19s2,2,2.764538,,ok,,client-side,0.84,186890,124599627184944,2026-09-06T07:08:21.661-05:00
d731ec8eaaa4,campaign-sf1,mado,tpch,Q19,Simple,commercial_a,indexed,1,3,1,-1,django,orm,q19s2,2,6.100552,,ok,,client-side,0.86,186890,124599627184944,2026-09-06T07:08:27.762-05:00
d731ec8eaaa4,campaign-sf1,mado,tpch,Q19,Simple,commercial_a,indexed,1,3,1,-1,sqlalchemy,sql,q19s2,2,4.813539,,ok,,client-side,0.79,186890,124599627184944,2026-09-06T07:08:32.576-05:00
d731ec8eaaa4,campaign-sf1,mado,tpch,Q19,Simple,commercial_a,indexed,1,3,1,-1,sqlalchemy,orm,q19s2,2,4.7058,,ok,,client-side,0.8,186890,124599627184944,2026-09-06T07:08:37.282-05:00
d731ec8eaaa4,campaign-sf1,mado,tpch,Q19,Simple,commercial_a,indexed,1,3,1,0,django,orm,q19s2,0,6.058864,1,ok,,client-side,0.82,186890,124599627184944,2026-09-06T07:08:43.341-05:00
d731ec8eaaa4,campaign-sf1,mado,tpch,Q19,Simple,commercial_a,indexed,1,3,1,1,sqlalchemy,orm,q19s2,0,4.55909,1,ok,,client-side,0.83,186890,124599627184944,2026-09-06T07:08:47.900-05:00
d731ec8eaaa4,campaign-sf1,mado,tpch,Q19,Simple,commercial_a,indexed,1,3,1,2,django,sql,q19s2,0,2.772631,1,ok,,client-side,0.85,186890,124599627184944,2026-09-06T07:08:50.672-05:00
d731ec8eaaa4,campaign-sf1,mado,tpch,Q19,Simple,commercial_a,indexed,1,3,1,3,sqlalchemy,sql,q19s2,0,3.126838,1,ok,,client-side,0.85,186890,124599627184944,2026-09-06T07:08:53.799-05:00
d731ec8eaaa4,campaign-sf1,mado,tpch,Q19,Simple,commercial_a,indexed,1,4,3,-1,django,sql,q19s3,2,2.644552,,ok,,client-side,0.86,186890,124599627184944,2026-09-06T07:08:56.447-05:00
d731ec8eaaa4,campaign-sf1,mado,tpch,Q19,Simple,commercial_a,indexed,1,4,3,-1,django,orm,q19s3,2,6.000774,,ok,,client-side,0.87,186890,124599627184944,2026-09-06T07:09:02.448-05:00
d731ec8eaaa4,campaign-sf1,mado,tpch,Q19,Simple,commercial_a,indexed,1,4,3,-1,sqlalchemy,sql,q19s3,2,2.735179,,ok,,client-side,0.88,186890,124599627184944,2026-09-06T07:09:05.183-05:00
d731ec8eaaa4,campaign-sf1,mado,tpch,Q19,Simple,commercial_a,indexed,1,4,3,-1,sqlalchemy,orm,q19s3,2,4.868685,,ok,,client-side,0.89,186890,124599627184944,2026-09-06T07:09:10.052-05:00
d731ec8eaaa4,campaign-sf1,mado,tpch,Q19,Simple,commercial_a,indexed,1,4,3,0,sqlalchemy,sql,q19s3,0,2.689099,1,ok,,client-side,0.89,186890,124599627184944,2026-09-06T07:09:12.741-05:00
d731ec8eaaa4,campaign-sf1,mado,tpch,Q19,Simple,commercial_a,indexed,1,4,3,1,django,sql,q19s3,0,2.725976,1,ok,,client-side,0.9,186890,124599627184944,2026-09-06T07:09:15.467-05:00
d731ec8eaaa4,campaign-sf1,mado,tpch,Q19,Simple,commercial_a,indexed,1,4,3,2,sqlalchemy,orm,q19s3,0,4.585082,1,ok,,client-side,0.91,186890,124599627184944,2026-09-06T07:09:20.052-05:00
d731ec8eaaa4,campaign-sf1,mado,tpch,Q19,Simple,commercial_a,indexed,1,4,3,3,django,orm,q19s3,0,6.420205,1,ok,,client-side,0.92,186890,124599627184944,2026-09-06T07:09:26.472-05:00
d731ec8eaaa4,campaign-sf1,mado,tpch,Q19,Simple,commercial_a,indexed,1,5,1,-1,django,sql,q19s4,2,3.006105,,ok,,client-side,0.92,186890,124599627184944,2026-09-06T07:09:29.484-05:00
d731ec8eaaa4,campaign-sf1,mado,tpch,Q19,Simple,commercial_a,indexed,1,5,1,-1,django,orm,q19s4,2,6.238693,,ok,,client-side,0.93,186890,124599627184944,2026-09-06T07:09:35.722-05:00
d731ec8eaaa4,campaign-sf1,mado,tpch,Q19,Simple,commercial_a,indexed,1,5,1,-1,sqlalchemy,sql,q19s4,2,2.940441,,ok,,client-side,0.93,186890,124599627184944,2026-09-06T07:09:38.663-05:00
d731ec8eaaa4,campaign-sf1,mado,tpch,Q19,Simple,commercial_a,indexed,1,5,1,-1,sqlalchemy,orm,q19s4,2,4.886585,,ok,,client-side,0.94,186890,124599627184944,2026-09-06T07:09:43.550-05:00
d731ec8eaaa4,campaign-sf1,mado,tpch,Q19,Simple,commercial_a,indexed,1,5,1,0,django,orm,q19s4,0,6.088194,1,ok,,client-side,0.94,186890,124599627184944,2026-09-06T07:09:49.638-05:00
d731ec8eaaa4,campaign-sf1,mado,tpch,Q19,Simple,commercial_a,indexed,1,5,1,1,sqlalchemy,orm,q19s4,0,5.027877,1,ok,,client-side,0.95,186890,124599627184944,2026-09-06T07:09:54.666-05:00
d731ec8eaaa4,campaign-sf1,mado,tpch,Q19,Simple,commercial_a,indexed,1,5,1,2,django,sql,q19s4,0,4.484274,1,ok,,client-side,0.95,186890,124599627184944,2026-09-06T07:09:59.150-05:00
d731ec8eaaa4,campaign-sf1,mado,tpch,Q19,Simple,commercial_a,indexed,1,5,1,3,sqlalchemy,sql,q19s4,0,2.855759,1,ok,,client-side,1.03,186890,124599627184944,2026-09-06T07:10:02.006-05:00
d731ec8eaaa4,campaign-sf1,mado,tpch,Q19,Simple,commercial_a,indexed,1,6,2,-1,django,sql,q19s5,2,2.799105,,ok,,client-side,1.03,186890,124599627184944,2026-09-06T07:10:04.808-05:00
d731ec8eaaa4,campaign-sf1,mado,tpch,Q19,Simple,commercial_a,indexed,1,6,2,-1,django,orm,q19s5,2,6.060121,,ok,,client-side,1.03,186890,124599627184944,2026-09-06T07:10:10.869-05:00
d731ec8eaaa4,campaign-sf1,mado,tpch,Q19,Simple,commercial_a,indexed,1,6,2,-1,sqlalchemy,sql,q19s5,2,2.76219,,ok,,client-side,1.03,186890,124599627184944,2026-09-06T07:10:13.631-05:00
d731ec8eaaa4,campaign-sf1,mado,tpch,Q19,Simple,commercial_a,indexed,1,6,2,-1,sqlalchemy,orm,q19s5,2,4.716933,,ok,,client-side,1.03,186890,124599627184944,2026-09-06T07:10:18.348-05:00
d731ec8eaaa4,campaign-sf1,mado,tpch,Q19,Simple,commercial_a,indexed,1,6,2,0,sqlalchemy,orm,q19s5,0,4.643549,1,ok,,client-side,1.02,186890,124599627184944,2026-09-06T07:10:22.992-05:00
d731ec8eaaa4,campaign-sf1,mado,tpch,Q19,Simple,commercial_a,indexed,1,6,2,1,sqlalchemy,sql,q19s5,0,2.767993,1,ok,,client-side,1.02,186890,124599627184944,2026-09-06T07:10:25.760-05:00
d731ec8eaaa4,campaign-sf1,mado,tpch,Q19,Simple,commercial_a,indexed,1,6,2,2,django,orm,q19s5,0,6.240971,1,ok,,client-side,1.02,186890,124599627184944,2026-09-06T07:10:32.001-05:00
d731ec8eaaa4,campaign-sf1,mado,tpch,Q19,Simple,commercial_a,indexed,1,6,2,3,django,sql,q19s5,0,2.652028,1,ok,,client-side,1.02,186890,124599627184944,2026-09-06T07:10:34.653-05:00
d731ec8eaaa4,campaign-sf1,mado,tpch,Q19,Simple,commercial_a,indexed,1,7,0,-1,django,sql,q19s6,2,2.887725,,ok,,client-side,1.02,186890,124599627184944,2026-09-06T07:10:37.544-05:00
d731ec8eaaa4,campaign-sf1,mado,tpch,Q19,Simple,commercial_a,indexed,1,7,0,-1,django,orm,q19s6,2,6.506629,,ok,,client-side,1.02,186890,124599627184944,2026-09-06T07:10:44.051-05:00
d731ec8eaaa4,campaign-sf1,mado,tpch,Q19,Simple,commercial_a,indexed,1,7,0,-1,sqlalchemy,sql,q19s6,2,2.698632,,ok,,client-side,1.02,186890,124599627184944,2026-09-06T07:10:46.750-05:00
d731ec8eaaa4,campaign-sf1,mado,tpch,Q19,Simple,commercial_a,indexed,1,7,0,-1,sqlalchemy,orm,q19s6,2,4.785475,,ok,,client-side,1.01,186890,124599627184944,2026-09-06T07:10:51.535-05:00
d731ec8eaaa4,campaign-sf1,mado,tpch,Q19,Simple,commercial_a,indexed,1,7,0,0,django,sql,q19s6,0,2.835794,1,ok,,client-side,1.01,186890,124599627184944,2026-09-06T07:10:54.371-05:00
d731ec8eaaa4,campaign-sf1,mado,tpch,Q19,Simple,commercial_a,indexed,1,7,0,1,django,orm,q19s6,0,6.142195,1,ok,,client-side,1.01,186890,124599627184944,2026-09-06T07:11:00.513-05:00
d731ec8eaaa4,campaign-sf1,mado,tpch,Q19,Simple,commercial_a,indexed,1,7,0,2,sqlalchemy,sql,q19s6,0,2.866179,1,ok,,client-side,1.01,186890,124599627184944,2026-09-06T07:11:03.380-05:00
d731ec8eaaa4,campaign-sf1,mado,tpch,Q19,Simple,commercial_a,indexed,1,7,0,3,sqlalchemy,orm,q19s6,0,5.008561,1,ok,,client-side,1.01,186890,124599627184944,2026-09-06T07:11:08.388-05:00
d731ec8eaaa4,campaign-sf1,mado,tpch,Q19,Simple,commercial_a,indexed,1,8,3,-1,django,sql,q19s7,2,2.759373,,ok,,client-side,1.01,186890,124599627184944,2026-09-06T07:11:11.151-05:00
d731ec8eaaa4,campaign-sf1,mado,tpch,Q19,Simple,commercial_a,indexed,1,8,3,-1,django,orm,q19s7,2,6.021605,,ok,,client-side,1.01,186890,124599627184944,2026-09-06T07:11:17.173-05:00
d731ec8eaaa4,campaign-sf1,mado,tpch,Q19,Simple,commercial_a,indexed,1,8,3,-1,sqlalchemy,sql,q19s7,2,2.677058,,ok,,client-side,1.01,186890,124599627184944,2026-09-06T07:11:19.850-05:00
d731ec8eaaa4,campaign-sf1,mado,tpch,Q19,Simple,commercial_a,indexed,1,8,3,-1,sqlalchemy,orm,q19s7,2,4.614079,,ok,,client-side,1.01,186890,124599627184944,2026-09-06T07:11:24.464-05:00
d731ec8eaaa4,campaign-sf1,mado,tpch,Q19,Simple,commercial_a,indexed,1,8,3,0,sqlalchemy,sql,q19s7,0,2.805826,1,ok,,client-side,1.01,186890,124599627184944,2026-09-06T07:11:27.270-05:00
d731ec8eaaa4,campaign-sf1,mado,tpch,Q19,Simple,commercial_a,indexed,1,8,3,1,django,sql,q19s7,0,4.530929,1,ok,,client-side,0.93,186890,124599627184944,2026-09-06T07:11:31.801-05:00
d731ec8eaaa4,campaign-sf1,mado,tpch,Q19,Simple,commercial_a,indexed,1,8,3,2,sqlalchemy,orm,q19s7,0,4.832949,1,ok,,client-side,0.93,186890,124599627184944,2026-09-06T07:11:36.634-05:00
d731ec8eaaa4,campaign-sf1,mado,tpch,Q19,Simple,commercial_a,indexed,1,8,3,3,django,orm,q19s7,0,6.363281,1,ok,,client-side,0.94,186890,124599627184944,2026-09-06T07:11:42.997-05:00
ee611cfd4b21,campaign-sf1,mado,tpch,Q20,Complex,commercial_a,indexed,1,0,3,0,sqlalchemy,sql,q20warm,1,2.964664,165,ok,,client-side,0.94,187169,140463071547168,2026-09-06T07:11:47.399-05:00
ee611cfd4b21,campaign-sf1,mado,tpch,Q20,Complex,commercial_a,indexed,1,0,3,1,django,sql,q20warm,1,2.593577,165,ok,,client-side,0.94,187169,140463071547168,2026-09-06T07:11:49.992-05:00
ee611cfd4b21,campaign-sf1,mado,tpch,Q20,Complex,commercial_a,indexed,1,0,3,2,sqlalchemy,orm,q20warm,1,2.87301,165,ok,,client-side,0.95,187169,140463071547168,2026-09-06T07:11:52.865-05:00
ee611cfd4b21,campaign-sf1,mado,tpch,Q20,Complex,commercial_a,indexed,1,0,3,3,django,orm,q20warm,1,4.820392,165,ok,,client-side,0.95,187169,140463071547168,2026-09-06T07:11:57.686-05:00
ee611cfd4b21,campaign-sf1,mado,tpch,Q20,Complex,commercial_a,indexed,1,1,2,-1,django,sql,q20s0,2,2.566083,,ok,,client-side,1.04,187169,140463071547168,2026-09-06T07:12:00.256-05:00
ee611cfd4b21,campaign-sf1,mado,tpch,Q20,Complex,commercial_a,indexed,1,1,2,-1,django,orm,q20s0,2,4.484209,,ok,,client-side,1.04,187169,140463071547168,2026-09-06T07:12:04.741-05:00
ee611cfd4b21,campaign-sf1,mado,tpch,Q20,Complex,commercial_a,indexed,1,1,2,-1,sqlalchemy,sql,q20s0,2,2.542371,,ok,,client-side,1.03,187169,140463071547168,2026-09-06T07:12:07.283-05:00
ee611cfd4b21,campaign-sf1,mado,tpch,Q20,Complex,commercial_a,indexed,1,1,2,-1,sqlalchemy,orm,q20s0,2,2.811523,,ok,,client-side,1.03,187169,140463071547168,2026-09-06T07:12:10.095-05:00
ee611cfd4b21,campaign-sf1,mado,tpch,Q20,Complex,commercial_a,indexed,1,1,2,0,sqlalchemy,orm,q20s0,0,2.013099,186,ok,,client-side,1.03,187169,140463071547168,2026-09-06T07:12:12.108-05:00
ee611cfd4b21,campaign-sf1,mado,tpch,Q20,Complex,commercial_a,indexed,1,1,2,1,sqlalchemy,sql,q20s0,0,1.756871,186,ok,,client-side,1.03,187169,140463071547168,2026-09-06T07:12:13.865-05:00
ee611cfd4b21,campaign-sf1,mado,tpch,Q20,Complex,commercial_a,indexed,1,1,2,2,django,orm,q20s0,0,3.600473,186,ok,,client-side,1.03,187169,140463071547168,2026-09-06T07:12:17.466-05:00
ee611cfd4b21,campaign-sf1,mado,tpch,Q20,Complex,commercial_a,indexed,1,1,2,3,django,sql,q20s0,0,1.773601,186,ok,,client-side,1.03,187169,140463071547168,2026-09-06T07:12:19.239-05:00
ee611cfd4b21,campaign-sf1,mado,tpch,Q20,Complex,commercial_a,indexed,1,2,0,-1,django,sql,q20s1,2,2.594114,,ok,,client-side,1.03,187169,140463071547168,2026-09-06T07:12:21.838-05:00
ee611cfd4b21,campaign-sf1,mado,tpch,Q20,Complex,commercial_a,indexed,1,2,0,-1,django,orm,q20s1,2,4.706478,,ok,,client-side,1.02,187169,140463071547168,2026-09-06T07:12:26.544-05:00
ee611cfd4b21,campaign-sf1,mado,tpch,Q20,Complex,commercial_a,indexed,1,2,0,-1,sqlalchemy,sql,q20s1,2,2.576593,,ok,,client-side,1.02,187169,140463071547168,2026-09-06T07:12:29.121-05:00
ee611cfd4b21,campaign-sf1,mado,tpch,Q20,Complex,commercial_a,indexed,1,2,0,-1,sqlalchemy,orm,q20s1,2,2.786291,,ok,,client-side,1.02,187169,140463071547168,2026-09-06T07:12:31.907-05:00
ee611cfd4b21,campaign-sf1,mado,tpch,Q20,Complex,commercial_a,indexed,1,2,0,0,django,sql,q20s1,0,1.732394,192,ok,,client-side,1.02,187169,140463071547168,2026-09-06T07:12:33.640-05:00
ee611cfd4b21,campaign-sf1,mado,tpch,Q20,Complex,commercial_a,indexed,1,2,0,1,django,orm,q20s1,0,3.489322,192,ok,,client-side,1.02,187169,140463071547168,2026-09-06T07:12:37.129-05:00
ee611cfd4b21,campaign-sf1,mado,tpch,Q20,Complex,commercial_a,indexed,1,2,0,2,sqlalchemy,sql,q20s1,0,1.725244,192,ok,,client-side,1.02,187169,140463071547168,2026-09-06T07:12:38.855-05:00
ee611cfd4b21,campaign-sf1,mado,tpch,Q20,Complex,commercial_a,indexed,1,2,0,3,sqlalchemy,orm,q20s1,0,1.989944,192,ok,,client-side,1.02,187169,140463071547168,2026-09-06T07:12:40.845-05:00
ee611cfd4b21,campaign-sf1,mado,tpch,Q20,Complex,commercial_a,indexed,1,3,1,-1,django,sql,q20s2,2,2.534126,,ok,,client-side,1.02,187169,140463071547168,2026-09-06T07:12:43.384-05:00
ee611cfd4b21,campaign-sf1,mado,tpch,Q20,Complex,commercial_a,indexed,1,3,1,-1,django,orm,q20s2,2,4.364965,,ok,,client-side,1.02,187169,140463071547168,2026-09-06T07:12:47.749-05:00
ee611cfd4b21,campaign-sf1,mado,tpch,Q20,Complex,commercial_a,indexed,1,3,1,-1,sqlalchemy,sql,q20s2,2,2.515654,,ok,,client-side,1.01,187169,140463071547168,2026-09-06T07:12:50.265-05:00
ee611cfd4b21,campaign-sf1,mado,tpch,Q20,Complex,commercial_a,indexed,1,3,1,-1,sqlalchemy,orm,q20s2,2,2.766651,,ok,,client-side,1.01,187169,140463071547168,2026-09-06T07:12:53.031-05:00
ee611cfd4b21,campaign-sf1,mado,tpch,Q20,Complex,commercial_a,indexed,1,3,1,0,django,orm,q20s2,0,3.486775,195,ok,,client-side,1.01,187169,140463071547168,2026-09-06T07:12:56.518-05:00
ee611cfd4b21,campaign-sf1,mado,tpch,Q20,Complex,commercial_a,indexed,1,3,1,1,sqlalchemy,orm,q20s2,0,1.97878,195,ok,,client-side,1.01,187169,140463071547168,2026-09-06T07:12:58.497-05:00
ee611cfd4b21,campaign-sf1,mado,tpch,Q20,Complex,commercial_a,indexed,1,3,1,2,django,sql,q20s2,0,1.756431,195,ok,,client-side,1.01,187169,140463071547168,2026-09-06T07:13:00.254-05:00
ee611cfd4b21,campaign-sf1,mado,tpch,Q20,Complex,commercial_a,indexed,1,3,1,3,sqlalchemy,sql,q20s2,0,1.75813,195,ok,,client-side,1.01,187169,140463071547168,2026-09-06T07:13:02.012-05:00
ee611cfd4b21,campaign-sf1,mado,tpch,Q20,Complex,commercial_a,indexed,1,4,3,-1,django,sql,q20s3,2,2.569605,,ok,,client-side,1.01,187169,140463071547168,2026-09-06T07:13:04.586-05:00
ee611cfd4b21,campaign-sf1,mado,tpch,Q20,Complex,commercial_a,indexed,1,4,3,-1,django,orm,q20s3,2,4.386885,,ok,,client-side,1.01,187169,140463071547168,2026-09-06T07:13:08.973-05:00
ee611cfd4b21,campaign-sf1,mado,tpch,Q20,Complex,commercial_a,indexed,1,4,3,-1,sqlalchemy,sql,q20s3,2,2.508129,,ok,,client-side,1.01,187169,140463071547168,2026-09-06T07:13:11.482-05:00
ee611cfd4b21,campaign-sf1,mado,tpch,Q20,Complex,commercial_a,indexed,1,4,3,-1,sqlalchemy,orm,q20s3,2,2.749412,,ok,,client-side,1.01,187169,140463071547168,2026-09-06T07:13:14.231-05:00
ee611cfd4b21,campaign-sf1,mado,tpch,Q20,Complex,commercial_a,indexed,1,4,3,0,sqlalchemy,sql,q20s3,0,1.774982,154,ok,,client-side,1.01,187169,140463071547168,2026-09-06T07:13:16.006-05:00
ee611cfd4b21,campaign-sf1,mado,tpch,Q20,Complex,commercial_a,indexed,1,4,3,1,django,sql,q20s3,0,1.747385,154,ok,,client-side,1.01,187169,140463071547168,2026-09-06T07:13:17.754-05:00
ee611cfd4b21,campaign-sf1,mado,tpch,Q20,Complex,commercial_a,indexed,1,4,3,2,sqlalchemy,orm,q20s3,0,1.968263,154,ok,,client-side,1.01,187169,140463071547168,2026-09-06T07:13:19.722-05:00
ee611cfd4b21,campaign-sf1,mado,tpch,Q20,Complex,commercial_a,indexed,1,4,3,3,django,orm,q20s3,0,3.492927,154,ok,,client-side,1.01,187169,140463071547168,2026-09-06T07:13:23.215-05:00
ee611cfd4b21,campaign-sf1,mado,tpch,Q20,Complex,commercial_a,indexed,1,5,2,-1,django,sql,q20s4,2,2.525592,,ok,,client-side,1.01,187169,140463071547168,2026-09-06T07:13:25.745-05:00
ee611cfd4b21,campaign-sf1,mado,tpch,Q20,Complex,commercial_a,indexed,1,5,2,-1,django,orm,q20s4,2,4.350081,,ok,,client-side,1.01,187169,140463071547168,2026-09-06T07:13:30.095-05:00
ee611cfd4b21,campaign-sf1,mado,tpch,Q20,Complex,commercial_a,indexed,1,5,2,-1,sqlalchemy,sql,q20s4,2,2.525688,,ok,,client-side,1.01,187169,140463071547168,2026-09-06T07:13:32.621-05:00
ee611cfd4b21,campaign-sf1,mado,tpch,Q20,Complex,commercial_a,indexed,1,5,2,-1,sqlalchemy,orm,q20s4,2,2.806902,,ok,,client-side,1.0,187169,140463071547168,2026-09-06T07:13:35.428-05:00
ee611cfd4b21,campaign-sf1,mado,tpch,Q20,Complex,commercial_a,indexed,1,5,2,0,sqlalchemy,orm,q20s4,0,1.993773,177,ok,,client-side,1.0,187169,140463071547168,2026-09-06T07:13:37.422-05:00
ee611cfd4b21,campaign-sf1,mado,tpch,Q20,Complex,commercial_a,indexed,1,5,2,1,sqlalchemy,sql,q20s4,0,1.731487,177,ok,,client-side,1.0,187169,140463071547168,2026-09-06T07:13:39.154-05:00
ee611cfd4b21,campaign-sf1,mado,tpch,Q20,Complex,commercial_a,indexed,1,5,2,2,django,orm,q20s4,0,3.511634,177,ok,,client-side,1.0,187169,140463071547168,2026-09-06T07:13:42.665-05:00
ee611cfd4b21,campaign-sf1,mado,tpch,Q20,Complex,commercial_a,indexed,1,5,2,3,django,sql,q20s4,0,1.73221,177,ok,,client-side,1.0,187169,140463071547168,2026-09-06T07:13:44.398-05:00
ee611cfd4b21,campaign-sf1,mado,tpch,Q20,Complex,commercial_a,indexed,1,6,3,-1,django,sql,q20s5,2,2.59253,,ok,,client-side,1.0,187169,140463071547168,2026-09-06T07:13:46.995-05:00
ee611cfd4b21,campaign-sf1,mado,tpch,Q20,Complex,commercial_a,indexed,1,6,3,-1,django,orm,q20s5,2,4.416766,,ok,,client-side,1.0,187169,140463071547168,2026-09-06T07:13:51.412-05:00
ee611cfd4b21,campaign-sf1,mado,tpch,Q20,Complex,commercial_a,indexed,1,6,3,-1,sqlalchemy,sql,q20s5,2,2.548484,,ok,,client-side,1.0,187169,140463071547168,2026-09-06T07:13:53.961-05:00
ee611cfd4b21,campaign-sf1,mado,tpch,Q20,Complex,commercial_a,indexed,1,6,3,-1,sqlalchemy,orm,q20s5,2,2.785136,,ok,,client-side,1.0,187169,140463071547168,2026-09-06T07:13:56.746-05:00
ee611cfd4b21,campaign-sf1,mado,tpch,Q20,Complex,commercial_a,indexed,1,6,3,0,sqlalchemy,sql,q20s5,0,1.744798,177,ok,,client-side,1.0,187169,140463071547168,2026-09-06T07:13:58.491-05:00
ee611cfd4b21,campaign-sf1,mado,tpch,Q20,Complex,commercial_a,indexed,1,6,3,1,django,sql,q20s5,0,1.734123,177,ok,,client-side,1.0,187169,140463071547168,2026-09-06T07:14:00.225-05:00
ee611cfd4b21,campaign-sf1,mado,tpch,Q20,Complex,commercial_a,indexed,1,6,3,2,sqlalchemy,orm,q20s5,0,1.99665,177,ok,,client-side,1.0,187169,140463071547168,2026-09-06T07:14:02.222-05:00
ee611cfd4b21,campaign-sf1,mado,tpch,Q20,Complex,commercial_a,indexed,1,6,3,3,django,orm,q20s5,0,3.511022,177,ok,,client-side,1.0,187169,140463071547168,2026-09-06T07:14:05.733-05:00
ee611cfd4b21,campaign-sf1,mado,tpch,Q20,Complex,commercial_a,indexed,1,7,1,-1,django,sql,q20s6,2,2.579486,,ok,,client-side,1.0,187169,140463071547168,2026-09-06T07:14:08.317-05:00
ee611cfd4b21,campaign-sf1,mado,tpch,Q20,Complex,commercial_a,indexed,1,7,1,-1,django,orm,q20s6,2,4.407899,,ok,,client-side,1.0,187169,140463071547168,2026-09-06T07:14:12.725-05:00
ee611cfd4b21,campaign-sf1,mado,tpch,Q20,Complex,commercial_a,indexed,1,7,1,-1,sqlalchemy,sql,q20s6,2,2.53237,,ok,,client-side,1.0,187169,140463071547168,2026-09-06T07:14:15.257-05:00
ee611cfd4b21,campaign-sf1,mado,tpch,Q20,Complex,commercial_a,indexed,1,7,1,-1,sqlalchemy,orm,q20s6,2,2.777883,,ok,,client-side,1.0,187169,140463071547168,2026-09-06T07:14:18.035-05:00
ee611cfd4b21,campaign-sf1,mado,tpch,Q20,Complex,commercial_a,indexed,1,7,1,0,django,orm,q20s6,0,3.503492,180,ok,,client-side,1.0,187169,140463071547168,2026-09-06T07:14:21.539-05:00
ee611cfd4b21,campaign-sf1,mado,tpch,Q20,Complex,commercial_a,indexed,1,7,1,1,sqlalchemy,orm,q20s6,0,2.002941,180,ok,,client-side,1.0,187169,140463071547168,2026-09-06T07:14:23.542-05:00
ee611cfd4b21,campaign-sf1,mado,tpch,Q20,Complex,commercial_a,indexed,1,7,1,2,django,sql,q20s6,0,1.734415,180,ok,,client-side,1.0,187169,140463071547168,2026-09-06T07:14:25.277-05:00
ee611cfd4b21,campaign-sf1,mado,tpch,Q20,Complex,commercial_a,indexed,1,7,1,3,sqlalchemy,sql,q20s6,0,1.727969,180,ok,,client-side,1.0,187169,140463071547168,2026-09-06T07:14:27.005-05:00
ee611cfd4b21,campaign-sf1,mado,tpch,Q20,Complex,commercial_a,indexed,1,8,0,-1,django,sql,q20s7,2,2.530403,,ok,,client-side,1.0,187169,140463071547168,2026-09-06T07:14:29.542-05:00
ee611cfd4b21,campaign-sf1,mado,tpch,Q20,Complex,commercial_a,indexed,1,8,0,-1,django,orm,q20s7,2,4.370578,,ok,,client-side,1.0,187169,140463071547168,2026-09-06T07:14:33.913-05:00
ee611cfd4b21,campaign-sf1,mado,tpch,Q20,Complex,commercial_a,indexed,1,8,0,-1,sqlalchemy,sql,q20s7,2,2.502619,,ok,,client-side,1.0,187169,140463071547168,2026-09-06T07:14:36.416-05:00
ee611cfd4b21,campaign-sf1,mado,tpch,Q20,Complex,commercial_a,indexed,1,8,0,-1,sqlalchemy,orm,q20s7,2,2.78772,,ok,,client-side,1.0,187169,140463071547168,2026-09-06T07:14:39.203-05:00
ee611cfd4b21,campaign-sf1,mado,tpch,Q20,Complex,commercial_a,indexed,1,8,0,0,django,sql,q20s7,0,1.730907,201,ok,,client-side,1.0,187169,140463071547168,2026-09-06T07:14:40.934-05:00
ee611cfd4b21,campaign-sf1,mado,tpch,Q20,Complex,commercial_a,indexed,1,8,0,1,django,orm,q20s7,0,3.502684,201,ok,,client-side,1.0,187169,140463071547168,2026-09-06T07:14:44.437-05:00
ee611cfd4b21,campaign-sf1,mado,tpch,Q20,Complex,commercial_a,indexed,1,8,0,2,sqlalchemy,sql,q20s7,0,1.731766,201,ok,,client-side,1.0,187169,140463071547168,2026-09-06T07:14:46.169-05:00
ee611cfd4b21,campaign-sf1,mado,tpch,Q20,Complex,commercial_a,indexed,1,8,0,3,sqlalchemy,orm,q20s7,0,2.004379,201,ok,,client-side,1.0,187169,140463071547168,2026-09-06T07:14:48.173-05:00
f6413ed8f6db,campaign-sf1,mado,tpch,Q21,Very Complex,commercial_a,indexed,1,0,0,0,django,sql,q21warm,1,15.294799,100,ok,,client-side,0.93,187171,130240380146880,2026-09-06T07:15:04.904-05:00
f6413ed8f6db,campaign-sf1,mado,tpch,Q21,Very Complex,commercial_a,indexed,1,0,0,1,django,orm,q21warm,1,39.470641,100,ok,,client-side,0.96,187171,130240380146880,2026-09-06T07:15:44.374-05:00
f6413ed8f6db,campaign-sf1,mado,tpch,Q21,Very Complex,commercial_a,indexed,1,0,0,2,sqlalchemy,sql,q21warm,1,15.244286,100,ok,,client-side,0.97,187171,130240380146880,2026-09-06T07:15:59.619-05:00
f6413ed8f6db,campaign-sf1,mado,tpch,Q21,Very Complex,commercial_a,indexed,1,0,0,3,sqlalchemy,orm,q21warm,1,14.565931,100,ok,,client-side,0.98,187171,130240380146880,2026-09-06T07:16:14.185-05:00
f6413ed8f6db,campaign-sf1,mado,tpch,Q21,Very Complex,commercial_a,indexed,1,1,0,-1,django,sql,q21s0,2,14.770234,,ok,,client-side,0.9,187171,130240380146880,2026-09-06T07:16:28.960-05:00
f6413ed8f6db,campaign-sf1,mado,tpch,Q21,Very Complex,commercial_a,indexed,1,1,0,-1,django,orm,q21s0,2,43.734834,,ok,,client-side,0.8,187171,130240380146880,2026-09-06T07:17:12.695-05:00
f6413ed8f6db,campaign-sf1,mado,tpch,Q21,Very Complex,commercial_a,indexed,1,1,0,-1,sqlalchemy,sql,q21s0,2,14.9279,,ok,,client-side,0.77,187171,130240380146880,2026-09-06T07:17:27.623-05:00
f6413ed8f6db,campaign-sf1,mado,tpch,Q21,Very Complex,commercial_a,indexed,1,1,0,-1,sqlalchemy,orm,q21s0,2,14.656651,,ok,,client-side,0.82,187171,130240380146880,2026-09-06T07:17:42.279-05:00
f6413ed8f6db,campaign-sf1,mado,tpch,Q21,Very Complex,commercial_a,indexed,1,1,0,0,django,sql,q21s0,0,14.128177,100,ok,,client-side,0.79,187171,130240380146880,2026-09-06T07:17:56.408-05:00
f6413ed8f6db,campaign-sf1,mado,tpch,Q21,Very Complex,commercial_a,indexed,1,1,0,1,django,orm,q21s0,0,42.706296,100,ok,,client-side,0.74,187171,130240380146880,2026-09-06T07:18:39.114-05:00
f6413ed8f6db,campaign-sf1,mado,tpch,Q21,Very Complex,commercial_a,indexed,1,1,0,2,sqlalchemy,sql,q21s0,0,14.927456,100,ok,,client-side,0.8,187171,130240380146880,2026-09-06T07:18:54.042-05:00
f6413ed8f6db,campaign-sf1,mado,tpch,Q21,Very Complex,commercial_a,indexed,1,1,0,3,sqlalchemy,orm,q21s0,0,14.250036,100,ok,,client-side,0.84,187171,130240380146880,2026-09-06T07:19:08.292-05:00
f6413ed8f6db,campaign-sf1,mado,tpch,Q21,Very Complex,commercial_a,indexed,1,2,1,-1,django,sql,q21s1,2,14.307809,,ok,,client-side,0.8,187171,130240380146880,2026-09-06T07:19:22.605-05:00
f6413ed8f6db,campaign-sf1,mado,tpch,Q21,Very Complex,commercial_a,indexed,1,2,1,-1,django,orm,q21s1,2,39.220523,,ok,,client-side,0.88,187171,130240380146880,2026-09-06T07:20:01.825-05:00
f6413ed8f6db,campaign-sf1,mado,tpch,Q21,Very Complex,commercial_a,indexed,1,2,1,-1,sqlalchemy,sql,q21s1,2,15.150169,,ok,,client-side,0.91,187171,130240380146880,2026-09-06T07:20:16.975-05:00
f6413ed8f6db,campaign-sf1,mado,tpch,Q21,Very Complex,commercial_a,indexed,1,2,1,-1,sqlalchemy,orm,q21s1,2,15.997806,,ok,,client-side,0.85,187171,130240380146880,2026-09-06T07:20:32.973-05:00
f6413ed8f6db,campaign-sf1,mado,tpch,Q21,Very Complex,commercial_a,indexed,1,2,1,0,django,orm,q21s1,0,38.995377,100,ok,,client-side,0.91,187171,130240380146880,2026-09-06T07:21:11.969-05:00
f6413ed8f6db,campaign-sf1,mado,tpch,Q21,Very Complex,commercial_a,indexed,1,2,1,1,sqlalchemy,orm,q21s1,0,15.255897,100,ok,,client-side,0.86,187171,130240380146880,2026-09-06T07:21:27.225-05:00
f6413ed8f6db,campaign-sf1,mado,tpch,Q21,Very Complex,commercial_a,indexed,1,2,1,2,django,sql,q21s1,0,14.341296,100,ok,,client-side,0.97,187171,130240380146880,2026-09-06T07:21:41.566-05:00
f6413ed8f6db,campaign-sf1,mado,tpch,Q21,Very Complex,commercial_a,indexed,1,2,1,3,sqlalchemy,sql,q21s1,0,14.486706,100,ok,,client-side,1.05,187171,130240380146880,2026-09-06T07:21:56.053-05:00
f6413ed8f6db,campaign-sf1,mado,tpch,Q21,Very Complex,commercial_a,indexed,1,3,3,-1,django,sql,q21s2,2,14.295004,,ok,,client-side,0.97,187171,130240380146880,2026-09-06T07:22:10.353-05:00
f6413ed8f6db,campaign-sf1,mado,tpch,Q21,Very Complex,commercial_a,indexed,1,3,3,-1,django,orm,q21s2,2,39.061657,,ok,,client-side,0.9,187171,130240380146880,2026-09-06T07:22:49.414-05:00
f6413ed8f6db,campaign-sf1,mado,tpch,Q21,Very Complex,commercial_a,indexed,1,3,3,-1,sqlalchemy,sql,q21s2,2,14.833846,,ok,,client-side,0.92,187171,130240380146880,2026-09-06T07:23:04.248-05:00
f6413ed8f6db,campaign-sf1,mado,tpch,Q21,Very Complex,commercial_a,indexed,1,3,3,-1,sqlalchemy,orm,q21s2,2,14.551288,,ok,,client-side,0.94,187171,130240380146880,2026-09-06T07:23:18.800-05:00
f6413ed8f6db,campaign-sf1,mado,tpch,Q21,Very Complex,commercial_a,indexed,1,3,3,0,sqlalchemy,sql,q21s2,0,15.060031,100,ok,,client-side,0.88,187171,130240380146880,2026-09-06T07:23:33.860-05:00
f6413ed8f6db,campaign-sf1,mado,tpch,Q21,Very Complex,commercial_a,indexed,1,3,3,1,django,sql,q21s2,0,14.155382,100,ok,,client-side,0.91,187171,130240380146880,2026-09-06T07:23:48.015-05:00
f6413ed8f6db,campaign-sf1,mado,tpch,Q21,Very Complex,commercial_a,indexed,1,3,3,2,sqlalchemy,orm,q21s2,0,14.256903,100,ok,,client-side,0.93,187171,130240380146880,2026-09-06T07:24:02.272-05:00
f6413ed8f6db,campaign-sf1,mado,tpch,Q21,Very Complex,commercial_a,indexed,1,3,3,3,django,orm,q21s2,0,39.073843,100,ok,,client-side,0.81,187171,130240380146880,2026-09-06T07:24:41.346-05:00
f6413ed8f6db,campaign-sf1,mado,tpch,Q21,Very Complex,commercial_a,indexed,1,4,2,-1,django,sql,q21s3,2,14.995425,,ok,,client-side,0.85,187171,130240380146880,2026-09-06T07:24:56.345-05:00
f6413ed8f6db,campaign-sf1,mado,tpch,Q21,Very Complex,commercial_a,indexed,1,4,2,-1,django,orm,q21s3,2,38.355708,,ok,,client-side,0.92,187171,130240380146880,2026-09-06T07:25:34.701-05:00
f6413ed8f6db,campaign-sf1,mado,tpch,Q21,Very Complex,commercial_a,indexed,1,4,2,-1,sqlalchemy,sql,q21s3,2,15.487846,,ok,,client-side,0.88,187171,130240380146880,2026-09-06T07:25:50.189-05:00
f6413ed8f6db,campaign-sf1,mado,tpch,Q21,Very Complex,commercial_a,indexed,1,4,2,-1,sqlalchemy,orm,q21s3,2,14.507487,,ok,,client-side,0.9,187171,130240380146880,2026-09-06T07:26:04.697-05:00
f6413ed8f6db,campaign-sf1,mado,tpch,Q21,Very Complex,commercial_a,indexed,1,4,2,0,sqlalchemy,orm,q21s3,0,14.662411,100,ok,,client-side,0.92,187171,130240380146880,2026-09-06T07:26:19.359-05:00
f6413ed8f6db,campaign-sf1,mado,tpch,Q21,Very Complex,commercial_a,indexed,1,4,2,1,sqlalchemy,sql,q21s3,0,14.540255,100,ok,,client-side,0.94,187171,130240380146880,2026-09-06T07:26:33.899-05:00
f6413ed8f6db,campaign-sf1,mado,tpch,Q21,Very Complex,commercial_a,indexed,1,4,2,2,django,orm,q21s3,0,39.799032,100,ok,,client-side,0.97,187171,130240380146880,2026-09-06T07:27:13.699-05:00
f6413ed8f6db,campaign-sf1,mado,tpch,Q21,Very Complex,commercial_a,indexed,1,4,2,3,django,sql,q21s3,0,15.285825,100,ok,,client-side,0.98,187171,130240380146880,2026-09-06T07:27:28.984-05:00
f6413ed8f6db,campaign-sf1,mado,tpch,Q21,Very Complex,commercial_a,indexed,1,5,3,-1,django,sql,q21s4,2,14.810117,,ok,,client-side,0.91,187171,130240380146880,2026-09-06T07:27:43.799-05:00
f6413ed8f6db,campaign-sf1,mado,tpch,Q21,Very Complex,commercial_a,indexed,1,5,3,-1,django,orm,q21s4,2,39.097267,,ok,,client-side,0.96,187171,130240380146880,2026-09-06T07:28:22.897-05:00
f6413ed8f6db,campaign-sf1,mado,tpch,Q21,Very Complex,commercial_a,indexed,1,5,3,-1,sqlalchemy,sql,q21s4,2,16.609896,,ok,,client-side,0.81,187171,130240380146880,2026-09-06T07:28:39.507-05:00
f6413ed8f6db,campaign-sf1,mado,tpch,Q21,Very Complex,commercial_a,indexed,1,5,3,-1,sqlalchemy,orm,q21s4,2,15.206753,,ok,,client-side,0.93,187171,130240380146880,2026-09-06T07:28:54.713-05:00
f6413ed8f6db,campaign-sf1,mado,tpch,Q21,Very Complex,commercial_a,indexed,1,5,3,0,sqlalchemy,sql,q21s4,0,14.34602,100,ok,,client-side,0.95,187171,130240380146880,2026-09-06T07:29:09.060-05:00
f6413ed8f6db,campaign-sf1,mado,tpch,Q21,Very Complex,commercial_a,indexed,1,5,3,1,django,sql,q21s4,0,14.37716,100,ok,,client-side,0.96,187171,130240380146880,2026-09-06T07:29:23.437-05:00
f6413ed8f6db,campaign-sf1,mado,tpch,Q21,Very Complex,commercial_a,indexed,1,5,3,2,sqlalchemy,orm,q21s4,0,15.061307,100,ok,,client-side,0.97,187171,130240380146880,2026-09-06T07:29:38.498-05:00
f6413ed8f6db,campaign-sf1,mado,tpch,Q21,Very Complex,commercial_a,indexed,1,5,3,3,django,orm,q21s4,0,39.492189,100,ok,,client-side,0.91,187171,130240380146880,2026-09-06T07:30:17.990-05:00
f6413ed8f6db,campaign-sf1,mado,tpch,Q21,Very Complex,commercial_a,indexed,1,6,1,-1,django,sql,q21s5,2,15.147632,,ok,,client-side,1.0,187171,130240380146880,2026-09-06T07:30:33.141-05:00
f6413ed8f6db,campaign-sf1,mado,tpch,Q21,Very Complex,commercial_a,indexed,1,6,1,-1,django,orm,q21s5,2,42.209196,,ok,,client-side,0.93,187171,130240380146880,2026-09-06T07:31:15.351-05:00
f6413ed8f6db,campaign-sf1,mado,tpch,Q21,Very Complex,commercial_a,indexed,1,6,1,-1,sqlalchemy,sql,q21s5,2,15.521481,,ok,,client-side,1.01,187171,130240380146880,2026-09-06T07:31:30.872-05:00
f6413ed8f6db,campaign-sf1,mado,tpch,Q21,Very Complex,commercial_a,indexed,1,6,1,-1,sqlalchemy,orm,q21s5,2,14.486171,,ok,,client-side,1.08,187171,130240380146880,2026-09-06T07:31:45.359-05:00
f6413ed8f6db,campaign-sf1,mado,tpch,Q21,Very Complex,commercial_a,indexed,1,6,1,0,django,orm,q21s5,0,40.994685,100,ok,,client-side,0.95,187171,130240380146880,2026-09-06T07:32:26.353-05:00
f6413ed8f6db,campaign-sf1,mado,tpch,Q21,Very Complex,commercial_a,indexed,1,6,1,1,sqlalchemy,orm,q21s5,0,15.00043,100,ok,,client-side,0.96,187171,130240380146880,2026-09-06T07:32:41.354-05:00
f6413ed8f6db,campaign-sf1,mado,tpch,Q21,Very Complex,commercial_a,indexed,1,6,1,2,django,sql,q21s5,0,14.201698,100,ok,,client-side,0.9,187171,130240380146880,2026-09-06T07:32:55.556-05:00
f6413ed8f6db,campaign-sf1,mado,tpch,Q21,Very Complex,commercial_a,indexed,1,6,1,3,sqlalchemy,sql,q21s5,0,14.388282,100,ok,,client-side,0.92,187171,130240380146880,2026-09-06T07:33:09.944-05:00
f6413ed8f6db,campaign-sf1,mado,tpch,Q21,Very Complex,commercial_a,indexed,1,7,0,-1,django,sql,q21s6,2,14.621717,,ok,,client-side,0.93,187171,130240380146880,2026-09-06T07:33:24.570-05:00
f6413ed8f6db,campaign-sf1,mado,tpch,Q21,Very Complex,commercial_a,indexed,1,7,0,-1,django,orm,q21s6,2,43.604844,,ok,,client-side,0.95,187171,130240380146880,2026-09-06T07:34:08.175-05:00
f6413ed8f6db,campaign-sf1,mado,tpch,Q21,Very Complex,commercial_a,indexed,1,7,0,-1,sqlalchemy,sql,q21s6,2,15.075782,,ok,,client-side,1.03,187171,130240380146880,2026-09-06T07:34:23.251-05:00
f6413ed8f6db,campaign-sf1,mado,tpch,Q21,Very Complex,commercial_a,indexed,1,7,0,-1,sqlalchemy,orm,q21s6,2,14.326307,,ok,,client-side,1.02,187171,130240380146880,2026-09-06T07:34:37.577-05:00
f6413ed8f6db,campaign-sf1,mado,tpch,Q21,Very Complex,commercial_a,indexed,1,7,0,0,django,sql,q21s6,0,14.262923,100,ok,,client-side,0.94,187171,130240380146880,2026-09-06T07:34:51.840-05:00
f6413ed8f6db,campaign-sf1,mado,tpch,Q21,Very Complex,commercial_a,indexed,1,7,0,1,django,orm,q21s6,0,42.930045,100,ok,,client-side,1.07,187171,130240380146880,2026-09-06T07:35:34.771-05:00
f6413ed8f6db,campaign-sf1,mado,tpch,Q21,Very Complex,commercial_a,indexed,1,7,0,2,sqlalchemy,sql,q21s6,0,14.944226,100,ok,,client-side,1.12,187171,130240380146880,2026-09-06T07:35:49.715-05:00
f6413ed8f6db,campaign-sf1,mado,tpch,Q21,Very Complex,commercial_a,indexed,1,7,0,3,sqlalchemy,orm,q21s6,0,16.494553,100,ok,,client-side,1.22,187171,130240380146880,2026-09-06T07:36:06.210-05:00
f6413ed8f6db,campaign-sf1,mado,tpch,Q21,Very Complex,commercial_a,indexed,1,8,2,-1,django,sql,q21s7,2,14.636904,,ok,,client-side,1.17,187171,130240380146880,2026-09-06T07:36:20.851-05:00
f6413ed8f6db,campaign-sf1,mado,tpch,Q21,Very Complex,commercial_a,indexed,1,8,2,-1,django,orm,q21s7,2,43.782899,,ok,,client-side,1.08,187171,130240380146880,2026-09-06T07:37:04.634-05:00
f6413ed8f6db,campaign-sf1,mado,tpch,Q21,Very Complex,commercial_a,indexed,1,8,2,-1,sqlalchemy,sql,q21s7,2,15.247327,,ok,,client-side,1.14,187171,130240380146880,2026-09-06T07:37:19.881-05:00
f6413ed8f6db,campaign-sf1,mado,tpch,Q21,Very Complex,commercial_a,indexed,1,8,2,-1,sqlalchemy,orm,q21s7,2,14.340263,,ok,,client-side,1.11,187171,130240380146880,2026-09-06T07:37:34.222-05:00
f6413ed8f6db,campaign-sf1,mado,tpch,Q21,Very Complex,commercial_a,indexed,1,8,2,0,sqlalchemy,orm,q21s7,0,14.697741,100,ok,,client-side,1.17,187171,130240380146880,2026-09-06T07:37:48.920-05:00
f6413ed8f6db,campaign-sf1,mado,tpch,Q21,Very Complex,commercial_a,indexed,1,8,2,1,sqlalchemy,sql,q21s7,0,14.586678,100,ok,,client-side,1.13,187171,130240380146880,2026-09-06T07:38:03.506-05:00
f6413ed8f6db,campaign-sf1,mado,tpch,Q21,Very Complex,commercial_a,indexed,1,8,2,2,django,orm,q21s7,0,40.11532,100,ok,,client-side,0.98,187171,130240380146880,2026-09-06T07:38:43.622-05:00
f6413ed8f6db,campaign-sf1,mado,tpch,Q21,Very Complex,commercial_a,indexed,1,8,2,3,django,sql,q21s7,0,15.448684,100,ok,,client-side,0.99,187171,130240380146880,2026-09-06T07:38:59.071-05:00
7058c009346b,campaign-sf1,mado,tpch,Q22,Very Complex,commercial_a,indexed,1,0,2,0,sqlalchemy,orm,q22warm,1,0.907742,7,ok,,client-side,0.99,187353,123507176599200,2026-09-06T07:39:01.416-05:00
7058c009346b,campaign-sf1,mado,tpch,Q22,Very Complex,commercial_a,indexed,1,0,2,1,sqlalchemy,sql,q22warm,1,0.41349,7,ok,,client-side,0.99,187353,123507176599200,2026-09-06T07:39:01.829-05:00
7058c009346b,campaign-sf1,mado,tpch,Q22,Very Complex,commercial_a,indexed,1,0,2,2,django,orm,q22warm,1,0.495634,7,ok,,client-side,0.99,187353,123507176599200,2026-09-06T07:39:02.325-05:00
7058c009346b,campaign-sf1,mado,tpch,Q22,Very Complex,commercial_a,indexed,1,0,2,3,django,sql,q22warm,1,0.412341,7,ok,,client-side,0.99,187353,123507176599200,2026-09-06T07:39:02.737-05:00
7058c009346b,campaign-sf1,mado,tpch,Q22,Very Complex,commercial_a,indexed,1,1,1,-1,django,sql,q22s0,2,0.423,,ok,,client-side,0.99,187353,123507176599200,2026-09-06T07:39:03.165-05:00
7058c009346b,campaign-sf1,mado,tpch,Q22,Very Complex,commercial_a,indexed,1,1,1,-1,django,orm,q22s0,2,0.478118,,ok,,client-side,0.99,187353,123507176599200,2026-09-06T07:39:03.643-05:00
7058c009346b,campaign-sf1,mado,tpch,Q22,Very Complex,commercial_a,indexed,1,1,1,-1,sqlalchemy,sql,q22s0,2,0.42512,,ok,,client-side,0.99,187353,123507176599200,2026-09-06T07:39:04.069-05:00
7058c009346b,campaign-sf1,mado,tpch,Q22,Very Complex,commercial_a,indexed,1,1,1,-1,sqlalchemy,orm,q22s0,2,0.707094,,ok,,client-side,0.99,187353,123507176599200,2026-09-06T07:39:04.776-05:00
7058c009346b,campaign-sf1,mado,tpch,Q22,Very Complex,commercial_a,indexed,1,1,1,0,django,orm,q22s0,0,0.470715,7,ok,,client-side,0.99,187353,123507176599200,2026-09-06T07:39:05.247-05:00
7058c009346b,campaign-sf1,mado,tpch,Q22,Very Complex,commercial_a,indexed,1,1,1,1,sqlalchemy,orm,q22s0,0,0.705553,7,ok,,client-side,0.99,187353,123507176599200,2026-09-06T07:39:05.952-05:00
7058c009346b,campaign-sf1,mado,tpch,Q22,Very Complex,commercial_a,indexed,1,1,1,2,django,sql,q22s0,0,0.394141,7,ok,,client-side,0.99,187353,123507176599200,2026-09-06T07:39:06.347-05:00
7058c009346b,campaign-sf1,mado,tpch,Q22,Very Complex,commercial_a,indexed,1,1,1,3,sqlalchemy,sql,q22s0,0,0.395853,7,ok,,client-side,0.99,187353,123507176599200,2026-09-06T07:39:06.742-05:00
7058c009346b,campaign-sf1,mado,tpch,Q22,Very Complex,commercial_a,indexed,1,2,2,-1,django,sql,q22s1,2,0.414924,,ok,,client-side,0.99,187353,123507176599200,2026-09-06T07:39:07.163-05:00
7058c009346b,campaign-sf1,mado,tpch,Q22,Very Complex,commercial_a,indexed,1,2,2,-1,django,orm,q22s1,2,0.477234,,ok,,client-side,0.99,187353,123507176599200,2026-09-06T07:39:07.640-05:00
7058c009346b,campaign-sf1,mado,tpch,Q22,Very Complex,commercial_a,indexed,1,2,2,-1,sqlalchemy,sql,q22s1,2,0.416241,,ok,,client-side,0.99,187353,123507176599200,2026-09-06T07:39:08.056-05:00
7058c009346b,campaign-sf1,mado,tpch,Q22,Very Complex,commercial_a,indexed,1,2,2,-1,sqlalchemy,orm,q22s1,2,0.707221,,ok,,client-side,0.99,187353,123507176599200,2026-09-06T07:39:08.764-05:00
7058c009346b,campaign-sf1,mado,tpch,Q22,Very Complex,commercial_a,indexed,1,2,2,0,sqlalchemy,orm,q22s1,0,0.705611,7,ok,,client-side,0.99,187353,123507176599200,2026-09-06T07:39:09.469-05:00
7058c009346b,campaign-sf1,mado,tpch,Q22,Very Complex,commercial_a,indexed,1,2,2,1,sqlalchemy,sql,q22s1,0,0.390493,7,ok,,client-side,0.99,187353,123507176599200,2026-09-06T07:39:09.860-05:00
7058c009346b,campaign-sf1,mado,tpch,Q22,Very Complex,commercial_a,indexed,1,2,2,2,django,orm,q22s1,0,0.47243,7,ok,,client-side,0.99,187353,123507176599200,2026-09-06T07:39:10.332-05:00
7058c009346b,campaign-sf1,mado,tpch,Q22,Very Complex,commercial_a,indexed,1,2,2,3,django,sql,q22s1,0,0.387054,7,ok,,client-side,0.99,187353,123507176599200,2026-09-06T07:39:10.720-05:00
7058c009346b,campaign-sf1,mado,tpch,Q22,Very Complex,commercial_a,indexed,1,3,3,-1,django,sql,q22s2,2,0.412775,,ok,,client-side,0.99,187353,123507176599200,2026-09-06T07:39:11.137-05:00
7058c009346b,campaign-sf1,mado,tpch,Q22,Very Complex,commercial_a,indexed,1,3,3,-1,django,orm,q22s2,2,0.47407,,ok,,client-side,0.99,187353,123507176599200,2026-09-06T07:39:11.612-05:00
7058c009346b,campaign-sf1,mado,tpch,Q22,Very Complex,commercial_a,indexed,1,3,3,-1,sqlalchemy,sql,q22s2,2,0.413312,,ok,,client-side,0.99,187353,123507176599200,2026-09-06T07:39:12.025-05:00
7058c009346b,campaign-sf1,mado,tpch,Q22,Very Complex,commercial_a,indexed,1,3,3,-1,sqlalchemy,orm,q22s2,2,0.701081,,ok,,client-side,0.99,187353,123507176599200,2026-09-06T07:39:12.726-05:00
7058c009346b,campaign-sf1,mado,tpch,Q22,Very Complex,commercial_a,indexed,1,3,3,0,sqlalchemy,sql,q22s2,0,0.385538,7,ok,,client-side,0.99,187353,123507176599200,2026-09-06T07:39:13.112-05:00
7058c009346b,campaign-sf1,mado,tpch,Q22,Very Complex,commercial_a,indexed,1,3,3,1,django,sql,q22s2,0,0.384632,7,ok,,client-side,0.99,187353,123507176599200,2026-09-06T07:39:13.496-05:00
7058c009346b,campaign-sf1,mado,tpch,Q22,Very Complex,commercial_a,indexed,1,3,3,2,sqlalchemy,orm,q22s2,0,0.699054,7,ok,,client-side,0.99,187353,123507176599200,2026-09-06T07:39:14.196-05:00
7058c009346b,campaign-sf1,mado,tpch,Q22,Very Complex,commercial_a,indexed,1,3,3,3,django,orm,q22s2,0,0.467931,7,ok,,client-side,0.99,187353,123507176599200,2026-09-06T07:39:14.664-05:00
7058c009346b,campaign-sf1,mado,tpch,Q22,Very Complex,commercial_a,indexed,1,4,0,-1,django,sql,q22s3,2,0.413381,,ok,,client-side,0.99,187353,123507176599200,2026-09-06T07:39:15.082-05:00
7058c009346b,campaign-sf1,mado,tpch,Q22,Very Complex,commercial_a,indexed,1,4,0,-1,django,orm,q22s3,2,0.473579,,ok,,client-side,0.99,187353,123507176599200,2026-09-06T07:39:15.555-05:00
7058c009346b,campaign-sf1,mado,tpch,Q22,Very Complex,commercial_a,indexed,1,4,0,-1,sqlalchemy,sql,q22s3,2,0.41184,,ok,,client-side,0.99,187353,123507176599200,2026-09-06T07:39:15.967-05:00
7058c009346b,campaign-sf1,mado,tpch,Q22,Very Complex,commercial_a,indexed,1,4,0,-1,sqlalchemy,orm,q22s3,2,0.695943,,ok,,client-side,0.99,187353,123507176599200,2026-09-06T07:39:16.663-05:00
7058c009346b,campaign-sf1,mado,tpch,Q22,Very Complex,commercial_a,indexed,1,4,0,0,django,sql,q22s3,0,0.383883,7,ok,,client-side,0.99,187353,123507176599200,2026-09-06T07:39:17.047-05:00
7058c009346b,campaign-sf1,mado,tpch,Q22,Very Complex,commercial_a,indexed,1,4,0,1,django,orm,q22s3,0,0.465259,7,ok,,client-side,0.99,187353,123507176599200,2026-09-06T07:39:17.513-05:00
7058c009346b,campaign-sf1,mado,tpch,Q22,Very Complex,commercial_a,indexed,1,4,0,2,sqlalchemy,sql,q22s3,0,0.386097,7,ok,,client-side,0.99,187353,123507176599200,2026-09-06T07:39:17.899-05:00
7058c009346b,campaign-sf1,mado,tpch,Q22,Very Complex,commercial_a,indexed,1,4,0,3,sqlalchemy,orm,q22s3,0,0.695268,7,ok,,client-side,0.99,187353,123507176599200,2026-09-06T07:39:18.594-05:00
7058c009346b,campaign-sf1,mado,tpch,Q22,Very Complex,commercial_a,indexed,1,5,0,-1,django,sql,q22s4,2,0.409119,,ok,,client-side,0.99,187353,123507176599200,2026-09-06T07:39:19.008-05:00
7058c009346b,campaign-sf1,mado,tpch,Q22,Very Complex,commercial_a,indexed,1,5,0,-1,django,orm,q22s4,2,0.470709,,ok,,client-side,0.99,187353,123507176599200,2026-09-06T07:39:19.479-05:00
7058c009346b,campaign-sf1,mado,tpch,Q22,Very Complex,commercial_a,indexed,1,5,0,-1,sqlalchemy,sql,q22s4,2,0.411287,,ok,,client-side,0.99,187353,123507176599200,2026-09-06T07:39:19.891-05:00
7058c009346b,campaign-sf1,mado,tpch,Q22,Very Complex,commercial_a,indexed,1,5,0,-1,sqlalchemy,orm,q22s4,2,0.688023,,ok,,client-side,0.99,187353,123507176599200,2026-09-06T07:39:20.579-05:00
7058c009346b,campaign-sf1,mado,tpch,Q22,Very Complex,commercial_a,indexed,1,5,0,0,django,sql,q22s4,0,0.38194,7,ok,,client-side,0.99,187353,123507176599200,2026-09-06T07:39:20.961-05:00
7058c009346b,campaign-sf1,mado,tpch,Q22,Very Complex,commercial_a,indexed,1,5,0,1,django,orm,q22s4,0,0.463375,7,ok,,client-side,0.99,187353,123507176599200,2026-09-06T07:39:21.424-05:00
7058c009346b,campaign-sf1,mado,tpch,Q22,Very Complex,commercial_a,indexed,1,5,0,2,sqlalchemy,sql,q22s4,0,0.383239,7,ok,,client-side,0.99,187353,123507176599200,2026-09-06T07:39:21.807-05:00
7058c009346b,campaign-sf1,mado,tpch,Q22,Very Complex,commercial_a,indexed,1,5,0,3,sqlalchemy,orm,q22s4,0,0.685633,7,ok,,client-side,0.99,187353,123507176599200,2026-09-06T07:39:22.493-05:00
7058c009346b,campaign-sf1,mado,tpch,Q22,Very Complex,commercial_a,indexed,1,6,3,-1,django,sql,q22s5,2,0.413408,,ok,,client-side,0.99,187353,123507176599200,2026-09-06T07:39:22.911-05:00
7058c009346b,campaign-sf1,mado,tpch,Q22,Very Complex,commercial_a,indexed,1,6,3,-1,django,orm,q22s5,2,0.474217,,ok,,client-side,0.99,187353,123507176599200,2026-09-06T07:39:23.386-05:00
7058c009346b,campaign-sf1,mado,tpch,Q22,Very Complex,commercial_a,indexed,1,6,3,-1,sqlalchemy,sql,q22s5,2,0.410397,,ok,,client-side,0.99,187353,123507176599200,2026-09-06T07:39:23.796-05:00
7058c009346b,campaign-sf1,mado,tpch,Q22,Very Complex,commercial_a,indexed,1,6,3,-1,sqlalchemy,orm,q22s5,2,0.697533,,ok,,client-side,0.99,187353,123507176599200,2026-09-06T07:39:24.494-05:00
7058c009346b,campaign-sf1,mado,tpch,Q22,Very Complex,commercial_a,indexed,1,6,3,0,sqlalchemy,sql,q22s5,0,0.388587,7,ok,,client-side,0.99,187353,123507176599200,2026-09-06T07:39:24.882-05:00
7058c009346b,campaign-sf1,mado,tpch,Q22,Very Complex,commercial_a,indexed,1,6,3,1,django,sql,q22s5,0,0.385793,7,ok,,client-side,0.99,187353,123507176599200,2026-09-06T07:39:25.268-05:00
7058c009346b,campaign-sf1,mado,tpch,Q22,Very Complex,commercial_a,indexed,1,6,3,2,sqlalchemy,orm,q22s5,0,0.69424,7,ok,,client-side,0.99,187353,123507176599200,2026-09-06T07:39:25.963-05:00
7058c009346b,campaign-sf1,mado,tpch,Q22,Very Complex,commercial_a,indexed,1,6,3,3,django,orm,q22s5,0,0.466009,7,ok,,client-side,0.99,187353,123507176599200,2026-09-06T07:39:26.429-05:00
7058c009346b,campaign-sf1,mado,tpch,Q22,Very Complex,commercial_a,indexed,1,7,1,-1,django,sql,q22s6,2,0.412527,,ok,,client-side,0.99,187353,123507176599200,2026-09-06T07:39:26.846-05:00
7058c009346b,campaign-sf1,mado,tpch,Q22,Very Complex,commercial_a,indexed,1,7,1,-1,django,orm,q22s6,2,0.473371,,ok,,client-side,0.99,187353,123507176599200,2026-09-06T07:39:27.319-05:00
7058c009346b,campaign-sf1,mado,tpch,Q22,Very Complex,commercial_a,indexed,1,7,1,-1,sqlalchemy,sql,q22s6,2,0.411928,,ok,,client-side,0.99,187353,123507176599200,2026-09-06T07:39:27.732-05:00
7058c009346b,campaign-sf1,mado,tpch,Q22,Very Complex,commercial_a,indexed,1,7,1,-1,sqlalchemy,orm,q22s6,2,0.697026,,ok,,client-side,0.99,187353,123507176599200,2026-09-06T07:39:28.429-05:00
7058c009346b,campaign-sf1,mado,tpch,Q22,Very Complex,commercial_a,indexed,1,7,1,0,django,orm,q22s6,0,0.466926,7,ok,,client-side,0.99,187353,123507176599200,2026-09-06T07:39:28.896-05:00
7058c009346b,campaign-sf1,mado,tpch,Q22,Very Complex,commercial_a,indexed,1,7,1,1,sqlalchemy,orm,q22s6,0,0.696029,7,ok,,client-side,0.99,187353,123507176599200,2026-09-06T07:39:29.592-05:00
7058c009346b,campaign-sf1,mado,tpch,Q22,Very Complex,commercial_a,indexed,1,7,1,2,django,sql,q22s6,0,0.385169,7,ok,,client-side,0.99,187353,123507176599200,2026-09-06T07:39:29.977-05:00
7058c009346b,campaign-sf1,mado,tpch,Q22,Very Complex,commercial_a,indexed,1,7,1,3,sqlalchemy,sql,q22s6,0,0.383939,7,ok,,client-side,1.0,187353,123507176599200,2026-09-06T07:39:30.361-05:00
7058c009346b,campaign-sf1,mado,tpch,Q22,Very Complex,commercial_a,indexed,1,8,2,-1,django,sql,q22s7,2,0.413561,,ok,,client-side,1.0,187353,123507176599200,2026-09-06T07:39:30.780-05:00
7058c009346b,campaign-sf1,mado,tpch,Q22,Very Complex,commercial_a,indexed,1,8,2,-1,django,orm,q22s7,2,0.472904,,ok,,client-side,1.0,187353,123507176599200,2026-09-06T07:39:31.253-05:00
7058c009346b,campaign-sf1,mado,tpch,Q22,Very Complex,commercial_a,indexed,1,8,2,-1,sqlalchemy,sql,q22s7,2,0.414334,,ok,,client-side,1.0,187353,123507176599200,2026-09-06T07:39:31.667-05:00
7058c009346b,campaign-sf1,mado,tpch,Q22,Very Complex,commercial_a,indexed,1,8,2,-1,sqlalchemy,orm,q22s7,2,0.701459,,ok,,client-side,1.0,187353,123507176599200,2026-09-06T07:39:32.369-05:00
7058c009346b,campaign-sf1,mado,tpch,Q22,Very Complex,commercial_a,indexed,1,8,2,0,sqlalchemy,orm,q22s7,0,0.701686,7,ok,,client-side,1.0,187353,123507176599200,2026-09-06T07:39:33.070-05:00
7058c009346b,campaign-sf1,mado,tpch,Q22,Very Complex,commercial_a,indexed,1,8,2,1,sqlalchemy,sql,q22s7,0,0.387037,7,ok,,client-side,1.0,187353,123507176599200,2026-09-06T07:39:33.457-05:00
7058c009346b,campaign-sf1,mado,tpch,Q22,Very Complex,commercial_a,indexed,1,8,2,2,django,orm,q22s7,0,0.46504,7,ok,,client-side,1.0,187353,123507176599200,2026-09-06T07:39:33.923-05:00
7058c009346b,campaign-sf1,mado,tpch,Q22,Very Complex,commercial_a,indexed,1,8,2,3,django,sql,q22s7,0,0.385461,7,ok,,client-side,1.0,187353,123507176599200,2026-09-06T07:39:34.308-05:00
07cf39d637c2,campaign-sf1,mado,tpch,Q13,Complex,commercial_a,indexed,1,0,0,0,django,sql,q13warm,1,0.89066,42,ok,,client-side:2700,1.17,189671,133277062387168,2026-09-06T08:52:22.889-05:00
07cf39d637c2,campaign-sf1,mado,tpch,Q13,Complex,commercial_a,indexed,1,0,0,1,django,orm,q13warm,1,2e-05,,not_expressible,"Q13NotExpressible: Django ORM cannot express Q13 on Commercial System A: no derived-table construct, and Commercial System A forbids GROUP BY on a subquery. See django_app/queries/q13_sql",client-side:2700,1.17,189671,133277062387168,2026-09-06T08:52:22.889-05:00
07cf39d637c2,campaign-sf1,mado,tpch,Q13,Complex,commercial_a,indexed,1,0,0,2,sqlalchemy,sql,q13warm,1,0.942316,42,ok,,client-side:2700,1.17,189671,133277062387168,2026-09-06T08:52:23.831-05:00
07cf39d637c2,campaign-sf1,mado,tpch,Q13,Complex,commercial_a,indexed,1,0,0,3,sqlalchemy,orm,q13warm,1,2.04441,42,ok,,client-side:2700,1.17,189671,133277062387168,2026-09-06T08:52:25.876-05:00
07cf39d637c2,campaign-sf1,mado,tpch,Q13,Complex,commercial_a,indexed,1,1,3,-1,django,sql,q13s0,2,0.893747,,ok,,client-side:2700,1.16,189671,133277062387168,2026-09-06T08:52:26.774-05:00
07cf39d637c2,campaign-sf1,mado,tpch,Q13,Complex,commercial_a,indexed,1,1,3,-1,sqlalchemy,sql,q13s0,2,0.907764,,ok,,client-side:2700,1.16,189671,133277062387168,2026-09-06T08:52:27.682-05:00
07cf39d637c2,campaign-sf1,mado,tpch,Q13,Complex,commercial_a,indexed,1,1,3,-1,sqlalchemy,orm,q13s0,2,2.127485,,ok,,client-side:2700,1.16,189671,133277062387168,2026-09-06T08:52:29.810-05:00
07cf39d637c2,campaign-sf1,mado,tpch,Q13,Complex,commercial_a,indexed,1,1,3,0,sqlalchemy,sql,q13s0,0,0.910339,42,ok,,client-side:2700,1.16,189671,133277062387168,2026-09-06T08:52:30.720-05:00
07cf39d637c2,campaign-sf1,mado,tpch,Q13,Complex,commercial_a,indexed,1,1,3,1,django,sql,q13s0,0,0.879938,42,ok,,client-side:2700,1.14,189671,133277062387168,2026-09-06T08:52:31.600-05:00
07cf39d637c2,campaign-sf1,mado,tpch,Q13,Complex,commercial_a,indexed,1,1,3,2,sqlalchemy,orm,q13s0,0,2.156901,42,ok,,client-side:2700,1.14,189671,133277062387168,2026-09-06T08:52:33.757-05:00
07cf39d637c2,campaign-sf1,mado,tpch,Q13,Complex,commercial_a,indexed,1,2,1,-1,django,sql,q13s1,2,0.883274,,ok,,client-side:2700,1.14,189671,133277062387168,2026-09-06T08:52:34.645-05:00
07cf39d637c2,campaign-sf1,mado,tpch,Q13,Complex,commercial_a,indexed,1,2,1,-1,sqlalchemy,sql,q13s1,2,0.869759,,ok,,client-side:2700,1.14,189671,133277062387168,2026-09-06T08:52:35.515-05:00
07cf39d637c2,campaign-sf1,mado,tpch,Q13,Complex,commercial_a,indexed,1,2,1,-1,sqlalchemy,orm,q13s1,2,1.913868,,ok,,client-side:2700,1.21,189671,133277062387168,2026-09-06T08:52:37.429-05:00
07cf39d637c2,campaign-sf1,mado,tpch,Q13,Complex,commercial_a,indexed,1,2,1,1,sqlalchemy,orm,q13s1,0,1.903329,41,ok,,client-side:2700,1.21,189671,133277062387168,2026-09-06T08:52:39.332-05:00
07cf39d637c2,campaign-sf1,mado,tpch,Q13,Complex,commercial_a,indexed,1,2,1,2,django,sql,q13s1,0,0.847172,41,ok,,client-side:2700,1.21,189671,133277062387168,2026-09-06T08:52:40.179-05:00
07cf39d637c2,campaign-sf1,mado,tpch,Q13,Complex,commercial_a,indexed,1,2,1,3,sqlalchemy,sql,q13s1,0,0.831412,41,ok,,client-side:2700,1.21,189671,133277062387168,2026-09-06T08:52:41.011-05:00
07cf39d637c2,campaign-sf1,mado,tpch,Q13,Complex,commercial_a,indexed,1,3,2,-1,django,sql,q13s2,2,0.902985,,ok,,client-side:2700,1.2,189671,133277062387168,2026-09-06T08:52:41.918-05:00
07cf39d637c2,campaign-sf1,mado,tpch,Q13,Complex,commercial_a,indexed,1,3,2,-1,sqlalchemy,sql,q13s2,2,0.916378,,ok,,client-side:2700,1.2,189671,133277062387168,2026-09-06T08:52:42.835-05:00
07cf39d637c2,campaign-sf1,mado,tpch,Q13,Complex,commercial_a,indexed,1,3,2,-1,sqlalchemy,orm,q13s2,2,2.003655,,ok,,client-side:2700,1.2,189671,133277062387168,2026-09-06T08:52:44.839-05:00
07cf39d637c2,campaign-sf1,mado,tpch,Q13,Complex,commercial_a,indexed,1,3,2,0,sqlalchemy,orm,q13s2,0,1.997638,42,ok,,client-side:2700,1.26,189671,133277062387168,2026-09-06T08:52:46.836-05:00
07cf39d637c2,campaign-sf1,mado,tpch,Q13,Complex,commercial_a,indexed,1,3,2,1,sqlalchemy,sql,q13s2,0,0.888249,42,ok,,client-side:2700,1.26,189671,133277062387168,2026-09-06T08:52:47.725-05:00
07cf39d637c2,campaign-sf1,mado,tpch,Q13,Complex,commercial_a,indexed,1,3,2,3,django,sql,q13s2,0,0.873863,42,ok,,client-side:2700,1.26,189671,133277062387168,2026-09-06T08:52:48.599-05:00
07cf39d637c2,campaign-sf1,mado,tpch,Q13,Complex,commercial_a,indexed,1,4,0,-1,django,sql,q13s3,2,0.896753,,ok,,client-side:2700,1.26,189671,133277062387168,2026-09-06T08:52:49.500-05:00
07cf39d637c2,campaign-sf1,mado,tpch,Q13,Complex,commercial_a,indexed,1,4,0,-1,sqlalchemy,sql,q13s3,2,0.882529,,ok,,client-side:2700,1.26,189671,133277062387168,2026-09-06T08:52:50.383-05:00
07cf39d637c2,campaign-sf1,mado,tpch,Q13,Complex,commercial_a,indexed,1,4,0,-1,sqlalchemy,orm,q13s3,2,2.259364,,ok,,client-side:2700,1.24,189671,133277062387168,2026-09-06T08:52:52.642-05:00
07cf39d637c2,campaign-sf1,mado,tpch,Q13,Complex,commercial_a,indexed,1,4,0,0,django,sql,q13s3,0,0.84975,41,ok,,client-side:2700,1.24,189671,133277062387168,2026-09-06T08:52:53.492-05:00
07cf39d637c2,campaign-sf1,mado,tpch,Q13,Complex,commercial_a,indexed,1,4,0,2,sqlalchemy,sql,q13s3,0,0.864543,41,ok,,client-side:2700,1.24,189671,133277062387168,2026-09-06T08:52:54.357-05:00
07cf39d637c2,campaign-sf1,mado,tpch,Q13,Complex,commercial_a,indexed,1,4,0,3,sqlalchemy,orm,q13s3,0,2.190097,41,ok,,client-side:2700,1.22,189671,133277062387168,2026-09-06T08:52:56.547-05:00
07cf39d637c2,campaign-sf1,mado,tpch,Q13,Complex,commercial_a,indexed,1,5,3,-1,django,sql,q13s4,2,0.928772,,ok,,client-side:2700,1.22,189671,133277062387168,2026-09-06T08:52:57.480-05:00
07cf39d637c2,campaign-sf1,mado,tpch,Q13,Complex,commercial_a,indexed,1,5,3,-1,sqlalchemy,sql,q13s4,2,0.931371,,ok,,client-side:2700,1.22,189671,133277062387168,2026-09-06T08:52:58.412-05:00
07cf39d637c2,campaign-sf1,mado,tpch,Q13,Complex,commercial_a,indexed,1,5,3,-1,sqlalchemy,orm,q13s4,2,2.09881,,ok,,client-side:2700,1.22,189671,133277062387168,2026-09-06T08:53:00.511-05:00
07cf39d637c2,campaign-sf1,mado,tpch,Q13,Complex,commercial_a,indexed,1,5,3,0,sqlalchemy,sql,q13s4,0,0.8792,42,ok,,client-side:2700,1.2,189671,133277062387168,2026-09-06T08:53:01.390-05:00
07cf39d637c2,campaign-sf1,mado,tpch,Q13,Complex,commercial_a,indexed,1,5,3,1,django,sql,q13s4,0,0.893029,42,ok,,client-side:2700,1.2,189671,133277062387168,2026-09-06T08:53:02.283-05:00
07cf39d637c2,campaign-sf1,mado,tpch,Q13,Complex,commercial_a,indexed,1,5,3,2,sqlalchemy,orm,q13s4,0,2.098759,42,ok,,client-side:2700,1.2,189671,133277062387168,2026-09-06T08:53:04.382-05:00
07cf39d637c2,campaign-sf1,mado,tpch,Q13,Complex,commercial_a,indexed,1,6,0,-1,django,sql,q13s5,2,0.904261,,ok,,client-side:2700,1.2,189671,133277062387168,2026-09-06T08:53:05.291-05:00
07cf39d637c2,campaign-sf1,mado,tpch,Q13,Complex,commercial_a,indexed,1,6,0,-1,sqlalchemy,sql,q13s5,2,0.894522,,ok,,client-side:2700,1.2,189671,133277062387168,2026-09-06T08:53:06.185-05:00
07cf39d637c2,campaign-sf1,mado,tpch,Q13,Complex,commercial_a,indexed,1,6,0,-1,sqlalchemy,orm,q13s5,2,2.250283,,ok,,client-side:2700,1.19,189671,133277062387168,2026-09-06T08:53:08.436-05:00
07cf39d637c2,campaign-sf1,mado,tpch,Q13,Complex,commercial_a,indexed,1,6,0,0,django,sql,q13s5,0,0.861636,42,ok,,client-side:2700,1.19,189671,133277062387168,2026-09-06T08:53:09.298-05:00
07cf39d637c2,campaign-sf1,mado,tpch,Q13,Complex,commercial_a,indexed,1,6,0,2,sqlalchemy,sql,q13s5,0,0.928187,42,ok,,client-side:2700,1.19,189671,133277062387168,2026-09-06T08:53:10.226-05:00
07cf39d637c2,campaign-sf1,mado,tpch,Q13,Complex,commercial_a,indexed,1,6,0,3,sqlalchemy,orm,q13s5,0,2.270115,42,ok,,client-side:2700,1.17,189671,133277062387168,2026-09-06T08:53:12.496-05:00
07cf39d637c2,campaign-sf1,mado,tpch,Q13,Complex,commercial_a,indexed,1,7,1,-1,django,sql,q13s6,2,0.93127,,ok,,client-side:2700,1.17,189671,133277062387168,2026-09-06T08:53:13.432-05:00
07cf39d637c2,campaign-sf1,mado,tpch,Q13,Complex,commercial_a,indexed,1,7,1,-1,sqlalchemy,sql,q13s6,2,0.930505,,ok,,client-side:2700,1.17,189671,133277062387168,2026-09-06T08:53:14.363-05:00
07cf39d637c2,campaign-sf1,mado,tpch,Q13,Complex,commercial_a,indexed,1,7,1,-1,sqlalchemy,orm,q13s6,2,1.960947,,ok,,client-side:2700,1.16,189671,133277062387168,2026-09-06T08:53:16.324-05:00
07cf39d637c2,campaign-sf1,mado,tpch,Q13,Complex,commercial_a,indexed,1,7,1,1,sqlalchemy,orm,q13s6,0,1.970968,42,ok,,client-side:2700,1.16,189671,133277062387168,2026-09-06T08:53:18.295-05:00
07cf39d637c2,campaign-sf1,mado,tpch,Q13,Complex,commercial_a,indexed,1,7,1,2,django,sql,q13s6,0,0.937351,42,ok,,client-side:2700,1.16,189671,133277062387168,2026-09-06T08:53:19.232-05:00
07cf39d637c2,campaign-sf1,mado,tpch,Q13,Complex,commercial_a,indexed,1,7,1,3,sqlalchemy,sql,q13s6,0,0.855674,42,ok,,client-side:2700,1.16,189671,133277062387168,2026-09-06T08:53:20.088-05:00
07cf39d637c2,campaign-sf1,mado,tpch,Q13,Complex,commercial_a,indexed,1,8,2,-1,django,sql,q13s7,2,0.949515,,ok,,client-side:2700,1.16,189671,133277062387168,2026-09-06T08:53:21.041-05:00
07cf39d637c2,campaign-sf1,mado,tpch,Q13,Complex,commercial_a,indexed,1,8,2,-1,sqlalchemy,sql,q13s7,2,0.893392,,ok,,client-side:2700,1.14,189671,133277062387168,2026-09-06T08:53:21.934-05:00
07cf39d637c2,campaign-sf1,mado,tpch,Q13,Complex,commercial_a,indexed,1,8,2,-1,sqlalchemy,orm,q13s7,2,2.336433,,ok,,client-side:2700,1.14,189671,133277062387168,2026-09-06T08:53:24.271-05:00
07cf39d637c2,campaign-sf1,mado,tpch,Q13,Complex,commercial_a,indexed,1,8,2,0,sqlalchemy,orm,q13s7,0,2.185771,42,ok,,client-side:2700,1.21,189671,133277062387168,2026-09-06T08:53:26.457-05:00
07cf39d637c2,campaign-sf1,mado,tpch,Q13,Complex,commercial_a,indexed,1,8,2,1,sqlalchemy,sql,q13s7,0,0.841255,42,ok,,client-side:2700,1.21,189671,133277062387168,2026-09-06T08:53:27.298-05:00
07cf39d637c2,campaign-sf1,mado,tpch,Q13,Complex,commercial_a,indexed,1,8,2,3,django,sql,q13s7,0,0.860612,42,ok,,client-side:2700,1.21,189671,133277062387168,2026-09-06T08:53:28.159-05:00
