run_id,campaign_id,host,benchmark,query_id,band,dbms,schema_config,scale_factor,block,sequence_id,position,framework,path,param_set_id,is_warmup,elapsed_s,rows_returned,status,note,ceiling_s,load1,pid,session_id,timestamp
ed307e9a1c33,campaign-sf1,mado,tpch,Q01,Medium,mysql,indexed,1,0,3,0,sqlalchemy,sql,q01warm,1,24.90169,4,ok,,900000,2.22,163021,131334073252032,2026-09-05T12:02:08.399-05:00
ed307e9a1c33,campaign-sf1,mado,tpch,Q01,Medium,mysql,indexed,1,0,3,1,django,sql,q01warm,1,25.029444,4,ok,,900000,1.8,163021,131334073252032,2026-09-05T12:02:33.428-05:00
ed307e9a1c33,campaign-sf1,mado,tpch,Q01,Medium,mysql,indexed,1,0,3,2,sqlalchemy,orm,q01warm,1,25.035501,4,ok,,900000,1.53,163021,131334073252032,2026-09-05T12:02:58.464-05:00
ed307e9a1c33,campaign-sf1,mado,tpch,Q01,Medium,mysql,indexed,1,0,3,3,django,orm,q01warm,1,25.143577,4,ok,,900000,1.35,163021,131334073252032,2026-09-05T12:03:23.607-05:00
ed307e9a1c33,campaign-sf1,mado,tpch,Q01,Medium,mysql,indexed,1,1,0,-1,django,sql,q01s0,2,25.017729,,ok,,900000,1.23,163021,131334073252032,2026-09-05T12:03:48.630-05:00
ed307e9a1c33,campaign-sf1,mado,tpch,Q01,Medium,mysql,indexed,1,1,0,-1,django,orm,q01s0,2,24.982329,,ok,,900000,1.15,163021,131334073252032,2026-09-05T12:04:13.613-05:00
ed307e9a1c33,campaign-sf1,mado,tpch,Q01,Medium,mysql,indexed,1,1,0,-1,sqlalchemy,sql,q01s0,2,24.841024,,ok,,900000,1.17,163021,131334073252032,2026-09-05T12:04:38.454-05:00
ed307e9a1c33,campaign-sf1,mado,tpch,Q01,Medium,mysql,indexed,1,1,0,-1,sqlalchemy,orm,q01s0,2,24.79579,,ok,,900000,1.11,163021,131334073252032,2026-09-05T12:05:03.250-05:00
ed307e9a1c33,campaign-sf1,mado,tpch,Q01,Medium,mysql,indexed,1,1,0,0,django,sql,q01s0,0,24.989653,4,ok,,900000,1.07,163021,131334073252032,2026-09-05T12:05:28.239-05:00
ed307e9a1c33,campaign-sf1,mado,tpch,Q01,Medium,mysql,indexed,1,1,0,1,django,orm,q01s0,0,25.019553,4,ok,,900000,1.05,163021,131334073252032,2026-09-05T12:05:53.259-05:00
ed307e9a1c33,campaign-sf1,mado,tpch,Q01,Medium,mysql,indexed,1,1,0,2,sqlalchemy,sql,q01s0,0,24.856886,4,ok,,900000,1.03,163021,131334073252032,2026-09-05T12:06:18.116-05:00
ed307e9a1c33,campaign-sf1,mado,tpch,Q01,Medium,mysql,indexed,1,1,0,3,sqlalchemy,orm,q01s0,0,24.885438,4,ok,,900000,1.02,163021,131334073252032,2026-09-05T12:06:43.002-05:00
ed307e9a1c33,campaign-sf1,mado,tpch,Q01,Medium,mysql,indexed,1,2,3,-1,django,sql,q01s1,2,25.083724,,ok,,900000,1.01,163021,131334073252032,2026-09-05T12:07:08.090-05:00
ed307e9a1c33,campaign-sf1,mado,tpch,Q01,Medium,mysql,indexed,1,2,3,-1,django,orm,q01s1,2,25.104703,,ok,,900000,1.01,163021,131334073252032,2026-09-05T12:07:33.195-05:00
ed307e9a1c33,campaign-sf1,mado,tpch,Q01,Medium,mysql,indexed,1,2,3,-1,sqlalchemy,sql,q01s1,2,25.046667,,ok,,900000,1.0,163021,131334073252032,2026-09-05T12:07:58.242-05:00
ed307e9a1c33,campaign-sf1,mado,tpch,Q01,Medium,mysql,indexed,1,2,3,-1,sqlalchemy,orm,q01s1,2,25.016985,,ok,,900000,1.0,163021,131334073252032,2026-09-05T12:08:23.259-05:00
ed307e9a1c33,campaign-sf1,mado,tpch,Q01,Medium,mysql,indexed,1,2,3,0,sqlalchemy,sql,q01s1,0,25.021292,4,ok,,900000,1.0,163021,131334073252032,2026-09-05T12:08:48.280-05:00
ed307e9a1c33,campaign-sf1,mado,tpch,Q01,Medium,mysql,indexed,1,2,3,1,django,sql,q01s1,0,25.068744,4,ok,,900000,1.13,163021,131334073252032,2026-09-05T12:09:13.349-05:00
ed307e9a1c33,campaign-sf1,mado,tpch,Q01,Medium,mysql,indexed,1,2,3,2,sqlalchemy,orm,q01s1,0,25.091525,4,ok,,900000,1.08,163021,131334073252032,2026-09-05T12:09:38.441-05:00
ed307e9a1c33,campaign-sf1,mado,tpch,Q01,Medium,mysql,indexed,1,2,3,3,django,orm,q01s1,0,25.09349,4,ok,,900000,1.05,163021,131334073252032,2026-09-05T12:10:03.534-05:00
ed307e9a1c33,campaign-sf1,mado,tpch,Q01,Medium,mysql,indexed,1,3,2,-1,django,sql,q01s2,2,25.008194,,ok,,900000,1.04,163021,131334073252032,2026-09-05T12:10:28.547-05:00
ed307e9a1c33,campaign-sf1,mado,tpch,Q01,Medium,mysql,indexed,1,3,2,-1,django,orm,q01s2,2,25.018145,,ok,,900000,1.02,163021,131334073252032,2026-09-05T12:10:53.565-05:00
ed307e9a1c33,campaign-sf1,mado,tpch,Q01,Medium,mysql,indexed,1,3,2,-1,sqlalchemy,sql,q01s2,2,24.892008,,ok,,900000,1.25,163021,131334073252032,2026-09-05T12:11:18.457-05:00
ed307e9a1c33,campaign-sf1,mado,tpch,Q01,Medium,mysql,indexed,1,3,2,-1,sqlalchemy,orm,q01s2,2,24.818965,,ok,,900000,1.17,163021,131334073252032,2026-09-05T12:11:43.276-05:00
ed307e9a1c33,campaign-sf1,mado,tpch,Q01,Medium,mysql,indexed,1,3,2,0,sqlalchemy,orm,q01s2,0,24.868058,4,ok,,900000,1.11,163021,131334073252032,2026-09-05T12:12:08.145-05:00
ed307e9a1c33,campaign-sf1,mado,tpch,Q01,Medium,mysql,indexed,1,3,2,1,sqlalchemy,sql,q01s2,0,24.873017,4,ok,,900000,1.07,163021,131334073252032,2026-09-05T12:12:33.018-05:00
ed307e9a1c33,campaign-sf1,mado,tpch,Q01,Medium,mysql,indexed,1,3,2,2,django,orm,q01s2,0,25.093268,4,ok,,900000,1.05,163021,131334073252032,2026-09-05T12:12:58.111-05:00
ed307e9a1c33,campaign-sf1,mado,tpch,Q01,Medium,mysql,indexed,1,3,2,3,django,sql,q01s2,0,24.973883,4,ok,,900000,1.03,163021,131334073252032,2026-09-05T12:13:23.085-05:00
ed307e9a1c33,campaign-sf1,mado,tpch,Q01,Medium,mysql,indexed,1,4,1,-1,django,sql,q01s3,2,24.796651,,ok,,900000,1.1,163021,131334073252032,2026-09-05T12:13:47.887-05:00
ed307e9a1c33,campaign-sf1,mado,tpch,Q01,Medium,mysql,indexed,1,4,1,-1,django,orm,q01s3,2,24.877236,,ok,,900000,1.06,163021,131334073252032,2026-09-05T12:14:12.764-05:00
ed307e9a1c33,campaign-sf1,mado,tpch,Q01,Medium,mysql,indexed,1,4,1,-1,sqlalchemy,sql,q01s3,2,24.59412,,ok,,900000,1.04,163021,131334073252032,2026-09-05T12:14:37.358-05:00
ed307e9a1c33,campaign-sf1,mado,tpch,Q01,Medium,mysql,indexed,1,4,1,-1,sqlalchemy,orm,q01s3,2,24.604417,,ok,,900000,1.03,163021,131334073252032,2026-09-05T12:15:01.963-05:00
ed307e9a1c33,campaign-sf1,mado,tpch,Q01,Medium,mysql,indexed,1,4,1,0,django,orm,q01s3,0,24.830276,4,ok,,900000,1.02,163021,131334073252032,2026-09-05T12:15:26.793-05:00
ed307e9a1c33,campaign-sf1,mado,tpch,Q01,Medium,mysql,indexed,1,4,1,1,sqlalchemy,orm,q01s3,0,24.641722,4,ok,,900000,1.01,163021,131334073252032,2026-09-05T12:15:51.435-05:00
ed307e9a1c33,campaign-sf1,mado,tpch,Q01,Medium,mysql,indexed,1,4,1,2,django,sql,q01s3,0,24.793733,4,ok,,900000,1.01,163021,131334073252032,2026-09-05T12:16:16.229-05:00
ed307e9a1c33,campaign-sf1,mado,tpch,Q01,Medium,mysql,indexed,1,4,1,3,sqlalchemy,sql,q01s3,0,24.628349,4,ok,,900000,1.0,163021,131334073252032,2026-09-05T12:16:40.857-05:00
ed307e9a1c33,campaign-sf1,mado,tpch,Q01,Medium,mysql,indexed,1,5,3,-1,django,sql,q01s4,2,25.047577,,ok,,900000,1.0,163021,131334073252032,2026-09-05T12:17:05.910-05:00
ed307e9a1c33,campaign-sf1,mado,tpch,Q01,Medium,mysql,indexed,1,5,3,-1,django,orm,q01s4,2,24.998594,,ok,,900000,1.06,163021,131334073252032,2026-09-05T12:17:30.909-05:00
ed307e9a1c33,campaign-sf1,mado,tpch,Q01,Medium,mysql,indexed,1,5,3,-1,sqlalchemy,sql,q01s4,2,24.753003,,ok,,900000,1.04,163021,131334073252032,2026-09-05T12:17:55.662-05:00
ed307e9a1c33,campaign-sf1,mado,tpch,Q01,Medium,mysql,indexed,1,5,3,-1,sqlalchemy,orm,q01s4,2,24.925799,,ok,,900000,1.08,163021,131334073252032,2026-09-05T12:18:20.588-05:00
ed307e9a1c33,campaign-sf1,mado,tpch,Q01,Medium,mysql,indexed,1,5,3,0,sqlalchemy,sql,q01s4,0,24.893868,4,ok,,900000,1.11,163021,131334073252032,2026-09-05T12:18:45.482-05:00
ed307e9a1c33,campaign-sf1,mado,tpch,Q01,Medium,mysql,indexed,1,5,3,1,django,sql,q01s4,0,25.058719,4,ok,,900000,1.07,163021,131334073252032,2026-09-05T12:19:10.541-05:00
ed307e9a1c33,campaign-sf1,mado,tpch,Q01,Medium,mysql,indexed,1,5,3,2,sqlalchemy,orm,q01s4,0,24.6836,4,ok,,900000,1.05,163021,131334073252032,2026-09-05T12:19:35.224-05:00
ed307e9a1c33,campaign-sf1,mado,tpch,Q01,Medium,mysql,indexed,1,5,3,3,django,orm,q01s4,0,24.929519,4,ok,,900000,1.03,163021,131334073252032,2026-09-05T12:20:00.154-05:00
ed307e9a1c33,campaign-sf1,mado,tpch,Q01,Medium,mysql,indexed,1,6,0,-1,django,sql,q01s5,2,25.279554,,ok,,900000,1.02,163021,131334073252032,2026-09-05T12:20:25.438-05:00
ed307e9a1c33,campaign-sf1,mado,tpch,Q01,Medium,mysql,indexed,1,6,0,-1,django,orm,q01s5,2,25.233907,,ok,,900000,1.01,163021,131334073252032,2026-09-05T12:20:50.672-05:00
ed307e9a1c33,campaign-sf1,mado,tpch,Q01,Medium,mysql,indexed,1,6,0,-1,sqlalchemy,sql,q01s5,2,25.028409,,ok,,900000,1.01,163021,131334073252032,2026-09-05T12:21:15.701-05:00
ed307e9a1c33,campaign-sf1,mado,tpch,Q01,Medium,mysql,indexed,1,6,0,-1,sqlalchemy,orm,q01s5,2,25.076099,,ok,,900000,1.0,163021,131334073252032,2026-09-05T12:21:40.777-05:00
ed307e9a1c33,campaign-sf1,mado,tpch,Q01,Medium,mysql,indexed,1,6,0,0,django,sql,q01s5,0,25.25058,4,ok,,900000,1.0,163021,131334073252032,2026-09-05T12:22:06.028-05:00
ed307e9a1c33,campaign-sf1,mado,tpch,Q01,Medium,mysql,indexed,1,6,0,1,django,orm,q01s5,0,25.102005,4,ok,,900000,1.0,163021,131334073252032,2026-09-05T12:22:31.130-05:00
ed307e9a1c33,campaign-sf1,mado,tpch,Q01,Medium,mysql,indexed,1,6,0,2,sqlalchemy,sql,q01s5,0,25.19797,4,ok,,900000,1.0,163021,131334073252032,2026-09-05T12:22:56.328-05:00
ed307e9a1c33,campaign-sf1,mado,tpch,Q01,Medium,mysql,indexed,1,6,0,3,sqlalchemy,orm,q01s5,0,25.068424,4,ok,,900000,1.0,163021,131334073252032,2026-09-05T12:23:21.396-05:00
ed307e9a1c33,campaign-sf1,mado,tpch,Q01,Medium,mysql,indexed,1,7,2,-1,django,sql,q01s6,2,24.91552,,ok,,900000,1.0,163021,131334073252032,2026-09-05T12:23:46.317-05:00
ed307e9a1c33,campaign-sf1,mado,tpch,Q01,Medium,mysql,indexed,1,7,2,-1,django,orm,q01s6,2,24.817618,,ok,,900000,1.0,163021,131334073252032,2026-09-05T12:24:11.135-05:00
ed307e9a1c33,campaign-sf1,mado,tpch,Q01,Medium,mysql,indexed,1,7,2,-1,sqlalchemy,sql,q01s6,2,24.638238,,ok,,900000,1.0,163021,131334073252032,2026-09-05T12:24:35.773-05:00
ed307e9a1c33,campaign-sf1,mado,tpch,Q01,Medium,mysql,indexed,1,7,2,-1,sqlalchemy,orm,q01s6,2,24.63993,,ok,,900000,1.0,163021,131334073252032,2026-09-05T12:25:00.413-05:00
ed307e9a1c33,campaign-sf1,mado,tpch,Q01,Medium,mysql,indexed,1,7,2,0,sqlalchemy,orm,q01s6,0,24.615169,4,ok,,900000,1.0,163021,131334073252032,2026-09-05T12:25:25.028-05:00
ed307e9a1c33,campaign-sf1,mado,tpch,Q01,Medium,mysql,indexed,1,7,2,1,sqlalchemy,sql,q01s6,0,24.6621,4,ok,,900000,1.14,163021,131334073252032,2026-09-05T12:25:49.690-05:00
ed307e9a1c33,campaign-sf1,mado,tpch,Q01,Medium,mysql,indexed,1,7,2,2,django,orm,q01s6,0,24.815148,4,ok,,900000,1.09,163021,131334073252032,2026-09-05T12:26:14.506-05:00
ed307e9a1c33,campaign-sf1,mado,tpch,Q01,Medium,mysql,indexed,1,7,2,3,django,sql,q01s6,0,24.888989,4,ok,,900000,1.06,163021,131334073252032,2026-09-05T12:26:39.395-05:00
ed307e9a1c33,campaign-sf1,mado,tpch,Q01,Medium,mysql,indexed,1,8,1,-1,django,sql,q01s7,2,24.802374,,ok,,900000,1.04,163021,131334073252032,2026-09-05T12:27:04.201-05:00
ed307e9a1c33,campaign-sf1,mado,tpch,Q01,Medium,mysql,indexed,1,8,1,-1,django,orm,q01s7,2,24.815321,,ok,,900000,1.02,163021,131334073252032,2026-09-05T12:27:29.017-05:00
ed307e9a1c33,campaign-sf1,mado,tpch,Q01,Medium,mysql,indexed,1,8,1,-1,sqlalchemy,sql,q01s7,2,24.607019,,ok,,900000,1.3,163021,131334073252032,2026-09-05T12:27:53.624-05:00
ed307e9a1c33,campaign-sf1,mado,tpch,Q01,Medium,mysql,indexed,1,8,1,-1,sqlalchemy,orm,q01s7,2,24.649954,,ok,,900000,1.2,163021,131334073252032,2026-09-05T12:28:18.274-05:00
ed307e9a1c33,campaign-sf1,mado,tpch,Q01,Medium,mysql,indexed,1,8,1,0,django,orm,q01s7,0,24.708737,4,ok,,900000,1.13,163021,131334073252032,2026-09-05T12:28:42.983-05:00
ed307e9a1c33,campaign-sf1,mado,tpch,Q01,Medium,mysql,indexed,1,8,1,1,sqlalchemy,orm,q01s7,0,24.500781,4,ok,,900000,1.08,163021,131334073252032,2026-09-05T12:29:07.484-05:00
ed307e9a1c33,campaign-sf1,mado,tpch,Q01,Medium,mysql,indexed,1,8,1,2,django,sql,q01s7,0,24.726059,4,ok,,900000,1.05,163021,131334073252032,2026-09-05T12:29:32.210-05:00
ed307e9a1c33,campaign-sf1,mado,tpch,Q01,Medium,mysql,indexed,1,8,1,3,sqlalchemy,sql,q01s7,0,24.577505,4,ok,,900000,1.04,163021,131334073252032,2026-09-05T12:29:56.787-05:00
71f54965e18f,campaign-sf1,mado,tpch,Q02,Complex,mysql,indexed,1,0,3,0,sqlalchemy,sql,q02warm,1,0.81654,100,ok,,900000,1.04,163389,132204069273088,2026-09-05T12:29:58.674-05:00
71f54965e18f,campaign-sf1,mado,tpch,Q02,Complex,mysql,indexed,1,0,3,1,django,sql,q02warm,1,0.244334,100,ok,,900000,1.04,163389,132204069273088,2026-09-05T12:29:58.919-05:00
71f54965e18f,campaign-sf1,mado,tpch,Q02,Complex,mysql,indexed,1,0,3,2,sqlalchemy,orm,q02warm,1,0.292209,100,ok,,900000,1.04,163389,132204069273088,2026-09-05T12:29:59.211-05:00
71f54965e18f,campaign-sf1,mado,tpch,Q02,Complex,mysql,indexed,1,0,3,3,django,orm,q02warm,1,0.250879,100,ok,,900000,1.04,163389,132204069273088,2026-09-05T12:29:59.462-05:00
71f54965e18f,campaign-sf1,mado,tpch,Q02,Complex,mysql,indexed,1,1,1,-1,django,sql,q02s0,2,0.57936,,ok,,900000,1.04,163389,132204069273088,2026-09-05T12:30:00.045-05:00
71f54965e18f,campaign-sf1,mado,tpch,Q02,Complex,mysql,indexed,1,1,1,-1,django,orm,q02s0,2,0.237996,,ok,,900000,1.04,163389,132204069273088,2026-09-05T12:30:00.284-05:00
71f54965e18f,campaign-sf1,mado,tpch,Q02,Complex,mysql,indexed,1,1,1,-1,sqlalchemy,sql,q02s0,2,0.236344,,ok,,900000,1.04,163389,132204069273088,2026-09-05T12:30:00.520-05:00
71f54965e18f,campaign-sf1,mado,tpch,Q02,Complex,mysql,indexed,1,1,1,-1,sqlalchemy,orm,q02s0,2,0.240402,,ok,,900000,1.04,163389,132204069273088,2026-09-05T12:30:00.761-05:00
71f54965e18f,campaign-sf1,mado,tpch,Q02,Complex,mysql,indexed,1,1,1,0,django,orm,q02s0,0,0.237685,100,ok,,900000,1.04,163389,132204069273088,2026-09-05T12:30:00.998-05:00
71f54965e18f,campaign-sf1,mado,tpch,Q02,Complex,mysql,indexed,1,1,1,1,sqlalchemy,orm,q02s0,0,0.240089,100,ok,,900000,1.04,163389,132204069273088,2026-09-05T12:30:01.238-05:00
71f54965e18f,campaign-sf1,mado,tpch,Q02,Complex,mysql,indexed,1,1,1,2,django,sql,q02s0,0,0.233609,100,ok,,900000,1.04,163389,132204069273088,2026-09-05T12:30:01.472-05:00
71f54965e18f,campaign-sf1,mado,tpch,Q02,Complex,mysql,indexed,1,1,1,3,sqlalchemy,sql,q02s0,0,0.236541,100,ok,,900000,1.03,163389,132204069273088,2026-09-05T12:30:01.709-05:00
71f54965e18f,campaign-sf1,mado,tpch,Q02,Complex,mysql,indexed,1,2,3,-1,django,sql,q02s1,2,0.592644,,ok,,900000,1.03,163389,132204069273088,2026-09-05T12:30:02.306-05:00
71f54965e18f,campaign-sf1,mado,tpch,Q02,Complex,mysql,indexed,1,2,3,-1,django,orm,q02s1,2,0.247774,,ok,,900000,1.03,163389,132204069273088,2026-09-05T12:30:02.554-05:00
71f54965e18f,campaign-sf1,mado,tpch,Q02,Complex,mysql,indexed,1,2,3,-1,sqlalchemy,sql,q02s1,2,0.245871,,ok,,900000,1.03,163389,132204069273088,2026-09-05T12:30:02.800-05:00
71f54965e18f,campaign-sf1,mado,tpch,Q02,Complex,mysql,indexed,1,2,3,-1,sqlalchemy,orm,q02s1,2,0.25022,,ok,,900000,1.03,163389,132204069273088,2026-09-05T12:30:03.050-05:00
71f54965e18f,campaign-sf1,mado,tpch,Q02,Complex,mysql,indexed,1,2,3,0,sqlalchemy,sql,q02s1,0,0.245819,100,ok,,900000,1.03,163389,132204069273088,2026-09-05T12:30:03.296-05:00
71f54965e18f,campaign-sf1,mado,tpch,Q02,Complex,mysql,indexed,1,2,3,1,django,sql,q02s1,0,0.24372,100,ok,,900000,1.03,163389,132204069273088,2026-09-05T12:30:03.540-05:00
71f54965e18f,campaign-sf1,mado,tpch,Q02,Complex,mysql,indexed,1,2,3,2,sqlalchemy,orm,q02s1,0,0.249923,100,ok,,900000,1.03,163389,132204069273088,2026-09-05T12:30:03.790-05:00
71f54965e18f,campaign-sf1,mado,tpch,Q02,Complex,mysql,indexed,1,2,3,3,django,orm,q02s1,0,0.248025,100,ok,,900000,1.03,163389,132204069273088,2026-09-05T12:30:04.038-05:00
71f54965e18f,campaign-sf1,mado,tpch,Q02,Complex,mysql,indexed,1,3,0,-1,django,sql,q02s2,2,0.539485,,ok,,900000,1.03,163389,132204069273088,2026-09-05T12:30:04.582-05:00
71f54965e18f,campaign-sf1,mado,tpch,Q02,Complex,mysql,indexed,1,3,0,-1,django,orm,q02s2,2,0.242161,,ok,,900000,1.03,163389,132204069273088,2026-09-05T12:30:04.824-05:00
71f54965e18f,campaign-sf1,mado,tpch,Q02,Complex,mysql,indexed,1,3,0,-1,sqlalchemy,sql,q02s2,2,0.240617,,ok,,900000,1.03,163389,132204069273088,2026-09-05T12:30:05.065-05:00
71f54965e18f,campaign-sf1,mado,tpch,Q02,Complex,mysql,indexed,1,3,0,-1,sqlalchemy,orm,q02s2,2,0.244291,,ok,,900000,1.03,163389,132204069273088,2026-09-05T12:30:05.310-05:00
71f54965e18f,campaign-sf1,mado,tpch,Q02,Complex,mysql,indexed,1,3,0,0,django,sql,q02s2,0,0.237312,100,ok,,900000,1.03,163389,132204069273088,2026-09-05T12:30:05.547-05:00
71f54965e18f,campaign-sf1,mado,tpch,Q02,Complex,mysql,indexed,1,3,0,1,django,orm,q02s2,0,0.242111,100,ok,,900000,1.03,163389,132204069273088,2026-09-05T12:30:05.789-05:00
71f54965e18f,campaign-sf1,mado,tpch,Q02,Complex,mysql,indexed,1,3,0,2,sqlalchemy,sql,q02s2,0,0.240617,100,ok,,900000,1.03,163389,132204069273088,2026-09-05T12:30:06.030-05:00
71f54965e18f,campaign-sf1,mado,tpch,Q02,Complex,mysql,indexed,1,3,0,3,sqlalchemy,orm,q02s2,0,0.244186,100,ok,,900000,1.03,163389,132204069273088,2026-09-05T12:30:06.274-05:00
71f54965e18f,campaign-sf1,mado,tpch,Q02,Complex,mysql,indexed,1,4,2,-1,django,sql,q02s3,2,0.550343,,ok,,900000,1.03,163389,132204069273088,2026-09-05T12:30:06.829-05:00
71f54965e18f,campaign-sf1,mado,tpch,Q02,Complex,mysql,indexed,1,4,2,-1,django,orm,q02s3,2,0.251819,,ok,,900000,1.03,163389,132204069273088,2026-09-05T12:30:07.081-05:00
71f54965e18f,campaign-sf1,mado,tpch,Q02,Complex,mysql,indexed,1,4,2,-1,sqlalchemy,sql,q02s3,2,0.249278,,ok,,900000,1.03,163389,132204069273088,2026-09-05T12:30:07.330-05:00
71f54965e18f,campaign-sf1,mado,tpch,Q02,Complex,mysql,indexed,1,4,2,-1,sqlalchemy,orm,q02s3,2,0.255555,,ok,,900000,1.03,163389,132204069273088,2026-09-05T12:30:07.586-05:00
71f54965e18f,campaign-sf1,mado,tpch,Q02,Complex,mysql,indexed,1,4,2,0,sqlalchemy,orm,q02s3,0,0.251769,100,ok,,900000,1.03,163389,132204069273088,2026-09-05T12:30:07.838-05:00
71f54965e18f,campaign-sf1,mado,tpch,Q02,Complex,mysql,indexed,1,4,2,1,sqlalchemy,sql,q02s3,0,0.24938,100,ok,,900000,1.03,163389,132204069273088,2026-09-05T12:30:08.087-05:00
71f54965e18f,campaign-sf1,mado,tpch,Q02,Complex,mysql,indexed,1,4,2,2,django,orm,q02s3,0,0.252058,100,ok,,900000,1.03,163389,132204069273088,2026-09-05T12:30:08.339-05:00
71f54965e18f,campaign-sf1,mado,tpch,Q02,Complex,mysql,indexed,1,4,2,3,django,sql,q02s3,0,0.24743,100,ok,,900000,1.03,163389,132204069273088,2026-09-05T12:30:08.587-05:00
71f54965e18f,campaign-sf1,mado,tpch,Q02,Complex,mysql,indexed,1,5,3,-1,django,sql,q02s4,2,0.502672,,ok,,900000,1.03,163389,132204069273088,2026-09-05T12:30:09.094-05:00
71f54965e18f,campaign-sf1,mado,tpch,Q02,Complex,mysql,indexed,1,5,3,-1,django,orm,q02s4,2,0.242906,,ok,,900000,1.03,163389,132204069273088,2026-09-05T12:30:09.337-05:00
71f54965e18f,campaign-sf1,mado,tpch,Q02,Complex,mysql,indexed,1,5,3,-1,sqlalchemy,sql,q02s4,2,0.240649,,ok,,900000,1.03,163389,132204069273088,2026-09-05T12:30:09.578-05:00
71f54965e18f,campaign-sf1,mado,tpch,Q02,Complex,mysql,indexed,1,5,3,-1,sqlalchemy,orm,q02s4,2,0.243836,,ok,,900000,1.03,163389,132204069273088,2026-09-05T12:30:09.822-05:00
71f54965e18f,campaign-sf1,mado,tpch,Q02,Complex,mysql,indexed,1,5,3,0,sqlalchemy,sql,q02s4,0,0.240589,100,ok,,900000,1.03,163389,132204069273088,2026-09-05T12:30:10.062-05:00
71f54965e18f,campaign-sf1,mado,tpch,Q02,Complex,mysql,indexed,1,5,3,1,django,sql,q02s4,0,0.238675,100,ok,,900000,1.03,163389,132204069273088,2026-09-05T12:30:10.301-05:00
71f54965e18f,campaign-sf1,mado,tpch,Q02,Complex,mysql,indexed,1,5,3,2,sqlalchemy,orm,q02s4,0,0.244498,100,ok,,900000,1.03,163389,132204069273088,2026-09-05T12:30:10.546-05:00
71f54965e18f,campaign-sf1,mado,tpch,Q02,Complex,mysql,indexed,1,5,3,3,django,orm,q02s4,0,0.243069,100,ok,,900000,1.03,163389,132204069273088,2026-09-05T12:30:10.789-05:00
71f54965e18f,campaign-sf1,mado,tpch,Q02,Complex,mysql,indexed,1,6,2,-1,django,sql,q02s5,2,0.482941,,ok,,900000,1.03,163389,132204069273088,2026-09-05T12:30:11.276-05:00
71f54965e18f,campaign-sf1,mado,tpch,Q02,Complex,mysql,indexed,1,6,2,-1,django,orm,q02s5,2,0.247326,,ok,,900000,1.03,163389,132204069273088,2026-09-05T12:30:11.524-05:00
71f54965e18f,campaign-sf1,mado,tpch,Q02,Complex,mysql,indexed,1,6,2,-1,sqlalchemy,sql,q02s5,2,0.24437,,ok,,900000,1.03,163389,132204069273088,2026-09-05T12:30:11.768-05:00
71f54965e18f,campaign-sf1,mado,tpch,Q02,Complex,mysql,indexed,1,6,2,-1,sqlalchemy,orm,q02s5,2,0.248189,,ok,,900000,1.03,163389,132204069273088,2026-09-05T12:30:12.016-05:00
71f54965e18f,campaign-sf1,mado,tpch,Q02,Complex,mysql,indexed,1,6,2,0,sqlalchemy,orm,q02s5,0,0.247317,100,ok,,900000,1.03,163389,132204069273088,2026-09-05T12:30:12.264-05:00
71f54965e18f,campaign-sf1,mado,tpch,Q02,Complex,mysql,indexed,1,6,2,1,sqlalchemy,sql,q02s5,0,0.24431,100,ok,,900000,1.03,163389,132204069273088,2026-09-05T12:30:12.508-05:00
71f54965e18f,campaign-sf1,mado,tpch,Q02,Complex,mysql,indexed,1,6,2,2,django,orm,q02s5,0,0.246691,100,ok,,900000,1.03,163389,132204069273088,2026-09-05T12:30:12.755-05:00
71f54965e18f,campaign-sf1,mado,tpch,Q02,Complex,mysql,indexed,1,6,2,3,django,sql,q02s5,0,0.242633,100,ok,,900000,1.03,163389,132204069273088,2026-09-05T12:30:12.998-05:00
71f54965e18f,campaign-sf1,mado,tpch,Q02,Complex,mysql,indexed,1,7,1,-1,django,sql,q02s6,2,0.474376,,ok,,900000,1.03,163389,132204069273088,2026-09-05T12:30:13.477-05:00
71f54965e18f,campaign-sf1,mado,tpch,Q02,Complex,mysql,indexed,1,7,1,-1,django,orm,q02s6,2,0.25203,,ok,,900000,1.03,163389,132204069273088,2026-09-05T12:30:13.729-05:00
71f54965e18f,campaign-sf1,mado,tpch,Q02,Complex,mysql,indexed,1,7,1,-1,sqlalchemy,sql,q02s6,2,0.249283,,ok,,900000,1.03,163389,132204069273088,2026-09-05T12:30:13.978-05:00
71f54965e18f,campaign-sf1,mado,tpch,Q02,Complex,mysql,indexed,1,7,1,-1,sqlalchemy,orm,q02s6,2,0.252945,,ok,,900000,1.03,163389,132204069273088,2026-09-05T12:30:14.231-05:00
71f54965e18f,campaign-sf1,mado,tpch,Q02,Complex,mysql,indexed,1,7,1,0,django,orm,q02s6,0,0.252133,100,ok,,900000,1.03,163389,132204069273088,2026-09-05T12:30:14.484-05:00
71f54965e18f,campaign-sf1,mado,tpch,Q02,Complex,mysql,indexed,1,7,1,1,sqlalchemy,orm,q02s6,0,0.252725,100,ok,,900000,1.03,163389,132204069273088,2026-09-05T12:30:14.736-05:00
71f54965e18f,campaign-sf1,mado,tpch,Q02,Complex,mysql,indexed,1,7,1,2,django,sql,q02s6,0,0.247377,100,ok,,900000,1.03,163389,132204069273088,2026-09-05T12:30:14.984-05:00
71f54965e18f,campaign-sf1,mado,tpch,Q02,Complex,mysql,indexed,1,7,1,3,sqlalchemy,sql,q02s6,0,0.248764,100,ok,,900000,1.03,163389,132204069273088,2026-09-05T12:30:15.233-05:00
71f54965e18f,campaign-sf1,mado,tpch,Q02,Complex,mysql,indexed,1,8,0,-1,django,sql,q02s7,2,0.463653,,ok,,900000,1.03,163389,132204069273088,2026-09-05T12:30:15.701-05:00
71f54965e18f,campaign-sf1,mado,tpch,Q02,Complex,mysql,indexed,1,8,0,-1,django,orm,q02s7,2,0.250532,,ok,,900000,1.03,163389,132204069273088,2026-09-05T12:30:15.952-05:00
71f54965e18f,campaign-sf1,mado,tpch,Q02,Complex,mysql,indexed,1,8,0,-1,sqlalchemy,sql,q02s7,2,0.247703,,ok,,900000,1.03,163389,132204069273088,2026-09-05T12:30:16.199-05:00
71f54965e18f,campaign-sf1,mado,tpch,Q02,Complex,mysql,indexed,1,8,0,-1,sqlalchemy,orm,q02s7,2,0.25135,,ok,,900000,1.03,163389,132204069273088,2026-09-05T12:30:16.451-05:00
71f54965e18f,campaign-sf1,mado,tpch,Q02,Complex,mysql,indexed,1,8,0,0,django,sql,q02s7,0,0.245827,100,ok,,900000,1.02,163389,132204069273088,2026-09-05T12:30:16.697-05:00
71f54965e18f,campaign-sf1,mado,tpch,Q02,Complex,mysql,indexed,1,8,0,1,django,orm,q02s7,0,0.250043,100,ok,,900000,1.02,163389,132204069273088,2026-09-05T12:30:16.947-05:00
71f54965e18f,campaign-sf1,mado,tpch,Q02,Complex,mysql,indexed,1,8,0,2,sqlalchemy,sql,q02s7,0,0.247578,100,ok,,900000,1.02,163389,132204069273088,2026-09-05T12:30:17.195-05:00
71f54965e18f,campaign-sf1,mado,tpch,Q02,Complex,mysql,indexed,1,8,0,3,sqlalchemy,orm,q02s7,0,0.250949,100,ok,,900000,1.02,163389,132204069273088,2026-09-05T12:30:17.446-05:00
a5a5f0dd595e,campaign-sf1,mado,tpch,Q03,Medium,mysql,indexed,1,0,3,0,sqlalchemy,sql,q03warm,1,8.698297,10,ok,,900000,1.09,163393,139768664457680,2026-09-05T12:30:27.212-05:00
a5a5f0dd595e,campaign-sf1,mado,tpch,Q03,Medium,mysql,indexed,1,0,3,1,django,sql,q03warm,1,8.893839,10,ok,,900000,1.09,163393,139768664457680,2026-09-05T12:30:36.106-05:00
a5a5f0dd595e,campaign-sf1,mado,tpch,Q03,Medium,mysql,indexed,1,0,3,2,sqlalchemy,orm,q03warm,1,6.645005,10,ok,,900000,1.07,163393,139768664457680,2026-09-05T12:30:42.751-05:00
a5a5f0dd595e,campaign-sf1,mado,tpch,Q03,Medium,mysql,indexed,1,0,3,3,django,orm,q03warm,1,6.575873,10,ok,,900000,1.07,163393,139768664457680,2026-09-05T12:30:49.327-05:00
a5a5f0dd595e,campaign-sf1,mado,tpch,Q03,Medium,mysql,indexed,1,1,0,-1,django,sql,q03s0,2,8.259881,,ok,,900000,1.06,163393,139768664457680,2026-09-05T12:30:57.591-05:00
a5a5f0dd595e,campaign-sf1,mado,tpch,Q03,Medium,mysql,indexed,1,1,0,-1,django,orm,q03s0,2,6.560659,,ok,,900000,1.05,163393,139768664457680,2026-09-05T12:31:04.152-05:00
a5a5f0dd595e,campaign-sf1,mado,tpch,Q03,Medium,mysql,indexed,1,1,0,-1,sqlalchemy,sql,q03s0,2,6.601607,,ok,,900000,1.05,163393,139768664457680,2026-09-05T12:31:10.754-05:00
a5a5f0dd595e,campaign-sf1,mado,tpch,Q03,Medium,mysql,indexed,1,1,0,-1,sqlalchemy,orm,q03s0,2,6.595069,,ok,,900000,1.04,163393,139768664457680,2026-09-05T12:31:17.349-05:00
a5a5f0dd595e,campaign-sf1,mado,tpch,Q03,Medium,mysql,indexed,1,1,0,0,django,sql,q03s0,0,6.551101,10,ok,,900000,1.04,163393,139768664457680,2026-09-05T12:31:23.900-05:00
a5a5f0dd595e,campaign-sf1,mado,tpch,Q03,Medium,mysql,indexed,1,1,0,1,django,orm,q03s0,0,6.563453,10,ok,,900000,1.03,163393,139768664457680,2026-09-05T12:31:30.464-05:00
a5a5f0dd595e,campaign-sf1,mado,tpch,Q03,Medium,mysql,indexed,1,1,0,2,sqlalchemy,sql,q03s0,0,6.601683,10,ok,,900000,1.03,163393,139768664457680,2026-09-05T12:31:37.065-05:00
a5a5f0dd595e,campaign-sf1,mado,tpch,Q03,Medium,mysql,indexed,1,1,0,3,sqlalchemy,orm,q03s0,0,6.595287,10,ok,,900000,1.02,163393,139768664457680,2026-09-05T12:31:43.661-05:00
a5a5f0dd595e,campaign-sf1,mado,tpch,Q03,Medium,mysql,indexed,1,2,2,-1,django,sql,q03s1,2,6.780633,,ok,,900000,1.02,163393,139768664457680,2026-09-05T12:31:50.446-05:00
a5a5f0dd595e,campaign-sf1,mado,tpch,Q03,Medium,mysql,indexed,1,2,2,-1,django,orm,q03s1,2,6.613621,,ok,,900000,1.02,163393,139768664457680,2026-09-05T12:31:57.060-05:00
a5a5f0dd595e,campaign-sf1,mado,tpch,Q03,Medium,mysql,indexed,1,2,2,-1,sqlalchemy,sql,q03s1,2,6.629687,,ok,,900000,1.02,163393,139768664457680,2026-09-05T12:32:03.689-05:00
a5a5f0dd595e,campaign-sf1,mado,tpch,Q03,Medium,mysql,indexed,1,2,2,-1,sqlalchemy,orm,q03s1,2,6.617346,,ok,,900000,1.02,163393,139768664457680,2026-09-05T12:32:10.307-05:00
a5a5f0dd595e,campaign-sf1,mado,tpch,Q03,Medium,mysql,indexed,1,2,2,0,sqlalchemy,orm,q03s1,0,6.617499,10,ok,,900000,1.01,163393,139768664457680,2026-09-05T12:32:16.924-05:00
a5a5f0dd595e,campaign-sf1,mado,tpch,Q03,Medium,mysql,indexed,1,2,2,1,sqlalchemy,sql,q03s1,0,6.623945,10,ok,,900000,1.01,163393,139768664457680,2026-09-05T12:32:23.548-05:00
a5a5f0dd595e,campaign-sf1,mado,tpch,Q03,Medium,mysql,indexed,1,2,2,2,django,orm,q03s1,0,6.605793,10,ok,,900000,1.01,163393,139768664457680,2026-09-05T12:32:30.154-05:00
a5a5f0dd595e,campaign-sf1,mado,tpch,Q03,Medium,mysql,indexed,1,2,2,3,django,sql,q03s1,0,6.60362,10,ok,,900000,1.01,163393,139768664457680,2026-09-05T12:32:36.758-05:00
a5a5f0dd595e,campaign-sf1,mado,tpch,Q03,Medium,mysql,indexed,1,3,1,-1,django,sql,q03s2,2,6.583087,,ok,,900000,1.01,163393,139768664457680,2026-09-05T12:32:43.346-05:00
a5a5f0dd595e,campaign-sf1,mado,tpch,Q03,Medium,mysql,indexed,1,3,1,-1,django,orm,q03s2,2,6.560105,,ok,,900000,1.01,163393,139768664457680,2026-09-05T12:32:49.906-05:00
a5a5f0dd595e,campaign-sf1,mado,tpch,Q03,Medium,mysql,indexed,1,3,1,-1,sqlalchemy,sql,q03s2,2,6.589733,,ok,,900000,1.01,163393,139768664457680,2026-09-05T12:32:56.496-05:00
a5a5f0dd595e,campaign-sf1,mado,tpch,Q03,Medium,mysql,indexed,1,3,1,-1,sqlalchemy,orm,q03s2,2,6.579453,,ok,,900000,1.0,163393,139768664457680,2026-09-05T12:33:03.075-05:00
a5a5f0dd595e,campaign-sf1,mado,tpch,Q03,Medium,mysql,indexed,1,3,1,0,django,orm,q03s2,0,6.566631,10,ok,,900000,1.0,163393,139768664457680,2026-09-05T12:33:09.642-05:00
a5a5f0dd595e,campaign-sf1,mado,tpch,Q03,Medium,mysql,indexed,1,3,1,1,sqlalchemy,orm,q03s2,0,6.596749,10,ok,,900000,1.0,163393,139768664457680,2026-09-05T12:33:16.239-05:00
a5a5f0dd595e,campaign-sf1,mado,tpch,Q03,Medium,mysql,indexed,1,3,1,2,django,sql,q03s2,0,6.563432,10,ok,,900000,1.0,163393,139768664457680,2026-09-05T12:33:22.802-05:00
a5a5f0dd595e,campaign-sf1,mado,tpch,Q03,Medium,mysql,indexed,1,3,1,3,sqlalchemy,sql,q03s2,0,6.590129,10,ok,,900000,1.0,163393,139768664457680,2026-09-05T12:33:29.393-05:00
a5a5f0dd595e,campaign-sf1,mado,tpch,Q03,Medium,mysql,indexed,1,4,3,-1,django,sql,q03s3,2,6.583038,,ok,,900000,1.0,163393,139768664457680,2026-09-05T12:33:35.980-05:00
a5a5f0dd595e,campaign-sf1,mado,tpch,Q03,Medium,mysql,indexed,1,4,3,-1,django,orm,q03s3,2,6.579781,,ok,,900000,1.0,163393,139768664457680,2026-09-05T12:33:42.560-05:00
a5a5f0dd595e,campaign-sf1,mado,tpch,Q03,Medium,mysql,indexed,1,4,3,-1,sqlalchemy,sql,q03s3,2,6.608173,,ok,,900000,1.0,163393,139768664457680,2026-09-05T12:33:49.168-05:00
a5a5f0dd595e,campaign-sf1,mado,tpch,Q03,Medium,mysql,indexed,1,4,3,-1,sqlalchemy,orm,q03s3,2,6.592495,,ok,,900000,1.0,163393,139768664457680,2026-09-05T12:33:55.761-05:00
a5a5f0dd595e,campaign-sf1,mado,tpch,Q03,Medium,mysql,indexed,1,4,3,0,sqlalchemy,sql,q03s3,0,6.598226,10,ok,,900000,1.0,163393,139768664457680,2026-09-05T12:34:02.359-05:00
a5a5f0dd595e,campaign-sf1,mado,tpch,Q03,Medium,mysql,indexed,1,4,3,1,django,sql,q03s3,0,6.568615,10,ok,,900000,1.0,163393,139768664457680,2026-09-05T12:34:08.928-05:00
a5a5f0dd595e,campaign-sf1,mado,tpch,Q03,Medium,mysql,indexed,1,4,3,2,sqlalchemy,orm,q03s3,0,6.597265,10,ok,,900000,1.0,163393,139768664457680,2026-09-05T12:34:15.525-05:00
a5a5f0dd595e,campaign-sf1,mado,tpch,Q03,Medium,mysql,indexed,1,4,3,3,django,orm,q03s3,0,6.569274,10,ok,,900000,1.0,163393,139768664457680,2026-09-05T12:34:22.095-05:00
a5a5f0dd595e,campaign-sf1,mado,tpch,Q03,Medium,mysql,indexed,1,5,1,-1,django,sql,q03s4,2,6.477853,,ok,,900000,1.0,163393,139768664457680,2026-09-05T12:34:28.577-05:00
a5a5f0dd595e,campaign-sf1,mado,tpch,Q03,Medium,mysql,indexed,1,5,1,-1,django,orm,q03s4,2,6.476624,,ok,,900000,1.0,163393,139768664457680,2026-09-05T12:34:35.054-05:00
a5a5f0dd595e,campaign-sf1,mado,tpch,Q03,Medium,mysql,indexed,1,5,1,-1,sqlalchemy,sql,q03s4,2,6.496703,,ok,,900000,1.0,163393,139768664457680,2026-09-05T12:34:41.551-05:00
a5a5f0dd595e,campaign-sf1,mado,tpch,Q03,Medium,mysql,indexed,1,5,1,-1,sqlalchemy,orm,q03s4,2,6.484598,,ok,,900000,1.0,163393,139768664457680,2026-09-05T12:34:48.036-05:00
a5a5f0dd595e,campaign-sf1,mado,tpch,Q03,Medium,mysql,indexed,1,5,1,0,django,orm,q03s4,0,6.475643,10,ok,,900000,1.0,163393,139768664457680,2026-09-05T12:34:54.511-05:00
a5a5f0dd595e,campaign-sf1,mado,tpch,Q03,Medium,mysql,indexed,1,5,1,1,sqlalchemy,orm,q03s4,0,6.485768,10,ok,,900000,1.0,163393,139768664457680,2026-09-05T12:35:00.997-05:00
a5a5f0dd595e,campaign-sf1,mado,tpch,Q03,Medium,mysql,indexed,1,5,1,2,django,sql,q03s4,0,6.471503,10,ok,,900000,1.0,163393,139768664457680,2026-09-05T12:35:07.469-05:00
a5a5f0dd595e,campaign-sf1,mado,tpch,Q03,Medium,mysql,indexed,1,5,1,3,sqlalchemy,sql,q03s4,0,6.492542,10,ok,,900000,1.0,163393,139768664457680,2026-09-05T12:35:13.961-05:00
a5a5f0dd595e,campaign-sf1,mado,tpch,Q03,Medium,mysql,indexed,1,6,3,-1,django,sql,q03s5,2,6.509604,,ok,,900000,1.0,163393,139768664457680,2026-09-05T12:35:20.476-05:00
a5a5f0dd595e,campaign-sf1,mado,tpch,Q03,Medium,mysql,indexed,1,6,3,-1,django,orm,q03s5,2,6.508875,,ok,,900000,1.0,163393,139768664457680,2026-09-05T12:35:26.985-05:00
a5a5f0dd595e,campaign-sf1,mado,tpch,Q03,Medium,mysql,indexed,1,6,3,-1,sqlalchemy,sql,q03s5,2,6.530211,,ok,,900000,1.0,163393,139768664457680,2026-09-05T12:35:33.515-05:00
a5a5f0dd595e,campaign-sf1,mado,tpch,Q03,Medium,mysql,indexed,1,6,3,-1,sqlalchemy,orm,q03s5,2,6.522392,,ok,,900000,1.0,163393,139768664457680,2026-09-05T12:35:40.037-05:00
a5a5f0dd595e,campaign-sf1,mado,tpch,Q03,Medium,mysql,indexed,1,6,3,0,sqlalchemy,sql,q03s5,0,6.52888,10,ok,,900000,1.0,163393,139768664457680,2026-09-05T12:35:46.566-05:00
a5a5f0dd595e,campaign-sf1,mado,tpch,Q03,Medium,mysql,indexed,1,6,3,1,django,sql,q03s5,0,6.502313,10,ok,,900000,1.0,163393,139768664457680,2026-09-05T12:35:53.069-05:00
a5a5f0dd595e,campaign-sf1,mado,tpch,Q03,Medium,mysql,indexed,1,6,3,2,sqlalchemy,orm,q03s5,0,6.518407,10,ok,,900000,1.0,163393,139768664457680,2026-09-05T12:35:59.587-05:00
a5a5f0dd595e,campaign-sf1,mado,tpch,Q03,Medium,mysql,indexed,1,6,3,3,django,orm,q03s5,0,6.530438,10,ok,,900000,1.4,163393,139768664457680,2026-09-05T12:36:06.118-05:00
a5a5f0dd595e,campaign-sf1,mado,tpch,Q03,Medium,mysql,indexed,1,7,2,-1,django,sql,q03s6,2,6.56365,,ok,,900000,1.34,163393,139768664457680,2026-09-05T12:36:12.686-05:00
a5a5f0dd595e,campaign-sf1,mado,tpch,Q03,Medium,mysql,indexed,1,7,2,-1,django,orm,q03s6,2,6.558837,,ok,,900000,1.31,163393,139768664457680,2026-09-05T12:36:19.245-05:00
a5a5f0dd595e,campaign-sf1,mado,tpch,Q03,Medium,mysql,indexed,1,7,2,-1,sqlalchemy,sql,q03s6,2,6.586687,,ok,,900000,1.29,163393,139768664457680,2026-09-05T12:36:25.832-05:00
a5a5f0dd595e,campaign-sf1,mado,tpch,Q03,Medium,mysql,indexed,1,7,2,-1,sqlalchemy,orm,q03s6,2,6.572389,,ok,,900000,1.24,163393,139768664457680,2026-09-05T12:36:32.404-05:00
a5a5f0dd595e,campaign-sf1,mado,tpch,Q03,Medium,mysql,indexed,1,7,2,0,sqlalchemy,orm,q03s6,0,6.58645,10,ok,,900000,1.22,163393,139768664457680,2026-09-05T12:36:38.991-05:00
a5a5f0dd595e,campaign-sf1,mado,tpch,Q03,Medium,mysql,indexed,1,7,2,1,sqlalchemy,sql,q03s6,0,6.583858,10,ok,,900000,1.2,163393,139768664457680,2026-09-05T12:36:45.575-05:00
a5a5f0dd595e,campaign-sf1,mado,tpch,Q03,Medium,mysql,indexed,1,7,2,2,django,orm,q03s6,0,6.569432,10,ok,,900000,1.17,163393,139768664457680,2026-09-05T12:36:52.144-05:00
a5a5f0dd595e,campaign-sf1,mado,tpch,Q03,Medium,mysql,indexed,1,7,2,3,django,sql,q03s6,0,6.556516,10,ok,,900000,1.16,163393,139768664457680,2026-09-05T12:36:58.701-05:00
a5a5f0dd595e,campaign-sf1,mado,tpch,Q03,Medium,mysql,indexed,1,8,0,-1,django,sql,q03s7,2,6.565603,,ok,,900000,1.15,163393,139768664457680,2026-09-05T12:37:05.271-05:00
a5a5f0dd595e,campaign-sf1,mado,tpch,Q03,Medium,mysql,indexed,1,8,0,-1,django,orm,q03s7,2,6.561995,,ok,,900000,1.12,163393,139768664457680,2026-09-05T12:37:11.833-05:00
a5a5f0dd595e,campaign-sf1,mado,tpch,Q03,Medium,mysql,indexed,1,8,0,-1,sqlalchemy,sql,q03s7,2,6.589077,,ok,,900000,1.11,163393,139768664457680,2026-09-05T12:37:18.422-05:00
a5a5f0dd595e,campaign-sf1,mado,tpch,Q03,Medium,mysql,indexed,1,8,0,-1,sqlalchemy,orm,q03s7,2,6.575631,,ok,,900000,1.1,163393,139768664457680,2026-09-05T12:37:24.998-05:00
a5a5f0dd595e,campaign-sf1,mado,tpch,Q03,Medium,mysql,indexed,1,8,0,0,django,sql,q03s7,0,6.55867,10,ok,,900000,1.09,163393,139768664457680,2026-09-05T12:37:31.557-05:00
a5a5f0dd595e,campaign-sf1,mado,tpch,Q03,Medium,mysql,indexed,1,8,0,1,django,orm,q03s7,0,6.567257,10,ok,,900000,1.08,163393,139768664457680,2026-09-05T12:37:38.124-05:00
a5a5f0dd595e,campaign-sf1,mado,tpch,Q03,Medium,mysql,indexed,1,8,0,2,sqlalchemy,sql,q03s7,0,6.580773,10,ok,,900000,1.07,163393,139768664457680,2026-09-05T12:37:44.705-05:00
a5a5f0dd595e,campaign-sf1,mado,tpch,Q03,Medium,mysql,indexed,1,8,0,3,sqlalchemy,orm,q03s7,0,6.572648,10,ok,,900000,1.07,163393,139768664457680,2026-09-05T12:37:51.278-05:00
f0cf28875af6,campaign-sf1,mado,tpch,Q04,Medium,mysql,indexed,1,0,2,0,sqlalchemy,orm,q04warm,1,0.973119,5,ok,,900000,1.06,163435,129583084539296,2026-09-05T12:37:53.320-05:00
f0cf28875af6,campaign-sf1,mado,tpch,Q04,Medium,mysql,indexed,1,0,2,1,sqlalchemy,sql,q04warm,1,0.892288,5,ok,,900000,1.06,163435,129583084539296,2026-09-05T12:37:54.212-05:00
f0cf28875af6,campaign-sf1,mado,tpch,Q04,Medium,mysql,indexed,1,0,2,2,django,orm,q04warm,1,0.890217,5,ok,,900000,1.06,163435,129583084539296,2026-09-05T12:37:55.102-05:00
f0cf28875af6,campaign-sf1,mado,tpch,Q04,Medium,mysql,indexed,1,0,2,3,django,sql,q04warm,1,0.878286,5,ok,,900000,1.06,163435,129583084539296,2026-09-05T12:37:55.981-05:00
f0cf28875af6,campaign-sf1,mado,tpch,Q04,Medium,mysql,indexed,1,1,0,-1,django,sql,q04s0,2,0.887864,,ok,,900000,1.06,163435,129583084539296,2026-09-05T12:37:56.874-05:00
f0cf28875af6,campaign-sf1,mado,tpch,Q04,Medium,mysql,indexed,1,1,0,-1,django,orm,q04s0,2,0.857981,,ok,,900000,1.06,163435,129583084539296,2026-09-05T12:37:57.732-05:00
f0cf28875af6,campaign-sf1,mado,tpch,Q04,Medium,mysql,indexed,1,1,0,-1,sqlalchemy,sql,q04s0,2,0.849344,,ok,,900000,1.06,163435,129583084539296,2026-09-05T12:37:58.581-05:00
f0cf28875af6,campaign-sf1,mado,tpch,Q04,Medium,mysql,indexed,1,1,0,-1,sqlalchemy,orm,q04s0,2,0.848215,,ok,,900000,1.06,163435,129583084539296,2026-09-05T12:37:59.429-05:00
f0cf28875af6,campaign-sf1,mado,tpch,Q04,Medium,mysql,indexed,1,1,0,0,django,sql,q04s0,0,0.845563,5,ok,,900000,1.06,163435,129583084539296,2026-09-05T12:38:00.275-05:00
f0cf28875af6,campaign-sf1,mado,tpch,Q04,Medium,mysql,indexed,1,1,0,1,django,orm,q04s0,0,0.843538,5,ok,,900000,1.06,163435,129583084539296,2026-09-05T12:38:01.119-05:00
f0cf28875af6,campaign-sf1,mado,tpch,Q04,Medium,mysql,indexed,1,1,0,2,sqlalchemy,sql,q04s0,0,0.844755,5,ok,,900000,1.05,163435,129583084539296,2026-09-05T12:38:01.963-05:00
f0cf28875af6,campaign-sf1,mado,tpch,Q04,Medium,mysql,indexed,1,1,0,3,sqlalchemy,orm,q04s0,0,0.844868,5,ok,,900000,1.05,163435,129583084539296,2026-09-05T12:38:02.808-05:00
f0cf28875af6,campaign-sf1,mado,tpch,Q04,Medium,mysql,indexed,1,2,3,-1,django,sql,q04s1,2,0.935551,,ok,,900000,1.05,163435,129583084539296,2026-09-05T12:38:03.749-05:00
f0cf28875af6,campaign-sf1,mado,tpch,Q04,Medium,mysql,indexed,1,2,3,-1,django,orm,q04s1,2,0.898338,,ok,,900000,1.05,163435,129583084539296,2026-09-05T12:38:04.647-05:00
f0cf28875af6,campaign-sf1,mado,tpch,Q04,Medium,mysql,indexed,1,2,3,-1,sqlalchemy,sql,q04s1,2,0.889922,,ok,,900000,1.05,163435,129583084539296,2026-09-05T12:38:05.537-05:00
f0cf28875af6,campaign-sf1,mado,tpch,Q04,Medium,mysql,indexed,1,2,3,-1,sqlalchemy,orm,q04s1,2,0.88832,,ok,,900000,1.05,163435,129583084539296,2026-09-05T12:38:06.426-05:00
f0cf28875af6,campaign-sf1,mado,tpch,Q04,Medium,mysql,indexed,1,2,3,0,sqlalchemy,sql,q04s1,0,0.885219,5,ok,,900000,1.05,163435,129583084539296,2026-09-05T12:38:07.311-05:00
f0cf28875af6,campaign-sf1,mado,tpch,Q04,Medium,mysql,indexed,1,2,3,1,django,sql,q04s1,0,0.882267,5,ok,,900000,1.05,163435,129583084539296,2026-09-05T12:38:08.193-05:00
f0cf28875af6,campaign-sf1,mado,tpch,Q04,Medium,mysql,indexed,1,2,3,2,sqlalchemy,orm,q04s1,0,0.885391,5,ok,,900000,1.05,163435,129583084539296,2026-09-05T12:38:09.079-05:00
f0cf28875af6,campaign-sf1,mado,tpch,Q04,Medium,mysql,indexed,1,2,3,3,django,orm,q04s1,0,0.88338,5,ok,,900000,1.05,163435,129583084539296,2026-09-05T12:38:09.962-05:00
f0cf28875af6,campaign-sf1,mado,tpch,Q04,Medium,mysql,indexed,1,3,2,-1,django,sql,q04s2,2,0.860818,,ok,,900000,1.05,163435,129583084539296,2026-09-05T12:38:10.828-05:00
f0cf28875af6,campaign-sf1,mado,tpch,Q04,Medium,mysql,indexed,1,3,2,-1,django,orm,q04s2,2,0.831423,,ok,,900000,1.04,163435,129583084539296,2026-09-05T12:38:11.659-05:00
f0cf28875af6,campaign-sf1,mado,tpch,Q04,Medium,mysql,indexed,1,3,2,-1,sqlalchemy,sql,q04s2,2,0.823106,,ok,,900000,1.04,163435,129583084539296,2026-09-05T12:38:12.482-05:00
f0cf28875af6,campaign-sf1,mado,tpch,Q04,Medium,mysql,indexed,1,3,2,-1,sqlalchemy,orm,q04s2,2,0.820541,,ok,,900000,1.04,163435,129583084539296,2026-09-05T12:38:13.303-05:00
f0cf28875af6,campaign-sf1,mado,tpch,Q04,Medium,mysql,indexed,1,3,2,0,sqlalchemy,orm,q04s2,0,0.819623,5,ok,,900000,1.04,163435,129583084539296,2026-09-05T12:38:14.123-05:00
f0cf28875af6,campaign-sf1,mado,tpch,Q04,Medium,mysql,indexed,1,3,2,1,sqlalchemy,sql,q04s2,0,0.816761,5,ok,,900000,1.04,163435,129583084539296,2026-09-05T12:38:14.940-05:00
f0cf28875af6,campaign-sf1,mado,tpch,Q04,Medium,mysql,indexed,1,3,2,2,django,orm,q04s2,0,0.815084,5,ok,,900000,1.04,163435,129583084539296,2026-09-05T12:38:15.755-05:00
f0cf28875af6,campaign-sf1,mado,tpch,Q04,Medium,mysql,indexed,1,3,2,3,django,sql,q04s2,0,0.813463,5,ok,,900000,1.04,163435,129583084539296,2026-09-05T12:38:16.568-05:00
f0cf28875af6,campaign-sf1,mado,tpch,Q04,Medium,mysql,indexed,1,4,1,-1,django,sql,q04s3,2,0.912058,,ok,,900000,1.04,163435,129583084539296,2026-09-05T12:38:17.485-05:00
f0cf28875af6,campaign-sf1,mado,tpch,Q04,Medium,mysql,indexed,1,4,1,-1,django,orm,q04s3,2,0.874841,,ok,,900000,1.04,163435,129583084539296,2026-09-05T12:38:18.360-05:00
f0cf28875af6,campaign-sf1,mado,tpch,Q04,Medium,mysql,indexed,1,4,1,-1,sqlalchemy,sql,q04s3,2,0.872551,,ok,,900000,1.04,163435,129583084539296,2026-09-05T12:38:19.233-05:00
f0cf28875af6,campaign-sf1,mado,tpch,Q04,Medium,mysql,indexed,1,4,1,-1,sqlalchemy,orm,q04s3,2,0.870725,,ok,,900000,1.04,163435,129583084539296,2026-09-05T12:38:20.104-05:00
f0cf28875af6,campaign-sf1,mado,tpch,Q04,Medium,mysql,indexed,1,4,1,0,django,orm,q04s3,0,0.863109,5,ok,,900000,1.04,163435,129583084539296,2026-09-05T12:38:20.967-05:00
f0cf28875af6,campaign-sf1,mado,tpch,Q04,Medium,mysql,indexed,1,4,1,1,sqlalchemy,orm,q04s3,0,0.867216,5,ok,,900000,1.04,163435,129583084539296,2026-09-05T12:38:21.834-05:00
f0cf28875af6,campaign-sf1,mado,tpch,Q04,Medium,mysql,indexed,1,4,1,2,django,sql,q04s3,0,0.860582,5,ok,,900000,1.04,163435,129583084539296,2026-09-05T12:38:22.695-05:00
f0cf28875af6,campaign-sf1,mado,tpch,Q04,Medium,mysql,indexed,1,4,1,3,sqlalchemy,sql,q04s3,0,0.866587,5,ok,,900000,1.04,163435,129583084539296,2026-09-05T12:38:23.562-05:00
f0cf28875af6,campaign-sf1,mado,tpch,Q04,Medium,mysql,indexed,1,5,2,-1,django,sql,q04s4,2,0.887761,,ok,,900000,1.04,163435,129583084539296,2026-09-05T12:38:24.454-05:00
f0cf28875af6,campaign-sf1,mado,tpch,Q04,Medium,mysql,indexed,1,5,2,-1,django,orm,q04s4,2,0.855753,,ok,,900000,1.04,163435,129583084539296,2026-09-05T12:38:25.310-05:00
f0cf28875af6,campaign-sf1,mado,tpch,Q04,Medium,mysql,indexed,1,5,2,-1,sqlalchemy,sql,q04s4,2,0.847835,,ok,,900000,1.04,163435,129583084539296,2026-09-05T12:38:26.158-05:00
f0cf28875af6,campaign-sf1,mado,tpch,Q04,Medium,mysql,indexed,1,5,2,-1,sqlalchemy,orm,q04s4,2,0.847475,,ok,,900000,1.03,163435,129583084539296,2026-09-05T12:38:27.005-05:00
f0cf28875af6,campaign-sf1,mado,tpch,Q04,Medium,mysql,indexed,1,5,2,0,sqlalchemy,orm,q04s4,0,0.846023,5,ok,,900000,1.03,163435,129583084539296,2026-09-05T12:38:27.852-05:00
f0cf28875af6,campaign-sf1,mado,tpch,Q04,Medium,mysql,indexed,1,5,2,1,sqlalchemy,sql,q04s4,0,0.843382,5,ok,,900000,1.03,163435,129583084539296,2026-09-05T12:38:28.695-05:00
f0cf28875af6,campaign-sf1,mado,tpch,Q04,Medium,mysql,indexed,1,5,2,2,django,orm,q04s4,0,0.840867,5,ok,,900000,1.03,163435,129583084539296,2026-09-05T12:38:29.536-05:00
f0cf28875af6,campaign-sf1,mado,tpch,Q04,Medium,mysql,indexed,1,5,2,3,django,sql,q04s4,0,0.839789,5,ok,,900000,1.03,163435,129583084539296,2026-09-05T12:38:30.376-05:00
f0cf28875af6,campaign-sf1,mado,tpch,Q04,Medium,mysql,indexed,1,6,1,-1,django,sql,q04s5,2,0.889737,,ok,,900000,1.03,163435,129583084539296,2026-09-05T12:38:31.270-05:00
f0cf28875af6,campaign-sf1,mado,tpch,Q04,Medium,mysql,indexed,1,6,1,-1,django,orm,q04s5,2,0.860625,,ok,,900000,1.03,163435,129583084539296,2026-09-05T12:38:32.131-05:00
f0cf28875af6,campaign-sf1,mado,tpch,Q04,Medium,mysql,indexed,1,6,1,-1,sqlalchemy,sql,q04s5,2,0.853169,,ok,,900000,1.03,163435,129583084539296,2026-09-05T12:38:32.984-05:00
f0cf28875af6,campaign-sf1,mado,tpch,Q04,Medium,mysql,indexed,1,6,1,-1,sqlalchemy,orm,q04s5,2,0.851754,,ok,,900000,1.03,163435,129583084539296,2026-09-05T12:38:33.836-05:00
f0cf28875af6,campaign-sf1,mado,tpch,Q04,Medium,mysql,indexed,1,6,1,0,django,orm,q04s5,0,0.851602,5,ok,,900000,1.03,163435,129583084539296,2026-09-05T12:38:34.688-05:00
f0cf28875af6,campaign-sf1,mado,tpch,Q04,Medium,mysql,indexed,1,6,1,1,sqlalchemy,orm,q04s5,0,0.847871,5,ok,,900000,1.03,163435,129583084539296,2026-09-05T12:38:35.536-05:00
f0cf28875af6,campaign-sf1,mado,tpch,Q04,Medium,mysql,indexed,1,6,1,2,django,sql,q04s5,0,0.844408,5,ok,,900000,1.03,163435,129583084539296,2026-09-05T12:38:36.380-05:00
f0cf28875af6,campaign-sf1,mado,tpch,Q04,Medium,mysql,indexed,1,6,1,3,sqlalchemy,sql,q04s5,0,0.846976,5,ok,,900000,1.03,163435,129583084539296,2026-09-05T12:38:37.228-05:00
f0cf28875af6,campaign-sf1,mado,tpch,Q04,Medium,mysql,indexed,1,7,0,-1,django,sql,q04s6,2,0.859075,,ok,,900000,1.03,163435,129583084539296,2026-09-05T12:38:38.092-05:00
f0cf28875af6,campaign-sf1,mado,tpch,Q04,Medium,mysql,indexed,1,7,0,-1,django,orm,q04s6,2,0.831127,,ok,,900000,1.03,163435,129583084539296,2026-09-05T12:38:38.923-05:00
f0cf28875af6,campaign-sf1,mado,tpch,Q04,Medium,mysql,indexed,1,7,0,-1,sqlalchemy,sql,q04s6,2,0.824063,,ok,,900000,1.03,163435,129583084539296,2026-09-05T12:38:39.747-05:00
f0cf28875af6,campaign-sf1,mado,tpch,Q04,Medium,mysql,indexed,1,7,0,-1,sqlalchemy,orm,q04s6,2,0.821418,,ok,,900000,1.03,163435,129583084539296,2026-09-05T12:38:40.568-05:00
f0cf28875af6,campaign-sf1,mado,tpch,Q04,Medium,mysql,indexed,1,7,0,0,django,sql,q04s6,0,0.817049,5,ok,,900000,1.03,163435,129583084539296,2026-09-05T12:38:41.386-05:00
f0cf28875af6,campaign-sf1,mado,tpch,Q04,Medium,mysql,indexed,1,7,0,1,django,orm,q04s6,0,0.816321,5,ok,,900000,1.02,163435,129583084539296,2026-09-05T12:38:42.202-05:00
f0cf28875af6,campaign-sf1,mado,tpch,Q04,Medium,mysql,indexed,1,7,0,2,sqlalchemy,sql,q04s6,0,0.817641,5,ok,,900000,1.02,163435,129583084539296,2026-09-05T12:38:43.020-05:00
f0cf28875af6,campaign-sf1,mado,tpch,Q04,Medium,mysql,indexed,1,7,0,3,sqlalchemy,orm,q04s6,0,0.817827,5,ok,,900000,1.02,163435,129583084539296,2026-09-05T12:38:43.838-05:00
f0cf28875af6,campaign-sf1,mado,tpch,Q04,Medium,mysql,indexed,1,8,3,-1,django,sql,q04s7,2,0.88605,,ok,,900000,1.02,163435,129583084539296,2026-09-05T12:38:44.728-05:00
f0cf28875af6,campaign-sf1,mado,tpch,Q04,Medium,mysql,indexed,1,8,3,-1,django,orm,q04s7,2,0.857505,,ok,,900000,1.02,163435,129583084539296,2026-09-05T12:38:45.586-05:00
f0cf28875af6,campaign-sf1,mado,tpch,Q04,Medium,mysql,indexed,1,8,3,-1,sqlalchemy,sql,q04s7,2,0.851684,,ok,,900000,1.02,163435,129583084539296,2026-09-05T12:38:46.438-05:00
f0cf28875af6,campaign-sf1,mado,tpch,Q04,Medium,mysql,indexed,1,8,3,-1,sqlalchemy,orm,q04s7,2,0.84989,,ok,,900000,1.02,163435,129583084539296,2026-09-05T12:38:47.288-05:00
f0cf28875af6,campaign-sf1,mado,tpch,Q04,Medium,mysql,indexed,1,8,3,0,sqlalchemy,sql,q04s7,0,0.846049,5,ok,,900000,1.02,163435,129583084539296,2026-09-05T12:38:48.134-05:00
f0cf28875af6,campaign-sf1,mado,tpch,Q04,Medium,mysql,indexed,1,8,3,1,django,sql,q04s7,0,0.842859,5,ok,,900000,1.02,163435,129583084539296,2026-09-05T12:38:48.977-05:00
f0cf28875af6,campaign-sf1,mado,tpch,Q04,Medium,mysql,indexed,1,8,3,2,sqlalchemy,orm,q04s7,0,0.845609,5,ok,,900000,1.02,163435,129583084539296,2026-09-05T12:38:49.823-05:00
f0cf28875af6,campaign-sf1,mado,tpch,Q04,Medium,mysql,indexed,1,8,3,3,django,orm,q04s7,0,0.843289,5,ok,,900000,1.02,163435,129583084539296,2026-09-05T12:38:50.666-05:00
106f3e3e544e,campaign-sf1,mado,tpch,Q05,Complex,mysql,indexed,1,0,1,0,django,orm,q05warm,1,3.391389,5,ok,,900000,1.02,163437,135263774991824,2026-09-05T12:38:55.127-05:00
106f3e3e544e,campaign-sf1,mado,tpch,Q05,Complex,mysql,indexed,1,0,1,1,sqlalchemy,orm,q05warm,1,3.07228,5,ok,,900000,1.02,163437,135263774991824,2026-09-05T12:38:58.199-05:00
106f3e3e544e,campaign-sf1,mado,tpch,Q05,Complex,mysql,indexed,1,0,1,2,django,sql,q05warm,1,3.026211,5,ok,,900000,1.02,163437,135263774991824,2026-09-05T12:39:01.226-05:00
106f3e3e544e,campaign-sf1,mado,tpch,Q05,Complex,mysql,indexed,1,0,1,3,sqlalchemy,sql,q05warm,1,3.049052,5,ok,,900000,1.02,163437,135263774991824,2026-09-05T12:39:04.275-05:00
106f3e3e544e,campaign-sf1,mado,tpch,Q05,Complex,mysql,indexed,1,1,0,-1,django,sql,q05s0,2,3.126715,,ok,,900000,1.02,163437,135263774991824,2026-09-05T12:39:07.407-05:00
106f3e3e544e,campaign-sf1,mado,tpch,Q05,Complex,mysql,indexed,1,1,0,-1,django,orm,q05s0,2,3.065504,,ok,,900000,1.02,163437,135263774991824,2026-09-05T12:39:10.472-05:00
106f3e3e544e,campaign-sf1,mado,tpch,Q05,Complex,mysql,indexed,1,1,0,-1,sqlalchemy,sql,q05s0,2,3.049264,,ok,,900000,1.01,163437,135263774991824,2026-09-05T12:39:13.522-05:00
106f3e3e544e,campaign-sf1,mado,tpch,Q05,Complex,mysql,indexed,1,1,0,-1,sqlalchemy,orm,q05s0,2,3.052314,,ok,,900000,1.01,163437,135263774991824,2026-09-05T12:39:16.574-05:00
106f3e3e544e,campaign-sf1,mado,tpch,Q05,Complex,mysql,indexed,1,1,0,0,django,sql,q05s0,0,3.047172,5,ok,,900000,1.01,163437,135263774991824,2026-09-05T12:39:19.621-05:00
106f3e3e544e,campaign-sf1,mado,tpch,Q05,Complex,mysql,indexed,1,1,0,1,django,orm,q05s0,0,3.060702,5,ok,,900000,1.09,163437,135263774991824,2026-09-05T12:39:22.682-05:00
106f3e3e544e,campaign-sf1,mado,tpch,Q05,Complex,mysql,indexed,1,1,0,2,sqlalchemy,sql,q05s0,0,3.051934,5,ok,,900000,1.09,163437,135263774991824,2026-09-05T12:39:25.734-05:00
106f3e3e544e,campaign-sf1,mado,tpch,Q05,Complex,mysql,indexed,1,1,0,3,sqlalchemy,orm,q05s0,0,3.047325,5,ok,,900000,1.16,163437,135263774991824,2026-09-05T12:39:28.782-05:00
106f3e3e544e,campaign-sf1,mado,tpch,Q05,Complex,mysql,indexed,1,2,2,-1,django,sql,q05s1,2,3.077625,,ok,,900000,1.15,163437,135263774991824,2026-09-05T12:39:31.864-05:00
106f3e3e544e,campaign-sf1,mado,tpch,Q05,Complex,mysql,indexed,1,2,2,-1,django,orm,q05s1,2,3.025846,,ok,,900000,1.15,163437,135263774991824,2026-09-05T12:39:34.890-05:00
106f3e3e544e,campaign-sf1,mado,tpch,Q05,Complex,mysql,indexed,1,2,2,-1,sqlalchemy,sql,q05s1,2,3.006868,,ok,,900000,1.14,163437,135263774991824,2026-09-05T12:39:37.897-05:00
106f3e3e544e,campaign-sf1,mado,tpch,Q05,Complex,mysql,indexed,1,2,2,-1,sqlalchemy,orm,q05s1,2,3.007015,,ok,,900000,1.14,163437,135263774991824,2026-09-05T12:39:40.904-05:00
106f3e3e544e,campaign-sf1,mado,tpch,Q05,Complex,mysql,indexed,1,2,2,0,sqlalchemy,orm,q05s1,0,2.999917,5,ok,,900000,1.13,163437,135263774991824,2026-09-05T12:39:43.904-05:00
106f3e3e544e,campaign-sf1,mado,tpch,Q05,Complex,mysql,indexed,1,2,2,1,sqlalchemy,sql,q05s1,0,3.000677,5,ok,,900000,1.12,163437,135263774991824,2026-09-05T12:39:46.905-05:00
106f3e3e544e,campaign-sf1,mado,tpch,Q05,Complex,mysql,indexed,1,2,2,2,django,orm,q05s1,0,3.011375,5,ok,,900000,1.12,163437,135263774991824,2026-09-05T12:39:49.916-05:00
106f3e3e544e,campaign-sf1,mado,tpch,Q05,Complex,mysql,indexed,1,2,2,3,django,sql,q05s1,0,3.000449,5,ok,,900000,1.11,163437,135263774991824,2026-09-05T12:39:52.917-05:00
106f3e3e544e,campaign-sf1,mado,tpch,Q05,Complex,mysql,indexed,1,3,3,-1,django,sql,q05s2,2,3.042041,,ok,,900000,1.11,163437,135263774991824,2026-09-05T12:39:55.964-05:00
106f3e3e544e,campaign-sf1,mado,tpch,Q05,Complex,mysql,indexed,1,3,3,-1,django,orm,q05s2,2,3.035389,,ok,,900000,1.1,163437,135263774991824,2026-09-05T12:39:58.999-05:00
106f3e3e544e,campaign-sf1,mado,tpch,Q05,Complex,mysql,indexed,1,3,3,-1,sqlalchemy,sql,q05s2,2,3.022331,,ok,,900000,1.09,163437,135263774991824,2026-09-05T12:40:02.021-05:00
106f3e3e544e,campaign-sf1,mado,tpch,Q05,Complex,mysql,indexed,1,3,3,-1,sqlalchemy,orm,q05s2,2,3.025786,,ok,,900000,1.09,163437,135263774991824,2026-09-05T12:40:05.047-05:00
106f3e3e544e,campaign-sf1,mado,tpch,Q05,Complex,mysql,indexed,1,3,3,0,sqlalchemy,sql,q05s2,0,3.024538,5,ok,,900000,1.08,163437,135263774991824,2026-09-05T12:40:08.072-05:00
106f3e3e544e,campaign-sf1,mado,tpch,Q05,Complex,mysql,indexed,1,3,3,1,django,sql,q05s2,0,3.023838,5,ok,,900000,1.08,163437,135263774991824,2026-09-05T12:40:11.096-05:00
106f3e3e544e,campaign-sf1,mado,tpch,Q05,Complex,mysql,indexed,1,3,3,2,sqlalchemy,orm,q05s2,0,3.023143,5,ok,,900000,1.08,163437,135263774991824,2026-09-05T12:40:14.119-05:00
106f3e3e544e,campaign-sf1,mado,tpch,Q05,Complex,mysql,indexed,1,3,3,3,django,orm,q05s2,0,3.023954,5,ok,,900000,1.07,163437,135263774991824,2026-09-05T12:40:17.143-05:00
106f3e3e544e,campaign-sf1,mado,tpch,Q05,Complex,mysql,indexed,1,4,1,-1,django,sql,q05s3,2,3.025704,,ok,,900000,1.07,163437,135263774991824,2026-09-05T12:40:20.172-05:00
106f3e3e544e,campaign-sf1,mado,tpch,Q05,Complex,mysql,indexed,1,4,1,-1,django,orm,q05s3,2,3.029814,,ok,,900000,1.06,163437,135263774991824,2026-09-05T12:40:23.202-05:00
106f3e3e544e,campaign-sf1,mado,tpch,Q05,Complex,mysql,indexed,1,4,1,-1,sqlalchemy,sql,q05s3,2,3.015172,,ok,,900000,1.06,163437,135263774991824,2026-09-05T12:40:26.218-05:00
106f3e3e544e,campaign-sf1,mado,tpch,Q05,Complex,mysql,indexed,1,4,1,-1,sqlalchemy,orm,q05s3,2,3.011512,,ok,,900000,1.06,163437,135263774991824,2026-09-05T12:40:29.229-05:00
106f3e3e544e,campaign-sf1,mado,tpch,Q05,Complex,mysql,indexed,1,4,1,0,django,orm,q05s3,0,3.019864,5,ok,,900000,1.05,163437,135263774991824,2026-09-05T12:40:32.249-05:00
106f3e3e544e,campaign-sf1,mado,tpch,Q05,Complex,mysql,indexed,1,4,1,1,sqlalchemy,orm,q05s3,0,3.01289,5,ok,,900000,1.05,163437,135263774991824,2026-09-05T12:40:35.262-05:00
106f3e3e544e,campaign-sf1,mado,tpch,Q05,Complex,mysql,indexed,1,4,1,2,django,sql,q05s3,0,3.014179,5,ok,,900000,1.05,163437,135263774991824,2026-09-05T12:40:38.276-05:00
106f3e3e544e,campaign-sf1,mado,tpch,Q05,Complex,mysql,indexed,1,4,1,3,sqlalchemy,sql,q05s3,0,3.027744,5,ok,,900000,1.05,163437,135263774991824,2026-09-05T12:40:41.304-05:00
106f3e3e544e,campaign-sf1,mado,tpch,Q05,Complex,mysql,indexed,1,5,2,-1,django,sql,q05s4,2,3.131919,,ok,,900000,1.05,163437,135263774991824,2026-09-05T12:40:44.441-05:00
106f3e3e544e,campaign-sf1,mado,tpch,Q05,Complex,mysql,indexed,1,5,2,-1,django,orm,q05s4,2,3.072866,,ok,,900000,1.04,163437,135263774991824,2026-09-05T12:40:47.514-05:00
106f3e3e544e,campaign-sf1,mado,tpch,Q05,Complex,mysql,indexed,1,5,2,-1,sqlalchemy,sql,q05s4,2,3.078202,,ok,,900000,1.04,163437,135263774991824,2026-09-05T12:40:50.592-05:00
106f3e3e544e,campaign-sf1,mado,tpch,Q05,Complex,mysql,indexed,1,5,2,-1,sqlalchemy,orm,q05s4,2,3.21543,,ok,,900000,1.28,163437,135263774991824,2026-09-05T12:40:53.808-05:00
106f3e3e544e,campaign-sf1,mado,tpch,Q05,Complex,mysql,indexed,1,5,2,0,sqlalchemy,orm,q05s4,0,3.07909,5,ok,,900000,1.26,163437,135263774991824,2026-09-05T12:40:56.887-05:00
106f3e3e544e,campaign-sf1,mado,tpch,Q05,Complex,mysql,indexed,1,5,2,1,sqlalchemy,sql,q05s4,0,3.054972,5,ok,,900000,1.26,163437,135263774991824,2026-09-05T12:40:59.942-05:00
106f3e3e544e,campaign-sf1,mado,tpch,Q05,Complex,mysql,indexed,1,5,2,2,django,orm,q05s4,0,3.065671,5,ok,,900000,1.24,163437,135263774991824,2026-09-05T12:41:03.008-05:00
106f3e3e544e,campaign-sf1,mado,tpch,Q05,Complex,mysql,indexed,1,5,2,3,django,sql,q05s4,0,3.067826,5,ok,,900000,1.24,163437,135263774991824,2026-09-05T12:41:06.076-05:00
106f3e3e544e,campaign-sf1,mado,tpch,Q05,Complex,mysql,indexed,1,6,1,-1,django,sql,q05s5,2,3.048294,,ok,,900000,1.22,163437,135263774991824,2026-09-05T12:41:09.129-05:00
106f3e3e544e,campaign-sf1,mado,tpch,Q05,Complex,mysql,indexed,1,6,1,-1,django,orm,q05s5,2,3.048034,,ok,,900000,1.2,163437,135263774991824,2026-09-05T12:41:12.177-05:00
106f3e3e544e,campaign-sf1,mado,tpch,Q05,Complex,mysql,indexed,1,6,1,-1,sqlalchemy,sql,q05s5,2,3.014962,,ok,,900000,1.2,163437,135263774991824,2026-09-05T12:41:15.192-05:00
106f3e3e544e,campaign-sf1,mado,tpch,Q05,Complex,mysql,indexed,1,6,1,-1,sqlalchemy,orm,q05s5,2,3.009163,,ok,,900000,1.18,163437,135263774991824,2026-09-05T12:41:18.201-05:00
106f3e3e544e,campaign-sf1,mado,tpch,Q05,Complex,mysql,indexed,1,6,1,0,django,orm,q05s5,0,3.037566,5,ok,,900000,1.18,163437,135263774991824,2026-09-05T12:41:21.239-05:00
106f3e3e544e,campaign-sf1,mado,tpch,Q05,Complex,mysql,indexed,1,6,1,1,sqlalchemy,orm,q05s5,0,3.023016,5,ok,,900000,1.17,163437,135263774991824,2026-09-05T12:41:24.262-05:00
106f3e3e544e,campaign-sf1,mado,tpch,Q05,Complex,mysql,indexed,1,6,1,2,django,sql,q05s5,0,3.024,5,ok,,900000,1.15,163437,135263774991824,2026-09-05T12:41:27.286-05:00
106f3e3e544e,campaign-sf1,mado,tpch,Q05,Complex,mysql,indexed,1,6,1,3,sqlalchemy,sql,q05s5,0,3.010483,5,ok,,900000,1.15,163437,135263774991824,2026-09-05T12:41:30.297-05:00
106f3e3e544e,campaign-sf1,mado,tpch,Q05,Complex,mysql,indexed,1,7,3,-1,django,sql,q05s6,2,3.036946,,ok,,900000,1.14,163437,135263774991824,2026-09-05T12:41:33.339-05:00
106f3e3e544e,campaign-sf1,mado,tpch,Q05,Complex,mysql,indexed,1,7,3,-1,django,orm,q05s6,2,3.025889,,ok,,900000,1.14,163437,135263774991824,2026-09-05T12:41:36.365-05:00
106f3e3e544e,campaign-sf1,mado,tpch,Q05,Complex,mysql,indexed,1,7,3,-1,sqlalchemy,sql,q05s6,2,3.010475,,ok,,900000,1.13,163437,135263774991824,2026-09-05T12:41:39.375-05:00
106f3e3e544e,campaign-sf1,mado,tpch,Q05,Complex,mysql,indexed,1,7,3,-1,sqlalchemy,orm,q05s6,2,3.004905,,ok,,900000,1.12,163437,135263774991824,2026-09-05T12:41:42.380-05:00
106f3e3e544e,campaign-sf1,mado,tpch,Q05,Complex,mysql,indexed,1,7,3,0,sqlalchemy,sql,q05s6,0,2.999594,5,ok,,900000,1.12,163437,135263774991824,2026-09-05T12:41:45.380-05:00
106f3e3e544e,campaign-sf1,mado,tpch,Q05,Complex,mysql,indexed,1,7,3,1,django,sql,q05s6,0,3.014559,5,ok,,900000,1.11,163437,135263774991824,2026-09-05T12:41:48.395-05:00
106f3e3e544e,campaign-sf1,mado,tpch,Q05,Complex,mysql,indexed,1,7,3,2,sqlalchemy,orm,q05s6,0,2.998596,5,ok,,900000,1.11,163437,135263774991824,2026-09-05T12:41:51.393-05:00
106f3e3e544e,campaign-sf1,mado,tpch,Q05,Complex,mysql,indexed,1,7,3,3,django,orm,q05s6,0,3.028631,5,ok,,900000,1.1,163437,135263774991824,2026-09-05T12:41:54.422-05:00
106f3e3e544e,campaign-sf1,mado,tpch,Q05,Complex,mysql,indexed,1,8,0,-1,django,sql,q05s7,2,3.049919,,ok,,900000,1.09,163437,135263774991824,2026-09-05T12:41:57.476-05:00
106f3e3e544e,campaign-sf1,mado,tpch,Q05,Complex,mysql,indexed,1,8,0,-1,django,orm,q05s7,2,3.051216,,ok,,900000,1.09,163437,135263774991824,2026-09-05T12:42:00.527-05:00
106f3e3e544e,campaign-sf1,mado,tpch,Q05,Complex,mysql,indexed,1,8,0,-1,sqlalchemy,sql,q05s7,2,3.022385,,ok,,900000,1.08,163437,135263774991824,2026-09-05T12:42:03.549-05:00
106f3e3e544e,campaign-sf1,mado,tpch,Q05,Complex,mysql,indexed,1,8,0,-1,sqlalchemy,orm,q05s7,2,3.018901,,ok,,900000,1.08,163437,135263774991824,2026-09-05T12:42:06.568-05:00
106f3e3e544e,campaign-sf1,mado,tpch,Q05,Complex,mysql,indexed,1,8,0,0,django,sql,q05s7,0,3.031974,5,ok,,900000,1.08,163437,135263774991824,2026-09-05T12:42:09.600-05:00
106f3e3e544e,campaign-sf1,mado,tpch,Q05,Complex,mysql,indexed,1,8,0,1,django,orm,q05s7,0,3.038944,5,ok,,900000,1.07,163437,135263774991824,2026-09-05T12:42:12.639-05:00
106f3e3e544e,campaign-sf1,mado,tpch,Q05,Complex,mysql,indexed,1,8,0,2,sqlalchemy,sql,q05s7,0,3.018088,5,ok,,900000,1.07,163437,135263774991824,2026-09-05T12:42:15.658-05:00
106f3e3e544e,campaign-sf1,mado,tpch,Q05,Complex,mysql,indexed,1,8,0,3,sqlalchemy,orm,q05s7,0,3.015597,5,ok,,900000,1.07,163437,135263774991824,2026-09-05T12:42:18.673-05:00
5af7992535e2,campaign-sf1,mado,tpch,Q06,Simple,mysql,indexed,1,0,2,0,sqlalchemy,orm,q06warm,1,6.693226,1,ok,,900000,1.06,163739,135917820395840,2026-09-05T12:42:26.438-05:00
5af7992535e2,campaign-sf1,mado,tpch,Q06,Simple,mysql,indexed,1,0,2,1,sqlalchemy,sql,q06warm,1,6.561127,1,ok,,900000,1.05,163739,135917820395840,2026-09-05T12:42:33.000-05:00
5af7992535e2,campaign-sf1,mado,tpch,Q06,Simple,mysql,indexed,1,0,2,2,django,orm,q06warm,1,7.468324,1,ok,,900000,1.05,163739,135917820395840,2026-09-05T12:42:40.468-05:00
5af7992535e2,campaign-sf1,mado,tpch,Q06,Simple,mysql,indexed,1,0,2,3,django,sql,q06warm,1,6.519099,1,ok,,900000,1.04,163739,135917820395840,2026-09-05T12:42:46.987-05:00
5af7992535e2,campaign-sf1,mado,tpch,Q06,Simple,mysql,indexed,1,1,0,-1,django,sql,q06s0,2,6.585554,,ok,,900000,1.12,163739,135917820395840,2026-09-05T12:42:53.578-05:00
5af7992535e2,campaign-sf1,mado,tpch,Q06,Simple,mysql,indexed,1,1,0,-1,django,orm,q06s0,2,7.705279,,ok,,900000,1.11,163739,135917820395840,2026-09-05T12:43:01.283-05:00
5af7992535e2,campaign-sf1,mado,tpch,Q06,Simple,mysql,indexed,1,1,0,-1,sqlalchemy,sql,q06s0,2,6.609532,,ok,,900000,1.09,163739,135917820395840,2026-09-05T12:43:07.893-05:00
5af7992535e2,campaign-sf1,mado,tpch,Q06,Simple,mysql,indexed,1,1,0,-1,sqlalchemy,orm,q06s0,2,6.715127,,ok,,900000,1.08,163739,135917820395840,2026-09-05T12:43:14.608-05:00
5af7992535e2,campaign-sf1,mado,tpch,Q06,Simple,mysql,indexed,1,1,0,0,django,sql,q06s0,0,6.539649,1,ok,,900000,1.08,163739,135917820395840,2026-09-05T12:43:21.148-05:00
5af7992535e2,campaign-sf1,mado,tpch,Q06,Simple,mysql,indexed,1,1,0,1,django,orm,q06s0,0,7.674286,1,ok,,900000,1.06,163739,135917820395840,2026-09-05T12:43:28.822-05:00
5af7992535e2,campaign-sf1,mado,tpch,Q06,Simple,mysql,indexed,1,1,0,2,sqlalchemy,sql,q06s0,0,6.608004,1,ok,,900000,1.06,163739,135917820395840,2026-09-05T12:43:35.430-05:00
5af7992535e2,campaign-sf1,mado,tpch,Q06,Simple,mysql,indexed,1,1,0,3,sqlalchemy,orm,q06s0,0,6.713826,1,ok,,900000,1.05,163739,135917820395840,2026-09-05T12:43:42.144-05:00
5af7992535e2,campaign-sf1,mado,tpch,Q06,Simple,mysql,indexed,1,2,1,-1,django,sql,q06s1,2,6.532991,,ok,,900000,1.04,163739,135917820395840,2026-09-05T12:43:48.682-05:00
5af7992535e2,campaign-sf1,mado,tpch,Q06,Simple,mysql,indexed,1,2,1,-1,django,orm,q06s1,2,7.516602,,ok,,900000,1.04,163739,135917820395840,2026-09-05T12:43:56.198-05:00
5af7992535e2,campaign-sf1,mado,tpch,Q06,Simple,mysql,indexed,1,2,1,-1,sqlalchemy,sql,q06s1,2,6.603662,,ok,,900000,1.03,163739,135917820395840,2026-09-05T12:44:02.802-05:00
5af7992535e2,campaign-sf1,mado,tpch,Q06,Simple,mysql,indexed,1,2,1,-1,sqlalchemy,orm,q06s1,2,6.694926,,ok,,900000,1.03,163739,135917820395840,2026-09-05T12:44:09.497-05:00
5af7992535e2,campaign-sf1,mado,tpch,Q06,Simple,mysql,indexed,1,2,1,0,django,orm,q06s1,0,7.49049,1,ok,,900000,1.03,163739,135917820395840,2026-09-05T12:44:16.988-05:00
5af7992535e2,campaign-sf1,mado,tpch,Q06,Simple,mysql,indexed,1,2,1,1,sqlalchemy,orm,q06s1,0,6.695702,1,ok,,900000,1.02,163739,135917820395840,2026-09-05T12:44:23.684-05:00
5af7992535e2,campaign-sf1,mado,tpch,Q06,Simple,mysql,indexed,1,2,1,2,django,sql,q06s1,0,6.55747,1,ok,,900000,1.02,163739,135917820395840,2026-09-05T12:44:30.241-05:00
5af7992535e2,campaign-sf1,mado,tpch,Q06,Simple,mysql,indexed,1,2,1,3,sqlalchemy,sql,q06s1,0,6.60152,1,ok,,900000,1.02,163739,135917820395840,2026-09-05T12:44:36.843-05:00
5af7992535e2,campaign-sf1,mado,tpch,Q06,Simple,mysql,indexed,1,3,3,-1,django,sql,q06s2,2,6.452851,,ok,,900000,1.02,163739,135917820395840,2026-09-05T12:44:43.301-05:00
5af7992535e2,campaign-sf1,mado,tpch,Q06,Simple,mysql,indexed,1,3,3,-1,django,orm,q06s2,2,7.832121,,ok,,900000,1.01,163739,135917820395840,2026-09-05T12:44:51.133-05:00
5af7992535e2,campaign-sf1,mado,tpch,Q06,Simple,mysql,indexed,1,3,3,-1,sqlalchemy,sql,q06s2,2,6.52053,,ok,,900000,1.01,163739,135917820395840,2026-09-05T12:44:57.653-05:00
5af7992535e2,campaign-sf1,mado,tpch,Q06,Simple,mysql,indexed,1,3,3,-1,sqlalchemy,orm,q06s2,2,6.64509,,ok,,900000,1.01,163739,135917820395840,2026-09-05T12:45:04.299-05:00
5af7992535e2,campaign-sf1,mado,tpch,Q06,Simple,mysql,indexed,1,3,3,0,sqlalchemy,sql,q06s2,0,6.526205,1,ok,,900000,1.01,163739,135917820395840,2026-09-05T12:45:10.825-05:00
5af7992535e2,campaign-sf1,mado,tpch,Q06,Simple,mysql,indexed,1,3,3,1,django,sql,q06s2,0,6.445612,1,ok,,900000,1.08,163739,135917820395840,2026-09-05T12:45:17.271-05:00
5af7992535e2,campaign-sf1,mado,tpch,Q06,Simple,mysql,indexed,1,3,3,2,sqlalchemy,orm,q06s2,0,6.646849,1,ok,,900000,1.07,163739,135917820395840,2026-09-05T12:45:23.917-05:00
5af7992535e2,campaign-sf1,mado,tpch,Q06,Simple,mysql,indexed,1,3,3,3,django,orm,q06s2,0,7.828525,1,ok,,900000,1.06,163739,135917820395840,2026-09-05T12:45:31.746-05:00
5af7992535e2,campaign-sf1,mado,tpch,Q06,Simple,mysql,indexed,1,4,2,-1,django,sql,q06s3,2,6.501881,,ok,,900000,1.06,163739,135917820395840,2026-09-05T12:45:38.253-05:00
5af7992535e2,campaign-sf1,mado,tpch,Q06,Simple,mysql,indexed,1,4,2,-1,django,orm,q06s3,2,7.716507,,ok,,900000,1.05,163739,135917820395840,2026-09-05T12:45:45.970-05:00
5af7992535e2,campaign-sf1,mado,tpch,Q06,Simple,mysql,indexed,1,4,2,-1,sqlalchemy,sql,q06s3,2,6.571548,,ok,,900000,1.04,163739,135917820395840,2026-09-05T12:45:52.541-05:00
5af7992535e2,campaign-sf1,mado,tpch,Q06,Simple,mysql,indexed,1,4,2,-1,sqlalchemy,orm,q06s3,2,6.68489,,ok,,900000,1.04,163739,135917820395840,2026-09-05T12:45:59.226-05:00
5af7992535e2,campaign-sf1,mado,tpch,Q06,Simple,mysql,indexed,1,4,2,0,sqlalchemy,orm,q06s3,0,6.691553,1,ok,,900000,1.04,163739,135917820395840,2026-09-05T12:46:05.918-05:00
5af7992535e2,campaign-sf1,mado,tpch,Q06,Simple,mysql,indexed,1,4,2,1,sqlalchemy,sql,q06s3,0,6.574239,1,ok,,900000,1.03,163739,135917820395840,2026-09-05T12:46:12.492-05:00
5af7992535e2,campaign-sf1,mado,tpch,Q06,Simple,mysql,indexed,1,4,2,2,django,orm,q06s3,0,7.656783,1,ok,,900000,1.03,163739,135917820395840,2026-09-05T12:46:20.149-05:00
5af7992535e2,campaign-sf1,mado,tpch,Q06,Simple,mysql,indexed,1,4,2,3,django,sql,q06s3,0,6.520029,1,ok,,900000,1.03,163739,135917820395840,2026-09-05T12:46:26.669-05:00
5af7992535e2,campaign-sf1,mado,tpch,Q06,Simple,mysql,indexed,1,5,1,-1,django,sql,q06s4,2,6.58391,,ok,,900000,1.02,163739,135917820395840,2026-09-05T12:46:33.258-05:00
5af7992535e2,campaign-sf1,mado,tpch,Q06,Simple,mysql,indexed,1,5,1,-1,django,orm,q06s4,2,7.811778,,ok,,900000,1.02,163739,135917820395840,2026-09-05T12:46:41.069-05:00
5af7992535e2,campaign-sf1,mado,tpch,Q06,Simple,mysql,indexed,1,5,1,-1,sqlalchemy,sql,q06s4,2,6.645638,,ok,,900000,1.02,163739,135917820395840,2026-09-05T12:46:47.715-05:00
5af7992535e2,campaign-sf1,mado,tpch,Q06,Simple,mysql,indexed,1,5,1,-1,sqlalchemy,orm,q06s4,2,6.767785,,ok,,900000,1.01,163739,135917820395840,2026-09-05T12:46:54.483-05:00
5af7992535e2,campaign-sf1,mado,tpch,Q06,Simple,mysql,indexed,1,5,1,0,django,orm,q06s4,0,7.78735,1,ok,,900000,1.01,163739,135917820395840,2026-09-05T12:47:02.271-05:00
5af7992535e2,campaign-sf1,mado,tpch,Q06,Simple,mysql,indexed,1,5,1,1,sqlalchemy,orm,q06s4,0,6.768029,1,ok,,900000,1.01,163739,135917820395840,2026-09-05T12:47:09.039-05:00
5af7992535e2,campaign-sf1,mado,tpch,Q06,Simple,mysql,indexed,1,5,1,2,django,sql,q06s4,0,6.59046,1,ok,,900000,1.01,163739,135917820395840,2026-09-05T12:47:15.629-05:00
5af7992535e2,campaign-sf1,mado,tpch,Q06,Simple,mysql,indexed,1,5,1,3,sqlalchemy,sql,q06s4,0,6.643101,1,ok,,900000,1.09,163739,135917820395840,2026-09-05T12:47:22.272-05:00
5af7992535e2,campaign-sf1,mado,tpch,Q06,Simple,mysql,indexed,1,6,0,-1,django,sql,q06s5,2,6.532122,,ok,,900000,1.08,163739,135917820395840,2026-09-05T12:47:28.809-05:00
5af7992535e2,campaign-sf1,mado,tpch,Q06,Simple,mysql,indexed,1,6,0,-1,django,orm,q06s5,2,7.448057,,ok,,900000,1.07,163739,135917820395840,2026-09-05T12:47:36.257-05:00
5af7992535e2,campaign-sf1,mado,tpch,Q06,Simple,mysql,indexed,1,6,0,-1,sqlalchemy,sql,q06s5,2,6.595734,,ok,,900000,1.06,163739,135917820395840,2026-09-05T12:47:42.853-05:00
5af7992535e2,campaign-sf1,mado,tpch,Q06,Simple,mysql,indexed,1,6,0,-1,sqlalchemy,orm,q06s5,2,6.680982,,ok,,900000,1.06,163739,135917820395840,2026-09-05T12:47:49.534-05:00
5af7992535e2,campaign-sf1,mado,tpch,Q06,Simple,mysql,indexed,1,6,0,0,django,sql,q06s5,0,6.52742,1,ok,,900000,1.05,163739,135917820395840,2026-09-05T12:47:56.062-05:00
5af7992535e2,campaign-sf1,mado,tpch,Q06,Simple,mysql,indexed,1,6,0,1,django,orm,q06s5,0,7.44093,1,ok,,900000,1.04,163739,135917820395840,2026-09-05T12:48:03.503-05:00
5af7992535e2,campaign-sf1,mado,tpch,Q06,Simple,mysql,indexed,1,6,0,2,sqlalchemy,sql,q06s5,0,6.595154,1,ok,,900000,1.04,163739,135917820395840,2026-09-05T12:48:10.098-05:00
5af7992535e2,campaign-sf1,mado,tpch,Q06,Simple,mysql,indexed,1,6,0,3,sqlalchemy,orm,q06s5,0,6.680772,1,ok,,900000,1.03,163739,135917820395840,2026-09-05T12:48:16.779-05:00
5af7992535e2,campaign-sf1,mado,tpch,Q06,Simple,mysql,indexed,1,7,3,-1,django,sql,q06s6,2,6.49837,,ok,,900000,1.03,163739,135917820395840,2026-09-05T12:48:23.282-05:00
5af7992535e2,campaign-sf1,mado,tpch,Q06,Simple,mysql,indexed,1,7,3,-1,django,orm,q06s6,2,7.614814,,ok,,900000,1.03,163739,135917820395840,2026-09-05T12:48:30.897-05:00
5af7992535e2,campaign-sf1,mado,tpch,Q06,Simple,mysql,indexed,1,7,3,-1,sqlalchemy,sql,q06s6,2,6.565921,,ok,,900000,1.1,163739,135917820395840,2026-09-05T12:48:37.463-05:00
5af7992535e2,campaign-sf1,mado,tpch,Q06,Simple,mysql,indexed,1,7,3,-1,sqlalchemy,orm,q06s6,2,6.668352,,ok,,900000,1.09,163739,135917820395840,2026-09-05T12:48:44.131-05:00
5af7992535e2,campaign-sf1,mado,tpch,Q06,Simple,mysql,indexed,1,7,3,0,sqlalchemy,sql,q06s6,0,6.573596,1,ok,,900000,1.09,163739,135917820395840,2026-09-05T12:48:50.705-05:00
5af7992535e2,campaign-sf1,mado,tpch,Q06,Simple,mysql,indexed,1,7,3,1,django,sql,q06s6,0,6.493936,1,ok,,900000,1.07,163739,135917820395840,2026-09-05T12:48:57.199-05:00
5af7992535e2,campaign-sf1,mado,tpch,Q06,Simple,mysql,indexed,1,7,3,2,sqlalchemy,orm,q06s6,0,6.668818,1,ok,,900000,1.07,163739,135917820395840,2026-09-05T12:49:03.868-05:00
5af7992535e2,campaign-sf1,mado,tpch,Q06,Simple,mysql,indexed,1,7,3,3,django,orm,q06s6,0,7.610994,1,ok,,900000,1.06,163739,135917820395840,2026-09-05T12:49:11.479-05:00
5af7992535e2,campaign-sf1,mado,tpch,Q06,Simple,mysql,indexed,1,8,2,-1,django,sql,q06s7,2,6.439083,,ok,,900000,1.05,163739,135917820395840,2026-09-05T12:49:17.923-05:00
5af7992535e2,campaign-sf1,mado,tpch,Q06,Simple,mysql,indexed,1,8,2,-1,django,orm,q06s7,2,7.519421,,ok,,900000,1.05,163739,135917820395840,2026-09-05T12:49:25.443-05:00
5af7992535e2,campaign-sf1,mado,tpch,Q06,Simple,mysql,indexed,1,8,2,-1,sqlalchemy,sql,q06s7,2,6.508347,,ok,,900000,1.04,163739,135917820395840,2026-09-05T12:49:31.951-05:00
5af7992535e2,campaign-sf1,mado,tpch,Q06,Simple,mysql,indexed,1,8,2,-1,sqlalchemy,orm,q06s7,2,6.598662,,ok,,900000,1.04,163739,135917820395840,2026-09-05T12:49:38.550-05:00
5af7992535e2,campaign-sf1,mado,tpch,Q06,Simple,mysql,indexed,1,8,2,0,sqlalchemy,orm,q06s7,0,6.605143,1,ok,,900000,1.03,163739,135917820395840,2026-09-05T12:49:45.155-05:00
5af7992535e2,campaign-sf1,mado,tpch,Q06,Simple,mysql,indexed,1,8,2,1,sqlalchemy,sql,q06s7,0,6.511938,1,ok,,900000,1.03,163739,135917820395840,2026-09-05T12:49:51.667-05:00
5af7992535e2,campaign-sf1,mado,tpch,Q06,Simple,mysql,indexed,1,8,2,2,django,orm,q06s7,0,7.466705,1,ok,,900000,1.02,163739,135917820395840,2026-09-05T12:49:59.134-05:00
5af7992535e2,campaign-sf1,mado,tpch,Q06,Simple,mysql,indexed,1,8,2,3,django,sql,q06s7,0,6.458878,1,ok,,900000,1.02,163739,135917820395840,2026-09-05T12:50:05.593-05:00
69ff325e1497,campaign-sf1,mado,tpch,Q07,Complex,mysql,indexed,1,0,3,0,sqlalchemy,sql,q07warm,1,4.812306,4,ok,,900000,1.02,163763,138186944210528,2026-09-05T12:50:11.475-05:00
69ff325e1497,campaign-sf1,mado,tpch,Q07,Complex,mysql,indexed,1,0,3,1,django,sql,q07warm,1,4.251,4,ok,,900000,1.02,163763,138186944210528,2026-09-05T12:50:15.727-05:00
69ff325e1497,campaign-sf1,mado,tpch,Q07,Complex,mysql,indexed,1,0,3,2,sqlalchemy,orm,q07warm,1,4.341492,4,ok,,900000,1.02,163763,138186944210528,2026-09-05T12:50:20.068-05:00
69ff325e1497,campaign-sf1,mado,tpch,Q07,Complex,mysql,indexed,1,0,3,3,django,orm,q07warm,1,4.033207,4,ok,,900000,1.02,163763,138186944210528,2026-09-05T12:50:24.101-05:00
69ff325e1497,campaign-sf1,mado,tpch,Q07,Complex,mysql,indexed,1,1,1,-1,django,sql,q07s0,2,4.821402,,ok,,900000,1.01,163763,138186944210528,2026-09-05T12:50:28.928-05:00
69ff325e1497,campaign-sf1,mado,tpch,Q07,Complex,mysql,indexed,1,1,1,-1,django,orm,q07s0,2,4.061056,,ok,,900000,1.01,163763,138186944210528,2026-09-05T12:50:32.989-05:00
69ff325e1497,campaign-sf1,mado,tpch,Q07,Complex,mysql,indexed,1,1,1,-1,sqlalchemy,sql,q07s0,2,4.325875,,ok,,900000,1.01,163763,138186944210528,2026-09-05T12:50:37.315-05:00
69ff325e1497,campaign-sf1,mado,tpch,Q07,Complex,mysql,indexed,1,1,1,-1,sqlalchemy,orm,q07s0,2,4.329883,,ok,,900000,1.01,163763,138186944210528,2026-09-05T12:50:41.645-05:00
69ff325e1497,campaign-sf1,mado,tpch,Q07,Complex,mysql,indexed,1,1,1,0,django,orm,q07s0,0,4.059254,4,ok,,900000,1.01,163763,138186944210528,2026-09-05T12:50:45.704-05:00
69ff325e1497,campaign-sf1,mado,tpch,Q07,Complex,mysql,indexed,1,1,1,1,sqlalchemy,orm,q07s0,0,4.362865,4,ok,,900000,1.01,163763,138186944210528,2026-09-05T12:50:50.067-05:00
69ff325e1497,campaign-sf1,mado,tpch,Q07,Complex,mysql,indexed,1,1,1,2,django,sql,q07s0,0,4.508376,4,ok,,900000,1.33,163763,138186944210528,2026-09-05T12:50:54.575-05:00
69ff325e1497,campaign-sf1,mado,tpch,Q07,Complex,mysql,indexed,1,1,1,3,sqlalchemy,sql,q07s0,0,4.335543,4,ok,,900000,1.3,163763,138186944210528,2026-09-05T12:50:58.911-05:00
69ff325e1497,campaign-sf1,mado,tpch,Q07,Complex,mysql,indexed,1,2,3,-1,django,sql,q07s1,2,4.629797,,ok,,900000,1.28,163763,138186944210528,2026-09-05T12:51:03.546-05:00
69ff325e1497,campaign-sf1,mado,tpch,Q07,Complex,mysql,indexed,1,2,3,-1,django,orm,q07s1,2,4.152143,,ok,,900000,1.26,163763,138186944210528,2026-09-05T12:51:07.698-05:00
69ff325e1497,campaign-sf1,mado,tpch,Q07,Complex,mysql,indexed,1,2,3,-1,sqlalchemy,sql,q07s1,2,4.424544,,ok,,900000,1.23,163763,138186944210528,2026-09-05T12:51:12.123-05:00
69ff325e1497,campaign-sf1,mado,tpch,Q07,Complex,mysql,indexed,1,2,3,-1,sqlalchemy,orm,q07s1,2,4.408639,,ok,,900000,1.23,163763,138186944210528,2026-09-05T12:51:16.532-05:00
69ff325e1497,campaign-sf1,mado,tpch,Q07,Complex,mysql,indexed,1,2,3,0,sqlalchemy,sql,q07s1,0,4.417339,4,ok,,900000,1.22,163763,138186944210528,2026-09-05T12:51:20.949-05:00
69ff325e1497,campaign-sf1,mado,tpch,Q07,Complex,mysql,indexed,1,2,3,1,django,sql,q07s1,0,4.386281,4,ok,,900000,1.2,163763,138186944210528,2026-09-05T12:51:25.336-05:00
69ff325e1497,campaign-sf1,mado,tpch,Q07,Complex,mysql,indexed,1,2,3,2,sqlalchemy,orm,q07s1,0,4.422492,4,ok,,900000,1.18,163763,138186944210528,2026-09-05T12:51:29.758-05:00
69ff325e1497,campaign-sf1,mado,tpch,Q07,Complex,mysql,indexed,1,2,3,3,django,orm,q07s1,0,4.143631,4,ok,,900000,1.17,163763,138186944210528,2026-09-05T12:51:33.902-05:00
69ff325e1497,campaign-sf1,mado,tpch,Q07,Complex,mysql,indexed,1,3,2,-1,django,sql,q07s2,2,4.445016,,ok,,900000,1.15,163763,138186944210528,2026-09-05T12:51:38.352-05:00
69ff325e1497,campaign-sf1,mado,tpch,Q07,Complex,mysql,indexed,1,3,2,-1,django,orm,q07s2,2,3.775565,,ok,,900000,1.14,163763,138186944210528,2026-09-05T12:51:42.127-05:00
69ff325e1497,campaign-sf1,mado,tpch,Q07,Complex,mysql,indexed,1,3,2,-1,sqlalchemy,sql,q07s2,2,4.030626,,ok,,900000,1.14,163763,138186944210528,2026-09-05T12:51:46.158-05:00
69ff325e1497,campaign-sf1,mado,tpch,Q07,Complex,mysql,indexed,1,3,2,-1,sqlalchemy,orm,q07s2,2,4.035592,,ok,,900000,1.13,163763,138186944210528,2026-09-05T12:51:50.194-05:00
69ff325e1497,campaign-sf1,mado,tpch,Q07,Complex,mysql,indexed,1,3,2,0,sqlalchemy,orm,q07s2,0,4.172644,4,ok,,900000,1.2,163763,138186944210528,2026-09-05T12:51:54.366-05:00
69ff325e1497,campaign-sf1,mado,tpch,Q07,Complex,mysql,indexed,1,3,2,1,sqlalchemy,sql,q07s2,0,4.078469,4,ok,,900000,1.18,163763,138186944210528,2026-09-05T12:51:58.445-05:00
69ff325e1497,campaign-sf1,mado,tpch,Q07,Complex,mysql,indexed,1,3,2,2,django,orm,q07s2,0,3.780362,4,ok,,900000,1.17,163763,138186944210528,2026-09-05T12:52:02.226-05:00
69ff325e1497,campaign-sf1,mado,tpch,Q07,Complex,mysql,indexed,1,3,2,3,django,sql,q07s2,0,3.994337,4,ok,,900000,1.17,163763,138186944210528,2026-09-05T12:52:06.220-05:00
69ff325e1497,campaign-sf1,mado,tpch,Q07,Complex,mysql,indexed,1,4,0,-1,django,sql,q07s3,2,4.653417,,ok,,900000,1.15,163763,138186944210528,2026-09-05T12:52:10.878-05:00
69ff325e1497,campaign-sf1,mado,tpch,Q07,Complex,mysql,indexed,1,4,0,-1,django,orm,q07s3,2,4.017148,,ok,,900000,1.14,163763,138186944210528,2026-09-05T12:52:14.895-05:00
69ff325e1497,campaign-sf1,mado,tpch,Q07,Complex,mysql,indexed,1,4,0,-1,sqlalchemy,sql,q07s3,2,4.280621,,ok,,900000,1.13,163763,138186944210528,2026-09-05T12:52:19.176-05:00
69ff325e1497,campaign-sf1,mado,tpch,Q07,Complex,mysql,indexed,1,4,0,-1,sqlalchemy,orm,q07s3,2,4.313324,,ok,,900000,1.12,163763,138186944210528,2026-09-05T12:52:23.489-05:00
69ff325e1497,campaign-sf1,mado,tpch,Q07,Complex,mysql,indexed,1,4,0,0,django,sql,q07s3,0,4.241486,4,ok,,900000,1.11,163763,138186944210528,2026-09-05T12:52:27.731-05:00
69ff325e1497,campaign-sf1,mado,tpch,Q07,Complex,mysql,indexed,1,4,0,1,django,orm,q07s3,0,4.017577,4,ok,,900000,1.11,163763,138186944210528,2026-09-05T12:52:31.749-05:00
69ff325e1497,campaign-sf1,mado,tpch,Q07,Complex,mysql,indexed,1,4,0,2,sqlalchemy,sql,q07s3,0,4.28299,4,ok,,900000,1.1,163763,138186944210528,2026-09-05T12:52:36.032-05:00
69ff325e1497,campaign-sf1,mado,tpch,Q07,Complex,mysql,indexed,1,4,0,3,sqlalchemy,orm,q07s3,0,4.292056,4,ok,,900000,1.09,163763,138186944210528,2026-09-05T12:52:40.324-05:00
69ff325e1497,campaign-sf1,mado,tpch,Q07,Complex,mysql,indexed,1,5,0,-1,django,sql,q07s4,2,4.386082,,ok,,900000,1.08,163763,138186944210528,2026-09-05T12:52:44.715-05:00
69ff325e1497,campaign-sf1,mado,tpch,Q07,Complex,mysql,indexed,1,5,0,-1,django,orm,q07s4,2,3.817364,,ok,,900000,1.08,163763,138186944210528,2026-09-05T12:52:48.532-05:00
69ff325e1497,campaign-sf1,mado,tpch,Q07,Complex,mysql,indexed,1,5,0,-1,sqlalchemy,sql,q07s4,2,4.056401,,ok,,900000,1.07,163763,138186944210528,2026-09-05T12:52:52.589-05:00
69ff325e1497,campaign-sf1,mado,tpch,Q07,Complex,mysql,indexed,1,5,0,-1,sqlalchemy,orm,q07s4,2,4.064175,,ok,,900000,1.07,163763,138186944210528,2026-09-05T12:52:56.653-05:00
69ff325e1497,campaign-sf1,mado,tpch,Q07,Complex,mysql,indexed,1,5,0,0,django,sql,q07s4,0,4.037521,4,ok,,900000,1.07,163763,138186944210528,2026-09-05T12:53:00.691-05:00
69ff325e1497,campaign-sf1,mado,tpch,Q07,Complex,mysql,indexed,1,5,0,1,django,orm,q07s4,0,3.81404,4,ok,,900000,1.06,163763,138186944210528,2026-09-05T12:53:04.505-05:00
69ff325e1497,campaign-sf1,mado,tpch,Q07,Complex,mysql,indexed,1,5,0,2,sqlalchemy,sql,q07s4,0,4.051034,4,ok,,900000,1.06,163763,138186944210528,2026-09-05T12:53:08.556-05:00
69ff325e1497,campaign-sf1,mado,tpch,Q07,Complex,mysql,indexed,1,5,0,3,sqlalchemy,orm,q07s4,0,4.076363,4,ok,,900000,1.05,163763,138186944210528,2026-09-05T12:53:12.632-05:00
69ff325e1497,campaign-sf1,mado,tpch,Q07,Complex,mysql,indexed,1,6,3,-1,django,sql,q07s5,2,4.681134,,ok,,900000,1.05,163763,138186944210528,2026-09-05T12:53:17.318-05:00
69ff325e1497,campaign-sf1,mado,tpch,Q07,Complex,mysql,indexed,1,6,3,-1,django,orm,q07s5,2,4.103483,,ok,,900000,1.05,163763,138186944210528,2026-09-05T12:53:21.422-05:00
69ff325e1497,campaign-sf1,mado,tpch,Q07,Complex,mysql,indexed,1,6,3,-1,sqlalchemy,sql,q07s5,2,4.363166,,ok,,900000,1.04,163763,138186944210528,2026-09-05T12:53:25.785-05:00
69ff325e1497,campaign-sf1,mado,tpch,Q07,Complex,mysql,indexed,1,6,3,-1,sqlalchemy,orm,q07s5,2,4.380263,,ok,,900000,1.04,163763,138186944210528,2026-09-05T12:53:30.165-05:00
69ff325e1497,campaign-sf1,mado,tpch,Q07,Complex,mysql,indexed,1,6,3,0,sqlalchemy,sql,q07s5,0,4.35627,4,ok,,900000,1.04,163763,138186944210528,2026-09-05T12:53:34.522-05:00
69ff325e1497,campaign-sf1,mado,tpch,Q07,Complex,mysql,indexed,1,6,3,1,django,sql,q07s5,0,4.33882,4,ok,,900000,1.03,163763,138186944210528,2026-09-05T12:53:38.861-05:00
69ff325e1497,campaign-sf1,mado,tpch,Q07,Complex,mysql,indexed,1,6,3,2,sqlalchemy,orm,q07s5,0,4.376261,4,ok,,900000,1.03,163763,138186944210528,2026-09-05T12:53:43.237-05:00
69ff325e1497,campaign-sf1,mado,tpch,Q07,Complex,mysql,indexed,1,6,3,3,django,orm,q07s5,0,4.101672,4,ok,,900000,1.03,163763,138186944210528,2026-09-05T12:53:47.339-05:00
69ff325e1497,campaign-sf1,mado,tpch,Q07,Complex,mysql,indexed,1,7,2,-1,django,sql,q07s6,2,4.439479,,ok,,900000,1.03,163763,138186944210528,2026-09-05T12:53:51.783-05:00
69ff325e1497,campaign-sf1,mado,tpch,Q07,Complex,mysql,indexed,1,7,2,-1,django,orm,q07s6,2,4.067266,,ok,,900000,1.02,163763,138186944210528,2026-09-05T12:53:55.850-05:00
69ff325e1497,campaign-sf1,mado,tpch,Q07,Complex,mysql,indexed,1,7,2,-1,sqlalchemy,sql,q07s6,2,4.339986,,ok,,900000,1.02,163763,138186944210528,2026-09-05T12:54:00.191-05:00
69ff325e1497,campaign-sf1,mado,tpch,Q07,Complex,mysql,indexed,1,7,2,-1,sqlalchemy,orm,q07s6,2,4.335629,,ok,,900000,1.02,163763,138186944210528,2026-09-05T12:54:04.526-05:00
69ff325e1497,campaign-sf1,mado,tpch,Q07,Complex,mysql,indexed,1,7,2,0,sqlalchemy,orm,q07s6,0,4.349051,4,ok,,900000,1.02,163763,138186944210528,2026-09-05T12:54:08.875-05:00
69ff325e1497,campaign-sf1,mado,tpch,Q07,Complex,mysql,indexed,1,7,2,1,sqlalchemy,sql,q07s6,0,4.337873,4,ok,,900000,1.02,163763,138186944210528,2026-09-05T12:54:13.213-05:00
69ff325e1497,campaign-sf1,mado,tpch,Q07,Complex,mysql,indexed,1,7,2,2,django,orm,q07s6,0,4.058841,4,ok,,900000,1.02,163763,138186944210528,2026-09-05T12:54:17.272-05:00
69ff325e1497,campaign-sf1,mado,tpch,Q07,Complex,mysql,indexed,1,7,2,3,django,sql,q07s6,0,4.290522,4,ok,,900000,1.02,163763,138186944210528,2026-09-05T12:54:21.563-05:00
69ff325e1497,campaign-sf1,mado,tpch,Q07,Complex,mysql,indexed,1,8,1,-1,django,sql,q07s7,2,4.460128,,ok,,900000,1.01,163763,138186944210528,2026-09-05T12:54:26.028-05:00
69ff325e1497,campaign-sf1,mado,tpch,Q07,Complex,mysql,indexed,1,8,1,-1,django,orm,q07s7,2,4.087525,,ok,,900000,1.01,163763,138186944210528,2026-09-05T12:54:30.115-05:00
69ff325e1497,campaign-sf1,mado,tpch,Q07,Complex,mysql,indexed,1,8,1,-1,sqlalchemy,sql,q07s7,2,4.347117,,ok,,900000,1.01,163763,138186944210528,2026-09-05T12:54:34.463-05:00
69ff325e1497,campaign-sf1,mado,tpch,Q07,Complex,mysql,indexed,1,8,1,-1,sqlalchemy,orm,q07s7,2,4.350403,,ok,,900000,1.01,163763,138186944210528,2026-09-05T12:54:38.813-05:00
69ff325e1497,campaign-sf1,mado,tpch,Q07,Complex,mysql,indexed,1,8,1,0,django,orm,q07s7,0,4.085179,4,ok,,900000,1.01,163763,138186944210528,2026-09-05T12:54:42.898-05:00
69ff325e1497,campaign-sf1,mado,tpch,Q07,Complex,mysql,indexed,1,8,1,1,sqlalchemy,orm,q07s7,0,4.338943,4,ok,,900000,1.01,163763,138186944210528,2026-09-05T12:54:47.237-05:00
69ff325e1497,campaign-sf1,mado,tpch,Q07,Complex,mysql,indexed,1,8,1,2,django,sql,q07s7,0,4.317356,4,ok,,900000,1.01,163763,138186944210528,2026-09-05T12:54:51.555-05:00
69ff325e1497,campaign-sf1,mado,tpch,Q07,Complex,mysql,indexed,1,8,1,3,sqlalchemy,sql,q07s7,0,4.342,4,ok,,900000,1.01,163763,138186944210528,2026-09-05T12:54:55.897-05:00
d2bf76b0aa32,campaign-sf1,mado,tpch,Q08,Very Complex,mysql,indexed,1,0,0,0,django,sql,q08warm,1,1.30594,2,ok,,900000,1.01,163794,132178979307200,2026-09-05T12:54:58.281-05:00
d2bf76b0aa32,campaign-sf1,mado,tpch,Q08,Very Complex,mysql,indexed,1,0,0,1,django,orm,q08warm,1,0.742652,2,ok,,900000,1.01,163794,132178979307200,2026-09-05T12:54:59.024-05:00
d2bf76b0aa32,campaign-sf1,mado,tpch,Q08,Very Complex,mysql,indexed,1,0,0,2,sqlalchemy,sql,q08warm,1,0.75355,2,ok,,900000,1.01,163794,132178979307200,2026-09-05T12:54:59.778-05:00
d2bf76b0aa32,campaign-sf1,mado,tpch,Q08,Very Complex,mysql,indexed,1,0,0,3,sqlalchemy,orm,q08warm,1,0.797549,2,ok,,900000,1.01,163794,132178979307200,2026-09-05T12:55:00.575-05:00
d2bf76b0aa32,campaign-sf1,mado,tpch,Q08,Very Complex,mysql,indexed,1,1,1,-1,django,sql,q08s0,2,1.232723,,ok,,900000,1.01,163794,132178979307200,2026-09-05T12:55:01.813-05:00
d2bf76b0aa32,campaign-sf1,mado,tpch,Q08,Very Complex,mysql,indexed,1,1,1,-1,django,orm,q08s0,2,0.817693,,ok,,900000,1.01,163794,132178979307200,2026-09-05T12:55:02.631-05:00
d2bf76b0aa32,campaign-sf1,mado,tpch,Q08,Very Complex,mysql,indexed,1,1,1,-1,sqlalchemy,sql,q08s0,2,0.833962,,ok,,900000,1.01,163794,132178979307200,2026-09-05T12:55:03.465-05:00
d2bf76b0aa32,campaign-sf1,mado,tpch,Q08,Very Complex,mysql,indexed,1,1,1,-1,sqlalchemy,orm,q08s0,2,0.836431,,ok,,900000,1.01,163794,132178979307200,2026-09-05T12:55:04.301-05:00
d2bf76b0aa32,campaign-sf1,mado,tpch,Q08,Very Complex,mysql,indexed,1,1,1,0,django,orm,q08s0,0,0.812736,2,ok,,900000,1.01,163794,132178979307200,2026-09-05T12:55:05.114-05:00
d2bf76b0aa32,campaign-sf1,mado,tpch,Q08,Very Complex,mysql,indexed,1,1,1,1,sqlalchemy,orm,q08s0,0,0.836019,2,ok,,900000,1.01,163794,132178979307200,2026-09-05T12:55:05.950-05:00
d2bf76b0aa32,campaign-sf1,mado,tpch,Q08,Very Complex,mysql,indexed,1,1,1,2,django,sql,q08s0,0,0.810766,2,ok,,900000,1.01,163794,132178979307200,2026-09-05T12:55:06.761-05:00
d2bf76b0aa32,campaign-sf1,mado,tpch,Q08,Very Complex,mysql,indexed,1,1,1,3,sqlalchemy,sql,q08s0,0,0.830738,2,ok,,900000,1.0,163794,132178979307200,2026-09-05T12:55:07.592-05:00
d2bf76b0aa32,campaign-sf1,mado,tpch,Q08,Very Complex,mysql,indexed,1,2,2,-1,django,sql,q08s1,2,1.100784,,ok,,900000,1.0,163794,132178979307200,2026-09-05T12:55:08.698-05:00
d2bf76b0aa32,campaign-sf1,mado,tpch,Q08,Very Complex,mysql,indexed,1,2,2,-1,django,orm,q08s1,2,0.75728,,ok,,900000,1.0,163794,132178979307200,2026-09-05T12:55:09.455-05:00
d2bf76b0aa32,campaign-sf1,mado,tpch,Q08,Very Complex,mysql,indexed,1,2,2,-1,sqlalchemy,sql,q08s1,2,0.770868,,ok,,900000,1.0,163794,132178979307200,2026-09-05T12:55:10.226-05:00
d2bf76b0aa32,campaign-sf1,mado,tpch,Q08,Very Complex,mysql,indexed,1,2,2,-1,sqlalchemy,orm,q08s1,2,0.774105,,ok,,900000,1.0,163794,132178979307200,2026-09-05T12:55:11.000-05:00
d2bf76b0aa32,campaign-sf1,mado,tpch,Q08,Very Complex,mysql,indexed,1,2,2,0,sqlalchemy,orm,q08s1,0,0.772509,2,ok,,900000,1.0,163794,132178979307200,2026-09-05T12:55:11.773-05:00
d2bf76b0aa32,campaign-sf1,mado,tpch,Q08,Very Complex,mysql,indexed,1,2,2,1,sqlalchemy,sql,q08s1,0,0.769029,2,ok,,900000,1.0,163794,132178979307200,2026-09-05T12:55:12.542-05:00
d2bf76b0aa32,campaign-sf1,mado,tpch,Q08,Very Complex,mysql,indexed,1,2,2,2,django,orm,q08s1,0,0.751894,2,ok,,900000,1.0,163794,132178979307200,2026-09-05T12:55:13.294-05:00
d2bf76b0aa32,campaign-sf1,mado,tpch,Q08,Very Complex,mysql,indexed,1,2,2,3,django,sql,q08s1,0,0.75061,2,ok,,900000,1.0,163794,132178979307200,2026-09-05T12:55:14.045-05:00
d2bf76b0aa32,campaign-sf1,mado,tpch,Q08,Very Complex,mysql,indexed,1,3,3,-1,django,sql,q08s2,2,1.018934,,ok,,900000,1.0,163794,132178979307200,2026-09-05T12:55:15.068-05:00
d2bf76b0aa32,campaign-sf1,mado,tpch,Q08,Very Complex,mysql,indexed,1,3,3,-1,django,orm,q08s2,2,0.770687,,ok,,900000,1.0,163794,132178979307200,2026-09-05T12:55:15.839-05:00
d2bf76b0aa32,campaign-sf1,mado,tpch,Q08,Very Complex,mysql,indexed,1,3,3,-1,sqlalchemy,sql,q08s2,2,0.782843,,ok,,900000,1.0,163794,132178979307200,2026-09-05T12:55:16.622-05:00
d2bf76b0aa32,campaign-sf1,mado,tpch,Q08,Very Complex,mysql,indexed,1,3,3,-1,sqlalchemy,orm,q08s2,2,0.785787,,ok,,900000,1.0,163794,132178979307200,2026-09-05T12:55:17.408-05:00
d2bf76b0aa32,campaign-sf1,mado,tpch,Q08,Very Complex,mysql,indexed,1,3,3,0,sqlalchemy,sql,q08s2,0,0.781879,2,ok,,900000,1.0,163794,132178979307200,2026-09-05T12:55:18.190-05:00
d2bf76b0aa32,campaign-sf1,mado,tpch,Q08,Very Complex,mysql,indexed,1,3,3,1,django,sql,q08s2,0,0.762144,2,ok,,900000,1.0,163794,132178979307200,2026-09-05T12:55:18.952-05:00
d2bf76b0aa32,campaign-sf1,mado,tpch,Q08,Very Complex,mysql,indexed,1,3,3,2,sqlalchemy,orm,q08s2,0,0.78427,2,ok,,900000,1.0,163794,132178979307200,2026-09-05T12:55:19.736-05:00
d2bf76b0aa32,campaign-sf1,mado,tpch,Q08,Very Complex,mysql,indexed,1,3,3,3,django,orm,q08s2,0,0.763239,2,ok,,900000,1.0,163794,132178979307200,2026-09-05T12:55:20.500-05:00
d2bf76b0aa32,campaign-sf1,mado,tpch,Q08,Very Complex,mysql,indexed,1,4,0,-1,django,sql,q08s3,2,1.006218,,ok,,900000,1.0,163794,132178979307200,2026-09-05T12:55:21.511-05:00
d2bf76b0aa32,campaign-sf1,mado,tpch,Q08,Very Complex,mysql,indexed,1,4,0,-1,django,orm,q08s3,2,0.746415,,ok,,900000,1.0,163794,132178979307200,2026-09-05T12:55:22.257-05:00
d2bf76b0aa32,campaign-sf1,mado,tpch,Q08,Very Complex,mysql,indexed,1,4,0,-1,sqlalchemy,sql,q08s3,2,0.763816,,ok,,900000,1.0,163794,132178979307200,2026-09-05T12:55:23.021-05:00
d2bf76b0aa32,campaign-sf1,mado,tpch,Q08,Very Complex,mysql,indexed,1,4,0,-1,sqlalchemy,orm,q08s3,2,0.76569,,ok,,900000,1.0,163794,132178979307200,2026-09-05T12:55:23.787-05:00
d2bf76b0aa32,campaign-sf1,mado,tpch,Q08,Very Complex,mysql,indexed,1,4,0,0,django,sql,q08s3,0,0.73888,2,ok,,900000,1.0,163794,132178979307200,2026-09-05T12:55:24.526-05:00
d2bf76b0aa32,campaign-sf1,mado,tpch,Q08,Very Complex,mysql,indexed,1,4,0,1,django,orm,q08s3,0,0.740647,2,ok,,900000,1.0,163794,132178979307200,2026-09-05T12:55:25.267-05:00
d2bf76b0aa32,campaign-sf1,mado,tpch,Q08,Very Complex,mysql,indexed,1,4,0,2,sqlalchemy,sql,q08s3,0,0.761262,2,ok,,900000,1.0,163794,132178979307200,2026-09-05T12:55:26.028-05:00
d2bf76b0aa32,campaign-sf1,mado,tpch,Q08,Very Complex,mysql,indexed,1,4,0,3,sqlalchemy,orm,q08s3,0,0.765275,2,ok,,900000,1.0,163794,132178979307200,2026-09-05T12:55:26.793-05:00
d2bf76b0aa32,campaign-sf1,mado,tpch,Q08,Very Complex,mysql,indexed,1,5,1,-1,django,sql,q08s4,2,1.043986,,ok,,900000,1.0,163794,132178979307200,2026-09-05T12:55:27.842-05:00
d2bf76b0aa32,campaign-sf1,mado,tpch,Q08,Very Complex,mysql,indexed,1,5,1,-1,django,orm,q08s4,2,0.797623,,ok,,900000,1.0,163794,132178979307200,2026-09-05T12:55:28.640-05:00
d2bf76b0aa32,campaign-sf1,mado,tpch,Q08,Very Complex,mysql,indexed,1,5,1,-1,sqlalchemy,sql,q08s4,2,0.811015,,ok,,900000,1.0,163794,132178979307200,2026-09-05T12:55:29.451-05:00
d2bf76b0aa32,campaign-sf1,mado,tpch,Q08,Very Complex,mysql,indexed,1,5,1,-1,sqlalchemy,orm,q08s4,2,0.813201,,ok,,900000,1.0,163794,132178979307200,2026-09-05T12:55:30.264-05:00
d2bf76b0aa32,campaign-sf1,mado,tpch,Q08,Very Complex,mysql,indexed,1,5,1,0,django,orm,q08s4,0,0.786949,2,ok,,900000,1.0,163794,132178979307200,2026-09-05T12:55:31.051-05:00
d2bf76b0aa32,campaign-sf1,mado,tpch,Q08,Very Complex,mysql,indexed,1,5,1,1,sqlalchemy,orm,q08s4,0,0.812764,2,ok,,900000,1.0,163794,132178979307200,2026-09-05T12:55:31.864-05:00
d2bf76b0aa32,campaign-sf1,mado,tpch,Q08,Very Complex,mysql,indexed,1,5,1,2,django,sql,q08s4,0,0.785684,2,ok,,900000,1.0,163794,132178979307200,2026-09-05T12:55:32.650-05:00
d2bf76b0aa32,campaign-sf1,mado,tpch,Q08,Very Complex,mysql,indexed,1,5,1,3,sqlalchemy,sql,q08s4,0,0.809515,2,ok,,900000,1.0,163794,132178979307200,2026-09-05T12:55:33.460-05:00
d2bf76b0aa32,campaign-sf1,mado,tpch,Q08,Very Complex,mysql,indexed,1,6,2,-1,django,sql,q08s5,2,0.977875,,ok,,900000,1.0,163794,132178979307200,2026-09-05T12:55:34.443-05:00
d2bf76b0aa32,campaign-sf1,mado,tpch,Q08,Very Complex,mysql,indexed,1,6,2,-1,django,orm,q08s5,2,0.759487,,ok,,900000,1.0,163794,132178979307200,2026-09-05T12:55:35.202-05:00
d2bf76b0aa32,campaign-sf1,mado,tpch,Q08,Very Complex,mysql,indexed,1,6,2,-1,sqlalchemy,sql,q08s5,2,0.772403,,ok,,900000,1.0,163794,132178979307200,2026-09-05T12:55:35.975-05:00
d2bf76b0aa32,campaign-sf1,mado,tpch,Q08,Very Complex,mysql,indexed,1,6,2,-1,sqlalchemy,orm,q08s5,2,0.77497,,ok,,900000,1.0,163794,132178979307200,2026-09-05T12:55:36.750-05:00
d2bf76b0aa32,campaign-sf1,mado,tpch,Q08,Very Complex,mysql,indexed,1,6,2,0,sqlalchemy,orm,q08s5,0,0.774827,2,ok,,900000,1.0,163794,132178979307200,2026-09-05T12:55:37.525-05:00
d2bf76b0aa32,campaign-sf1,mado,tpch,Q08,Very Complex,mysql,indexed,1,6,2,1,sqlalchemy,sql,q08s5,0,0.770304,2,ok,,900000,1.0,163794,132178979307200,2026-09-05T12:55:38.295-05:00
d2bf76b0aa32,campaign-sf1,mado,tpch,Q08,Very Complex,mysql,indexed,1,6,2,2,django,orm,q08s5,0,0.754253,2,ok,,900000,1.0,163794,132178979307200,2026-09-05T12:55:39.049-05:00
d2bf76b0aa32,campaign-sf1,mado,tpch,Q08,Very Complex,mysql,indexed,1,6,2,3,django,sql,q08s5,0,0.750986,2,ok,,900000,1.0,163794,132178979307200,2026-09-05T12:55:39.800-05:00
d2bf76b0aa32,campaign-sf1,mado,tpch,Q08,Very Complex,mysql,indexed,1,7,0,-1,django,sql,q08s6,2,0.963079,,ok,,900000,1.0,163794,132178979307200,2026-09-05T12:55:40.769-05:00
d2bf76b0aa32,campaign-sf1,mado,tpch,Q08,Very Complex,mysql,indexed,1,7,0,-1,django,orm,q08s6,2,0.765873,,ok,,900000,1.0,163794,132178979307200,2026-09-05T12:55:41.535-05:00
d2bf76b0aa32,campaign-sf1,mado,tpch,Q08,Very Complex,mysql,indexed,1,7,0,-1,sqlalchemy,sql,q08s6,2,0.780427,,ok,,900000,1.0,163794,132178979307200,2026-09-05T12:55:42.315-05:00
d2bf76b0aa32,campaign-sf1,mado,tpch,Q08,Very Complex,mysql,indexed,1,7,0,-1,sqlalchemy,orm,q08s6,2,0.783245,,ok,,900000,1.0,163794,132178979307200,2026-09-05T12:55:43.099-05:00
d2bf76b0aa32,campaign-sf1,mado,tpch,Q08,Very Complex,mysql,indexed,1,7,0,0,django,sql,q08s6,0,0.760339,2,ok,,900000,1.0,163794,132178979307200,2026-09-05T12:55:43.859-05:00
d2bf76b0aa32,campaign-sf1,mado,tpch,Q08,Very Complex,mysql,indexed,1,7,0,1,django,orm,q08s6,0,0.760238,2,ok,,900000,1.0,163794,132178979307200,2026-09-05T12:55:44.619-05:00
d2bf76b0aa32,campaign-sf1,mado,tpch,Q08,Very Complex,mysql,indexed,1,7,0,2,sqlalchemy,sql,q08s6,0,0.778218,2,ok,,900000,1.0,163794,132178979307200,2026-09-05T12:55:45.398-05:00
d2bf76b0aa32,campaign-sf1,mado,tpch,Q08,Very Complex,mysql,indexed,1,7,0,3,sqlalchemy,orm,q08s6,0,0.78235,2,ok,,900000,1.0,163794,132178979307200,2026-09-05T12:55:46.180-05:00
d2bf76b0aa32,campaign-sf1,mado,tpch,Q08,Very Complex,mysql,indexed,1,8,3,-1,django,sql,q08s7,2,0.910438,,ok,,900000,1.0,163794,132178979307200,2026-09-05T12:55:47.095-05:00
d2bf76b0aa32,campaign-sf1,mado,tpch,Q08,Very Complex,mysql,indexed,1,8,3,-1,django,orm,q08s7,2,0.7392,,ok,,900000,1.0,163794,132178979307200,2026-09-05T12:55:47.835-05:00
d2bf76b0aa32,campaign-sf1,mado,tpch,Q08,Very Complex,mysql,indexed,1,8,3,-1,sqlalchemy,sql,q08s7,2,0.755859,,ok,,900000,1.0,163794,132178979307200,2026-09-05T12:55:48.591-05:00
d2bf76b0aa32,campaign-sf1,mado,tpch,Q08,Very Complex,mysql,indexed,1,8,3,-1,sqlalchemy,orm,q08s7,2,0.75906,,ok,,900000,1.0,163794,132178979307200,2026-09-05T12:55:49.350-05:00
d2bf76b0aa32,campaign-sf1,mado,tpch,Q08,Very Complex,mysql,indexed,1,8,3,0,sqlalchemy,sql,q08s7,0,0.7546,2,ok,,900000,1.0,163794,132178979307200,2026-09-05T12:55:50.104-05:00
d2bf76b0aa32,campaign-sf1,mado,tpch,Q08,Very Complex,mysql,indexed,1,8,3,1,django,sql,q08s7,0,0.73242,2,ok,,900000,1.0,163794,132178979307200,2026-09-05T12:55:50.837-05:00
d2bf76b0aa32,campaign-sf1,mado,tpch,Q08,Very Complex,mysql,indexed,1,8,3,2,sqlalchemy,orm,q08s7,0,0.75834,2,ok,,900000,1.0,163794,132178979307200,2026-09-05T12:55:51.595-05:00
d2bf76b0aa32,campaign-sf1,mado,tpch,Q08,Very Complex,mysql,indexed,1,8,3,3,django,orm,q08s7,0,0.734512,2,ok,,900000,1.0,163794,132178979307200,2026-09-05T12:55:52.330-05:00
f7f14780ab25,campaign-sf1,mado,tpch,Q09,Very Complex,mysql,indexed,1,0,0,0,django,sql,q09warm,1,11.986278,175,ok,,900000,1.0,163800,131576270043376,2026-09-05T12:56:05.394-05:00
f7f14780ab25,campaign-sf1,mado,tpch,Q09,Very Complex,mysql,indexed,1,0,0,1,django,orm,q09warm,1,7.291391,175,ok,,900000,1.0,163800,131576270043376,2026-09-05T12:56:12.686-05:00
f7f14780ab25,campaign-sf1,mado,tpch,Q09,Very Complex,mysql,indexed,1,0,0,2,sqlalchemy,sql,q09warm,1,6.473519,175,ok,,900000,1.0,163800,131576270043376,2026-09-05T12:56:19.160-05:00
f7f14780ab25,campaign-sf1,mado,tpch,Q09,Very Complex,mysql,indexed,1,0,0,3,sqlalchemy,orm,q09warm,1,6.42923,175,ok,,900000,1.0,163800,131576270043376,2026-09-05T12:56:25.589-05:00
f7f14780ab25,campaign-sf1,mado,tpch,Q09,Very Complex,mysql,indexed,1,1,1,-1,django,sql,q09s0,2,7.425192,,ok,,900000,1.0,163800,131576270043376,2026-09-05T12:56:33.019-05:00
f7f14780ab25,campaign-sf1,mado,tpch,Q09,Very Complex,mysql,indexed,1,1,1,-1,django,orm,q09s0,2,7.201386,,ok,,900000,1.0,163800,131576270043376,2026-09-05T12:56:40.220-05:00
f7f14780ab25,campaign-sf1,mado,tpch,Q09,Very Complex,mysql,indexed,1,1,1,-1,sqlalchemy,sql,q09s0,2,6.33574,,ok,,900000,1.0,163800,131576270043376,2026-09-05T12:56:46.556-05:00
f7f14780ab25,campaign-sf1,mado,tpch,Q09,Very Complex,mysql,indexed,1,1,1,-1,sqlalchemy,orm,q09s0,2,6.306081,,ok,,900000,1.0,163800,131576270043376,2026-09-05T12:56:52.862-05:00
f7f14780ab25,campaign-sf1,mado,tpch,Q09,Very Complex,mysql,indexed,1,1,1,0,django,orm,q09s0,0,7.319265,175,ok,,900000,1.0,163800,131576270043376,2026-09-05T12:57:00.182-05:00
f7f14780ab25,campaign-sf1,mado,tpch,Q09,Very Complex,mysql,indexed,1,1,1,1,sqlalchemy,orm,q09s0,0,6.286224,175,ok,,900000,1.0,163800,131576270043376,2026-09-05T12:57:06.468-05:00
f7f14780ab25,campaign-sf1,mado,tpch,Q09,Very Complex,mysql,indexed,1,1,1,2,django,sql,q09s0,0,6.363372,175,ok,,900000,1.0,163800,131576270043376,2026-09-05T12:57:12.832-05:00
f7f14780ab25,campaign-sf1,mado,tpch,Q09,Very Complex,mysql,indexed,1,1,1,3,sqlalchemy,sql,q09s0,0,6.354628,175,ok,,900000,1.0,163800,131576270043376,2026-09-05T12:57:19.186-05:00
f7f14780ab25,campaign-sf1,mado,tpch,Q09,Very Complex,mysql,indexed,1,2,3,-1,django,sql,q09s1,2,6.909257,,ok,,900000,1.0,163800,131576270043376,2026-09-05T12:57:26.100-05:00
f7f14780ab25,campaign-sf1,mado,tpch,Q09,Very Complex,mysql,indexed,1,2,3,-1,django,orm,q09s1,2,7.26649,,ok,,900000,1.0,163800,131576270043376,2026-09-05T12:57:33.367-05:00
f7f14780ab25,campaign-sf1,mado,tpch,Q09,Very Complex,mysql,indexed,1,2,3,-1,sqlalchemy,sql,q09s1,2,6.40969,,ok,,900000,1.0,163800,131576270043376,2026-09-05T12:57:39.776-05:00
f7f14780ab25,campaign-sf1,mado,tpch,Q09,Very Complex,mysql,indexed,1,2,3,-1,sqlalchemy,orm,q09s1,2,6.355759,,ok,,900000,1.0,163800,131576270043376,2026-09-05T12:57:46.132-05:00
f7f14780ab25,campaign-sf1,mado,tpch,Q09,Very Complex,mysql,indexed,1,2,3,0,sqlalchemy,sql,q09s1,0,6.420543,175,ok,,900000,1.0,163800,131576270043376,2026-09-05T12:57:52.553-05:00
f7f14780ab25,campaign-sf1,mado,tpch,Q09,Very Complex,mysql,indexed,1,2,3,1,django,sql,q09s1,0,6.441208,175,ok,,900000,1.0,163800,131576270043376,2026-09-05T12:57:58.994-05:00
f7f14780ab25,campaign-sf1,mado,tpch,Q09,Very Complex,mysql,indexed,1,2,3,2,sqlalchemy,orm,q09s1,0,6.356718,175,ok,,900000,1.0,163800,131576270043376,2026-09-05T12:58:05.351-05:00
f7f14780ab25,campaign-sf1,mado,tpch,Q09,Very Complex,mysql,indexed,1,2,3,3,django,orm,q09s1,0,7.274731,175,ok,,900000,1.0,163800,131576270043376,2026-09-05T12:58:12.626-05:00
f7f14780ab25,campaign-sf1,mado,tpch,Q09,Very Complex,mysql,indexed,1,3,0,-1,django,sql,q09s2,2,6.638943,,ok,,900000,1.0,163800,131576270043376,2026-09-05T12:58:19.270-05:00
f7f14780ab25,campaign-sf1,mado,tpch,Q09,Very Complex,mysql,indexed,1,3,0,-1,django,orm,q09s2,2,7.229201,,ok,,900000,1.0,163800,131576270043376,2026-09-05T12:58:26.499-05:00
f7f14780ab25,campaign-sf1,mado,tpch,Q09,Very Complex,mysql,indexed,1,3,0,-1,sqlalchemy,sql,q09s2,2,6.3726,,ok,,900000,1.0,163800,131576270043376,2026-09-05T12:58:32.872-05:00
f7f14780ab25,campaign-sf1,mado,tpch,Q09,Very Complex,mysql,indexed,1,3,0,-1,sqlalchemy,orm,q09s2,2,6.320125,,ok,,900000,1.0,163800,131576270043376,2026-09-05T12:58:39.192-05:00
f7f14780ab25,campaign-sf1,mado,tpch,Q09,Very Complex,mysql,indexed,1,3,0,0,django,sql,q09s2,0,6.385204,175,ok,,900000,1.0,163800,131576270043376,2026-09-05T12:58:45.577-05:00
f7f14780ab25,campaign-sf1,mado,tpch,Q09,Very Complex,mysql,indexed,1,3,0,1,django,orm,q09s2,0,7.232533,175,ok,,900000,1.0,163800,131576270043376,2026-09-05T12:58:52.810-05:00
f7f14780ab25,campaign-sf1,mado,tpch,Q09,Very Complex,mysql,indexed,1,3,0,2,sqlalchemy,sql,q09s2,0,6.368417,175,ok,,900000,1.0,163800,131576270043376,2026-09-05T12:58:59.178-05:00
f7f14780ab25,campaign-sf1,mado,tpch,Q09,Very Complex,mysql,indexed,1,3,0,3,sqlalchemy,orm,q09s2,0,6.322072,175,ok,,900000,1.0,163800,131576270043376,2026-09-05T12:59:05.501-05:00
f7f14780ab25,campaign-sf1,mado,tpch,Q09,Very Complex,mysql,indexed,1,4,2,-1,django,sql,q09s3,2,6.728539,,ok,,900000,1.0,163800,131576270043376,2026-09-05T12:59:12.236-05:00
f7f14780ab25,campaign-sf1,mado,tpch,Q09,Very Complex,mysql,indexed,1,4,2,-1,django,orm,q09s3,2,7.36872,,ok,,900000,1.0,163800,131576270043376,2026-09-05T12:59:19.605-05:00
f7f14780ab25,campaign-sf1,mado,tpch,Q09,Very Complex,mysql,indexed,1,4,2,-1,sqlalchemy,sql,q09s3,2,6.500389,,ok,,900000,1.0,163800,131576270043376,2026-09-05T12:59:26.105-05:00
f7f14780ab25,campaign-sf1,mado,tpch,Q09,Very Complex,mysql,indexed,1,4,2,-1,sqlalchemy,orm,q09s3,2,6.46078,,ok,,900000,1.0,163800,131576270043376,2026-09-05T12:59:32.566-05:00
f7f14780ab25,campaign-sf1,mado,tpch,Q09,Very Complex,mysql,indexed,1,4,2,0,sqlalchemy,orm,q09s3,0,6.455204,175,ok,,900000,1.0,163800,131576270043376,2026-09-05T12:59:39.021-05:00
f7f14780ab25,campaign-sf1,mado,tpch,Q09,Very Complex,mysql,indexed,1,4,2,1,sqlalchemy,sql,q09s3,0,6.504161,175,ok,,900000,1.0,163800,131576270043376,2026-09-05T12:59:45.526-05:00
f7f14780ab25,campaign-sf1,mado,tpch,Q09,Very Complex,mysql,indexed,1,4,2,2,django,orm,q09s3,0,7.372851,175,ok,,900000,1.0,163800,131576270043376,2026-09-05T12:59:52.899-05:00
f7f14780ab25,campaign-sf1,mado,tpch,Q09,Very Complex,mysql,indexed,1,4,2,3,django,sql,q09s3,0,6.531924,175,ok,,900000,1.0,163800,131576270043376,2026-09-05T12:59:59.431-05:00
f7f14780ab25,campaign-sf1,mado,tpch,Q09,Very Complex,mysql,indexed,1,5,1,-1,django,sql,q09s4,2,6.692566,,ok,,900000,1.0,163800,131576270043376,2026-09-05T13:00:06.128-05:00
f7f14780ab25,campaign-sf1,mado,tpch,Q09,Very Complex,mysql,indexed,1,5,1,-1,django,orm,q09s4,2,7.436911,,ok,,900000,1.0,163800,131576270043376,2026-09-05T13:00:13.565-05:00
f7f14780ab25,campaign-sf1,mado,tpch,Q09,Very Complex,mysql,indexed,1,5,1,-1,sqlalchemy,sql,q09s4,2,6.508166,,ok,,900000,1.0,163800,131576270043376,2026-09-05T13:00:20.073-05:00
f7f14780ab25,campaign-sf1,mado,tpch,Q09,Very Complex,mysql,indexed,1,5,1,-1,sqlalchemy,orm,q09s4,2,6.444432,,ok,,900000,1.0,163800,131576270043376,2026-09-05T13:00:26.518-05:00
f7f14780ab25,campaign-sf1,mado,tpch,Q09,Very Complex,mysql,indexed,1,5,1,0,django,orm,q09s4,0,7.446314,175,ok,,900000,1.08,163800,131576270043376,2026-09-05T13:00:33.964-05:00
f7f14780ab25,campaign-sf1,mado,tpch,Q09,Very Complex,mysql,indexed,1,5,1,1,sqlalchemy,orm,q09s4,0,6.448673,175,ok,,900000,1.07,163800,131576270043376,2026-09-05T13:00:40.413-05:00
f7f14780ab25,campaign-sf1,mado,tpch,Q09,Very Complex,mysql,indexed,1,5,1,2,django,sql,q09s4,0,6.565997,175,ok,,900000,1.06,163800,131576270043376,2026-09-05T13:00:46.979-05:00
f7f14780ab25,campaign-sf1,mado,tpch,Q09,Very Complex,mysql,indexed,1,5,1,3,sqlalchemy,sql,q09s4,0,6.506962,175,ok,,900000,1.06,163800,131576270043376,2026-09-05T13:00:53.486-05:00
f7f14780ab25,campaign-sf1,mado,tpch,Q09,Very Complex,mysql,indexed,1,6,2,-1,django,sql,q09s5,2,6.678111,,ok,,900000,1.05,163800,131576270043376,2026-09-05T13:01:00.169-05:00
f7f14780ab25,campaign-sf1,mado,tpch,Q09,Very Complex,mysql,indexed,1,6,2,-1,django,orm,q09s5,2,7.428656,,ok,,900000,1.04,163800,131576270043376,2026-09-05T13:01:07.598-05:00
f7f14780ab25,campaign-sf1,mado,tpch,Q09,Very Complex,mysql,indexed,1,6,2,-1,sqlalchemy,sql,q09s5,2,6.50358,,ok,,900000,1.04,163800,131576270043376,2026-09-05T13:01:14.101-05:00
f7f14780ab25,campaign-sf1,mado,tpch,Q09,Very Complex,mysql,indexed,1,6,2,-1,sqlalchemy,orm,q09s5,2,6.455265,,ok,,900000,1.04,163800,131576270043376,2026-09-05T13:01:20.557-05:00
f7f14780ab25,campaign-sf1,mado,tpch,Q09,Very Complex,mysql,indexed,1,6,2,0,sqlalchemy,orm,q09s5,0,6.456195,175,ok,,900000,1.03,163800,131576270043376,2026-09-05T13:01:27.013-05:00
f7f14780ab25,campaign-sf1,mado,tpch,Q09,Very Complex,mysql,indexed,1,6,2,1,sqlalchemy,sql,q09s5,0,6.499528,175,ok,,900000,1.03,163800,131576270043376,2026-09-05T13:01:33.513-05:00
f7f14780ab25,campaign-sf1,mado,tpch,Q09,Very Complex,mysql,indexed,1,6,2,2,django,orm,q09s5,0,7.435939,175,ok,,900000,1.02,163800,131576270043376,2026-09-05T13:01:40.949-05:00
f7f14780ab25,campaign-sf1,mado,tpch,Q09,Very Complex,mysql,indexed,1,6,2,3,django,sql,q09s5,0,6.538352,175,ok,,900000,1.02,163800,131576270043376,2026-09-05T13:01:47.487-05:00
f7f14780ab25,campaign-sf1,mado,tpch,Q09,Very Complex,mysql,indexed,1,7,3,-1,django,sql,q09s6,2,6.679615,,ok,,900000,1.02,163800,131576270043376,2026-09-05T13:01:54.171-05:00
f7f14780ab25,campaign-sf1,mado,tpch,Q09,Very Complex,mysql,indexed,1,7,3,-1,django,orm,q09s6,2,7.433022,,ok,,900000,1.02,163800,131576270043376,2026-09-05T13:02:01.604-05:00
f7f14780ab25,campaign-sf1,mado,tpch,Q09,Very Complex,mysql,indexed,1,7,3,-1,sqlalchemy,sql,q09s6,2,6.485909,,ok,,900000,1.01,163800,131576270043376,2026-09-05T13:02:08.090-05:00
f7f14780ab25,campaign-sf1,mado,tpch,Q09,Very Complex,mysql,indexed,1,7,3,-1,sqlalchemy,orm,q09s6,2,6.430246,,ok,,900000,1.01,163800,131576270043376,2026-09-05T13:02:14.521-05:00
f7f14780ab25,campaign-sf1,mado,tpch,Q09,Very Complex,mysql,indexed,1,7,3,0,sqlalchemy,sql,q09s6,0,6.495432,175,ok,,900000,1.01,163800,131576270043376,2026-09-05T13:02:21.016-05:00
f7f14780ab25,campaign-sf1,mado,tpch,Q09,Very Complex,mysql,indexed,1,7,3,1,django,sql,q09s6,0,6.533855,175,ok,,900000,1.01,163800,131576270043376,2026-09-05T13:02:27.550-05:00
f7f14780ab25,campaign-sf1,mado,tpch,Q09,Very Complex,mysql,indexed,1,7,3,2,sqlalchemy,orm,q09s6,0,6.437173,175,ok,,900000,1.01,163800,131576270043376,2026-09-05T13:02:33.987-05:00
f7f14780ab25,campaign-sf1,mado,tpch,Q09,Very Complex,mysql,indexed,1,7,3,3,django,orm,q09s6,0,7.442261,175,ok,,900000,1.01,163800,131576270043376,2026-09-05T13:02:41.430-05:00
f7f14780ab25,campaign-sf1,mado,tpch,Q09,Very Complex,mysql,indexed,1,8,0,-1,django,sql,q09s7,2,6.634336,,ok,,900000,1.01,163800,131576270043376,2026-09-05T13:02:48.069-05:00
f7f14780ab25,campaign-sf1,mado,tpch,Q09,Very Complex,mysql,indexed,1,8,0,-1,django,orm,q09s7,2,7.386146,,ok,,900000,1.0,163800,131576270043376,2026-09-05T13:02:55.455-05:00
f7f14780ab25,campaign-sf1,mado,tpch,Q09,Very Complex,mysql,indexed,1,8,0,-1,sqlalchemy,sql,q09s7,2,6.461349,,ok,,900000,1.0,163800,131576270043376,2026-09-05T13:03:01.916-05:00
f7f14780ab25,campaign-sf1,mado,tpch,Q09,Very Complex,mysql,indexed,1,8,0,-1,sqlalchemy,orm,q09s7,2,6.413819,,ok,,900000,1.0,163800,131576270043376,2026-09-05T13:03:08.330-05:00
f7f14780ab25,campaign-sf1,mado,tpch,Q09,Very Complex,mysql,indexed,1,8,0,0,django,sql,q09s7,0,6.502714,175,ok,,900000,1.0,163800,131576270043376,2026-09-05T13:03:14.833-05:00
f7f14780ab25,campaign-sf1,mado,tpch,Q09,Very Complex,mysql,indexed,1,8,0,1,django,orm,q09s7,0,7.394801,175,ok,,900000,1.0,163800,131576270043376,2026-09-05T13:03:22.228-05:00
f7f14780ab25,campaign-sf1,mado,tpch,Q09,Very Complex,mysql,indexed,1,8,0,2,sqlalchemy,sql,q09s7,0,6.454991,175,ok,,900000,1.0,163800,131576270043376,2026-09-05T13:03:28.683-05:00
f7f14780ab25,campaign-sf1,mado,tpch,Q09,Very Complex,mysql,indexed,1,8,0,3,sqlalchemy,orm,q09s7,0,6.406434,175,ok,,900000,1.0,163800,131576270043376,2026-09-05T13:03:35.090-05:00
d4da7f2d3ec6,campaign-sf1,mado,tpch,Q10,Complex,mysql,indexed,1,0,3,0,sqlalchemy,sql,q10warm,1,8.526119,20,ok,,900000,1.0,163894,129747274759968,2026-09-05T13:03:44.691-05:00
d4da7f2d3ec6,campaign-sf1,mado,tpch,Q10,Complex,mysql,indexed,1,0,3,1,django,sql,q10warm,1,3.261124,20,ok,,900000,1.0,163894,129747274759968,2026-09-05T13:03:47.952-05:00
d4da7f2d3ec6,campaign-sf1,mado,tpch,Q10,Complex,mysql,indexed,1,0,3,2,sqlalchemy,orm,q10warm,1,3.284023,20,ok,,900000,1.0,163894,129747274759968,2026-09-05T13:03:51.236-05:00
d4da7f2d3ec6,campaign-sf1,mado,tpch,Q10,Complex,mysql,indexed,1,0,3,3,django,orm,q10warm,1,2.459355,20,ok,,900000,1.0,163894,129747274759968,2026-09-05T13:03:53.696-05:00
d4da7f2d3ec6,campaign-sf1,mado,tpch,Q10,Complex,mysql,indexed,1,1,1,-1,django,sql,q10s0,2,4.181481,,ok,,900000,1.0,163894,129747274759968,2026-09-05T13:03:57.882-05:00
d4da7f2d3ec6,campaign-sf1,mado,tpch,Q10,Complex,mysql,indexed,1,1,1,-1,django,orm,q10s0,2,2.421533,,ok,,900000,1.0,163894,129747274759968,2026-09-05T13:04:00.304-05:00
d4da7f2d3ec6,campaign-sf1,mado,tpch,Q10,Complex,mysql,indexed,1,1,1,-1,sqlalchemy,sql,q10s0,2,3.277253,,ok,,900000,1.0,163894,129747274759968,2026-09-05T13:04:03.581-05:00
d4da7f2d3ec6,campaign-sf1,mado,tpch,Q10,Complex,mysql,indexed,1,1,1,-1,sqlalchemy,orm,q10s0,2,3.251808,,ok,,900000,1.0,163894,129747274759968,2026-09-05T13:04:06.833-05:00
d4da7f2d3ec6,campaign-sf1,mado,tpch,Q10,Complex,mysql,indexed,1,1,1,0,django,orm,q10s0,0,2.408727,20,ok,,900000,1.0,163894,129747274759968,2026-09-05T13:04:09.242-05:00
d4da7f2d3ec6,campaign-sf1,mado,tpch,Q10,Complex,mysql,indexed,1,1,1,1,sqlalchemy,orm,q10s0,0,3.27651,20,ok,,900000,1.0,163894,129747274759968,2026-09-05T13:04:12.519-05:00
d4da7f2d3ec6,campaign-sf1,mado,tpch,Q10,Complex,mysql,indexed,1,1,1,2,django,sql,q10s0,0,3.266202,20,ok,,900000,1.0,163894,129747274759968,2026-09-05T13:04:15.785-05:00
d4da7f2d3ec6,campaign-sf1,mado,tpch,Q10,Complex,mysql,indexed,1,1,1,3,sqlalchemy,sql,q10s0,0,3.272464,20,ok,,900000,1.0,163894,129747274759968,2026-09-05T13:04:19.058-05:00
d4da7f2d3ec6,campaign-sf1,mado,tpch,Q10,Complex,mysql,indexed,1,2,0,-1,django,sql,q10s1,2,3.416273,,ok,,900000,1.0,163894,129747274759968,2026-09-05T13:04:22.478-05:00
d4da7f2d3ec6,campaign-sf1,mado,tpch,Q10,Complex,mysql,indexed,1,2,0,-1,django,orm,q10s1,2,2.196152,,ok,,900000,1.0,163894,129747274759968,2026-09-05T13:04:24.675-05:00
d4da7f2d3ec6,campaign-sf1,mado,tpch,Q10,Complex,mysql,indexed,1,2,0,-1,sqlalchemy,sql,q10s1,2,2.831906,,ok,,900000,1.0,163894,129747274759968,2026-09-05T13:04:27.507-05:00
d4da7f2d3ec6,campaign-sf1,mado,tpch,Q10,Complex,mysql,indexed,1,2,0,-1,sqlalchemy,orm,q10s1,2,2.754549,,ok,,900000,1.0,163894,129747274759968,2026-09-05T13:04:30.261-05:00
d4da7f2d3ec6,campaign-sf1,mado,tpch,Q10,Complex,mysql,indexed,1,2,0,0,django,sql,q10s1,0,2.768874,20,ok,,900000,1.0,163894,129747274759968,2026-09-05T13:04:33.030-05:00
d4da7f2d3ec6,campaign-sf1,mado,tpch,Q10,Complex,mysql,indexed,1,2,0,1,django,orm,q10s1,0,2.205647,20,ok,,900000,1.0,163894,129747274759968,2026-09-05T13:04:35.236-05:00
d4da7f2d3ec6,campaign-sf1,mado,tpch,Q10,Complex,mysql,indexed,1,2,0,2,sqlalchemy,sql,q10s1,0,2.789016,20,ok,,900000,1.0,163894,129747274759968,2026-09-05T13:04:38.025-05:00
d4da7f2d3ec6,campaign-sf1,mado,tpch,Q10,Complex,mysql,indexed,1,2,0,3,sqlalchemy,orm,q10s1,0,2.801291,20,ok,,900000,1.0,163894,129747274759968,2026-09-05T13:04:40.827-05:00
d4da7f2d3ec6,campaign-sf1,mado,tpch,Q10,Complex,mysql,indexed,1,3,3,-1,django,sql,q10s2,2,3.617559,,ok,,900000,1.0,163894,129747274759968,2026-09-05T13:04:44.449-05:00
d4da7f2d3ec6,campaign-sf1,mado,tpch,Q10,Complex,mysql,indexed,1,3,3,-1,django,orm,q10s2,2,2.427964,,ok,,900000,1.0,163894,129747274759968,2026-09-05T13:04:46.877-05:00
d4da7f2d3ec6,campaign-sf1,mado,tpch,Q10,Complex,mysql,indexed,1,3,3,-1,sqlalchemy,sql,q10s2,2,3.292032,,ok,,900000,1.0,163894,129747274759968,2026-09-05T13:04:50.169-05:00
d4da7f2d3ec6,campaign-sf1,mado,tpch,Q10,Complex,mysql,indexed,1,3,3,-1,sqlalchemy,orm,q10s2,2,3.274153,,ok,,900000,1.0,163894,129747274759968,2026-09-05T13:04:53.443-05:00
d4da7f2d3ec6,campaign-sf1,mado,tpch,Q10,Complex,mysql,indexed,1,3,3,0,sqlalchemy,sql,q10s2,0,3.250825,20,ok,,900000,1.0,163894,129747274759968,2026-09-05T13:04:56.694-05:00
d4da7f2d3ec6,campaign-sf1,mado,tpch,Q10,Complex,mysql,indexed,1,3,3,1,django,sql,q10s2,0,3.260556,20,ok,,900000,1.0,163894,129747274759968,2026-09-05T13:04:59.955-05:00
d4da7f2d3ec6,campaign-sf1,mado,tpch,Q10,Complex,mysql,indexed,1,3,3,2,sqlalchemy,orm,q10s2,0,3.277461,20,ok,,900000,1.0,163894,129747274759968,2026-09-05T13:05:03.232-05:00
d4da7f2d3ec6,campaign-sf1,mado,tpch,Q10,Complex,mysql,indexed,1,3,3,3,django,orm,q10s2,0,2.4839,20,ok,,900000,1.0,163894,129747274759968,2026-09-05T13:05:05.716-05:00
d4da7f2d3ec6,campaign-sf1,mado,tpch,Q10,Complex,mysql,indexed,1,4,2,-1,django,sql,q10s3,2,3.197905,,ok,,900000,1.0,163894,129747274759968,2026-09-05T13:05:08.920-05:00
d4da7f2d3ec6,campaign-sf1,mado,tpch,Q10,Complex,mysql,indexed,1,4,2,-1,django,orm,q10s3,2,2.316862,,ok,,900000,1.0,163894,129747274759968,2026-09-05T13:05:11.237-05:00
d4da7f2d3ec6,campaign-sf1,mado,tpch,Q10,Complex,mysql,indexed,1,4,2,-1,sqlalchemy,sql,q10s3,2,3.103541,,ok,,900000,1.0,163894,129747274759968,2026-09-05T13:05:14.340-05:00
d4da7f2d3ec6,campaign-sf1,mado,tpch,Q10,Complex,mysql,indexed,1,4,2,-1,sqlalchemy,orm,q10s3,2,3.135682,,ok,,900000,1.0,163894,129747274759968,2026-09-05T13:05:17.476-05:00
d4da7f2d3ec6,campaign-sf1,mado,tpch,Q10,Complex,mysql,indexed,1,4,2,0,sqlalchemy,orm,q10s3,0,3.101648,20,ok,,900000,1.0,163894,129747274759968,2026-09-05T13:05:20.578-05:00
d4da7f2d3ec6,campaign-sf1,mado,tpch,Q10,Complex,mysql,indexed,1,4,2,1,sqlalchemy,sql,q10s3,0,3.092451,20,ok,,900000,1.0,163894,129747274759968,2026-09-05T13:05:23.670-05:00
d4da7f2d3ec6,campaign-sf1,mado,tpch,Q10,Complex,mysql,indexed,1,4,2,2,django,orm,q10s3,0,2.314627,20,ok,,900000,1.0,163894,129747274759968,2026-09-05T13:05:25.985-05:00
d4da7f2d3ec6,campaign-sf1,mado,tpch,Q10,Complex,mysql,indexed,1,4,2,3,django,sql,q10s3,0,3.073802,20,ok,,900000,1.0,163894,129747274759968,2026-09-05T13:05:29.059-05:00
d4da7f2d3ec6,campaign-sf1,mado,tpch,Q10,Complex,mysql,indexed,1,5,2,-1,django,sql,q10s4,2,3.263674,,ok,,900000,1.0,163894,129747274759968,2026-09-05T13:05:32.327-05:00
d4da7f2d3ec6,campaign-sf1,mado,tpch,Q10,Complex,mysql,indexed,1,5,2,-1,django,orm,q10s4,2,2.477315,,ok,,900000,1.0,163894,129747274759968,2026-09-05T13:05:34.805-05:00
d4da7f2d3ec6,campaign-sf1,mado,tpch,Q10,Complex,mysql,indexed,1,5,2,-1,sqlalchemy,sql,q10s4,2,3.282446,,ok,,900000,1.0,163894,129747274759968,2026-09-05T13:05:38.087-05:00
d4da7f2d3ec6,campaign-sf1,mado,tpch,Q10,Complex,mysql,indexed,1,5,2,-1,sqlalchemy,orm,q10s4,2,3.276248,,ok,,900000,1.0,163894,129747274759968,2026-09-05T13:05:41.364-05:00
d4da7f2d3ec6,campaign-sf1,mado,tpch,Q10,Complex,mysql,indexed,1,5,2,0,sqlalchemy,orm,q10s4,0,3.332383,20,ok,,900000,1.0,163894,129747274759968,2026-09-05T13:05:44.696-05:00
d4da7f2d3ec6,campaign-sf1,mado,tpch,Q10,Complex,mysql,indexed,1,5,2,1,sqlalchemy,sql,q10s4,0,3.264944,20,ok,,900000,1.0,163894,129747274759968,2026-09-05T13:05:47.961-05:00
d4da7f2d3ec6,campaign-sf1,mado,tpch,Q10,Complex,mysql,indexed,1,5,2,2,django,orm,q10s4,0,2.424224,20,ok,,900000,1.0,163894,129747274759968,2026-09-05T13:05:50.385-05:00
d4da7f2d3ec6,campaign-sf1,mado,tpch,Q10,Complex,mysql,indexed,1,5,2,3,django,sql,q10s4,0,3.266775,20,ok,,900000,1.0,163894,129747274759968,2026-09-05T13:05:53.652-05:00
d4da7f2d3ec6,campaign-sf1,mado,tpch,Q10,Complex,mysql,indexed,1,6,0,-1,django,sql,q10s5,2,3.225915,,ok,,900000,1.0,163894,129747274759968,2026-09-05T13:05:56.883-05:00
d4da7f2d3ec6,campaign-sf1,mado,tpch,Q10,Complex,mysql,indexed,1,6,0,-1,django,orm,q10s5,2,2.425917,,ok,,900000,1.0,163894,129747274759968,2026-09-05T13:05:59.309-05:00
d4da7f2d3ec6,campaign-sf1,mado,tpch,Q10,Complex,mysql,indexed,1,6,0,-1,sqlalchemy,sql,q10s5,2,3.285328,,ok,,900000,1.0,163894,129747274759968,2026-09-05T13:06:02.594-05:00
d4da7f2d3ec6,campaign-sf1,mado,tpch,Q10,Complex,mysql,indexed,1,6,0,-1,sqlalchemy,orm,q10s5,2,3.277645,,ok,,900000,1.0,163894,129747274759968,2026-09-05T13:06:05.872-05:00
d4da7f2d3ec6,campaign-sf1,mado,tpch,Q10,Complex,mysql,indexed,1,6,0,0,django,sql,q10s5,0,3.244416,20,ok,,900000,1.0,163894,129747274759968,2026-09-05T13:06:09.117-05:00
d4da7f2d3ec6,campaign-sf1,mado,tpch,Q10,Complex,mysql,indexed,1,6,0,1,django,orm,q10s5,0,2.468136,20,ok,,900000,1.0,163894,129747274759968,2026-09-05T13:06:11.585-05:00
d4da7f2d3ec6,campaign-sf1,mado,tpch,Q10,Complex,mysql,indexed,1,6,0,2,sqlalchemy,sql,q10s5,0,3.264216,20,ok,,900000,1.0,163894,129747274759968,2026-09-05T13:06:14.849-05:00
d4da7f2d3ec6,campaign-sf1,mado,tpch,Q10,Complex,mysql,indexed,1,6,0,3,sqlalchemy,orm,q10s5,0,3.261501,20,ok,,900000,1.08,163894,129747274759968,2026-09-05T13:06:18.111-05:00
d4da7f2d3ec6,campaign-sf1,mado,tpch,Q10,Complex,mysql,indexed,1,7,1,-1,django,sql,q10s6,2,3.384786,,ok,,900000,1.08,163894,129747274759968,2026-09-05T13:06:21.500-05:00
d4da7f2d3ec6,campaign-sf1,mado,tpch,Q10,Complex,mysql,indexed,1,7,1,-1,django,orm,q10s6,2,2.41377,,ok,,900000,1.07,163894,129747274759968,2026-09-05T13:06:23.914-05:00
d4da7f2d3ec6,campaign-sf1,mado,tpch,Q10,Complex,mysql,indexed,1,7,1,-1,sqlalchemy,sql,q10s6,2,3.286886,,ok,,900000,1.07,163894,129747274759968,2026-09-05T13:06:27.201-05:00
d4da7f2d3ec6,campaign-sf1,mado,tpch,Q10,Complex,mysql,indexed,1,7,1,-1,sqlalchemy,orm,q10s6,2,3.325445,,ok,,900000,1.07,163894,129747274759968,2026-09-05T13:06:30.527-05:00
d4da7f2d3ec6,campaign-sf1,mado,tpch,Q10,Complex,mysql,indexed,1,7,1,0,django,orm,q10s6,0,2.411506,20,ok,,900000,1.06,163894,129747274759968,2026-09-05T13:06:32.938-05:00
d4da7f2d3ec6,campaign-sf1,mado,tpch,Q10,Complex,mysql,indexed,1,7,1,1,sqlalchemy,orm,q10s6,0,3.296049,20,ok,,900000,1.06,163894,129747274759968,2026-09-05T13:06:36.234-05:00
d4da7f2d3ec6,campaign-sf1,mado,tpch,Q10,Complex,mysql,indexed,1,7,1,2,django,sql,q10s6,0,3.259352,20,ok,,900000,1.06,163894,129747274759968,2026-09-05T13:06:39.494-05:00
d4da7f2d3ec6,campaign-sf1,mado,tpch,Q10,Complex,mysql,indexed,1,7,1,3,sqlalchemy,sql,q10s6,0,3.287955,20,ok,,900000,1.05,163894,129747274759968,2026-09-05T13:06:42.782-05:00
d4da7f2d3ec6,campaign-sf1,mado,tpch,Q10,Complex,mysql,indexed,1,8,3,-1,django,sql,q10s7,2,3.132574,,ok,,900000,1.05,163894,129747274759968,2026-09-05T13:06:45.919-05:00
d4da7f2d3ec6,campaign-sf1,mado,tpch,Q10,Complex,mysql,indexed,1,8,3,-1,django,orm,q10s7,2,2.345417,,ok,,900000,1.05,163894,129747274759968,2026-09-05T13:06:48.265-05:00
d4da7f2d3ec6,campaign-sf1,mado,tpch,Q10,Complex,mysql,indexed,1,8,3,-1,sqlalchemy,sql,q10s7,2,3.084098,,ok,,900000,1.05,163894,129747274759968,2026-09-05T13:06:51.349-05:00
d4da7f2d3ec6,campaign-sf1,mado,tpch,Q10,Complex,mysql,indexed,1,8,3,-1,sqlalchemy,orm,q10s7,2,3.110456,,ok,,900000,1.04,163894,129747274759968,2026-09-05T13:06:54.459-05:00
d4da7f2d3ec6,campaign-sf1,mado,tpch,Q10,Complex,mysql,indexed,1,8,3,0,sqlalchemy,sql,q10s7,0,3.09427,20,ok,,900000,1.04,163894,129747274759968,2026-09-05T13:06:57.554-05:00
d4da7f2d3ec6,campaign-sf1,mado,tpch,Q10,Complex,mysql,indexed,1,8,3,1,django,sql,q10s7,0,3.089533,20,ok,,900000,1.04,163894,129747274759968,2026-09-05T13:07:00.643-05:00
d4da7f2d3ec6,campaign-sf1,mado,tpch,Q10,Complex,mysql,indexed,1,8,3,2,sqlalchemy,orm,q10s7,0,3.096912,20,ok,,900000,1.04,163894,129747274759968,2026-09-05T13:07:03.740-05:00
d4da7f2d3ec6,campaign-sf1,mado,tpch,Q10,Complex,mysql,indexed,1,8,3,3,django,orm,q10s7,0,2.34453,20,ok,,900000,1.04,163894,129747274759968,2026-09-05T13:07:06.085-05:00
daebf1cff4df,campaign-sf1,mado,tpch,Q11,Medium,mysql,indexed,1,0,2,0,sqlalchemy,orm,q11warm,1,3.346972,753,ok,,900000,1.03,163904,134471937424992,2026-09-05T13:07:10.513-05:00
daebf1cff4df,campaign-sf1,mado,tpch,Q11,Medium,mysql,indexed,1,0,2,1,sqlalchemy,sql,q11warm,1,0.348992,753,ok,,900000,1.03,163904,134471937424992,2026-09-05T13:07:10.862-05:00
daebf1cff4df,campaign-sf1,mado,tpch,Q11,Medium,mysql,indexed,1,0,2,2,django,orm,q11warm,1,0.35485,753,ok,,900000,1.03,163904,134471937424992,2026-09-05T13:07:11.217-05:00
daebf1cff4df,campaign-sf1,mado,tpch,Q11,Medium,mysql,indexed,1,0,2,3,django,sql,q11warm,1,0.344759,753,ok,,900000,1.03,163904,134471937424992,2026-09-05T13:07:11.562-05:00
daebf1cff4df,campaign-sf1,mado,tpch,Q11,Medium,mysql,indexed,1,1,1,-1,django,sql,q11s0,2,0.706969,,ok,,900000,1.03,163904,134471937424992,2026-09-05T13:07:12.273-05:00
daebf1cff4df,campaign-sf1,mado,tpch,Q11,Medium,mysql,indexed,1,1,1,-1,django,orm,q11s0,2,0.338505,,ok,,900000,1.03,163904,134471937424992,2026-09-05T13:07:12.612-05:00
daebf1cff4df,campaign-sf1,mado,tpch,Q11,Medium,mysql,indexed,1,1,1,-1,sqlalchemy,sql,q11s0,2,0.335193,,ok,,900000,1.03,163904,134471937424992,2026-09-05T13:07:12.947-05:00
daebf1cff4df,campaign-sf1,mado,tpch,Q11,Medium,mysql,indexed,1,1,1,-1,sqlalchemy,orm,q11s0,2,0.335717,,ok,,900000,1.03,163904,134471937424992,2026-09-05T13:07:13.283-05:00
daebf1cff4df,campaign-sf1,mado,tpch,Q11,Medium,mysql,indexed,1,1,1,0,django,orm,q11s0,0,0.333053,1048,ok,,900000,1.03,163904,134471937424992,2026-09-05T13:07:13.616-05:00
daebf1cff4df,campaign-sf1,mado,tpch,Q11,Medium,mysql,indexed,1,1,1,1,sqlalchemy,orm,q11s0,0,0.33577,1048,ok,,900000,1.03,163904,134471937424992,2026-09-05T13:07:13.952-05:00
daebf1cff4df,campaign-sf1,mado,tpch,Q11,Medium,mysql,indexed,1,1,1,2,django,sql,q11s0,0,0.329736,1048,ok,,900000,1.03,163904,134471937424992,2026-09-05T13:07:14.282-05:00
daebf1cff4df,campaign-sf1,mado,tpch,Q11,Medium,mysql,indexed,1,1,1,3,sqlalchemy,sql,q11s0,0,0.328925,1048,ok,,900000,1.03,163904,134471937424992,2026-09-05T13:07:14.611-05:00
daebf1cff4df,campaign-sf1,mado,tpch,Q11,Medium,mysql,indexed,1,2,2,-1,django,sql,q11s1,2,0.57718,,ok,,900000,1.03,163904,134471937424992,2026-09-05T13:07:15.193-05:00
daebf1cff4df,campaign-sf1,mado,tpch,Q11,Medium,mysql,indexed,1,2,2,-1,django,orm,q11s1,2,0.346981,,ok,,900000,1.03,163904,134471937424992,2026-09-05T13:07:15.540-05:00
daebf1cff4df,campaign-sf1,mado,tpch,Q11,Medium,mysql,indexed,1,2,2,-1,sqlalchemy,sql,q11s1,2,0.3453,,ok,,900000,1.03,163904,134471937424992,2026-09-05T13:07:15.885-05:00
daebf1cff4df,campaign-sf1,mado,tpch,Q11,Medium,mysql,indexed,1,2,2,-1,sqlalchemy,orm,q11s1,2,0.347387,,ok,,900000,1.03,163904,134471937424992,2026-09-05T13:07:16.233-05:00
daebf1cff4df,campaign-sf1,mado,tpch,Q11,Medium,mysql,indexed,1,2,2,0,sqlalchemy,orm,q11s1,0,0.345648,819,ok,,900000,1.03,163904,134471937424992,2026-09-05T13:07:16.578-05:00
daebf1cff4df,campaign-sf1,mado,tpch,Q11,Medium,mysql,indexed,1,2,2,1,sqlalchemy,sql,q11s1,0,0.343098,819,ok,,900000,1.03,163904,134471937424992,2026-09-05T13:07:16.922-05:00
daebf1cff4df,campaign-sf1,mado,tpch,Q11,Medium,mysql,indexed,1,2,2,2,django,orm,q11s1,0,0.34462,819,ok,,900000,1.03,163904,134471937424992,2026-09-05T13:07:17.266-05:00
daebf1cff4df,campaign-sf1,mado,tpch,Q11,Medium,mysql,indexed,1,2,2,3,django,sql,q11s1,0,0.339364,819,ok,,900000,1.03,163904,134471937424992,2026-09-05T13:07:17.606-05:00
daebf1cff4df,campaign-sf1,mado,tpch,Q11,Medium,mysql,indexed,1,3,0,-1,django,sql,q11s2,2,0.521748,,ok,,900000,1.03,163904,134471937424992,2026-09-05T13:07:18.132-05:00
daebf1cff4df,campaign-sf1,mado,tpch,Q11,Medium,mysql,indexed,1,3,0,-1,django,orm,q11s2,2,0.338986,,ok,,900000,1.03,163904,134471937424992,2026-09-05T13:07:18.471-05:00
daebf1cff4df,campaign-sf1,mado,tpch,Q11,Medium,mysql,indexed,1,3,0,-1,sqlalchemy,sql,q11s2,2,0.336888,,ok,,900000,1.03,163904,134471937424992,2026-09-05T13:07:18.808-05:00
daebf1cff4df,campaign-sf1,mado,tpch,Q11,Medium,mysql,indexed,1,3,0,-1,sqlalchemy,orm,q11s2,2,0.338809,,ok,,900000,1.03,163904,134471937424992,2026-09-05T13:07:19.147-05:00
daebf1cff4df,campaign-sf1,mado,tpch,Q11,Medium,mysql,indexed,1,3,0,0,django,sql,q11s2,0,0.332034,911,ok,,900000,1.03,163904,134471937424992,2026-09-05T13:07:19.479-05:00
daebf1cff4df,campaign-sf1,mado,tpch,Q11,Medium,mysql,indexed,1,3,0,1,django,orm,q11s2,0,0.335938,911,ok,,900000,1.03,163904,134471937424992,2026-09-05T13:07:19.815-05:00
daebf1cff4df,campaign-sf1,mado,tpch,Q11,Medium,mysql,indexed,1,3,0,2,sqlalchemy,sql,q11s2,0,0.334504,911,ok,,900000,1.03,163904,134471937424992,2026-09-05T13:07:20.150-05:00
daebf1cff4df,campaign-sf1,mado,tpch,Q11,Medium,mysql,indexed,1,3,0,3,sqlalchemy,orm,q11s2,0,0.338944,911,ok,,900000,1.03,163904,134471937424992,2026-09-05T13:07:20.489-05:00
daebf1cff4df,campaign-sf1,mado,tpch,Q11,Medium,mysql,indexed,1,4,3,-1,django,sql,q11s3,2,0.444321,,ok,,900000,1.03,163904,134471937424992,2026-09-05T13:07:20.938-05:00
daebf1cff4df,campaign-sf1,mado,tpch,Q11,Medium,mysql,indexed,1,4,3,-1,django,orm,q11s3,2,0.316946,,ok,,900000,1.03,163904,134471937424992,2026-09-05T13:07:21.255-05:00
daebf1cff4df,campaign-sf1,mado,tpch,Q11,Medium,mysql,indexed,1,4,3,-1,sqlalchemy,sql,q11s3,2,0.314391,,ok,,900000,1.03,163904,134471937424992,2026-09-05T13:07:21.569-05:00
daebf1cff4df,campaign-sf1,mado,tpch,Q11,Medium,mysql,indexed,1,4,3,-1,sqlalchemy,orm,q11s3,2,0.319482,,ok,,900000,1.03,163904,134471937424992,2026-09-05T13:07:21.889-05:00
daebf1cff4df,campaign-sf1,mado,tpch,Q11,Medium,mysql,indexed,1,4,3,0,sqlalchemy,sql,q11s3,0,0.313082,1217,ok,,900000,1.02,163904,134471937424992,2026-09-05T13:07:22.202-05:00
daebf1cff4df,campaign-sf1,mado,tpch,Q11,Medium,mysql,indexed,1,4,3,1,django,sql,q11s3,0,0.342727,1217,ok,,900000,1.02,163904,134471937424992,2026-09-05T13:07:22.545-05:00
daebf1cff4df,campaign-sf1,mado,tpch,Q11,Medium,mysql,indexed,1,4,3,2,sqlalchemy,orm,q11s3,0,0.317786,1217,ok,,900000,1.02,163904,134471937424992,2026-09-05T13:07:22.863-05:00
daebf1cff4df,campaign-sf1,mado,tpch,Q11,Medium,mysql,indexed,1,4,3,3,django,orm,q11s3,0,0.315558,1217,ok,,900000,1.02,163904,134471937424992,2026-09-05T13:07:23.178-05:00
daebf1cff4df,campaign-sf1,mado,tpch,Q11,Medium,mysql,indexed,1,5,3,-1,django,sql,q11s4,2,0.473258,,ok,,900000,1.02,163904,134471937424992,2026-09-05T13:07:23.656-05:00
daebf1cff4df,campaign-sf1,mado,tpch,Q11,Medium,mysql,indexed,1,5,3,-1,django,orm,q11s4,2,0.347076,,ok,,900000,1.02,163904,134471937424992,2026-09-05T13:07:24.003-05:00
daebf1cff4df,campaign-sf1,mado,tpch,Q11,Medium,mysql,indexed,1,5,3,-1,sqlalchemy,sql,q11s4,2,0.344512,,ok,,900000,1.02,163904,134471937424992,2026-09-05T13:07:24.348-05:00
daebf1cff4df,campaign-sf1,mado,tpch,Q11,Medium,mysql,indexed,1,5,3,-1,sqlalchemy,orm,q11s4,2,0.348524,,ok,,900000,1.02,163904,134471937424992,2026-09-05T13:07:24.697-05:00
daebf1cff4df,campaign-sf1,mado,tpch,Q11,Medium,mysql,indexed,1,5,3,0,sqlalchemy,sql,q11s4,0,0.343135,699,ok,,900000,1.02,163904,134471937424992,2026-09-05T13:07:25.040-05:00
daebf1cff4df,campaign-sf1,mado,tpch,Q11,Medium,mysql,indexed,1,5,3,1,django,sql,q11s4,0,0.341142,699,ok,,900000,1.02,163904,134471937424992,2026-09-05T13:07:25.381-05:00
daebf1cff4df,campaign-sf1,mado,tpch,Q11,Medium,mysql,indexed,1,5,3,2,sqlalchemy,orm,q11s4,0,0.347425,699,ok,,900000,1.02,163904,134471937424992,2026-09-05T13:07:25.729-05:00
daebf1cff4df,campaign-sf1,mado,tpch,Q11,Medium,mysql,indexed,1,5,3,3,django,orm,q11s4,0,0.345548,699,ok,,900000,1.02,163904,134471937424992,2026-09-05T13:07:26.074-05:00
daebf1cff4df,campaign-sf1,mado,tpch,Q11,Medium,mysql,indexed,1,6,0,-1,django,sql,q11s5,2,0.432137,,ok,,900000,1.02,163904,134471937424992,2026-09-05T13:07:26.511-05:00
daebf1cff4df,campaign-sf1,mado,tpch,Q11,Medium,mysql,indexed,1,6,0,-1,django,orm,q11s5,2,0.332761,,ok,,900000,1.02,163904,134471937424992,2026-09-05T13:07:26.844-05:00
daebf1cff4df,campaign-sf1,mado,tpch,Q11,Medium,mysql,indexed,1,6,0,-1,sqlalchemy,sql,q11s5,2,0.331976,,ok,,900000,1.02,163904,134471937424992,2026-09-05T13:07:27.176-05:00
daebf1cff4df,campaign-sf1,mado,tpch,Q11,Medium,mysql,indexed,1,6,0,-1,sqlalchemy,orm,q11s5,2,0.335219,,ok,,900000,1.02,163904,134471937424992,2026-09-05T13:07:27.511-05:00
daebf1cff4df,campaign-sf1,mado,tpch,Q11,Medium,mysql,indexed,1,6,0,0,django,sql,q11s5,0,0.32886,925,ok,,900000,1.02,163904,134471937424992,2026-09-05T13:07:27.840-05:00
daebf1cff4df,campaign-sf1,mado,tpch,Q11,Medium,mysql,indexed,1,6,0,1,django,orm,q11s5,0,0.332845,925,ok,,900000,1.02,163904,134471937424992,2026-09-05T13:07:28.173-05:00
daebf1cff4df,campaign-sf1,mado,tpch,Q11,Medium,mysql,indexed,1,6,0,2,sqlalchemy,sql,q11s5,0,0.33041,925,ok,,900000,1.02,163904,134471937424992,2026-09-05T13:07:28.504-05:00
daebf1cff4df,campaign-sf1,mado,tpch,Q11,Medium,mysql,indexed,1,6,0,3,sqlalchemy,orm,q11s5,0,0.334541,925,ok,,900000,1.02,163904,134471937424992,2026-09-05T13:07:28.838-05:00
daebf1cff4df,campaign-sf1,mado,tpch,Q11,Medium,mysql,indexed,1,7,1,-1,django,sql,q11s6,2,0.383666,,ok,,900000,1.02,163904,134471937424992,2026-09-05T13:07:29.226-05:00
daebf1cff4df,campaign-sf1,mado,tpch,Q11,Medium,mysql,indexed,1,7,1,-1,django,orm,q11s6,2,0.304885,,ok,,900000,1.02,163904,134471937424992,2026-09-05T13:07:29.531-05:00
daebf1cff4df,campaign-sf1,mado,tpch,Q11,Medium,mysql,indexed,1,7,1,-1,sqlalchemy,sql,q11s6,2,0.302804,,ok,,900000,1.02,163904,134471937424992,2026-09-05T13:07:29.834-05:00
daebf1cff4df,campaign-sf1,mado,tpch,Q11,Medium,mysql,indexed,1,7,1,-1,sqlalchemy,orm,q11s6,2,0.308171,,ok,,900000,1.02,163904,134471937424992,2026-09-05T13:07:30.142-05:00
daebf1cff4df,campaign-sf1,mado,tpch,Q11,Medium,mysql,indexed,1,7,1,0,django,orm,q11s6,0,0.303801,1469,ok,,900000,1.02,163904,134471937424992,2026-09-05T13:07:30.446-05:00
daebf1cff4df,campaign-sf1,mado,tpch,Q11,Medium,mysql,indexed,1,7,1,1,sqlalchemy,orm,q11s6,0,0.309461,1469,ok,,900000,1.02,163904,134471937424992,2026-09-05T13:07:30.756-05:00
daebf1cff4df,campaign-sf1,mado,tpch,Q11,Medium,mysql,indexed,1,7,1,2,django,sql,q11s6,0,0.301208,1469,ok,,900000,1.02,163904,134471937424992,2026-09-05T13:07:31.057-05:00
daebf1cff4df,campaign-sf1,mado,tpch,Q11,Medium,mysql,indexed,1,7,1,3,sqlalchemy,sql,q11s6,0,0.301845,1469,ok,,900000,1.02,163904,134471937424992,2026-09-05T13:07:31.359-05:00
daebf1cff4df,campaign-sf1,mado,tpch,Q11,Medium,mysql,indexed,1,8,2,-1,django,sql,q11s7,2,0.410845,,ok,,900000,1.02,163904,134471937424992,2026-09-05T13:07:31.775-05:00
daebf1cff4df,campaign-sf1,mado,tpch,Q11,Medium,mysql,indexed,1,8,2,-1,django,orm,q11s7,2,0.343253,,ok,,900000,1.02,163904,134471937424992,2026-09-05T13:07:32.118-05:00
daebf1cff4df,campaign-sf1,mado,tpch,Q11,Medium,mysql,indexed,1,8,2,-1,sqlalchemy,sql,q11s7,2,0.342336,,ok,,900000,1.02,163904,134471937424992,2026-09-05T13:07:32.461-05:00
daebf1cff4df,campaign-sf1,mado,tpch,Q11,Medium,mysql,indexed,1,8,2,-1,sqlalchemy,orm,q11s7,2,0.347891,,ok,,900000,1.02,163904,134471937424992,2026-09-05T13:07:32.809-05:00
daebf1cff4df,campaign-sf1,mado,tpch,Q11,Medium,mysql,indexed,1,8,2,0,sqlalchemy,orm,q11s7,0,0.346309,786,ok,,900000,1.02,163904,134471937424992,2026-09-05T13:07:33.155-05:00
daebf1cff4df,campaign-sf1,mado,tpch,Q11,Medium,mysql,indexed,1,8,2,1,sqlalchemy,sql,q11s7,0,0.341695,786,ok,,900000,1.02,163904,134471937424992,2026-09-05T13:07:33.497-05:00
daebf1cff4df,campaign-sf1,mado,tpch,Q11,Medium,mysql,indexed,1,8,2,2,django,orm,q11s7,0,0.342615,786,ok,,900000,1.02,163904,134471937424992,2026-09-05T13:07:33.840-05:00
daebf1cff4df,campaign-sf1,mado,tpch,Q11,Medium,mysql,indexed,1,8,2,3,django,sql,q11s7,0,0.340423,786,ok,,900000,1.02,163904,134471937424992,2026-09-05T13:07:34.180-05:00
088c53770c8d,campaign-sf1,mado,tpch,Q12,Medium,mysql,indexed,1,0,3,0,sqlalchemy,sql,q12warm,1,4.434067,2,ok,,900000,1.02,163906,123312837238880,2026-09-05T13:07:39.686-05:00
088c53770c8d,campaign-sf1,mado,tpch,Q12,Medium,mysql,indexed,1,0,3,1,django,sql,q12warm,1,0.561328,2,ok,,900000,1.02,163906,123312837238880,2026-09-05T13:07:40.248-05:00
088c53770c8d,campaign-sf1,mado,tpch,Q12,Medium,mysql,indexed,1,0,3,2,sqlalchemy,orm,q12warm,1,0.604468,2,ok,,900000,1.02,163906,123312837238880,2026-09-05T13:07:40.852-05:00
088c53770c8d,campaign-sf1,mado,tpch,Q12,Medium,mysql,indexed,1,0,3,3,django,orm,q12warm,1,0.524221,2,ok,,900000,1.02,163906,123312837238880,2026-09-05T13:07:41.377-05:00
088c53770c8d,campaign-sf1,mado,tpch,Q12,Medium,mysql,indexed,1,1,0,-1,django,sql,q12s0,2,1.867035,,ok,,900000,1.02,163906,123312837238880,2026-09-05T13:07:43.249-05:00
088c53770c8d,campaign-sf1,mado,tpch,Q12,Medium,mysql,indexed,1,1,0,-1,django,orm,q12s0,2,0.522848,,ok,,900000,1.02,163906,123312837238880,2026-09-05T13:07:43.772-05:00
088c53770c8d,campaign-sf1,mado,tpch,Q12,Medium,mysql,indexed,1,1,0,-1,sqlalchemy,sql,q12s0,2,0.567836,,ok,,900000,1.02,163906,123312837238880,2026-09-05T13:07:44.339-05:00
088c53770c8d,campaign-sf1,mado,tpch,Q12,Medium,mysql,indexed,1,1,0,-1,sqlalchemy,orm,q12s0,2,0.568918,,ok,,900000,1.02,163906,123312837238880,2026-09-05T13:07:44.908-05:00
088c53770c8d,campaign-sf1,mado,tpch,Q12,Medium,mysql,indexed,1,1,0,0,django,sql,q12s0,0,0.563938,2,ok,,900000,1.02,163906,123312837238880,2026-09-05T13:07:45.473-05:00
088c53770c8d,campaign-sf1,mado,tpch,Q12,Medium,mysql,indexed,1,1,0,1,django,orm,q12s0,0,0.523112,2,ok,,900000,1.02,163906,123312837238880,2026-09-05T13:07:45.996-05:00
088c53770c8d,campaign-sf1,mado,tpch,Q12,Medium,mysql,indexed,1,1,0,2,sqlalchemy,sql,q12s0,0,0.56561,2,ok,,900000,1.02,163906,123312837238880,2026-09-05T13:07:46.561-05:00
088c53770c8d,campaign-sf1,mado,tpch,Q12,Medium,mysql,indexed,1,1,0,3,sqlalchemy,orm,q12s0,0,0.569539,2,ok,,900000,1.02,163906,123312837238880,2026-09-05T13:07:47.131-05:00
088c53770c8d,campaign-sf1,mado,tpch,Q12,Medium,mysql,indexed,1,2,2,-1,django,sql,q12s1,2,1.77121,,ok,,900000,1.02,163906,123312837238880,2026-09-05T13:07:48.907-05:00
088c53770c8d,campaign-sf1,mado,tpch,Q12,Medium,mysql,indexed,1,2,2,-1,django,orm,q12s1,2,0.52583,,ok,,900000,1.02,163906,123312837238880,2026-09-05T13:07:49.433-05:00
088c53770c8d,campaign-sf1,mado,tpch,Q12,Medium,mysql,indexed,1,2,2,-1,sqlalchemy,sql,q12s1,2,0.577345,,ok,,900000,1.02,163906,123312837238880,2026-09-05T13:07:50.010-05:00
088c53770c8d,campaign-sf1,mado,tpch,Q12,Medium,mysql,indexed,1,2,2,-1,sqlalchemy,orm,q12s1,2,0.578269,,ok,,900000,1.02,163906,123312837238880,2026-09-05T13:07:50.589-05:00
088c53770c8d,campaign-sf1,mado,tpch,Q12,Medium,mysql,indexed,1,2,2,0,sqlalchemy,orm,q12s1,0,0.575462,2,ok,,900000,1.02,163906,123312837238880,2026-09-05T13:07:51.164-05:00
088c53770c8d,campaign-sf1,mado,tpch,Q12,Medium,mysql,indexed,1,2,2,1,sqlalchemy,sql,q12s1,0,0.577177,2,ok,,900000,1.02,163906,123312837238880,2026-09-05T13:07:51.741-05:00
088c53770c8d,campaign-sf1,mado,tpch,Q12,Medium,mysql,indexed,1,2,2,2,django,orm,q12s1,0,0.526249,2,ok,,900000,1.01,163906,123312837238880,2026-09-05T13:07:52.268-05:00
088c53770c8d,campaign-sf1,mado,tpch,Q12,Medium,mysql,indexed,1,2,2,3,django,sql,q12s1,0,0.572849,2,ok,,900000,1.01,163906,123312837238880,2026-09-05T13:07:52.841-05:00
088c53770c8d,campaign-sf1,mado,tpch,Q12,Medium,mysql,indexed,1,3,1,-1,django,sql,q12s2,2,1.684337,,ok,,900000,1.01,163906,123312837238880,2026-09-05T13:07:54.530-05:00
088c53770c8d,campaign-sf1,mado,tpch,Q12,Medium,mysql,indexed,1,3,1,-1,django,orm,q12s2,2,0.525878,,ok,,900000,1.01,163906,123312837238880,2026-09-05T13:07:55.056-05:00
088c53770c8d,campaign-sf1,mado,tpch,Q12,Medium,mysql,indexed,1,3,1,-1,sqlalchemy,sql,q12s2,2,0.572029,,ok,,900000,1.01,163906,123312837238880,2026-09-05T13:07:55.628-05:00
088c53770c8d,campaign-sf1,mado,tpch,Q12,Medium,mysql,indexed,1,3,1,-1,sqlalchemy,orm,q12s2,2,0.572725,,ok,,900000,1.01,163906,123312837238880,2026-09-05T13:07:56.201-05:00
088c53770c8d,campaign-sf1,mado,tpch,Q12,Medium,mysql,indexed,1,3,1,0,django,orm,q12s2,0,0.522516,2,ok,,900000,1.01,163906,123312837238880,2026-09-05T13:07:56.723-05:00
088c53770c8d,campaign-sf1,mado,tpch,Q12,Medium,mysql,indexed,1,3,1,1,sqlalchemy,orm,q12s2,0,0.573617,2,ok,,900000,1.01,163906,123312837238880,2026-09-05T13:07:57.297-05:00
088c53770c8d,campaign-sf1,mado,tpch,Q12,Medium,mysql,indexed,1,3,1,2,django,sql,q12s2,0,0.566325,2,ok,,900000,1.01,163906,123312837238880,2026-09-05T13:07:57.864-05:00
088c53770c8d,campaign-sf1,mado,tpch,Q12,Medium,mysql,indexed,1,3,1,3,sqlalchemy,sql,q12s2,0,0.570119,2,ok,,900000,1.01,163906,123312837238880,2026-09-05T13:07:58.434-05:00
088c53770c8d,campaign-sf1,mado,tpch,Q12,Medium,mysql,indexed,1,4,3,-1,django,sql,q12s3,2,1.148839,,ok,,900000,1.01,163906,123312837238880,2026-09-05T13:07:59.587-05:00
088c53770c8d,campaign-sf1,mado,tpch,Q12,Medium,mysql,indexed,1,4,3,-1,django,orm,q12s3,2,0.527231,,ok,,900000,1.01,163906,123312837238880,2026-09-05T13:08:00.115-05:00
088c53770c8d,campaign-sf1,mado,tpch,Q12,Medium,mysql,indexed,1,4,3,-1,sqlalchemy,sql,q12s3,2,0.570829,,ok,,900000,1.01,163906,123312837238880,2026-09-05T13:08:00.686-05:00
088c53770c8d,campaign-sf1,mado,tpch,Q12,Medium,mysql,indexed,1,4,3,-1,sqlalchemy,orm,q12s3,2,0.573373,,ok,,900000,1.01,163906,123312837238880,2026-09-05T13:08:01.259-05:00
088c53770c8d,campaign-sf1,mado,tpch,Q12,Medium,mysql,indexed,1,4,3,0,sqlalchemy,sql,q12s3,0,0.569691,2,ok,,900000,1.01,163906,123312837238880,2026-09-05T13:08:01.829-05:00
088c53770c8d,campaign-sf1,mado,tpch,Q12,Medium,mysql,indexed,1,4,3,1,django,sql,q12s3,0,0.569653,2,ok,,900000,1.01,163906,123312837238880,2026-09-05T13:08:02.399-05:00
088c53770c8d,campaign-sf1,mado,tpch,Q12,Medium,mysql,indexed,1,4,3,2,sqlalchemy,orm,q12s3,0,0.571922,2,ok,,900000,1.01,163906,123312837238880,2026-09-05T13:08:02.971-05:00
088c53770c8d,campaign-sf1,mado,tpch,Q12,Medium,mysql,indexed,1,4,3,3,django,orm,q12s3,0,0.522754,2,ok,,900000,1.01,163906,123312837238880,2026-09-05T13:08:03.493-05:00
088c53770c8d,campaign-sf1,mado,tpch,Q12,Medium,mysql,indexed,1,5,1,-1,django,sql,q12s4,2,1.530357,,ok,,900000,1.01,163906,123312837238880,2026-09-05T13:08:05.028-05:00
088c53770c8d,campaign-sf1,mado,tpch,Q12,Medium,mysql,indexed,1,5,1,-1,django,orm,q12s4,2,0.529943,,ok,,900000,1.01,163906,123312837238880,2026-09-05T13:08:05.558-05:00
088c53770c8d,campaign-sf1,mado,tpch,Q12,Medium,mysql,indexed,1,5,1,-1,sqlalchemy,sql,q12s4,2,0.569712,,ok,,900000,1.01,163906,123312837238880,2026-09-05T13:08:06.128-05:00
088c53770c8d,campaign-sf1,mado,tpch,Q12,Medium,mysql,indexed,1,5,1,-1,sqlalchemy,orm,q12s4,2,0.570354,,ok,,900000,1.01,163906,123312837238880,2026-09-05T13:08:06.698-05:00
088c53770c8d,campaign-sf1,mado,tpch,Q12,Medium,mysql,indexed,1,5,1,0,django,orm,q12s4,0,0.527846,2,ok,,900000,1.01,163906,123312837238880,2026-09-05T13:08:07.226-05:00
088c53770c8d,campaign-sf1,mado,tpch,Q12,Medium,mysql,indexed,1,5,1,1,sqlalchemy,orm,q12s4,0,0.569327,2,ok,,900000,1.01,163906,123312837238880,2026-09-05T13:08:07.796-05:00
088c53770c8d,campaign-sf1,mado,tpch,Q12,Medium,mysql,indexed,1,5,1,2,django,sql,q12s4,0,0.568855,2,ok,,900000,1.01,163906,123312837238880,2026-09-05T13:08:08.365-05:00
088c53770c8d,campaign-sf1,mado,tpch,Q12,Medium,mysql,indexed,1,5,1,3,sqlalchemy,sql,q12s4,0,0.569596,2,ok,,900000,1.01,163906,123312837238880,2026-09-05T13:08:08.934-05:00
088c53770c8d,campaign-sf1,mado,tpch,Q12,Medium,mysql,indexed,1,6,0,-1,django,sql,q12s5,2,1.312368,,ok,,900000,1.01,163906,123312837238880,2026-09-05T13:08:10.252-05:00
088c53770c8d,campaign-sf1,mado,tpch,Q12,Medium,mysql,indexed,1,6,0,-1,django,orm,q12s5,2,0.533649,,ok,,900000,1.01,163906,123312837238880,2026-09-05T13:08:10.785-05:00
088c53770c8d,campaign-sf1,mado,tpch,Q12,Medium,mysql,indexed,1,6,0,-1,sqlalchemy,sql,q12s5,2,0.587489,,ok,,900000,1.01,163906,123312837238880,2026-09-05T13:08:11.373-05:00
088c53770c8d,campaign-sf1,mado,tpch,Q12,Medium,mysql,indexed,1,6,0,-1,sqlalchemy,orm,q12s5,2,0.589333,,ok,,900000,1.01,163906,123312837238880,2026-09-05T13:08:11.962-05:00
088c53770c8d,campaign-sf1,mado,tpch,Q12,Medium,mysql,indexed,1,6,0,0,django,sql,q12s5,0,0.585904,2,ok,,900000,1.01,163906,123312837238880,2026-09-05T13:08:12.548-05:00
088c53770c8d,campaign-sf1,mado,tpch,Q12,Medium,mysql,indexed,1,6,0,1,django,orm,q12s5,0,0.528855,2,ok,,900000,1.01,163906,123312837238880,2026-09-05T13:08:13.077-05:00
088c53770c8d,campaign-sf1,mado,tpch,Q12,Medium,mysql,indexed,1,6,0,2,sqlalchemy,sql,q12s5,0,0.586227,2,ok,,900000,1.01,163906,123312837238880,2026-09-05T13:08:13.664-05:00
088c53770c8d,campaign-sf1,mado,tpch,Q12,Medium,mysql,indexed,1,6,0,3,sqlalchemy,orm,q12s5,0,0.588464,2,ok,,900000,1.01,163906,123312837238880,2026-09-05T13:08:14.252-05:00
088c53770c8d,campaign-sf1,mado,tpch,Q12,Medium,mysql,indexed,1,7,2,-1,django,sql,q12s6,2,0.871108,,ok,,900000,1.01,163906,123312837238880,2026-09-05T13:08:15.128-05:00
088c53770c8d,campaign-sf1,mado,tpch,Q12,Medium,mysql,indexed,1,7,2,-1,django,orm,q12s6,2,0.53158,,ok,,900000,1.01,163906,123312837238880,2026-09-05T13:08:15.660-05:00
088c53770c8d,campaign-sf1,mado,tpch,Q12,Medium,mysql,indexed,1,7,2,-1,sqlalchemy,sql,q12s6,2,0.571594,,ok,,900000,1.01,163906,123312837238880,2026-09-05T13:08:16.231-05:00
088c53770c8d,campaign-sf1,mado,tpch,Q12,Medium,mysql,indexed,1,7,2,-1,sqlalchemy,orm,q12s6,2,0.574149,,ok,,900000,1.01,163906,123312837238880,2026-09-05T13:08:16.806-05:00
088c53770c8d,campaign-sf1,mado,tpch,Q12,Medium,mysql,indexed,1,7,2,0,sqlalchemy,orm,q12s6,0,0.57624,2,ok,,900000,1.01,163906,123312837238880,2026-09-05T13:08:17.382-05:00
088c53770c8d,campaign-sf1,mado,tpch,Q12,Medium,mysql,indexed,1,7,2,1,sqlalchemy,sql,q12s6,0,0.572395,2,ok,,900000,1.01,163906,123312837238880,2026-09-05T13:08:17.955-05:00
088c53770c8d,campaign-sf1,mado,tpch,Q12,Medium,mysql,indexed,1,7,2,2,django,orm,q12s6,0,0.530177,2,ok,,900000,1.01,163906,123312837238880,2026-09-05T13:08:18.485-05:00
088c53770c8d,campaign-sf1,mado,tpch,Q12,Medium,mysql,indexed,1,7,2,3,django,sql,q12s6,0,0.57219,2,ok,,900000,1.01,163906,123312837238880,2026-09-05T13:08:19.057-05:00
088c53770c8d,campaign-sf1,mado,tpch,Q12,Medium,mysql,indexed,1,8,3,-1,django,sql,q12s7,2,0.885823,,ok,,900000,1.01,163906,123312837238880,2026-09-05T13:08:19.948-05:00
088c53770c8d,campaign-sf1,mado,tpch,Q12,Medium,mysql,indexed,1,8,3,-1,django,orm,q12s7,2,0.528275,,ok,,900000,1.01,163906,123312837238880,2026-09-05T13:08:20.476-05:00
088c53770c8d,campaign-sf1,mado,tpch,Q12,Medium,mysql,indexed,1,8,3,-1,sqlalchemy,sql,q12s7,2,0.566495,,ok,,900000,1.01,163906,123312837238880,2026-09-05T13:08:21.043-05:00
088c53770c8d,campaign-sf1,mado,tpch,Q12,Medium,mysql,indexed,1,8,3,-1,sqlalchemy,orm,q12s7,2,0.567568,,ok,,900000,1.01,163906,123312837238880,2026-09-05T13:08:21.611-05:00
088c53770c8d,campaign-sf1,mado,tpch,Q12,Medium,mysql,indexed,1,8,3,0,sqlalchemy,sql,q12s7,0,0.564941,2,ok,,900000,1.01,163906,123312837238880,2026-09-05T13:08:22.176-05:00
088c53770c8d,campaign-sf1,mado,tpch,Q12,Medium,mysql,indexed,1,8,3,1,django,sql,q12s7,0,0.562961,2,ok,,900000,1.01,163906,123312837238880,2026-09-05T13:08:22.739-05:00
088c53770c8d,campaign-sf1,mado,tpch,Q12,Medium,mysql,indexed,1,8,3,2,sqlalchemy,orm,q12s7,0,0.568669,2,ok,,900000,1.01,163906,123312837238880,2026-09-05T13:08:23.307-05:00
088c53770c8d,campaign-sf1,mado,tpch,Q12,Medium,mysql,indexed,1,8,3,3,django,orm,q12s7,0,0.525644,2,ok,,900000,1.01,163906,123312837238880,2026-09-05T13:08:23.833-05:00
d491634bcf27,campaign-sf1,mado,tpch,Q13,Complex,mysql,indexed,1,0,3,0,sqlalchemy,sql,q13warm,1,9.679027,42,ok,,900000,1.01,163908,129372187572848,2026-09-05T13:08:34.590-05:00
d491634bcf27,campaign-sf1,mado,tpch,Q13,Complex,mysql,indexed,1,0,3,1,django,sql,q13warm,1,8.864076,42,ok,,900000,1.0,163908,129372187572848,2026-09-05T13:08:43.454-05:00
d491634bcf27,campaign-sf1,mado,tpch,Q13,Complex,mysql,indexed,1,0,3,2,sqlalchemy,orm,q13warm,1,8.889733,42,ok,,900000,1.0,163908,129372187572848,2026-09-05T13:08:52.344-05:00
d491634bcf27,campaign-sf1,mado,tpch,Q13,Complex,mysql,indexed,1,0,3,3,django,orm,q13warm,1,9.273927,42,ok,,900000,1.0,163908,129372187572848,2026-09-05T13:09:01.618-05:00
d491634bcf27,campaign-sf1,mado,tpch,Q13,Complex,mysql,indexed,1,1,1,-1,django,sql,q13s0,2,8.978137,,ok,,900000,1.08,163908,129372187572848,2026-09-05T13:09:10.602-05:00
d491634bcf27,campaign-sf1,mado,tpch,Q13,Complex,mysql,indexed,1,1,1,-1,django,orm,q13s0,2,9.25323,,ok,,900000,1.06,163908,129372187572848,2026-09-05T13:09:19.855-05:00
d491634bcf27,campaign-sf1,mado,tpch,Q13,Complex,mysql,indexed,1,1,1,-1,sqlalchemy,sql,q13s0,2,8.936237,,ok,,900000,1.05,163908,129372187572848,2026-09-05T13:09:28.791-05:00
d491634bcf27,campaign-sf1,mado,tpch,Q13,Complex,mysql,indexed,1,1,1,-1,sqlalchemy,orm,q13s0,2,8.930485,,ok,,900000,1.04,163908,129372187572848,2026-09-05T13:09:37.722-05:00
d491634bcf27,campaign-sf1,mado,tpch,Q13,Complex,mysql,indexed,1,1,1,0,django,orm,q13s0,0,9.258765,42,ok,,900000,1.04,163908,129372187572848,2026-09-05T13:09:46.981-05:00
d491634bcf27,campaign-sf1,mado,tpch,Q13,Complex,mysql,indexed,1,1,1,1,sqlalchemy,orm,q13s0,0,8.918037,42,ok,,900000,1.03,163908,129372187572848,2026-09-05T13:09:55.899-05:00
d491634bcf27,campaign-sf1,mado,tpch,Q13,Complex,mysql,indexed,1,1,1,2,django,sql,q13s0,0,8.957377,42,ok,,900000,1.03,163908,129372187572848,2026-09-05T13:10:04.856-05:00
d491634bcf27,campaign-sf1,mado,tpch,Q13,Complex,mysql,indexed,1,1,1,3,sqlalchemy,sql,q13s0,0,8.927563,42,ok,,900000,1.02,163908,129372187572848,2026-09-05T13:10:13.784-05:00
d491634bcf27,campaign-sf1,mado,tpch,Q13,Complex,mysql,indexed,1,2,0,-1,django,sql,q13s1,2,8.782225,,ok,,900000,1.02,163908,129372187572848,2026-09-05T13:10:22.570-05:00
d491634bcf27,campaign-sf1,mado,tpch,Q13,Complex,mysql,indexed,1,2,0,-1,django,orm,q13s1,2,9.134127,,ok,,900000,1.02,163908,129372187572848,2026-09-05T13:10:31.704-05:00
d491634bcf27,campaign-sf1,mado,tpch,Q13,Complex,mysql,indexed,1,2,0,-1,sqlalchemy,sql,q13s1,2,8.770646,,ok,,900000,1.01,163908,129372187572848,2026-09-05T13:10:40.475-05:00
d491634bcf27,campaign-sf1,mado,tpch,Q13,Complex,mysql,indexed,1,2,0,-1,sqlalchemy,orm,q13s1,2,8.761849,,ok,,900000,1.01,163908,129372187572848,2026-09-05T13:10:49.237-05:00
d491634bcf27,campaign-sf1,mado,tpch,Q13,Complex,mysql,indexed,1,2,0,0,django,sql,q13s1,0,8.792434,41,ok,,900000,1.01,163908,129372187572848,2026-09-05T13:10:58.029-05:00
d491634bcf27,campaign-sf1,mado,tpch,Q13,Complex,mysql,indexed,1,2,0,1,django,orm,q13s1,0,9.082161,41,ok,,900000,1.01,163908,129372187572848,2026-09-05T13:11:07.111-05:00
d491634bcf27,campaign-sf1,mado,tpch,Q13,Complex,mysql,indexed,1,2,0,2,sqlalchemy,sql,q13s1,0,8.775737,41,ok,,900000,1.01,163908,129372187572848,2026-09-05T13:11:15.887-05:00
d491634bcf27,campaign-sf1,mado,tpch,Q13,Complex,mysql,indexed,1,2,0,3,sqlalchemy,orm,q13s1,0,8.776225,41,ok,,900000,1.01,163908,129372187572848,2026-09-05T13:11:24.664-05:00
d491634bcf27,campaign-sf1,mado,tpch,Q13,Complex,mysql,indexed,1,3,3,-1,django,sql,q13s2,2,8.851468,,ok,,900000,1.0,163908,129372187572848,2026-09-05T13:11:33.520-05:00
d491634bcf27,campaign-sf1,mado,tpch,Q13,Complex,mysql,indexed,1,3,3,-1,django,orm,q13s2,2,9.162342,,ok,,900000,1.0,163908,129372187572848,2026-09-05T13:11:42.682-05:00
d491634bcf27,campaign-sf1,mado,tpch,Q13,Complex,mysql,indexed,1,3,3,-1,sqlalchemy,sql,q13s2,2,8.832209,,ok,,900000,1.0,163908,129372187572848,2026-09-05T13:11:51.514-05:00
d491634bcf27,campaign-sf1,mado,tpch,Q13,Complex,mysql,indexed,1,3,3,-1,sqlalchemy,orm,q13s2,2,8.842174,,ok,,900000,1.08,163908,129372187572848,2026-09-05T13:12:00.357-05:00
d491634bcf27,campaign-sf1,mado,tpch,Q13,Complex,mysql,indexed,1,3,3,0,sqlalchemy,sql,q13s2,0,8.845613,42,ok,,900000,1.07,163908,129372187572848,2026-09-05T13:12:09.202-05:00
d491634bcf27,campaign-sf1,mado,tpch,Q13,Complex,mysql,indexed,1,3,3,1,django,sql,q13s2,0,8.862359,42,ok,,900000,1.06,163908,129372187572848,2026-09-05T13:12:18.065-05:00
d491634bcf27,campaign-sf1,mado,tpch,Q13,Complex,mysql,indexed,1,3,3,2,sqlalchemy,orm,q13s2,0,8.828484,42,ok,,900000,1.05,163908,129372187572848,2026-09-05T13:12:26.893-05:00
d491634bcf27,campaign-sf1,mado,tpch,Q13,Complex,mysql,indexed,1,3,3,3,django,orm,q13s2,0,9.188542,42,ok,,900000,1.04,163908,129372187572848,2026-09-05T13:12:36.082-05:00
d491634bcf27,campaign-sf1,mado,tpch,Q13,Complex,mysql,indexed,1,4,2,-1,django,sql,q13s3,2,9.026811,,ok,,900000,1.04,163908,129372187572848,2026-09-05T13:12:45.114-05:00
d491634bcf27,campaign-sf1,mado,tpch,Q13,Complex,mysql,indexed,1,4,2,-1,django,orm,q13s3,2,9.325497,,ok,,900000,1.03,163908,129372187572848,2026-09-05T13:12:54.439-05:00
d491634bcf27,campaign-sf1,mado,tpch,Q13,Complex,mysql,indexed,1,4,2,-1,sqlalchemy,sql,q13s3,2,9.007922,,ok,,900000,1.03,163908,129372187572848,2026-09-05T13:13:03.447-05:00
d491634bcf27,campaign-sf1,mado,tpch,Q13,Complex,mysql,indexed,1,4,2,-1,sqlalchemy,orm,q13s3,2,9.002479,,ok,,900000,1.02,163908,129372187572848,2026-09-05T13:13:12.450-05:00
d491634bcf27,campaign-sf1,mado,tpch,Q13,Complex,mysql,indexed,1,4,2,0,sqlalchemy,orm,q13s3,0,8.995861,41,ok,,900000,1.02,163908,129372187572848,2026-09-05T13:13:21.446-05:00
d491634bcf27,campaign-sf1,mado,tpch,Q13,Complex,mysql,indexed,1,4,2,1,sqlalchemy,sql,q13s3,0,9.004277,41,ok,,900000,1.02,163908,129372187572848,2026-09-05T13:13:30.450-05:00
d491634bcf27,campaign-sf1,mado,tpch,Q13,Complex,mysql,indexed,1,4,2,2,django,orm,q13s3,0,9.325537,41,ok,,900000,1.01,163908,129372187572848,2026-09-05T13:13:39.776-05:00
d491634bcf27,campaign-sf1,mado,tpch,Q13,Complex,mysql,indexed,1,4,2,3,django,sql,q13s3,0,9.024611,41,ok,,900000,1.01,163908,129372187572848,2026-09-05T13:13:48.801-05:00
d491634bcf27,campaign-sf1,mado,tpch,Q13,Complex,mysql,indexed,1,5,0,-1,django,sql,q13s4,2,8.946168,,ok,,900000,1.01,163908,129372187572848,2026-09-05T13:13:57.751-05:00
d491634bcf27,campaign-sf1,mado,tpch,Q13,Complex,mysql,indexed,1,5,0,-1,django,orm,q13s4,2,9.247793,,ok,,900000,1.01,163908,129372187572848,2026-09-05T13:14:06.999-05:00
d491634bcf27,campaign-sf1,mado,tpch,Q13,Complex,mysql,indexed,1,5,0,-1,sqlalchemy,sql,q13s4,2,8.925723,,ok,,900000,1.01,163908,129372187572848,2026-09-05T13:14:15.925-05:00
d491634bcf27,campaign-sf1,mado,tpch,Q13,Complex,mysql,indexed,1,5,0,-1,sqlalchemy,orm,q13s4,2,8.913672,,ok,,900000,1.0,163908,129372187572848,2026-09-05T13:14:24.839-05:00
d491634bcf27,campaign-sf1,mado,tpch,Q13,Complex,mysql,indexed,1,5,0,0,django,sql,q13s4,0,8.939891,42,ok,,900000,1.0,163908,129372187572848,2026-09-05T13:14:33.779-05:00
d491634bcf27,campaign-sf1,mado,tpch,Q13,Complex,mysql,indexed,1,5,0,1,django,orm,q13s4,0,9.307301,42,ok,,900000,1.0,163908,129372187572848,2026-09-05T13:14:43.086-05:00
d491634bcf27,campaign-sf1,mado,tpch,Q13,Complex,mysql,indexed,1,5,0,2,sqlalchemy,sql,q13s4,0,8.922304,42,ok,,900000,1.0,163908,129372187572848,2026-09-05T13:14:52.009-05:00
d491634bcf27,campaign-sf1,mado,tpch,Q13,Complex,mysql,indexed,1,5,0,3,sqlalchemy,orm,q13s4,0,8.926576,42,ok,,900000,1.0,163908,129372187572848,2026-09-05T13:15:00.935-05:00
d491634bcf27,campaign-sf1,mado,tpch,Q13,Complex,mysql,indexed,1,6,1,-1,django,sql,q13s5,2,9.024421,,ok,,900000,1.0,163908,129372187572848,2026-09-05T13:15:09.965-05:00
d491634bcf27,campaign-sf1,mado,tpch,Q13,Complex,mysql,indexed,1,6,1,-1,django,orm,q13s5,2,9.308959,,ok,,900000,1.0,163908,129372187572848,2026-09-05T13:15:19.274-05:00
d491634bcf27,campaign-sf1,mado,tpch,Q13,Complex,mysql,indexed,1,6,1,-1,sqlalchemy,sql,q13s5,2,9.004092,,ok,,900000,1.0,163908,129372187572848,2026-09-05T13:15:28.278-05:00
d491634bcf27,campaign-sf1,mado,tpch,Q13,Complex,mysql,indexed,1,6,1,-1,sqlalchemy,orm,q13s5,2,9.004128,,ok,,900000,1.0,163908,129372187572848,2026-09-05T13:15:37.282-05:00
d491634bcf27,campaign-sf1,mado,tpch,Q13,Complex,mysql,indexed,1,6,1,0,django,orm,q13s5,0,9.336051,42,ok,,900000,1.0,163908,129372187572848,2026-09-05T13:15:46.618-05:00
d491634bcf27,campaign-sf1,mado,tpch,Q13,Complex,mysql,indexed,1,6,1,1,sqlalchemy,orm,q13s5,0,8.990471,42,ok,,900000,1.0,163908,129372187572848,2026-09-05T13:15:55.609-05:00
d491634bcf27,campaign-sf1,mado,tpch,Q13,Complex,mysql,indexed,1,6,1,2,django,sql,q13s5,0,9.012994,42,ok,,900000,1.0,163908,129372187572848,2026-09-05T13:16:04.622-05:00
d491634bcf27,campaign-sf1,mado,tpch,Q13,Complex,mysql,indexed,1,6,1,3,sqlalchemy,sql,q13s5,0,9.005991,42,ok,,900000,1.0,163908,129372187572848,2026-09-05T13:16:13.628-05:00
d491634bcf27,campaign-sf1,mado,tpch,Q13,Complex,mysql,indexed,1,7,2,-1,django,sql,q13s6,2,8.786852,,ok,,900000,1.0,163908,129372187572848,2026-09-05T13:16:22.419-05:00
d491634bcf27,campaign-sf1,mado,tpch,Q13,Complex,mysql,indexed,1,7,2,-1,django,orm,q13s6,2,9.14941,,ok,,900000,1.0,163908,129372187572848,2026-09-05T13:16:31.569-05:00
d491634bcf27,campaign-sf1,mado,tpch,Q13,Complex,mysql,indexed,1,7,2,-1,sqlalchemy,sql,q13s6,2,8.764527,,ok,,900000,1.0,163908,129372187572848,2026-09-05T13:16:40.334-05:00
d491634bcf27,campaign-sf1,mado,tpch,Q13,Complex,mysql,indexed,1,7,2,-1,sqlalchemy,orm,q13s6,2,8.766673,,ok,,900000,1.0,163908,129372187572848,2026-09-05T13:16:49.100-05:00
d491634bcf27,campaign-sf1,mado,tpch,Q13,Complex,mysql,indexed,1,7,2,0,sqlalchemy,orm,q13s6,0,8.767051,42,ok,,900000,1.0,163908,129372187572848,2026-09-05T13:16:57.868-05:00
d491634bcf27,campaign-sf1,mado,tpch,Q13,Complex,mysql,indexed,1,7,2,1,sqlalchemy,sql,q13s6,0,8.777684,42,ok,,900000,1.0,163908,129372187572848,2026-09-05T13:17:06.645-05:00
d491634bcf27,campaign-sf1,mado,tpch,Q13,Complex,mysql,indexed,1,7,2,2,django,orm,q13s6,0,9.141702,42,ok,,900000,1.0,163908,129372187572848,2026-09-05T13:17:15.787-05:00
d491634bcf27,campaign-sf1,mado,tpch,Q13,Complex,mysql,indexed,1,7,2,3,django,sql,q13s6,0,8.777786,42,ok,,900000,1.0,163908,129372187572848,2026-09-05T13:17:24.565-05:00
d491634bcf27,campaign-sf1,mado,tpch,Q13,Complex,mysql,indexed,1,8,3,-1,django,sql,q13s7,2,9.023978,,ok,,900000,1.0,163908,129372187572848,2026-09-05T13:17:33.593-05:00
d491634bcf27,campaign-sf1,mado,tpch,Q13,Complex,mysql,indexed,1,8,3,-1,django,orm,q13s7,2,9.31093,,ok,,900000,1.0,163908,129372187572848,2026-09-05T13:17:42.904-05:00
d491634bcf27,campaign-sf1,mado,tpch,Q13,Complex,mysql,indexed,1,8,3,-1,sqlalchemy,sql,q13s7,2,9.008927,,ok,,900000,1.0,163908,129372187572848,2026-09-05T13:17:51.913-05:00
d491634bcf27,campaign-sf1,mado,tpch,Q13,Complex,mysql,indexed,1,8,3,-1,sqlalchemy,orm,q13s7,2,9.017492,,ok,,900000,1.0,163908,129372187572848,2026-09-05T13:18:00.931-05:00
d491634bcf27,campaign-sf1,mado,tpch,Q13,Complex,mysql,indexed,1,8,3,0,sqlalchemy,sql,q13s7,0,9.009553,42,ok,,900000,1.0,163908,129372187572848,2026-09-05T13:18:09.941-05:00
d491634bcf27,campaign-sf1,mado,tpch,Q13,Complex,mysql,indexed,1,8,3,1,django,sql,q13s7,0,9.028535,42,ok,,900000,1.0,163908,129372187572848,2026-09-05T13:18:18.969-05:00
d491634bcf27,campaign-sf1,mado,tpch,Q13,Complex,mysql,indexed,1,8,3,2,sqlalchemy,orm,q13s7,0,9.00914,42,ok,,900000,1.0,163908,129372187572848,2026-09-05T13:18:27.979-05:00
d491634bcf27,campaign-sf1,mado,tpch,Q13,Complex,mysql,indexed,1,8,3,3,django,orm,q13s7,0,9.314084,42,ok,,900000,1.0,163908,129372187572848,2026-09-05T13:18:37.293-05:00
45cfc021fb3b,campaign-sf1,mado,tpch,Q14,Simple,mysql,indexed,1,0,1,0,django,orm,q14warm,1,2.256979,1,ok,,900000,1.0,164187,134772394899744,2026-09-05T13:18:40.631-05:00
45cfc021fb3b,campaign-sf1,mado,tpch,Q14,Simple,mysql,indexed,1,0,1,1,sqlalchemy,orm,q14warm,1,0.809928,1,ok,,900000,1.0,164187,134772394899744,2026-09-05T13:18:41.441-05:00
45cfc021fb3b,campaign-sf1,mado,tpch,Q14,Simple,mysql,indexed,1,0,1,2,django,sql,q14warm,1,0.754184,1,ok,,900000,1.0,164187,134772394899744,2026-09-05T13:18:42.195-05:00
45cfc021fb3b,campaign-sf1,mado,tpch,Q14,Simple,mysql,indexed,1,0,1,3,sqlalchemy,sql,q14warm,1,0.759922,1,ok,,900000,1.0,164187,134772394899744,2026-09-05T13:18:42.955-05:00
45cfc021fb3b,campaign-sf1,mado,tpch,Q14,Simple,mysql,indexed,1,1,0,-1,django,sql,q14s0,2,1.023688,,ok,,900000,1.0,164187,134772394899744,2026-09-05T13:18:43.984-05:00
45cfc021fb3b,campaign-sf1,mado,tpch,Q14,Simple,mysql,indexed,1,1,0,-1,django,orm,q14s0,2,0.779691,,ok,,900000,1.0,164187,134772394899744,2026-09-05T13:18:44.763-05:00
45cfc021fb3b,campaign-sf1,mado,tpch,Q14,Simple,mysql,indexed,1,1,0,-1,sqlalchemy,sql,q14s0,2,0.775257,,ok,,900000,1.0,164187,134772394899744,2026-09-05T13:18:45.539-05:00
45cfc021fb3b,campaign-sf1,mado,tpch,Q14,Simple,mysql,indexed,1,1,0,-1,sqlalchemy,orm,q14s0,2,0.773649,,ok,,900000,1.0,164187,134772394899744,2026-09-05T13:18:46.312-05:00
45cfc021fb3b,campaign-sf1,mado,tpch,Q14,Simple,mysql,indexed,1,1,0,0,django,sql,q14s0,0,0.764356,1,ok,,900000,1.0,164187,134772394899744,2026-09-05T13:18:47.077-05:00
45cfc021fb3b,campaign-sf1,mado,tpch,Q14,Simple,mysql,indexed,1,1,0,1,django,orm,q14s0,0,0.775106,1,ok,,900000,1.0,164187,134772394899744,2026-09-05T13:18:47.852-05:00
45cfc021fb3b,campaign-sf1,mado,tpch,Q14,Simple,mysql,indexed,1,1,0,2,sqlalchemy,sql,q14s0,0,0.770875,1,ok,,900000,1.0,164187,134772394899744,2026-09-05T13:18:48.623-05:00
45cfc021fb3b,campaign-sf1,mado,tpch,Q14,Simple,mysql,indexed,1,1,0,3,sqlalchemy,orm,q14s0,0,0.77227,1,ok,,900000,1.0,164187,134772394899744,2026-09-05T13:18:49.395-05:00
45cfc021fb3b,campaign-sf1,mado,tpch,Q14,Simple,mysql,indexed,1,2,2,-1,django,sql,q14s1,2,1.035346,,ok,,900000,1.0,164187,134772394899744,2026-09-05T13:18:50.436-05:00
45cfc021fb3b,campaign-sf1,mado,tpch,Q14,Simple,mysql,indexed,1,2,2,-1,django,orm,q14s1,2,0.831295,,ok,,900000,1.0,164187,134772394899744,2026-09-05T13:18:51.267-05:00
45cfc021fb3b,campaign-sf1,mado,tpch,Q14,Simple,mysql,indexed,1,2,2,-1,sqlalchemy,sql,q14s1,2,0.824207,,ok,,900000,1.0,164187,134772394899744,2026-09-05T13:18:52.091-05:00
45cfc021fb3b,campaign-sf1,mado,tpch,Q14,Simple,mysql,indexed,1,2,2,-1,sqlalchemy,orm,q14s1,2,0.823856,,ok,,900000,1.0,164187,134772394899744,2026-09-05T13:18:52.915-05:00
45cfc021fb3b,campaign-sf1,mado,tpch,Q14,Simple,mysql,indexed,1,2,2,0,sqlalchemy,orm,q14s1,0,0.827466,1,ok,,900000,1.0,164187,134772394899744,2026-09-05T13:18:53.743-05:00
45cfc021fb3b,campaign-sf1,mado,tpch,Q14,Simple,mysql,indexed,1,2,2,1,sqlalchemy,sql,q14s1,0,0.825827,1,ok,,900000,1.0,164187,134772394899744,2026-09-05T13:18:54.569-05:00
45cfc021fb3b,campaign-sf1,mado,tpch,Q14,Simple,mysql,indexed,1,2,2,2,django,orm,q14s1,0,0.823878,1,ok,,900000,1.0,164187,134772394899744,2026-09-05T13:18:55.393-05:00
45cfc021fb3b,campaign-sf1,mado,tpch,Q14,Simple,mysql,indexed,1,2,2,3,django,sql,q14s1,0,0.820359,1,ok,,900000,1.0,164187,134772394899744,2026-09-05T13:18:56.213-05:00
45cfc021fb3b,campaign-sf1,mado,tpch,Q14,Simple,mysql,indexed,1,3,1,-1,django,sql,q14s2,2,0.944182,,ok,,900000,1.0,164187,134772394899744,2026-09-05T13:18:57.165-05:00
45cfc021fb3b,campaign-sf1,mado,tpch,Q14,Simple,mysql,indexed,1,3,1,-1,django,orm,q14s2,2,0.789926,,ok,,900000,1.0,164187,134772394899744,2026-09-05T13:18:57.955-05:00
45cfc021fb3b,campaign-sf1,mado,tpch,Q14,Simple,mysql,indexed,1,3,1,-1,sqlalchemy,sql,q14s2,2,0.786717,,ok,,900000,1.0,164187,134772394899744,2026-09-05T13:18:58.741-05:00
45cfc021fb3b,campaign-sf1,mado,tpch,Q14,Simple,mysql,indexed,1,3,1,-1,sqlalchemy,orm,q14s2,2,0.788016,,ok,,900000,1.0,164187,134772394899744,2026-09-05T13:18:59.530-05:00
45cfc021fb3b,campaign-sf1,mado,tpch,Q14,Simple,mysql,indexed,1,3,1,0,django,orm,q14s2,0,0.788046,1,ok,,900000,1.0,164187,134772394899744,2026-09-05T13:19:00.318-05:00
45cfc021fb3b,campaign-sf1,mado,tpch,Q14,Simple,mysql,indexed,1,3,1,1,sqlalchemy,orm,q14s2,0,0.786491,1,ok,,900000,1.0,164187,134772394899744,2026-09-05T13:19:01.104-05:00
45cfc021fb3b,campaign-sf1,mado,tpch,Q14,Simple,mysql,indexed,1,3,1,2,django,sql,q14s2,0,0.777569,1,ok,,900000,1.0,164187,134772394899744,2026-09-05T13:19:01.882-05:00
45cfc021fb3b,campaign-sf1,mado,tpch,Q14,Simple,mysql,indexed,1,3,1,3,sqlalchemy,sql,q14s2,0,0.785806,1,ok,,900000,1.0,164187,134772394899744,2026-09-05T13:19:02.668-05:00
45cfc021fb3b,campaign-sf1,mado,tpch,Q14,Simple,mysql,indexed,1,4,3,-1,django,sql,q14s3,2,0.851861,,ok,,900000,1.0,164187,134772394899744,2026-09-05T13:19:03.525-05:00
45cfc021fb3b,campaign-sf1,mado,tpch,Q14,Simple,mysql,indexed,1,4,3,-1,django,orm,q14s3,2,0.799475,,ok,,900000,1.0,164187,134772394899744,2026-09-05T13:19:04.324-05:00
45cfc021fb3b,campaign-sf1,mado,tpch,Q14,Simple,mysql,indexed,1,4,3,-1,sqlalchemy,sql,q14s3,2,0.789985,,ok,,900000,1.0,164187,134772394899744,2026-09-05T13:19:05.114-05:00
45cfc021fb3b,campaign-sf1,mado,tpch,Q14,Simple,mysql,indexed,1,4,3,-1,sqlalchemy,orm,q14s3,2,0.789469,,ok,,900000,1.0,164187,134772394899744,2026-09-05T13:19:05.904-05:00
45cfc021fb3b,campaign-sf1,mado,tpch,Q14,Simple,mysql,indexed,1,4,3,0,sqlalchemy,sql,q14s3,0,0.790063,1,ok,,900000,1.0,164187,134772394899744,2026-09-05T13:19:06.694-05:00
45cfc021fb3b,campaign-sf1,mado,tpch,Q14,Simple,mysql,indexed,1,4,3,1,django,sql,q14s3,0,0.783841,1,ok,,900000,1.0,164187,134772394899744,2026-09-05T13:19:07.478-05:00
45cfc021fb3b,campaign-sf1,mado,tpch,Q14,Simple,mysql,indexed,1,4,3,2,sqlalchemy,orm,q14s3,0,0.792481,1,ok,,900000,1.0,164187,134772394899744,2026-09-05T13:19:08.270-05:00
45cfc021fb3b,campaign-sf1,mado,tpch,Q14,Simple,mysql,indexed,1,4,3,3,django,orm,q14s3,0,0.795449,1,ok,,900000,1.0,164187,134772394899744,2026-09-05T13:19:09.066-05:00
45cfc021fb3b,campaign-sf1,mado,tpch,Q14,Simple,mysql,indexed,1,5,0,-1,django,sql,q14s4,2,0.855306,,ok,,900000,1.0,164187,134772394899744,2026-09-05T13:19:09.926-05:00
45cfc021fb3b,campaign-sf1,mado,tpch,Q14,Simple,mysql,indexed,1,5,0,-1,django,orm,q14s4,2,0.792144,,ok,,900000,1.0,164187,134772394899744,2026-09-05T13:19:10.718-05:00
45cfc021fb3b,campaign-sf1,mado,tpch,Q14,Simple,mysql,indexed,1,5,0,-1,sqlalchemy,sql,q14s4,2,0.783598,,ok,,900000,1.0,164187,134772394899744,2026-09-05T13:19:11.502-05:00
45cfc021fb3b,campaign-sf1,mado,tpch,Q14,Simple,mysql,indexed,1,5,0,-1,sqlalchemy,orm,q14s4,2,0.784347,,ok,,900000,1.0,164187,134772394899744,2026-09-05T13:19:12.286-05:00
45cfc021fb3b,campaign-sf1,mado,tpch,Q14,Simple,mysql,indexed,1,5,0,0,django,sql,q14s4,0,0.779493,1,ok,,900000,1.0,164187,134772394899744,2026-09-05T13:19:13.066-05:00
45cfc021fb3b,campaign-sf1,mado,tpch,Q14,Simple,mysql,indexed,1,5,0,1,django,orm,q14s4,0,0.785048,1,ok,,900000,1.0,164187,134772394899744,2026-09-05T13:19:13.851-05:00
45cfc021fb3b,campaign-sf1,mado,tpch,Q14,Simple,mysql,indexed,1,5,0,2,sqlalchemy,sql,q14s4,0,0.783164,1,ok,,900000,1.0,164187,134772394899744,2026-09-05T13:19:14.634-05:00
45cfc021fb3b,campaign-sf1,mado,tpch,Q14,Simple,mysql,indexed,1,5,0,3,sqlalchemy,orm,q14s4,0,0.78532,1,ok,,900000,1.0,164187,134772394899744,2026-09-05T13:19:15.420-05:00
45cfc021fb3b,campaign-sf1,mado,tpch,Q14,Simple,mysql,indexed,1,6,1,-1,django,sql,q14s5,2,0.839805,,ok,,900000,1.0,164187,134772394899744,2026-09-05T13:19:16.264-05:00
45cfc021fb3b,campaign-sf1,mado,tpch,Q14,Simple,mysql,indexed,1,6,1,-1,django,orm,q14s5,2,0.798038,,ok,,900000,1.0,164187,134772394899744,2026-09-05T13:19:17.063-05:00
45cfc021fb3b,campaign-sf1,mado,tpch,Q14,Simple,mysql,indexed,1,6,1,-1,sqlalchemy,sql,q14s5,2,0.792174,,ok,,900000,1.0,164187,134772394899744,2026-09-05T13:19:17.855-05:00
45cfc021fb3b,campaign-sf1,mado,tpch,Q14,Simple,mysql,indexed,1,6,1,-1,sqlalchemy,orm,q14s5,2,0.793119,,ok,,900000,1.0,164187,134772394899744,2026-09-05T13:19:18.648-05:00
45cfc021fb3b,campaign-sf1,mado,tpch,Q14,Simple,mysql,indexed,1,6,1,0,django,orm,q14s5,0,0.793054,1,ok,,900000,1.0,164187,134772394899744,2026-09-05T13:19:19.441-05:00
45cfc021fb3b,campaign-sf1,mado,tpch,Q14,Simple,mysql,indexed,1,6,1,1,sqlalchemy,orm,q14s5,0,0.793279,1,ok,,900000,1.0,164187,134772394899744,2026-09-05T13:19:20.235-05:00
45cfc021fb3b,campaign-sf1,mado,tpch,Q14,Simple,mysql,indexed,1,6,1,2,django,sql,q14s5,0,0.78491,1,ok,,900000,1.0,164187,134772394899744,2026-09-05T13:19:21.020-05:00
45cfc021fb3b,campaign-sf1,mado,tpch,Q14,Simple,mysql,indexed,1,6,1,3,sqlalchemy,sql,q14s5,0,0.790581,1,ok,,900000,1.0,164187,134772394899744,2026-09-05T13:19:21.810-05:00
45cfc021fb3b,campaign-sf1,mado,tpch,Q14,Simple,mysql,indexed,1,7,3,-1,django,sql,q14s6,2,0.823039,,ok,,900000,1.0,164187,134772394899744,2026-09-05T13:19:22.638-05:00
45cfc021fb3b,campaign-sf1,mado,tpch,Q14,Simple,mysql,indexed,1,7,3,-1,django,orm,q14s6,2,0.789263,,ok,,900000,1.0,164187,134772394899744,2026-09-05T13:19:23.427-05:00
45cfc021fb3b,campaign-sf1,mado,tpch,Q14,Simple,mysql,indexed,1,7,3,-1,sqlalchemy,sql,q14s6,2,0.785697,,ok,,900000,1.0,164187,134772394899744,2026-09-05T13:19:24.213-05:00
45cfc021fb3b,campaign-sf1,mado,tpch,Q14,Simple,mysql,indexed,1,7,3,-1,sqlalchemy,orm,q14s6,2,0.783669,,ok,,900000,1.0,164187,134772394899744,2026-09-05T13:19:24.997-05:00
45cfc021fb3b,campaign-sf1,mado,tpch,Q14,Simple,mysql,indexed,1,7,3,0,sqlalchemy,sql,q14s6,0,0.783714,1,ok,,900000,1.0,164187,134772394899744,2026-09-05T13:19:25.781-05:00
45cfc021fb3b,campaign-sf1,mado,tpch,Q14,Simple,mysql,indexed,1,7,3,1,django,sql,q14s6,0,0.780155,1,ok,,900000,1.0,164187,134772394899744,2026-09-05T13:19:26.561-05:00
45cfc021fb3b,campaign-sf1,mado,tpch,Q14,Simple,mysql,indexed,1,7,3,2,sqlalchemy,orm,q14s6,0,0.784333,1,ok,,900000,1.0,164187,134772394899744,2026-09-05T13:19:27.345-05:00
45cfc021fb3b,campaign-sf1,mado,tpch,Q14,Simple,mysql,indexed,1,7,3,3,django,orm,q14s6,0,0.789754,1,ok,,900000,1.0,164187,134772394899744,2026-09-05T13:19:28.135-05:00
45cfc021fb3b,campaign-sf1,mado,tpch,Q14,Simple,mysql,indexed,1,8,2,-1,django,sql,q14s7,2,0.743292,,ok,,900000,1.0,164187,134772394899744,2026-09-05T13:19:28.883-05:00
45cfc021fb3b,campaign-sf1,mado,tpch,Q14,Simple,mysql,indexed,1,8,2,-1,django,orm,q14s7,2,0.717112,,ok,,900000,1.0,164187,134772394899744,2026-09-05T13:19:29.600-05:00
45cfc021fb3b,campaign-sf1,mado,tpch,Q14,Simple,mysql,indexed,1,8,2,-1,sqlalchemy,sql,q14s7,2,0.709617,,ok,,900000,1.0,164187,134772394899744,2026-09-05T13:19:30.310-05:00
45cfc021fb3b,campaign-sf1,mado,tpch,Q14,Simple,mysql,indexed,1,8,2,-1,sqlalchemy,orm,q14s7,2,0.709511,,ok,,900000,1.0,164187,134772394899744,2026-09-05T13:19:31.020-05:00
45cfc021fb3b,campaign-sf1,mado,tpch,Q14,Simple,mysql,indexed,1,8,2,0,sqlalchemy,orm,q14s7,0,0.709027,1,ok,,900000,1.0,164187,134772394899744,2026-09-05T13:19:31.729-05:00
45cfc021fb3b,campaign-sf1,mado,tpch,Q14,Simple,mysql,indexed,1,8,2,1,sqlalchemy,sql,q14s7,0,0.709216,1,ok,,900000,1.0,164187,134772394899744,2026-09-05T13:19:32.438-05:00
45cfc021fb3b,campaign-sf1,mado,tpch,Q14,Simple,mysql,indexed,1,8,2,2,django,orm,q14s7,0,0.713126,1,ok,,900000,1.0,164187,134772394899744,2026-09-05T13:19:33.151-05:00
45cfc021fb3b,campaign-sf1,mado,tpch,Q14,Simple,mysql,indexed,1,8,2,3,django,sql,q14s7,0,0.707383,1,ok,,900000,1.0,164187,134772394899744,2026-09-05T13:19:33.859-05:00
076d697d8b7a,campaign-sf1,mado,tpch,Q15,Complex,mysql,indexed,1,0,3,0,sqlalchemy,sql,q15warm,1,2.984171,1,ok,,900000,1.0,164189,133610442678368,2026-09-05T13:19:37.911-05:00
076d697d8b7a,campaign-sf1,mado,tpch,Q15,Complex,mysql,indexed,1,0,3,1,django,sql,q15warm,1,1.405456,1,ok,,900000,1.0,164189,133610442678368,2026-09-05T13:19:39.316-05:00
076d697d8b7a,campaign-sf1,mado,tpch,Q15,Complex,mysql,indexed,1,0,3,2,sqlalchemy,orm,q15warm,1,2.862382,1,ok,,900000,1.0,164189,133610442678368,2026-09-05T13:19:42.179-05:00
076d697d8b7a,campaign-sf1,mado,tpch,Q15,Complex,mysql,indexed,1,0,3,3,django,orm,q15warm,1,2.938532,1,ok,,900000,1.0,164189,133610442678368,2026-09-05T13:19:45.117-05:00
076d697d8b7a,campaign-sf1,mado,tpch,Q15,Complex,mysql,indexed,1,1,3,-1,django,sql,q15s0,2,1.364068,,ok,,900000,1.0,164189,133610442678368,2026-09-05T13:19:46.486-05:00
076d697d8b7a,campaign-sf1,mado,tpch,Q15,Complex,mysql,indexed,1,1,3,-1,django,orm,q15s0,2,2.713775,,ok,,900000,1.0,164189,133610442678368,2026-09-05T13:19:49.200-05:00
076d697d8b7a,campaign-sf1,mado,tpch,Q15,Complex,mysql,indexed,1,1,3,-1,sqlalchemy,sql,q15s0,2,2.591255,,ok,,900000,1.0,164189,133610442678368,2026-09-05T13:19:51.791-05:00
076d697d8b7a,campaign-sf1,mado,tpch,Q15,Complex,mysql,indexed,1,1,3,-1,sqlalchemy,orm,q15s0,2,2.599961,,ok,,900000,1.0,164189,133610442678368,2026-09-05T13:19:54.391-05:00
076d697d8b7a,campaign-sf1,mado,tpch,Q15,Complex,mysql,indexed,1,1,3,0,sqlalchemy,sql,q15s0,0,2.595782,1,ok,,900000,1.0,164189,133610442678368,2026-09-05T13:19:56.987-05:00
076d697d8b7a,campaign-sf1,mado,tpch,Q15,Complex,mysql,indexed,1,1,3,1,django,sql,q15s0,0,1.289824,1,ok,,900000,1.0,164189,133610442678368,2026-09-05T13:19:58.277-05:00
076d697d8b7a,campaign-sf1,mado,tpch,Q15,Complex,mysql,indexed,1,1,3,2,sqlalchemy,orm,q15s0,0,2.600167,1,ok,,900000,1.0,164189,133610442678368,2026-09-05T13:20:00.877-05:00
076d697d8b7a,campaign-sf1,mado,tpch,Q15,Complex,mysql,indexed,1,1,3,3,django,orm,q15s0,0,2.711125,1,ok,,900000,1.0,164189,133610442678368,2026-09-05T13:20:03.588-05:00
076d697d8b7a,campaign-sf1,mado,tpch,Q15,Complex,mysql,indexed,1,2,0,-1,django,sql,q15s1,2,1.399423,,ok,,900000,1.0,164189,133610442678368,2026-09-05T13:20:04.992-05:00
076d697d8b7a,campaign-sf1,mado,tpch,Q15,Complex,mysql,indexed,1,2,0,-1,django,orm,q15s1,2,2.721303,,ok,,900000,1.0,164189,133610442678368,2026-09-05T13:20:07.714-05:00
076d697d8b7a,campaign-sf1,mado,tpch,Q15,Complex,mysql,indexed,1,2,0,-1,sqlalchemy,sql,q15s1,2,2.605449,,ok,,900000,1.0,164189,133610442678368,2026-09-05T13:20:10.319-05:00
076d697d8b7a,campaign-sf1,mado,tpch,Q15,Complex,mysql,indexed,1,2,0,-1,sqlalchemy,orm,q15s1,2,2.602447,,ok,,900000,1.0,164189,133610442678368,2026-09-05T13:20:12.922-05:00
076d697d8b7a,campaign-sf1,mado,tpch,Q15,Complex,mysql,indexed,1,2,0,0,django,sql,q15s1,0,1.295869,1,ok,,900000,1.0,164189,133610442678368,2026-09-05T13:20:14.218-05:00
076d697d8b7a,campaign-sf1,mado,tpch,Q15,Complex,mysql,indexed,1,2,0,1,django,orm,q15s1,0,2.716445,1,ok,,900000,1.0,164189,133610442678368,2026-09-05T13:20:16.934-05:00
076d697d8b7a,campaign-sf1,mado,tpch,Q15,Complex,mysql,indexed,1,2,0,2,sqlalchemy,sql,q15s1,0,2.601196,1,ok,,900000,1.0,164189,133610442678368,2026-09-05T13:20:19.535-05:00
076d697d8b7a,campaign-sf1,mado,tpch,Q15,Complex,mysql,indexed,1,2,0,3,sqlalchemy,orm,q15s1,0,2.614837,1,ok,,900000,1.0,164189,133610442678368,2026-09-05T13:20:22.150-05:00
076d697d8b7a,campaign-sf1,mado,tpch,Q15,Complex,mysql,indexed,1,3,1,-1,django,sql,q15s2,2,1.418402,,ok,,900000,1.0,164189,133610442678368,2026-09-05T13:20:23.573-05:00
076d697d8b7a,campaign-sf1,mado,tpch,Q15,Complex,mysql,indexed,1,3,1,-1,django,orm,q15s2,2,2.743075,,ok,,900000,1.0,164189,133610442678368,2026-09-05T13:20:26.316-05:00
076d697d8b7a,campaign-sf1,mado,tpch,Q15,Complex,mysql,indexed,1,3,1,-1,sqlalchemy,sql,q15s2,2,2.629897,,ok,,900000,1.0,164189,133610442678368,2026-09-05T13:20:28.946-05:00
076d697d8b7a,campaign-sf1,mado,tpch,Q15,Complex,mysql,indexed,1,3,1,-1,sqlalchemy,orm,q15s2,2,2.634533,,ok,,900000,1.0,164189,133610442678368,2026-09-05T13:20:31.581-05:00
076d697d8b7a,campaign-sf1,mado,tpch,Q15,Complex,mysql,indexed,1,3,1,0,django,orm,q15s2,0,2.739636,1,ok,,900000,1.0,164189,133610442678368,2026-09-05T13:20:34.321-05:00
076d697d8b7a,campaign-sf1,mado,tpch,Q15,Complex,mysql,indexed,1,3,1,1,sqlalchemy,orm,q15s2,0,2.630014,1,ok,,900000,1.0,164189,133610442678368,2026-09-05T13:20:36.951-05:00
076d697d8b7a,campaign-sf1,mado,tpch,Q15,Complex,mysql,indexed,1,3,1,2,django,sql,q15s2,0,1.306994,1,ok,,900000,1.0,164189,133610442678368,2026-09-05T13:20:38.258-05:00
076d697d8b7a,campaign-sf1,mado,tpch,Q15,Complex,mysql,indexed,1,3,1,3,sqlalchemy,sql,q15s2,0,2.627195,1,ok,,900000,1.0,164189,133610442678368,2026-09-05T13:20:40.885-05:00
076d697d8b7a,campaign-sf1,mado,tpch,Q15,Complex,mysql,indexed,1,4,2,-1,django,sql,q15s3,2,1.376377,,ok,,900000,1.0,164189,133610442678368,2026-09-05T13:20:42.266-05:00
076d697d8b7a,campaign-sf1,mado,tpch,Q15,Complex,mysql,indexed,1,4,2,-1,django,orm,q15s3,2,2.687367,,ok,,900000,1.0,164189,133610442678368,2026-09-05T13:20:44.954-05:00
076d697d8b7a,campaign-sf1,mado,tpch,Q15,Complex,mysql,indexed,1,4,2,-1,sqlalchemy,sql,q15s3,2,2.570966,,ok,,900000,1.0,164189,133610442678368,2026-09-05T13:20:47.525-05:00
076d697d8b7a,campaign-sf1,mado,tpch,Q15,Complex,mysql,indexed,1,4,2,-1,sqlalchemy,orm,q15s3,2,2.571101,,ok,,900000,1.0,164189,133610442678368,2026-09-05T13:20:50.096-05:00
076d697d8b7a,campaign-sf1,mado,tpch,Q15,Complex,mysql,indexed,1,4,2,0,sqlalchemy,orm,q15s3,0,2.579242,1,ok,,900000,1.0,164189,133610442678368,2026-09-05T13:20:52.675-05:00
076d697d8b7a,campaign-sf1,mado,tpch,Q15,Complex,mysql,indexed,1,4,2,1,sqlalchemy,sql,q15s3,0,2.573823,1,ok,,900000,1.0,164189,133610442678368,2026-09-05T13:20:55.249-05:00
076d697d8b7a,campaign-sf1,mado,tpch,Q15,Complex,mysql,indexed,1,4,2,2,django,orm,q15s3,0,2.678355,1,ok,,900000,1.0,164189,133610442678368,2026-09-05T13:20:57.928-05:00
076d697d8b7a,campaign-sf1,mado,tpch,Q15,Complex,mysql,indexed,1,4,2,3,django,sql,q15s3,0,1.279174,1,ok,,900000,1.0,164189,133610442678368,2026-09-05T13:20:59.207-05:00
076d697d8b7a,campaign-sf1,mado,tpch,Q15,Complex,mysql,indexed,1,5,1,-1,django,sql,q15s4,2,1.540523,,ok,,900000,1.0,164189,133610442678368,2026-09-05T13:21:00.752-05:00
076d697d8b7a,campaign-sf1,mado,tpch,Q15,Complex,mysql,indexed,1,5,1,-1,django,orm,q15s4,2,2.92162,,ok,,900000,1.0,164189,133610442678368,2026-09-05T13:21:03.674-05:00
076d697d8b7a,campaign-sf1,mado,tpch,Q15,Complex,mysql,indexed,1,5,1,-1,sqlalchemy,sql,q15s4,2,2.802896,,ok,,900000,1.0,164189,133610442678368,2026-09-05T13:21:06.477-05:00
076d697d8b7a,campaign-sf1,mado,tpch,Q15,Complex,mysql,indexed,1,5,1,-1,sqlalchemy,orm,q15s4,2,2.805002,,ok,,900000,1.0,164189,133610442678368,2026-09-05T13:21:09.282-05:00
076d697d8b7a,campaign-sf1,mado,tpch,Q15,Complex,mysql,indexed,1,5,1,0,django,orm,q15s4,0,2.916352,1,ok,,900000,1.0,164189,133610442678368,2026-09-05T13:21:12.198-05:00
076d697d8b7a,campaign-sf1,mado,tpch,Q15,Complex,mysql,indexed,1,5,1,1,sqlalchemy,orm,q15s4,0,2.810309,1,ok,,900000,1.0,164189,133610442678368,2026-09-05T13:21:15.009-05:00
076d697d8b7a,campaign-sf1,mado,tpch,Q15,Complex,mysql,indexed,1,5,1,2,django,sql,q15s4,0,1.395283,1,ok,,900000,1.0,164189,133610442678368,2026-09-05T13:21:16.404-05:00
076d697d8b7a,campaign-sf1,mado,tpch,Q15,Complex,mysql,indexed,1,5,1,3,sqlalchemy,sql,q15s4,0,2.813626,1,ok,,900000,1.0,164189,133610442678368,2026-09-05T13:21:19.218-05:00
076d697d8b7a,campaign-sf1,mado,tpch,Q15,Complex,mysql,indexed,1,6,3,-1,django,sql,q15s5,2,1.375755,,ok,,900000,1.0,164189,133610442678368,2026-09-05T13:21:20.598-05:00
076d697d8b7a,campaign-sf1,mado,tpch,Q15,Complex,mysql,indexed,1,6,3,-1,django,orm,q15s5,2,2.747538,,ok,,900000,1.0,164189,133610442678368,2026-09-05T13:21:23.345-05:00
076d697d8b7a,campaign-sf1,mado,tpch,Q15,Complex,mysql,indexed,1,6,3,-1,sqlalchemy,sql,q15s5,2,2.634642,,ok,,900000,1.0,164189,133610442678368,2026-09-05T13:21:25.980-05:00
076d697d8b7a,campaign-sf1,mado,tpch,Q15,Complex,mysql,indexed,1,6,3,-1,sqlalchemy,orm,q15s5,2,2.642774,,ok,,900000,1.0,164189,133610442678368,2026-09-05T13:21:28.623-05:00
076d697d8b7a,campaign-sf1,mado,tpch,Q15,Complex,mysql,indexed,1,6,3,0,sqlalchemy,sql,q15s5,0,2.634443,1,ok,,900000,1.0,164189,133610442678368,2026-09-05T13:21:31.258-05:00
076d697d8b7a,campaign-sf1,mado,tpch,Q15,Complex,mysql,indexed,1,6,3,1,django,sql,q15s5,0,1.30826,1,ok,,900000,1.0,164189,133610442678368,2026-09-05T13:21:32.566-05:00
076d697d8b7a,campaign-sf1,mado,tpch,Q15,Complex,mysql,indexed,1,6,3,2,sqlalchemy,orm,q15s5,0,2.635416,1,ok,,900000,1.0,164189,133610442678368,2026-09-05T13:21:35.201-05:00
076d697d8b7a,campaign-sf1,mado,tpch,Q15,Complex,mysql,indexed,1,6,3,3,django,orm,q15s5,0,2.747333,1,ok,,900000,1.0,164189,133610442678368,2026-09-05T13:21:37.949-05:00
076d697d8b7a,campaign-sf1,mado,tpch,Q15,Complex,mysql,indexed,1,7,0,-1,django,sql,q15s6,2,1.540944,,ok,,900000,1.0,164189,133610442678368,2026-09-05T13:21:39.494-05:00
076d697d8b7a,campaign-sf1,mado,tpch,Q15,Complex,mysql,indexed,1,7,0,-1,django,orm,q15s6,2,2.887424,,ok,,900000,1.0,164189,133610442678368,2026-09-05T13:21:42.382-05:00
076d697d8b7a,campaign-sf1,mado,tpch,Q15,Complex,mysql,indexed,1,7,0,-1,sqlalchemy,sql,q15s6,2,2.782812,,ok,,900000,1.0,164189,133610442678368,2026-09-05T13:21:45.165-05:00
076d697d8b7a,campaign-sf1,mado,tpch,Q15,Complex,mysql,indexed,1,7,0,-1,sqlalchemy,orm,q15s6,2,2.780925,,ok,,900000,1.0,164189,133610442678368,2026-09-05T13:21:47.946-05:00
076d697d8b7a,campaign-sf1,mado,tpch,Q15,Complex,mysql,indexed,1,7,0,0,django,sql,q15s6,0,1.382233,1,ok,,900000,1.0,164189,133610442678368,2026-09-05T13:21:49.328-05:00
076d697d8b7a,campaign-sf1,mado,tpch,Q15,Complex,mysql,indexed,1,7,0,1,django,orm,q15s6,0,2.887192,1,ok,,900000,1.0,164189,133610442678368,2026-09-05T13:21:52.215-05:00
076d697d8b7a,campaign-sf1,mado,tpch,Q15,Complex,mysql,indexed,1,7,0,2,sqlalchemy,sql,q15s6,0,2.786809,1,ok,,900000,1.0,164189,133610442678368,2026-09-05T13:21:55.002-05:00
076d697d8b7a,campaign-sf1,mado,tpch,Q15,Complex,mysql,indexed,1,7,0,3,sqlalchemy,orm,q15s6,0,2.786576,1,ok,,900000,1.0,164189,133610442678368,2026-09-05T13:21:57.789-05:00
076d697d8b7a,campaign-sf1,mado,tpch,Q15,Complex,mysql,indexed,1,8,2,-1,django,sql,q15s7,2,1.542104,,ok,,900000,1.0,164189,133610442678368,2026-09-05T13:21:59.336-05:00
076d697d8b7a,campaign-sf1,mado,tpch,Q15,Complex,mysql,indexed,1,8,2,-1,django,orm,q15s7,2,2.918607,,ok,,900000,1.0,164189,133610442678368,2026-09-05T13:22:02.254-05:00
076d697d8b7a,campaign-sf1,mado,tpch,Q15,Complex,mysql,indexed,1,8,2,-1,sqlalchemy,sql,q15s7,2,2.804198,,ok,,900000,1.0,164189,133610442678368,2026-09-05T13:22:05.059-05:00
076d697d8b7a,campaign-sf1,mado,tpch,Q15,Complex,mysql,indexed,1,8,2,-1,sqlalchemy,orm,q15s7,2,2.803345,,ok,,900000,1.0,164189,133610442678368,2026-09-05T13:22:07.862-05:00
076d697d8b7a,campaign-sf1,mado,tpch,Q15,Complex,mysql,indexed,1,8,2,0,sqlalchemy,orm,q15s7,0,2.809942,1,ok,,900000,1.0,164189,133610442678368,2026-09-05T13:22:10.672-05:00
076d697d8b7a,campaign-sf1,mado,tpch,Q15,Complex,mysql,indexed,1,8,2,1,sqlalchemy,sql,q15s7,0,2.804151,1,ok,,900000,1.0,164189,133610442678368,2026-09-05T13:22:13.476-05:00
076d697d8b7a,campaign-sf1,mado,tpch,Q15,Complex,mysql,indexed,1,8,2,2,django,orm,q15s7,0,2.91329,1,ok,,900000,1.0,164189,133610442678368,2026-09-05T13:22:16.390-05:00
076d697d8b7a,campaign-sf1,mado,tpch,Q15,Complex,mysql,indexed,1,8,2,3,django,sql,q15s7,0,1.394014,1,ok,,900000,1.0,164189,133610442678368,2026-09-05T13:22:17.784-05:00
61de3923fd05,campaign-sf1,mado,tpch,Q16,Medium,mysql,indexed,1,0,0,0,django,sql,q16warm,1,4.732135,18259,ok,,900000,1.0,164192,127751965702432,2026-09-05T13:22:23.597-05:00
61de3923fd05,campaign-sf1,mado,tpch,Q16,Medium,mysql,indexed,1,0,0,1,django,orm,q16warm,1,0.897936,18259,ok,,900000,1.0,164192,127751965702432,2026-09-05T13:22:24.496-05:00
61de3923fd05,campaign-sf1,mado,tpch,Q16,Medium,mysql,indexed,1,0,0,2,sqlalchemy,sql,q16warm,1,0.92137,18259,ok,,900000,1.0,164192,127751965702432,2026-09-05T13:22:25.417-05:00
61de3923fd05,campaign-sf1,mado,tpch,Q16,Medium,mysql,indexed,1,0,0,3,sqlalchemy,orm,q16warm,1,0.987194,18259,ok,,900000,1.0,164192,127751965702432,2026-09-05T13:22:26.404-05:00
61de3923fd05,campaign-sf1,mado,tpch,Q16,Medium,mysql,indexed,1,1,1,-1,django,sql,q16s0,2,1.274296,,ok,,900000,1.0,164192,127751965702432,2026-09-05T13:22:27.683-05:00
61de3923fd05,campaign-sf1,mado,tpch,Q16,Medium,mysql,indexed,1,1,1,-1,django,orm,q16s0,2,0.886431,,ok,,900000,1.0,164192,127751965702432,2026-09-05T13:22:28.570-05:00
61de3923fd05,campaign-sf1,mado,tpch,Q16,Medium,mysql,indexed,1,1,1,-1,sqlalchemy,sql,q16s0,2,0.885746,,ok,,900000,1.0,164192,127751965702432,2026-09-05T13:22:29.456-05:00
61de3923fd05,campaign-sf1,mado,tpch,Q16,Medium,mysql,indexed,1,1,1,-1,sqlalchemy,orm,q16s0,2,0.942022,,ok,,900000,1.0,164192,127751965702432,2026-09-05T13:22:30.398-05:00
61de3923fd05,campaign-sf1,mado,tpch,Q16,Medium,mysql,indexed,1,1,1,0,django,orm,q16s0,0,0.887835,18314,ok,,900000,1.0,164192,127751965702432,2026-09-05T13:22:31.286-05:00
61de3923fd05,campaign-sf1,mado,tpch,Q16,Medium,mysql,indexed,1,1,1,1,sqlalchemy,orm,q16s0,0,0.94254,18314,ok,,900000,1.0,164192,127751965702432,2026-09-05T13:22:32.228-05:00
61de3923fd05,campaign-sf1,mado,tpch,Q16,Medium,mysql,indexed,1,1,1,2,django,sql,q16s0,0,0.878597,18314,ok,,900000,1.0,164192,127751965702432,2026-09-05T13:22:33.107-05:00
61de3923fd05,campaign-sf1,mado,tpch,Q16,Medium,mysql,indexed,1,1,1,3,sqlalchemy,sql,q16s0,0,0.917852,18314,ok,,900000,1.0,164192,127751965702432,2026-09-05T13:22:34.025-05:00
61de3923fd05,campaign-sf1,mado,tpch,Q16,Medium,mysql,indexed,1,2,3,-1,django,sql,q16s1,2,1.023948,,ok,,900000,1.0,164192,127751965702432,2026-09-05T13:22:35.053-05:00
61de3923fd05,campaign-sf1,mado,tpch,Q16,Medium,mysql,indexed,1,2,3,-1,django,orm,q16s1,2,0.886982,,ok,,900000,1.0,164192,127751965702432,2026-09-05T13:22:35.941-05:00
61de3923fd05,campaign-sf1,mado,tpch,Q16,Medium,mysql,indexed,1,2,3,-1,sqlalchemy,sql,q16s1,2,0.884872,,ok,,900000,1.0,164192,127751965702432,2026-09-05T13:22:36.826-05:00
61de3923fd05,campaign-sf1,mado,tpch,Q16,Medium,mysql,indexed,1,2,3,-1,sqlalchemy,orm,q16s1,2,0.939955,,ok,,900000,1.0,164192,127751965702432,2026-09-05T13:22:37.766-05:00
61de3923fd05,campaign-sf1,mado,tpch,Q16,Medium,mysql,indexed,1,2,3,0,sqlalchemy,sql,q16s1,0,0.919961,18196,ok,,900000,1.0,164192,127751965702432,2026-09-05T13:22:38.686-05:00
61de3923fd05,campaign-sf1,mado,tpch,Q16,Medium,mysql,indexed,1,2,3,1,django,sql,q16s1,0,0.880619,18196,ok,,900000,1.0,164192,127751965702432,2026-09-05T13:22:39.566-05:00
61de3923fd05,campaign-sf1,mado,tpch,Q16,Medium,mysql,indexed,1,2,3,2,sqlalchemy,orm,q16s1,0,0.940727,18196,ok,,900000,1.0,164192,127751965702432,2026-09-05T13:22:40.507-05:00
61de3923fd05,campaign-sf1,mado,tpch,Q16,Medium,mysql,indexed,1,2,3,3,django,orm,q16s1,0,0.887819,18196,ok,,900000,1.0,164192,127751965702432,2026-09-05T13:22:41.395-05:00
61de3923fd05,campaign-sf1,mado,tpch,Q16,Medium,mysql,indexed,1,3,0,-1,django,sql,q16s2,2,1.01595,,ok,,900000,1.0,164192,127751965702432,2026-09-05T13:22:42.416-05:00
61de3923fd05,campaign-sf1,mado,tpch,Q16,Medium,mysql,indexed,1,3,0,-1,django,orm,q16s2,2,0.887256,,ok,,900000,1.0,164192,127751965702432,2026-09-05T13:22:43.303-05:00
61de3923fd05,campaign-sf1,mado,tpch,Q16,Medium,mysql,indexed,1,3,0,-1,sqlalchemy,sql,q16s2,2,0.886142,,ok,,900000,1.0,164192,127751965702432,2026-09-05T13:22:44.189-05:00
61de3923fd05,campaign-sf1,mado,tpch,Q16,Medium,mysql,indexed,1,3,0,-1,sqlalchemy,orm,q16s2,2,0.941244,,ok,,900000,1.0,164192,127751965702432,2026-09-05T13:22:45.131-05:00
61de3923fd05,campaign-sf1,mado,tpch,Q16,Medium,mysql,indexed,1,3,0,0,django,sql,q16s2,0,0.878887,18263,ok,,900000,1.0,164192,127751965702432,2026-09-05T13:22:46.010-05:00
61de3923fd05,campaign-sf1,mado,tpch,Q16,Medium,mysql,indexed,1,3,0,1,django,orm,q16s2,0,0.886617,18263,ok,,900000,1.0,164192,127751965702432,2026-09-05T13:22:46.896-05:00
61de3923fd05,campaign-sf1,mado,tpch,Q16,Medium,mysql,indexed,1,3,0,2,sqlalchemy,sql,q16s2,0,0.916765,18263,ok,,900000,1.0,164192,127751965702432,2026-09-05T13:22:47.813-05:00
61de3923fd05,campaign-sf1,mado,tpch,Q16,Medium,mysql,indexed,1,3,0,3,sqlalchemy,orm,q16s2,0,0.940961,18263,ok,,900000,1.0,164192,127751965702432,2026-09-05T13:22:48.754-05:00
61de3923fd05,campaign-sf1,mado,tpch,Q16,Medium,mysql,indexed,1,4,2,-1,django,sql,q16s3,2,1.013361,,ok,,900000,1.0,164192,127751965702432,2026-09-05T13:22:49.773-05:00
61de3923fd05,campaign-sf1,mado,tpch,Q16,Medium,mysql,indexed,1,4,2,-1,django,orm,q16s3,2,0.884097,,ok,,900000,1.0,164192,127751965702432,2026-09-05T13:22:50.657-05:00
61de3923fd05,campaign-sf1,mado,tpch,Q16,Medium,mysql,indexed,1,4,2,-1,sqlalchemy,sql,q16s3,2,0.885594,,ok,,900000,1.0,164192,127751965702432,2026-09-05T13:22:51.543-05:00
61de3923fd05,campaign-sf1,mado,tpch,Q16,Medium,mysql,indexed,1,4,2,-1,sqlalchemy,orm,q16s3,2,0.941485,,ok,,900000,1.0,164192,127751965702432,2026-09-05T13:22:52.484-05:00
61de3923fd05,campaign-sf1,mado,tpch,Q16,Medium,mysql,indexed,1,4,2,0,sqlalchemy,orm,q16s3,0,0.940497,18290,ok,,900000,1.0,164192,127751965702432,2026-09-05T13:22:53.425-05:00
61de3923fd05,campaign-sf1,mado,tpch,Q16,Medium,mysql,indexed,1,4,2,1,sqlalchemy,sql,q16s3,0,0.887862,18290,ok,,900000,1.0,164192,127751965702432,2026-09-05T13:22:54.313-05:00
61de3923fd05,campaign-sf1,mado,tpch,Q16,Medium,mysql,indexed,1,4,2,2,django,orm,q16s3,0,0.913451,18290,ok,,900000,1.0,164192,127751965702432,2026-09-05T13:22:55.226-05:00
61de3923fd05,campaign-sf1,mado,tpch,Q16,Medium,mysql,indexed,1,4,2,3,django,sql,q16s3,0,0.87451,18290,ok,,900000,1.0,164192,127751965702432,2026-09-05T13:22:56.101-05:00
61de3923fd05,campaign-sf1,mado,tpch,Q16,Medium,mysql,indexed,1,5,2,-1,django,sql,q16s4,2,0.974973,,ok,,900000,1.0,164192,127751965702432,2026-09-05T13:22:57.081-05:00
61de3923fd05,campaign-sf1,mado,tpch,Q16,Medium,mysql,indexed,1,5,2,-1,django,orm,q16s4,2,0.886616,,ok,,900000,1.0,164192,127751965702432,2026-09-05T13:22:57.967-05:00
61de3923fd05,campaign-sf1,mado,tpch,Q16,Medium,mysql,indexed,1,5,2,-1,sqlalchemy,sql,q16s4,2,0.884881,,ok,,900000,1.0,164192,127751965702432,2026-09-05T13:22:58.852-05:00
61de3923fd05,campaign-sf1,mado,tpch,Q16,Medium,mysql,indexed,1,5,2,-1,sqlalchemy,orm,q16s4,2,0.939187,,ok,,900000,1.0,164192,127751965702432,2026-09-05T13:22:59.792-05:00
61de3923fd05,campaign-sf1,mado,tpch,Q16,Medium,mysql,indexed,1,5,2,0,sqlalchemy,orm,q16s4,0,0.942487,18226,ok,,900000,1.0,164192,127751965702432,2026-09-05T13:23:00.734-05:00
61de3923fd05,campaign-sf1,mado,tpch,Q16,Medium,mysql,indexed,1,5,2,1,sqlalchemy,sql,q16s4,0,0.885316,18226,ok,,900000,1.0,164192,127751965702432,2026-09-05T13:23:01.620-05:00
61de3923fd05,campaign-sf1,mado,tpch,Q16,Medium,mysql,indexed,1,5,2,2,django,orm,q16s4,0,0.91827,18226,ok,,900000,1.0,164192,127751965702432,2026-09-05T13:23:02.538-05:00
61de3923fd05,campaign-sf1,mado,tpch,Q16,Medium,mysql,indexed,1,5,2,3,django,sql,q16s4,0,0.87909,18226,ok,,900000,1.0,164192,127751965702432,2026-09-05T13:23:03.417-05:00
61de3923fd05,campaign-sf1,mado,tpch,Q16,Medium,mysql,indexed,1,6,3,-1,django,sql,q16s5,2,0.91889,,ok,,900000,1.0,164192,127751965702432,2026-09-05T13:23:04.341-05:00
61de3923fd05,campaign-sf1,mado,tpch,Q16,Medium,mysql,indexed,1,6,3,-1,django,orm,q16s5,2,0.894099,,ok,,900000,1.0,164192,127751965702432,2026-09-05T13:23:05.235-05:00
61de3923fd05,campaign-sf1,mado,tpch,Q16,Medium,mysql,indexed,1,6,3,-1,sqlalchemy,sql,q16s5,2,0.892781,,ok,,900000,1.0,164192,127751965702432,2026-09-05T13:23:06.128-05:00
61de3923fd05,campaign-sf1,mado,tpch,Q16,Medium,mysql,indexed,1,6,3,-1,sqlalchemy,orm,q16s5,2,0.946836,,ok,,900000,1.0,164192,127751965702432,2026-09-05T13:23:07.075-05:00
61de3923fd05,campaign-sf1,mado,tpch,Q16,Medium,mysql,indexed,1,6,3,0,sqlalchemy,sql,q16s5,0,0.924316,18374,ok,,900000,1.0,164192,127751965702432,2026-09-05T13:23:07.999-05:00
61de3923fd05,campaign-sf1,mado,tpch,Q16,Medium,mysql,indexed,1,6,3,1,django,sql,q16s5,0,0.887945,18374,ok,,900000,1.0,164192,127751965702432,2026-09-05T13:23:08.887-05:00
61de3923fd05,campaign-sf1,mado,tpch,Q16,Medium,mysql,indexed,1,6,3,2,sqlalchemy,orm,q16s5,0,0.948483,18374,ok,,900000,1.0,164192,127751965702432,2026-09-05T13:23:09.836-05:00
61de3923fd05,campaign-sf1,mado,tpch,Q16,Medium,mysql,indexed,1,6,3,3,django,orm,q16s5,0,0.894572,18374,ok,,900000,1.0,164192,127751965702432,2026-09-05T13:23:10.731-05:00
61de3923fd05,campaign-sf1,mado,tpch,Q16,Medium,mysql,indexed,1,7,1,-1,django,sql,q16s6,2,0.95405,,ok,,900000,1.0,164192,127751965702432,2026-09-05T13:23:11.690-05:00
61de3923fd05,campaign-sf1,mado,tpch,Q16,Medium,mysql,indexed,1,7,1,-1,django,orm,q16s6,2,0.886479,,ok,,900000,1.0,164192,127751965702432,2026-09-05T13:23:12.576-05:00
61de3923fd05,campaign-sf1,mado,tpch,Q16,Medium,mysql,indexed,1,7,1,-1,sqlalchemy,sql,q16s6,2,0.885171,,ok,,900000,1.0,164192,127751965702432,2026-09-05T13:23:13.461-05:00
61de3923fd05,campaign-sf1,mado,tpch,Q16,Medium,mysql,indexed,1,7,1,-1,sqlalchemy,orm,q16s6,2,0.939878,,ok,,900000,1.0,164192,127751965702432,2026-09-05T13:23:14.401-05:00
61de3923fd05,campaign-sf1,mado,tpch,Q16,Medium,mysql,indexed,1,7,1,0,django,orm,q16s6,0,0.887339,18220,ok,,900000,1.0,164192,127751965702432,2026-09-05T13:23:15.289-05:00
61de3923fd05,campaign-sf1,mado,tpch,Q16,Medium,mysql,indexed,1,7,1,1,sqlalchemy,orm,q16s6,0,0.940098,18220,ok,,900000,1.0,164192,127751965702432,2026-09-05T13:23:16.229-05:00
61de3923fd05,campaign-sf1,mado,tpch,Q16,Medium,mysql,indexed,1,7,1,2,django,sql,q16s6,0,0.879277,18220,ok,,900000,1.0,164192,127751965702432,2026-09-05T13:23:17.109-05:00
61de3923fd05,campaign-sf1,mado,tpch,Q16,Medium,mysql,indexed,1,7,1,3,sqlalchemy,sql,q16s6,0,0.91838,18220,ok,,900000,1.0,164192,127751965702432,2026-09-05T13:23:18.027-05:00
61de3923fd05,campaign-sf1,mado,tpch,Q16,Medium,mysql,indexed,1,8,0,-1,django,sql,q16s7,2,0.905169,,ok,,900000,1.0,164192,127751965702432,2026-09-05T13:23:18.937-05:00
61de3923fd05,campaign-sf1,mado,tpch,Q16,Medium,mysql,indexed,1,8,0,-1,django,orm,q16s7,2,0.886649,,ok,,900000,1.0,164192,127751965702432,2026-09-05T13:23:19.824-05:00
61de3923fd05,campaign-sf1,mado,tpch,Q16,Medium,mysql,indexed,1,8,0,-1,sqlalchemy,sql,q16s7,2,0.886273,,ok,,900000,1.0,164192,127751965702432,2026-09-05T13:23:20.710-05:00
61de3923fd05,campaign-sf1,mado,tpch,Q16,Medium,mysql,indexed,1,8,0,-1,sqlalchemy,orm,q16s7,2,0.940459,,ok,,900000,1.0,164192,127751965702432,2026-09-05T13:23:21.651-05:00
61de3923fd05,campaign-sf1,mado,tpch,Q16,Medium,mysql,indexed,1,8,0,0,django,sql,q16s7,0,0.880068,18284,ok,,900000,1.0,164192,127751965702432,2026-09-05T13:23:22.531-05:00
61de3923fd05,campaign-sf1,mado,tpch,Q16,Medium,mysql,indexed,1,8,0,1,django,orm,q16s7,0,0.920907,18284,ok,,900000,1.0,164192,127751965702432,2026-09-05T13:23:23.452-05:00
61de3923fd05,campaign-sf1,mado,tpch,Q16,Medium,mysql,indexed,1,8,0,2,sqlalchemy,sql,q16s7,0,0.886607,18284,ok,,900000,1.0,164192,127751965702432,2026-09-05T13:23:24.338-05:00
61de3923fd05,campaign-sf1,mado,tpch,Q16,Medium,mysql,indexed,1,8,0,3,sqlalchemy,orm,q16s7,0,0.94032,18284,ok,,900000,1.0,164192,127751965702432,2026-09-05T13:23:25.279-05:00
b6be4504b042,campaign-sf1,mado,tpch,Q17,Complex,mysql,indexed,1,0,2,0,sqlalchemy,orm,q17warm,1,0.979355,1,ok,,900000,1.0,164194,131654801209296,2026-09-05T13:23:27.334-05:00
b6be4504b042,campaign-sf1,mado,tpch,Q17,Complex,mysql,indexed,1,0,2,1,sqlalchemy,sql,q17warm,1,0.83108,1,ok,,900000,1.0,164194,131654801209296,2026-09-05T13:23:28.166-05:00
b6be4504b042,campaign-sf1,mado,tpch,Q17,Complex,mysql,indexed,1,0,2,2,django,orm,q17warm,1,0.839028,1,ok,,900000,1.0,164194,131654801209296,2026-09-05T13:23:29.005-05:00
b6be4504b042,campaign-sf1,mado,tpch,Q17,Complex,mysql,indexed,1,0,2,3,django,sql,q17warm,1,0.826849,1,ok,,900000,1.0,164194,131654801209296,2026-09-05T13:23:29.832-05:00
b6be4504b042,campaign-sf1,mado,tpch,Q17,Complex,mysql,indexed,1,1,3,-1,django,sql,q17s0,2,1.002115,,ok,,900000,1.0,164194,131654801209296,2026-09-05T13:23:30.839-05:00
b6be4504b042,campaign-sf1,mado,tpch,Q17,Complex,mysql,indexed,1,1,3,-1,django,orm,q17s0,2,0.907318,,ok,,900000,1.0,164194,131654801209296,2026-09-05T13:23:31.746-05:00
b6be4504b042,campaign-sf1,mado,tpch,Q17,Complex,mysql,indexed,1,1,3,-1,sqlalchemy,sql,q17s0,2,0.883719,,ok,,900000,1.0,164194,131654801209296,2026-09-05T13:23:32.630-05:00
b6be4504b042,campaign-sf1,mado,tpch,Q17,Complex,mysql,indexed,1,1,3,-1,sqlalchemy,orm,q17s0,2,0.886337,,ok,,900000,1.0,164194,131654801209296,2026-09-05T13:23:33.516-05:00
b6be4504b042,campaign-sf1,mado,tpch,Q17,Complex,mysql,indexed,1,1,3,0,sqlalchemy,sql,q17s0,0,0.882574,1,ok,,900000,1.0,164194,131654801209296,2026-09-05T13:23:34.399-05:00
b6be4504b042,campaign-sf1,mado,tpch,Q17,Complex,mysql,indexed,1,1,3,1,django,sql,q17s0,0,0.888002,1,ok,,900000,1.0,164194,131654801209296,2026-09-05T13:23:35.287-05:00
b6be4504b042,campaign-sf1,mado,tpch,Q17,Complex,mysql,indexed,1,1,3,2,sqlalchemy,orm,q17s0,0,0.88617,1,ok,,900000,1.0,164194,131654801209296,2026-09-05T13:23:36.173-05:00
b6be4504b042,campaign-sf1,mado,tpch,Q17,Complex,mysql,indexed,1,1,3,3,django,orm,q17s0,0,0.896707,1,ok,,900000,1.0,164194,131654801209296,2026-09-05T13:23:37.070-05:00
b6be4504b042,campaign-sf1,mado,tpch,Q17,Complex,mysql,indexed,1,2,1,-1,django,sql,q17s1,2,1.085212,,ok,,900000,1.0,164194,131654801209296,2026-09-05T13:23:38.160-05:00
b6be4504b042,campaign-sf1,mado,tpch,Q17,Complex,mysql,indexed,1,2,1,-1,django,orm,q17s1,2,0.976932,,ok,,900000,1.0,164194,131654801209296,2026-09-05T13:23:39.137-05:00
b6be4504b042,campaign-sf1,mado,tpch,Q17,Complex,mysql,indexed,1,2,1,-1,sqlalchemy,sql,q17s1,2,0.959666,,ok,,900000,1.0,164194,131654801209296,2026-09-05T13:23:40.097-05:00
b6be4504b042,campaign-sf1,mado,tpch,Q17,Complex,mysql,indexed,1,2,1,-1,sqlalchemy,orm,q17s1,2,0.961437,,ok,,900000,1.0,164194,131654801209296,2026-09-05T13:23:41.058-05:00
b6be4504b042,campaign-sf1,mado,tpch,Q17,Complex,mysql,indexed,1,2,1,0,django,orm,q17s1,0,0.973286,1,ok,,900000,1.0,164194,131654801209296,2026-09-05T13:23:42.032-05:00
b6be4504b042,campaign-sf1,mado,tpch,Q17,Complex,mysql,indexed,1,2,1,1,sqlalchemy,orm,q17s1,0,0.961714,1,ok,,900000,1.0,164194,131654801209296,2026-09-05T13:23:42.993-05:00
b6be4504b042,campaign-sf1,mado,tpch,Q17,Complex,mysql,indexed,1,2,1,2,django,sql,q17s1,0,0.964693,1,ok,,900000,1.0,164194,131654801209296,2026-09-05T13:23:43.958-05:00
b6be4504b042,campaign-sf1,mado,tpch,Q17,Complex,mysql,indexed,1,2,1,3,sqlalchemy,sql,q17s1,0,0.959347,1,ok,,900000,1.0,164194,131654801209296,2026-09-05T13:23:44.918-05:00
b6be4504b042,campaign-sf1,mado,tpch,Q17,Complex,mysql,indexed,1,3,2,-1,django,sql,q17s2,2,0.994327,,ok,,900000,1.0,164194,131654801209296,2026-09-05T13:23:45.917-05:00
b6be4504b042,campaign-sf1,mado,tpch,Q17,Complex,mysql,indexed,1,3,2,-1,django,orm,q17s2,2,0.905693,,ok,,900000,1.0,164194,131654801209296,2026-09-05T13:23:46.822-05:00
b6be4504b042,campaign-sf1,mado,tpch,Q17,Complex,mysql,indexed,1,3,2,-1,sqlalchemy,sql,q17s2,2,0.885826,,ok,,900000,1.0,164194,131654801209296,2026-09-05T13:23:47.708-05:00
b6be4504b042,campaign-sf1,mado,tpch,Q17,Complex,mysql,indexed,1,3,2,-1,sqlalchemy,orm,q17s2,2,0.887933,,ok,,900000,1.0,164194,131654801209296,2026-09-05T13:23:48.596-05:00
b6be4504b042,campaign-sf1,mado,tpch,Q17,Complex,mysql,indexed,1,3,2,0,sqlalchemy,orm,q17s2,0,0.885646,1,ok,,900000,1.0,164194,131654801209296,2026-09-05T13:23:49.482-05:00
b6be4504b042,campaign-sf1,mado,tpch,Q17,Complex,mysql,indexed,1,3,2,1,sqlalchemy,sql,q17s2,0,0.884823,1,ok,,900000,1.0,164194,131654801209296,2026-09-05T13:23:50.367-05:00
b6be4504b042,campaign-sf1,mado,tpch,Q17,Complex,mysql,indexed,1,3,2,2,django,orm,q17s2,0,0.894293,1,ok,,900000,1.0,164194,131654801209296,2026-09-05T13:23:51.261-05:00
b6be4504b042,campaign-sf1,mado,tpch,Q17,Complex,mysql,indexed,1,3,2,3,django,sql,q17s2,0,0.887029,1,ok,,900000,1.0,164194,131654801209296,2026-09-05T13:23:52.149-05:00
b6be4504b042,campaign-sf1,mado,tpch,Q17,Complex,mysql,indexed,1,4,0,-1,django,sql,q17s3,2,1.046747,,ok,,900000,1.0,164194,131654801209296,2026-09-05T13:23:53.200-05:00
b6be4504b042,campaign-sf1,mado,tpch,Q17,Complex,mysql,indexed,1,4,0,-1,django,orm,q17s3,2,0.946319,,ok,,900000,1.0,164194,131654801209296,2026-09-05T13:23:54.147-05:00
b6be4504b042,campaign-sf1,mado,tpch,Q17,Complex,mysql,indexed,1,4,0,-1,sqlalchemy,sql,q17s3,2,0.930507,,ok,,900000,1.0,164194,131654801209296,2026-09-05T13:23:55.077-05:00
b6be4504b042,campaign-sf1,mado,tpch,Q17,Complex,mysql,indexed,1,4,0,-1,sqlalchemy,orm,q17s3,2,0.932248,,ok,,900000,1.0,164194,131654801209296,2026-09-05T13:23:56.009-05:00
b6be4504b042,campaign-sf1,mado,tpch,Q17,Complex,mysql,indexed,1,4,0,0,django,sql,q17s3,0,0.933385,1,ok,,900000,1.0,164194,131654801209296,2026-09-05T13:23:56.943-05:00
b6be4504b042,campaign-sf1,mado,tpch,Q17,Complex,mysql,indexed,1,4,0,1,django,orm,q17s3,0,0.939178,1,ok,,900000,1.0,164194,131654801209296,2026-09-05T13:23:57.882-05:00
b6be4504b042,campaign-sf1,mado,tpch,Q17,Complex,mysql,indexed,1,4,0,2,sqlalchemy,sql,q17s3,0,0.930384,1,ok,,900000,1.0,164194,131654801209296,2026-09-05T13:23:58.813-05:00
b6be4504b042,campaign-sf1,mado,tpch,Q17,Complex,mysql,indexed,1,4,0,3,sqlalchemy,orm,q17s3,0,0.932688,1,ok,,900000,1.0,164194,131654801209296,2026-09-05T13:23:59.745-05:00
b6be4504b042,campaign-sf1,mado,tpch,Q17,Complex,mysql,indexed,1,5,3,-1,django,sql,q17s4,2,1.04509,,ok,,900000,1.0,164194,131654801209296,2026-09-05T13:24:00.795-05:00
b6be4504b042,campaign-sf1,mado,tpch,Q17,Complex,mysql,indexed,1,5,3,-1,django,orm,q17s4,2,0.944833,,ok,,900000,1.0,164194,131654801209296,2026-09-05T13:24:01.740-05:00
b6be4504b042,campaign-sf1,mado,tpch,Q17,Complex,mysql,indexed,1,5,3,-1,sqlalchemy,sql,q17s4,2,0.929245,,ok,,900000,1.0,164194,131654801209296,2026-09-05T13:24:02.669-05:00
b6be4504b042,campaign-sf1,mado,tpch,Q17,Complex,mysql,indexed,1,5,3,-1,sqlalchemy,orm,q17s4,2,0.930047,,ok,,900000,1.0,164194,131654801209296,2026-09-05T13:24:03.599-05:00
b6be4504b042,campaign-sf1,mado,tpch,Q17,Complex,mysql,indexed,1,5,3,0,sqlalchemy,sql,q17s4,0,0.928526,1,ok,,900000,1.0,164194,131654801209296,2026-09-05T13:24:04.528-05:00
b6be4504b042,campaign-sf1,mado,tpch,Q17,Complex,mysql,indexed,1,5,3,1,django,sql,q17s4,0,0.930326,1,ok,,900000,1.0,164194,131654801209296,2026-09-05T13:24:05.459-05:00
b6be4504b042,campaign-sf1,mado,tpch,Q17,Complex,mysql,indexed,1,5,3,2,sqlalchemy,orm,q17s4,0,0.931529,1,ok,,900000,1.0,164194,131654801209296,2026-09-05T13:24:06.390-05:00
b6be4504b042,campaign-sf1,mado,tpch,Q17,Complex,mysql,indexed,1,5,3,3,django,orm,q17s4,0,0.939006,1,ok,,900000,1.0,164194,131654801209296,2026-09-05T13:24:07.329-05:00
b6be4504b042,campaign-sf1,mado,tpch,Q17,Complex,mysql,indexed,1,6,1,-1,django,sql,q17s5,2,0.898448,,ok,,900000,1.0,164194,131654801209296,2026-09-05T13:24:08.232-05:00
b6be4504b042,campaign-sf1,mado,tpch,Q17,Complex,mysql,indexed,1,6,1,-1,django,orm,q17s5,2,0.824293,,ok,,900000,1.0,164194,131654801209296,2026-09-05T13:24:09.057-05:00
b6be4504b042,campaign-sf1,mado,tpch,Q17,Complex,mysql,indexed,1,6,1,-1,sqlalchemy,sql,q17s5,2,0.806804,,ok,,900000,1.0,164194,131654801209296,2026-09-05T13:24:09.864-05:00
b6be4504b042,campaign-sf1,mado,tpch,Q17,Complex,mysql,indexed,1,6,1,-1,sqlalchemy,orm,q17s5,2,0.808434,,ok,,900000,1.0,164194,131654801209296,2026-09-05T13:24:10.672-05:00
b6be4504b042,campaign-sf1,mado,tpch,Q17,Complex,mysql,indexed,1,6,1,0,django,orm,q17s5,0,0.815675,1,ok,,900000,1.0,164194,131654801209296,2026-09-05T13:24:11.488-05:00
b6be4504b042,campaign-sf1,mado,tpch,Q17,Complex,mysql,indexed,1,6,1,1,sqlalchemy,orm,q17s5,0,0.808614,1,ok,,900000,1.0,164194,131654801209296,2026-09-05T13:24:12.297-05:00
b6be4504b042,campaign-sf1,mado,tpch,Q17,Complex,mysql,indexed,1,6,1,2,django,sql,q17s5,0,0.808176,1,ok,,900000,1.0,164194,131654801209296,2026-09-05T13:24:13.105-05:00
b6be4504b042,campaign-sf1,mado,tpch,Q17,Complex,mysql,indexed,1,6,1,3,sqlalchemy,sql,q17s5,0,0.8065,1,ok,,900000,1.0,164194,131654801209296,2026-09-05T13:24:13.911-05:00
b6be4504b042,campaign-sf1,mado,tpch,Q17,Complex,mysql,indexed,1,7,2,-1,django,sql,q17s6,2,1.052636,,ok,,900000,1.0,164194,131654801209296,2026-09-05T13:24:14.969-05:00
b6be4504b042,campaign-sf1,mado,tpch,Q17,Complex,mysql,indexed,1,7,2,-1,django,orm,q17s6,2,0.953768,,ok,,900000,1.0,164194,131654801209296,2026-09-05T13:24:15.923-05:00
b6be4504b042,campaign-sf1,mado,tpch,Q17,Complex,mysql,indexed,1,7,2,-1,sqlalchemy,sql,q17s6,2,0.938187,,ok,,900000,1.0,164194,131654801209296,2026-09-05T13:24:16.861-05:00
b6be4504b042,campaign-sf1,mado,tpch,Q17,Complex,mysql,indexed,1,7,2,-1,sqlalchemy,orm,q17s6,2,0.940478,,ok,,900000,1.0,164194,131654801209296,2026-09-05T13:24:17.802-05:00
b6be4504b042,campaign-sf1,mado,tpch,Q17,Complex,mysql,indexed,1,7,2,0,sqlalchemy,orm,q17s6,0,0.940627,1,ok,,900000,1.0,164194,131654801209296,2026-09-05T13:24:18.743-05:00
b6be4504b042,campaign-sf1,mado,tpch,Q17,Complex,mysql,indexed,1,7,2,1,sqlalchemy,sql,q17s6,0,0.939611,1,ok,,900000,1.0,164194,131654801209296,2026-09-05T13:24:19.682-05:00
b6be4504b042,campaign-sf1,mado,tpch,Q17,Complex,mysql,indexed,1,7,2,2,django,orm,q17s6,0,0.949886,1,ok,,900000,1.0,164194,131654801209296,2026-09-05T13:24:20.632-05:00
b6be4504b042,campaign-sf1,mado,tpch,Q17,Complex,mysql,indexed,1,7,2,3,django,sql,q17s6,0,0.941337,1,ok,,900000,1.0,164194,131654801209296,2026-09-05T13:24:21.574-05:00
b6be4504b042,campaign-sf1,mado,tpch,Q17,Complex,mysql,indexed,1,8,0,-1,django,sql,q17s7,2,1.061903,,ok,,900000,1.0,164194,131654801209296,2026-09-05T13:24:22.640-05:00
b6be4504b042,campaign-sf1,mado,tpch,Q17,Complex,mysql,indexed,1,8,0,-1,django,orm,q17s7,2,0.970777,,ok,,900000,1.0,164194,131654801209296,2026-09-05T13:24:23.611-05:00
b6be4504b042,campaign-sf1,mado,tpch,Q17,Complex,mysql,indexed,1,8,0,-1,sqlalchemy,sql,q17s7,2,0.953412,,ok,,900000,1.0,164194,131654801209296,2026-09-05T13:24:24.565-05:00
b6be4504b042,campaign-sf1,mado,tpch,Q17,Complex,mysql,indexed,1,8,0,-1,sqlalchemy,orm,q17s7,2,0.953989,,ok,,900000,1.0,164194,131654801209296,2026-09-05T13:24:25.519-05:00
b6be4504b042,campaign-sf1,mado,tpch,Q17,Complex,mysql,indexed,1,8,0,0,django,sql,q17s7,0,0.957938,1,ok,,900000,1.0,164194,131654801209296,2026-09-05T13:24:26.477-05:00
b6be4504b042,campaign-sf1,mado,tpch,Q17,Complex,mysql,indexed,1,8,0,1,django,orm,q17s7,0,0.967382,1,ok,,900000,1.0,164194,131654801209296,2026-09-05T13:24:27.444-05:00
b6be4504b042,campaign-sf1,mado,tpch,Q17,Complex,mysql,indexed,1,8,0,2,sqlalchemy,sql,q17s7,0,0.952458,1,ok,,900000,1.0,164194,131654801209296,2026-09-05T13:24:28.397-05:00
b6be4504b042,campaign-sf1,mado,tpch,Q17,Complex,mysql,indexed,1,8,0,3,sqlalchemy,orm,q17s7,0,0.957155,1,ok,,900000,1.0,164194,131654801209296,2026-09-05T13:24:29.354-05:00
311790be258b,campaign-sf1,mado,tpch,Q18,Complex,mysql,indexed,1,0,1,0,django,orm,q18warm,1,24.692208,9,ok,,900000,1.0,164196,127085953365104,2026-09-05T13:24:55.125-05:00
311790be258b,campaign-sf1,mado,tpch,Q18,Complex,mysql,indexed,1,0,1,1,sqlalchemy,orm,q18warm,1,25.656477,9,ok,,900000,1.06,164196,127085953365104,2026-09-05T13:25:20.781-05:00
311790be258b,campaign-sf1,mado,tpch,Q18,Complex,mysql,indexed,1,0,1,2,django,sql,q18warm,1,21.990988,9,ok,,900000,1.04,164196,127085953365104,2026-09-05T13:25:42.772-05:00
311790be258b,campaign-sf1,mado,tpch,Q18,Complex,mysql,indexed,1,0,1,3,sqlalchemy,sql,q18warm,1,22.015241,9,ok,,900000,1.02,164196,127085953365104,2026-09-05T13:26:04.788-05:00
311790be258b,campaign-sf1,mado,tpch,Q18,Complex,mysql,indexed,1,1,1,-1,django,sql,q18s0,2,22.072152,,ok,,900000,1.02,164196,127085953365104,2026-09-05T13:26:26.864-05:00
311790be258b,campaign-sf1,mado,tpch,Q18,Complex,mysql,indexed,1,1,1,-1,django,orm,q18s0,2,21.982329,,ok,,900000,1.08,164196,127085953365104,2026-09-05T13:26:48.847-05:00
311790be258b,campaign-sf1,mado,tpch,Q18,Complex,mysql,indexed,1,1,1,-1,sqlalchemy,sql,q18s0,2,22.06304,,ok,,900000,1.06,164196,127085953365104,2026-09-05T13:27:10.910-05:00
311790be258b,campaign-sf1,mado,tpch,Q18,Complex,mysql,indexed,1,1,1,-1,sqlalchemy,orm,q18s0,2,22.015188,,ok,,900000,1.04,164196,127085953365104,2026-09-05T13:27:32.925-05:00
311790be258b,campaign-sf1,mado,tpch,Q18,Complex,mysql,indexed,1,1,1,0,django,orm,q18s0,0,21.979202,57,ok,,900000,1.02,164196,127085953365104,2026-09-05T13:27:54.904-05:00
311790be258b,campaign-sf1,mado,tpch,Q18,Complex,mysql,indexed,1,1,1,1,sqlalchemy,orm,q18s0,0,22.036627,57,ok,,900000,1.02,164196,127085953365104,2026-09-05T13:28:16.941-05:00
311790be258b,campaign-sf1,mado,tpch,Q18,Complex,mysql,indexed,1,1,1,2,django,sql,q18s0,0,22.010901,57,ok,,900000,1.01,164196,127085953365104,2026-09-05T13:28:38.952-05:00
311790be258b,campaign-sf1,mado,tpch,Q18,Complex,mysql,indexed,1,1,1,3,sqlalchemy,sql,q18s0,0,22.032165,57,ok,,900000,1.01,164196,127085953365104,2026-09-05T13:29:00.984-05:00
311790be258b,campaign-sf1,mado,tpch,Q18,Complex,mysql,indexed,1,2,0,-1,django,sql,q18s1,2,22.012465,,ok,,900000,1.0,164196,127085953365104,2026-09-05T13:29:23.002-05:00
311790be258b,campaign-sf1,mado,tpch,Q18,Complex,mysql,indexed,1,2,0,-1,django,orm,q18s1,2,21.970389,,ok,,900000,1.0,164196,127085953365104,2026-09-05T13:29:44.972-05:00
311790be258b,campaign-sf1,mado,tpch,Q18,Complex,mysql,indexed,1,2,0,-1,sqlalchemy,sql,q18s1,2,22.019104,,ok,,900000,1.0,164196,127085953365104,2026-09-05T13:30:06.991-05:00
311790be258b,campaign-sf1,mado,tpch,Q18,Complex,mysql,indexed,1,2,0,-1,sqlalchemy,orm,q18s1,2,22.008918,,ok,,900000,1.0,164196,127085953365104,2026-09-05T13:30:29.000-05:00
311790be258b,campaign-sf1,mado,tpch,Q18,Complex,mysql,indexed,1,2,0,0,django,sql,q18s1,0,22.015209,9,ok,,900000,1.0,164196,127085953365104,2026-09-05T13:30:51.016-05:00
311790be258b,campaign-sf1,mado,tpch,Q18,Complex,mysql,indexed,1,2,0,1,django,orm,q18s1,0,21.972958,9,ok,,900000,1.0,164196,127085953365104,2026-09-05T13:31:12.989-05:00
311790be258b,campaign-sf1,mado,tpch,Q18,Complex,mysql,indexed,1,2,0,2,sqlalchemy,sql,q18s1,0,22.031637,9,ok,,900000,1.0,164196,127085953365104,2026-09-05T13:31:35.020-05:00
311790be258b,campaign-sf1,mado,tpch,Q18,Complex,mysql,indexed,1,2,0,3,sqlalchemy,orm,q18s1,0,22.002162,9,ok,,900000,1.0,164196,127085953365104,2026-09-05T13:31:57.023-05:00
311790be258b,campaign-sf1,mado,tpch,Q18,Complex,mysql,indexed,1,3,2,-1,django,sql,q18s2,2,22.00926,,ok,,900000,1.0,164196,127085953365104,2026-09-05T13:32:19.037-05:00
311790be258b,campaign-sf1,mado,tpch,Q18,Complex,mysql,indexed,1,3,2,-1,django,orm,q18s2,2,21.964313,,ok,,900000,1.0,164196,127085953365104,2026-09-05T13:32:41.001-05:00
311790be258b,campaign-sf1,mado,tpch,Q18,Complex,mysql,indexed,1,3,2,-1,sqlalchemy,sql,q18s2,2,22.018924,,ok,,900000,1.0,164196,127085953365104,2026-09-05T13:33:03.020-05:00
311790be258b,campaign-sf1,mado,tpch,Q18,Complex,mysql,indexed,1,3,2,-1,sqlalchemy,orm,q18s2,2,22.024457,,ok,,900000,1.0,164196,127085953365104,2026-09-05T13:33:25.045-05:00
311790be258b,campaign-sf1,mado,tpch,Q18,Complex,mysql,indexed,1,3,2,0,sqlalchemy,orm,q18s2,0,22.004267,9,ok,,900000,1.0,164196,127085953365104,2026-09-05T13:33:47.049-05:00
311790be258b,campaign-sf1,mado,tpch,Q18,Complex,mysql,indexed,1,3,2,1,sqlalchemy,sql,q18s2,0,22.024362,9,ok,,900000,1.0,164196,127085953365104,2026-09-05T13:34:09.073-05:00
311790be258b,campaign-sf1,mado,tpch,Q18,Complex,mysql,indexed,1,3,2,2,django,orm,q18s2,0,21.96979,9,ok,,900000,1.0,164196,127085953365104,2026-09-05T13:34:31.043-05:00
311790be258b,campaign-sf1,mado,tpch,Q18,Complex,mysql,indexed,1,3,2,3,django,sql,q18s2,0,22.051784,9,ok,,900000,1.0,164196,127085953365104,2026-09-05T13:34:53.095-05:00
311790be258b,campaign-sf1,mado,tpch,Q18,Complex,mysql,indexed,1,4,3,-1,django,sql,q18s3,2,22.015468,,ok,,900000,1.0,164196,127085953365104,2026-09-05T13:35:15.115-05:00
311790be258b,campaign-sf1,mado,tpch,Q18,Complex,mysql,indexed,1,4,3,-1,django,orm,q18s3,2,21.959796,,ok,,900000,1.0,164196,127085953365104,2026-09-05T13:35:37.075-05:00
311790be258b,campaign-sf1,mado,tpch,Q18,Complex,mysql,indexed,1,4,3,-1,sqlalchemy,sql,q18s3,2,22.01678,,ok,,900000,1.06,164196,127085953365104,2026-09-05T13:35:59.092-05:00
311790be258b,campaign-sf1,mado,tpch,Q18,Complex,mysql,indexed,1,4,3,-1,sqlalchemy,orm,q18s3,2,22.009236,,ok,,900000,1.04,164196,127085953365104,2026-09-05T13:36:21.101-05:00
311790be258b,campaign-sf1,mado,tpch,Q18,Complex,mysql,indexed,1,4,3,0,sqlalchemy,sql,q18s3,0,22.017039,9,ok,,900000,1.03,164196,127085953365104,2026-09-05T13:36:43.118-05:00
311790be258b,campaign-sf1,mado,tpch,Q18,Complex,mysql,indexed,1,4,3,1,django,sql,q18s3,0,22.021312,9,ok,,900000,1.1,164196,127085953365104,2026-09-05T13:37:05.140-05:00
311790be258b,campaign-sf1,mado,tpch,Q18,Complex,mysql,indexed,1,4,3,2,sqlalchemy,orm,q18s3,0,21.994223,9,ok,,900000,1.07,164196,127085953365104,2026-09-05T13:37:27.134-05:00
311790be258b,campaign-sf1,mado,tpch,Q18,Complex,mysql,indexed,1,4,3,3,django,orm,q18s3,0,21.962841,9,ok,,900000,1.17,164196,127085953365104,2026-09-05T13:37:49.097-05:00
311790be258b,campaign-sf1,mado,tpch,Q18,Complex,mysql,indexed,1,5,3,-1,django,sql,q18s4,2,22.001173,,ok,,900000,1.19,164196,127085953365104,2026-09-05T13:38:11.103-05:00
311790be258b,campaign-sf1,mado,tpch,Q18,Complex,mysql,indexed,1,5,3,-1,django,orm,q18s4,2,21.972664,,ok,,900000,1.12,164196,127085953365104,2026-09-05T13:38:33.076-05:00
311790be258b,campaign-sf1,mado,tpch,Q18,Complex,mysql,indexed,1,5,3,-1,sqlalchemy,sql,q18s4,2,22.026415,,ok,,900000,1.09,164196,127085953365104,2026-09-05T13:38:55.102-05:00
311790be258b,campaign-sf1,mado,tpch,Q18,Complex,mysql,indexed,1,5,3,-1,sqlalchemy,orm,q18s4,2,22.032155,,ok,,900000,1.06,164196,127085953365104,2026-09-05T13:39:17.134-05:00
311790be258b,campaign-sf1,mado,tpch,Q18,Complex,mysql,indexed,1,5,3,0,sqlalchemy,sql,q18s4,0,22.010983,10,ok,,900000,1.04,164196,127085953365104,2026-09-05T13:39:39.146-05:00
311790be258b,campaign-sf1,mado,tpch,Q18,Complex,mysql,indexed,1,5,3,1,django,sql,q18s4,0,22.010835,10,ok,,900000,1.03,164196,127085953365104,2026-09-05T13:40:01.156-05:00
311790be258b,campaign-sf1,mado,tpch,Q18,Complex,mysql,indexed,1,5,3,2,sqlalchemy,orm,q18s4,0,22.013528,10,ok,,900000,1.02,164196,127085953365104,2026-09-05T13:40:23.170-05:00
311790be258b,campaign-sf1,mado,tpch,Q18,Complex,mysql,indexed,1,5,3,3,django,orm,q18s4,0,21.969457,10,ok,,900000,1.09,164196,127085953365104,2026-09-05T13:40:45.140-05:00
311790be258b,campaign-sf1,mado,tpch,Q18,Complex,mysql,indexed,1,6,0,-1,django,sql,q18s5,2,22.018259,,ok,,900000,1.06,164196,127085953365104,2026-09-05T13:41:07.163-05:00
311790be258b,campaign-sf1,mado,tpch,Q18,Complex,mysql,indexed,1,6,0,-1,django,orm,q18s5,2,21.981893,,ok,,900000,1.04,164196,127085953365104,2026-09-05T13:41:29.145-05:00
311790be258b,campaign-sf1,mado,tpch,Q18,Complex,mysql,indexed,1,6,0,-1,sqlalchemy,sql,q18s5,2,22.021573,,ok,,900000,1.11,164196,127085953365104,2026-09-05T13:41:51.166-05:00
311790be258b,campaign-sf1,mado,tpch,Q18,Complex,mysql,indexed,1,6,0,-1,sqlalchemy,orm,q18s5,2,22.035861,,ok,,900000,1.07,164196,127085953365104,2026-09-05T13:42:13.202-05:00
311790be258b,campaign-sf1,mado,tpch,Q18,Complex,mysql,indexed,1,6,0,0,django,sql,q18s5,0,22.01587,10,ok,,900000,1.05,164196,127085953365104,2026-09-05T13:42:35.218-05:00
311790be258b,campaign-sf1,mado,tpch,Q18,Complex,mysql,indexed,1,6,0,1,django,orm,q18s5,0,21.969998,10,ok,,900000,1.12,164196,127085953365104,2026-09-05T13:42:57.188-05:00
311790be258b,campaign-sf1,mado,tpch,Q18,Complex,mysql,indexed,1,6,0,2,sqlalchemy,sql,q18s5,0,22.015625,10,ok,,900000,1.08,164196,127085953365104,2026-09-05T13:43:19.204-05:00
311790be258b,campaign-sf1,mado,tpch,Q18,Complex,mysql,indexed,1,6,0,3,sqlalchemy,orm,q18s5,0,22.00171,10,ok,,900000,1.05,164196,127085953365104,2026-09-05T13:43:41.206-05:00
311790be258b,campaign-sf1,mado,tpch,Q18,Complex,mysql,indexed,1,7,1,-1,django,sql,q18s6,2,22.023169,,ok,,900000,1.03,164196,127085953365104,2026-09-05T13:44:03.234-05:00
311790be258b,campaign-sf1,mado,tpch,Q18,Complex,mysql,indexed,1,7,1,-1,django,orm,q18s6,2,21.962588,,ok,,900000,1.09,164196,127085953365104,2026-09-05T13:44:25.196-05:00
311790be258b,campaign-sf1,mado,tpch,Q18,Complex,mysql,indexed,1,7,1,-1,sqlalchemy,sql,q18s6,2,22.024217,,ok,,900000,1.06,164196,127085953365104,2026-09-05T13:44:47.221-05:00
311790be258b,campaign-sf1,mado,tpch,Q18,Complex,mysql,indexed,1,7,1,-1,sqlalchemy,orm,q18s6,2,22.030499,,ok,,900000,1.04,164196,127085953365104,2026-09-05T13:45:09.251-05:00
311790be258b,campaign-sf1,mado,tpch,Q18,Complex,mysql,indexed,1,7,1,0,django,orm,q18s6,0,21.974142,9,ok,,900000,1.03,164196,127085953365104,2026-09-05T13:45:31.225-05:00
311790be258b,campaign-sf1,mado,tpch,Q18,Complex,mysql,indexed,1,7,1,1,sqlalchemy,orm,q18s6,0,21.995414,9,ok,,900000,1.02,164196,127085953365104,2026-09-05T13:45:53.221-05:00
311790be258b,campaign-sf1,mado,tpch,Q18,Complex,mysql,indexed,1,7,1,2,django,sql,q18s6,0,22.061772,9,ok,,900000,1.01,164196,127085953365104,2026-09-05T13:46:15.283-05:00
311790be258b,campaign-sf1,mado,tpch,Q18,Complex,mysql,indexed,1,7,1,3,sqlalchemy,sql,q18s6,0,22.026969,9,ok,,900000,1.01,164196,127085953365104,2026-09-05T13:46:37.310-05:00
311790be258b,campaign-sf1,mado,tpch,Q18,Complex,mysql,indexed,1,8,2,-1,django,sql,q18s7,2,22.015188,,ok,,900000,1.07,164196,127085953365104,2026-09-05T13:46:59.330-05:00
311790be258b,campaign-sf1,mado,tpch,Q18,Complex,mysql,indexed,1,8,2,-1,django,orm,q18s7,2,21.972901,,ok,,900000,1.05,164196,127085953365104,2026-09-05T13:47:21.303-05:00
311790be258b,campaign-sf1,mado,tpch,Q18,Complex,mysql,indexed,1,8,2,-1,sqlalchemy,sql,q18s7,2,22.031765,,ok,,900000,1.09,164196,127085953365104,2026-09-05T13:47:43.335-05:00
311790be258b,campaign-sf1,mado,tpch,Q18,Complex,mysql,indexed,1,8,2,-1,sqlalchemy,orm,q18s7,2,22.002647,,ok,,900000,1.07,164196,127085953365104,2026-09-05T13:48:05.338-05:00
311790be258b,campaign-sf1,mado,tpch,Q18,Complex,mysql,indexed,1,8,2,0,sqlalchemy,orm,q18s7,0,22.019513,9,ok,,900000,1.05,164196,127085953365104,2026-09-05T13:48:27.357-05:00
311790be258b,campaign-sf1,mado,tpch,Q18,Complex,mysql,indexed,1,8,2,1,sqlalchemy,sql,q18s7,0,22.016327,9,ok,,900000,1.03,164196,127085953365104,2026-09-05T13:48:49.374-05:00
311790be258b,campaign-sf1,mado,tpch,Q18,Complex,mysql,indexed,1,8,2,2,django,orm,q18s7,0,21.965535,9,ok,,900000,1.02,164196,127085953365104,2026-09-05T13:49:11.340-05:00
311790be258b,campaign-sf1,mado,tpch,Q18,Complex,mysql,indexed,1,8,2,3,django,sql,q18s7,0,22.012881,9,ok,,900000,1.01,164196,127085953365104,2026-09-05T13:49:33.352-05:00
a41f37fac1ab,campaign-sf1,mado,tpch,Q19,Simple,mysql,indexed,1,0,3,0,sqlalchemy,sql,q19warm,1,0.628988,1,ok,,900000,1.01,164538,127864204459184,2026-09-05T13:49:35.069-05:00
a41f37fac1ab,campaign-sf1,mado,tpch,Q19,Simple,mysql,indexed,1,0,3,1,django,sql,q19warm,1,0.342167,1,ok,,900000,1.01,164538,127864204459184,2026-09-05T13:49:35.411-05:00
a41f37fac1ab,campaign-sf1,mado,tpch,Q19,Simple,mysql,indexed,1,0,3,2,sqlalchemy,orm,q19warm,1,0.384915,1,ok,,900000,1.01,164538,127864204459184,2026-09-05T13:49:35.796-05:00
a41f37fac1ab,campaign-sf1,mado,tpch,Q19,Simple,mysql,indexed,1,0,3,3,django,orm,q19warm,1,0.34889,1,ok,,900000,1.01,164538,127864204459184,2026-09-05T13:49:36.145-05:00
a41f37fac1ab,campaign-sf1,mado,tpch,Q19,Simple,mysql,indexed,1,1,0,-1,django,sql,q19s0,2,0.479298,,ok,,900000,1.01,164538,127864204459184,2026-09-05T13:49:36.629-05:00
a41f37fac1ab,campaign-sf1,mado,tpch,Q19,Simple,mysql,indexed,1,1,0,-1,django,orm,q19s0,2,0.33097,,ok,,900000,1.01,164538,127864204459184,2026-09-05T13:49:36.960-05:00
a41f37fac1ab,campaign-sf1,mado,tpch,Q19,Simple,mysql,indexed,1,1,0,-1,sqlalchemy,sql,q19s0,2,0.325119,,ok,,900000,1.01,164538,127864204459184,2026-09-05T13:49:37.285-05:00
a41f37fac1ab,campaign-sf1,mado,tpch,Q19,Simple,mysql,indexed,1,1,0,-1,sqlalchemy,orm,q19s0,2,0.326445,,ok,,900000,1.01,164538,127864204459184,2026-09-05T13:49:37.612-05:00
a41f37fac1ab,campaign-sf1,mado,tpch,Q19,Simple,mysql,indexed,1,1,0,0,django,sql,q19s0,0,0.325781,1,ok,,900000,1.01,164538,127864204459184,2026-09-05T13:49:37.938-05:00
a41f37fac1ab,campaign-sf1,mado,tpch,Q19,Simple,mysql,indexed,1,1,0,1,django,orm,q19s0,0,0.329923,1,ok,,900000,1.01,164538,127864204459184,2026-09-05T13:49:38.268-05:00
a41f37fac1ab,campaign-sf1,mado,tpch,Q19,Simple,mysql,indexed,1,1,0,2,sqlalchemy,sql,q19s0,0,0.324423,1,ok,,900000,1.01,164538,127864204459184,2026-09-05T13:49:38.592-05:00
a41f37fac1ab,campaign-sf1,mado,tpch,Q19,Simple,mysql,indexed,1,1,0,3,sqlalchemy,orm,q19s0,0,0.325473,1,ok,,900000,1.01,164538,127864204459184,2026-09-05T13:49:38.918-05:00
a41f37fac1ab,campaign-sf1,mado,tpch,Q19,Simple,mysql,indexed,1,2,1,-1,django,sql,q19s1,2,0.476733,,ok,,900000,1.01,164538,127864204459184,2026-09-05T13:49:39.400-05:00
a41f37fac1ab,campaign-sf1,mado,tpch,Q19,Simple,mysql,indexed,1,2,1,-1,django,orm,q19s1,2,0.327074,,ok,,900000,1.01,164538,127864204459184,2026-09-05T13:49:39.727-05:00
a41f37fac1ab,campaign-sf1,mado,tpch,Q19,Simple,mysql,indexed,1,2,1,-1,sqlalchemy,sql,q19s1,2,0.322061,,ok,,900000,1.01,164538,127864204459184,2026-09-05T13:49:40.049-05:00
a41f37fac1ab,campaign-sf1,mado,tpch,Q19,Simple,mysql,indexed,1,2,1,-1,sqlalchemy,orm,q19s1,2,0.323296,,ok,,900000,1.01,164538,127864204459184,2026-09-05T13:49:40.373-05:00
a41f37fac1ab,campaign-sf1,mado,tpch,Q19,Simple,mysql,indexed,1,2,1,0,django,orm,q19s1,0,0.326333,1,ok,,900000,1.01,164538,127864204459184,2026-09-05T13:49:40.699-05:00
a41f37fac1ab,campaign-sf1,mado,tpch,Q19,Simple,mysql,indexed,1,2,1,1,sqlalchemy,orm,q19s1,0,0.322898,1,ok,,900000,1.01,164538,127864204459184,2026-09-05T13:49:41.022-05:00
a41f37fac1ab,campaign-sf1,mado,tpch,Q19,Simple,mysql,indexed,1,2,1,2,django,sql,q19s1,0,0.321657,1,ok,,900000,1.01,164538,127864204459184,2026-09-05T13:49:41.344-05:00
a41f37fac1ab,campaign-sf1,mado,tpch,Q19,Simple,mysql,indexed,1,2,1,3,sqlalchemy,sql,q19s1,0,0.321193,1,ok,,900000,1.01,164538,127864204459184,2026-09-05T13:49:41.665-05:00
a41f37fac1ab,campaign-sf1,mado,tpch,Q19,Simple,mysql,indexed,1,3,2,-1,django,sql,q19s2,2,0.440384,,ok,,900000,1.01,164538,127864204459184,2026-09-05T13:49:42.110-05:00
a41f37fac1ab,campaign-sf1,mado,tpch,Q19,Simple,mysql,indexed,1,3,2,-1,django,orm,q19s2,2,0.33984,,ok,,900000,1.01,164538,127864204459184,2026-09-05T13:49:42.450-05:00
a41f37fac1ab,campaign-sf1,mado,tpch,Q19,Simple,mysql,indexed,1,3,2,-1,sqlalchemy,sql,q19s2,2,0.333671,,ok,,900000,1.01,164538,127864204459184,2026-09-05T13:49:42.784-05:00
a41f37fac1ab,campaign-sf1,mado,tpch,Q19,Simple,mysql,indexed,1,3,2,-1,sqlalchemy,orm,q19s2,2,0.335064,,ok,,900000,1.01,164538,127864204459184,2026-09-05T13:49:43.119-05:00
a41f37fac1ab,campaign-sf1,mado,tpch,Q19,Simple,mysql,indexed,1,3,2,0,sqlalchemy,orm,q19s2,0,0.335264,1,ok,,900000,1.01,164538,127864204459184,2026-09-05T13:49:43.455-05:00
a41f37fac1ab,campaign-sf1,mado,tpch,Q19,Simple,mysql,indexed,1,3,2,1,sqlalchemy,sql,q19s2,0,0.332981,1,ok,,900000,1.01,164538,127864204459184,2026-09-05T13:49:43.788-05:00
a41f37fac1ab,campaign-sf1,mado,tpch,Q19,Simple,mysql,indexed,1,3,2,2,django,orm,q19s2,0,0.338295,1,ok,,900000,1.01,164538,127864204459184,2026-09-05T13:49:44.126-05:00
a41f37fac1ab,campaign-sf1,mado,tpch,Q19,Simple,mysql,indexed,1,3,2,3,django,sql,q19s2,0,0.33368,1,ok,,900000,1.01,164538,127864204459184,2026-09-05T13:49:44.460-05:00
a41f37fac1ab,campaign-sf1,mado,tpch,Q19,Simple,mysql,indexed,1,4,3,-1,django,sql,q19s3,2,0.486583,,ok,,900000,1.01,164538,127864204459184,2026-09-05T13:49:44.951-05:00
a41f37fac1ab,campaign-sf1,mado,tpch,Q19,Simple,mysql,indexed,1,4,3,-1,django,orm,q19s3,2,0.332864,,ok,,900000,1.01,164538,127864204459184,2026-09-05T13:49:45.284-05:00
a41f37fac1ab,campaign-sf1,mado,tpch,Q19,Simple,mysql,indexed,1,4,3,-1,sqlalchemy,sql,q19s3,2,0.328251,,ok,,900000,1.01,164538,127864204459184,2026-09-05T13:49:45.612-05:00
a41f37fac1ab,campaign-sf1,mado,tpch,Q19,Simple,mysql,indexed,1,4,3,-1,sqlalchemy,orm,q19s3,2,0.328636,,ok,,900000,1.01,164538,127864204459184,2026-09-05T13:49:45.941-05:00
a41f37fac1ab,campaign-sf1,mado,tpch,Q19,Simple,mysql,indexed,1,4,3,0,sqlalchemy,sql,q19s3,0,0.326882,1,ok,,900000,1.01,164538,127864204459184,2026-09-05T13:49:46.268-05:00
a41f37fac1ab,campaign-sf1,mado,tpch,Q19,Simple,mysql,indexed,1,4,3,1,django,sql,q19s3,0,0.327879,1,ok,,900000,1.01,164538,127864204459184,2026-09-05T13:49:46.596-05:00
a41f37fac1ab,campaign-sf1,mado,tpch,Q19,Simple,mysql,indexed,1,4,3,2,sqlalchemy,orm,q19s3,0,0.328415,1,ok,,900000,1.01,164538,127864204459184,2026-09-05T13:49:46.925-05:00
a41f37fac1ab,campaign-sf1,mado,tpch,Q19,Simple,mysql,indexed,1,4,3,3,django,orm,q19s3,0,0.331377,1,ok,,900000,1.01,164538,127864204459184,2026-09-05T13:49:47.256-05:00
a41f37fac1ab,campaign-sf1,mado,tpch,Q19,Simple,mysql,indexed,1,5,0,-1,django,sql,q19s4,2,0.411748,,ok,,900000,1.01,164538,127864204459184,2026-09-05T13:49:47.673-05:00
a41f37fac1ab,campaign-sf1,mado,tpch,Q19,Simple,mysql,indexed,1,5,0,-1,django,orm,q19s4,2,0.336528,,ok,,900000,1.01,164538,127864204459184,2026-09-05T13:49:48.010-05:00
a41f37fac1ab,campaign-sf1,mado,tpch,Q19,Simple,mysql,indexed,1,5,0,-1,sqlalchemy,sql,q19s4,2,0.331954,,ok,,900000,1.01,164538,127864204459184,2026-09-05T13:49:48.342-05:00
a41f37fac1ab,campaign-sf1,mado,tpch,Q19,Simple,mysql,indexed,1,5,0,-1,sqlalchemy,orm,q19s4,2,0.332962,,ok,,900000,1.01,164538,127864204459184,2026-09-05T13:49:48.675-05:00
a41f37fac1ab,campaign-sf1,mado,tpch,Q19,Simple,mysql,indexed,1,5,0,0,django,sql,q19s4,0,0.331394,1,ok,,900000,1.01,164538,127864204459184,2026-09-05T13:49:49.006-05:00
a41f37fac1ab,campaign-sf1,mado,tpch,Q19,Simple,mysql,indexed,1,5,0,1,django,orm,q19s4,0,0.335968,1,ok,,900000,1.01,164538,127864204459184,2026-09-05T13:49:49.342-05:00
a41f37fac1ab,campaign-sf1,mado,tpch,Q19,Simple,mysql,indexed,1,5,0,2,sqlalchemy,sql,q19s4,0,0.331476,1,ok,,900000,1.01,164538,127864204459184,2026-09-05T13:49:49.674-05:00
a41f37fac1ab,campaign-sf1,mado,tpch,Q19,Simple,mysql,indexed,1,5,0,3,sqlalchemy,orm,q19s4,0,0.332567,1,ok,,900000,1.01,164538,127864204459184,2026-09-05T13:49:50.006-05:00
a41f37fac1ab,campaign-sf1,mado,tpch,Q19,Simple,mysql,indexed,1,6,2,-1,django,sql,q19s5,2,0.45965,,ok,,900000,1.01,164538,127864204459184,2026-09-05T13:49:50.471-05:00
a41f37fac1ab,campaign-sf1,mado,tpch,Q19,Simple,mysql,indexed,1,6,2,-1,django,orm,q19s5,2,0.335386,,ok,,900000,1.01,164538,127864204459184,2026-09-05T13:49:50.806-05:00
a41f37fac1ab,campaign-sf1,mado,tpch,Q19,Simple,mysql,indexed,1,6,2,-1,sqlalchemy,sql,q19s5,2,0.32934,,ok,,900000,1.01,164538,127864204459184,2026-09-05T13:49:51.136-05:00
a41f37fac1ab,campaign-sf1,mado,tpch,Q19,Simple,mysql,indexed,1,6,2,-1,sqlalchemy,orm,q19s5,2,0.330601,,ok,,900000,1.01,164538,127864204459184,2026-09-05T13:49:51.467-05:00
a41f37fac1ab,campaign-sf1,mado,tpch,Q19,Simple,mysql,indexed,1,6,2,0,sqlalchemy,orm,q19s5,0,0.330362,1,ok,,900000,1.01,164538,127864204459184,2026-09-05T13:49:51.797-05:00
a41f37fac1ab,campaign-sf1,mado,tpch,Q19,Simple,mysql,indexed,1,6,2,1,sqlalchemy,sql,q19s5,0,0.328337,1,ok,,900000,1.01,164538,127864204459184,2026-09-05T13:49:52.125-05:00
a41f37fac1ab,campaign-sf1,mado,tpch,Q19,Simple,mysql,indexed,1,6,2,2,django,orm,q19s5,0,0.334432,1,ok,,900000,1.01,164538,127864204459184,2026-09-05T13:49:52.460-05:00
a41f37fac1ab,campaign-sf1,mado,tpch,Q19,Simple,mysql,indexed,1,6,2,3,django,sql,q19s5,0,0.329853,1,ok,,900000,1.01,164538,127864204459184,2026-09-05T13:49:52.790-05:00
a41f37fac1ab,campaign-sf1,mado,tpch,Q19,Simple,mysql,indexed,1,7,1,-1,django,sql,q19s6,2,0.423049,,ok,,900000,1.01,164538,127864204459184,2026-09-05T13:49:53.218-05:00
a41f37fac1ab,campaign-sf1,mado,tpch,Q19,Simple,mysql,indexed,1,7,1,-1,django,orm,q19s6,2,0.333692,,ok,,900000,1.01,164538,127864204459184,2026-09-05T13:49:53.552-05:00
a41f37fac1ab,campaign-sf1,mado,tpch,Q19,Simple,mysql,indexed,1,7,1,-1,sqlalchemy,sql,q19s6,2,0.32773,,ok,,900000,1.01,164538,127864204459184,2026-09-05T13:49:53.879-05:00
a41f37fac1ab,campaign-sf1,mado,tpch,Q19,Simple,mysql,indexed,1,7,1,-1,sqlalchemy,orm,q19s6,2,0.328497,,ok,,900000,1.01,164538,127864204459184,2026-09-05T13:49:54.208-05:00
a41f37fac1ab,campaign-sf1,mado,tpch,Q19,Simple,mysql,indexed,1,7,1,0,django,orm,q19s6,0,0.332875,1,ok,,900000,1.01,164538,127864204459184,2026-09-05T13:49:54.541-05:00
a41f37fac1ab,campaign-sf1,mado,tpch,Q19,Simple,mysql,indexed,1,7,1,1,sqlalchemy,orm,q19s6,0,0.328511,1,ok,,900000,1.01,164538,127864204459184,2026-09-05T13:49:54.870-05:00
a41f37fac1ab,campaign-sf1,mado,tpch,Q19,Simple,mysql,indexed,1,7,1,2,django,sql,q19s6,0,0.32804,1,ok,,900000,1.01,164538,127864204459184,2026-09-05T13:49:55.198-05:00
a41f37fac1ab,campaign-sf1,mado,tpch,Q19,Simple,mysql,indexed,1,7,1,3,sqlalchemy,sql,q19s6,0,0.327229,1,ok,,900000,1.01,164538,127864204459184,2026-09-05T13:49:55.525-05:00
a41f37fac1ab,campaign-sf1,mado,tpch,Q19,Simple,mysql,indexed,1,8,3,-1,django,sql,q19s7,2,0.445627,,ok,,900000,1.01,164538,127864204459184,2026-09-05T13:49:55.975-05:00
a41f37fac1ab,campaign-sf1,mado,tpch,Q19,Simple,mysql,indexed,1,8,3,-1,django,orm,q19s7,2,0.3352,,ok,,900000,1.01,164538,127864204459184,2026-09-05T13:49:56.311-05:00
a41f37fac1ab,campaign-sf1,mado,tpch,Q19,Simple,mysql,indexed,1,8,3,-1,sqlalchemy,sql,q19s7,2,0.329646,,ok,,900000,1.01,164538,127864204459184,2026-09-05T13:49:56.640-05:00
a41f37fac1ab,campaign-sf1,mado,tpch,Q19,Simple,mysql,indexed,1,8,3,-1,sqlalchemy,orm,q19s7,2,0.33017,,ok,,900000,1.01,164538,127864204459184,2026-09-05T13:49:56.971-05:00
a41f37fac1ab,campaign-sf1,mado,tpch,Q19,Simple,mysql,indexed,1,8,3,0,sqlalchemy,sql,q19s7,0,0.32866,1,ok,,900000,1.01,164538,127864204459184,2026-09-05T13:49:57.299-05:00
a41f37fac1ab,campaign-sf1,mado,tpch,Q19,Simple,mysql,indexed,1,8,3,1,django,sql,q19s7,0,0.330006,1,ok,,900000,1.01,164538,127864204459184,2026-09-05T13:49:57.630-05:00
a41f37fac1ab,campaign-sf1,mado,tpch,Q19,Simple,mysql,indexed,1,8,3,2,sqlalchemy,orm,q19s7,0,0.330011,1,ok,,900000,1.01,164538,127864204459184,2026-09-05T13:49:57.960-05:00
a41f37fac1ab,campaign-sf1,mado,tpch,Q19,Simple,mysql,indexed,1,8,3,3,django,orm,q19s7,0,0.33427,1,ok,,900000,1.01,164538,127864204459184,2026-09-05T13:49:58.294-05:00
a8c11ec0ddb5,campaign-sf1,mado,tpch,Q20,Complex,mysql,indexed,1,0,2,0,sqlalchemy,orm,q20warm,1,2.338849,165,ok,,900000,1.01,164540,134699492228032,2026-09-05T13:50:01.709-05:00
a8c11ec0ddb5,campaign-sf1,mado,tpch,Q20,Complex,mysql,indexed,1,0,2,1,sqlalchemy,sql,q20warm,1,1.247983,165,ok,,900000,1.01,164540,134699492228032,2026-09-05T13:50:02.957-05:00
a8c11ec0ddb5,campaign-sf1,mado,tpch,Q20,Complex,mysql,indexed,1,0,2,2,django,orm,q20warm,1,1.284837,165,ok,,900000,1.01,164540,134699492228032,2026-09-05T13:50:04.242-05:00
a8c11ec0ddb5,campaign-sf1,mado,tpch,Q20,Complex,mysql,indexed,1,0,2,3,django,sql,q20warm,1,1.245966,165,ok,,900000,1.01,164540,134699492228032,2026-09-05T13:50:05.488-05:00
a8c11ec0ddb5,campaign-sf1,mado,tpch,Q20,Complex,mysql,indexed,1,1,0,-1,django,sql,q20s0,2,2.192569,,ok,,900000,1.01,164540,134699492228032,2026-09-05T13:50:07.685-05:00
a8c11ec0ddb5,campaign-sf1,mado,tpch,Q20,Complex,mysql,indexed,1,1,0,-1,django,orm,q20s0,2,1.25559,,ok,,900000,1.01,164540,134699492228032,2026-09-05T13:50:08.941-05:00
a8c11ec0ddb5,campaign-sf1,mado,tpch,Q20,Complex,mysql,indexed,1,1,0,-1,sqlalchemy,sql,q20s0,2,1.219666,,ok,,900000,1.01,164540,134699492228032,2026-09-05T13:50:10.161-05:00
a8c11ec0ddb5,campaign-sf1,mado,tpch,Q20,Complex,mysql,indexed,1,1,0,-1,sqlalchemy,orm,q20s0,2,1.221339,,ok,,900000,1.01,164540,134699492228032,2026-09-05T13:50:11.382-05:00
a8c11ec0ddb5,campaign-sf1,mado,tpch,Q20,Complex,mysql,indexed,1,1,0,0,django,sql,q20s0,0,1.216595,186,ok,,900000,1.0,164540,134699492228032,2026-09-05T13:50:12.599-05:00
a8c11ec0ddb5,campaign-sf1,mado,tpch,Q20,Complex,mysql,indexed,1,1,0,1,django,orm,q20s0,0,1.250663,186,ok,,900000,1.0,164540,134699492228032,2026-09-05T13:50:13.850-05:00
a8c11ec0ddb5,campaign-sf1,mado,tpch,Q20,Complex,mysql,indexed,1,1,0,2,sqlalchemy,sql,q20s0,0,1.218079,186,ok,,900000,1.0,164540,134699492228032,2026-09-05T13:50:15.068-05:00
a8c11ec0ddb5,campaign-sf1,mado,tpch,Q20,Complex,mysql,indexed,1,1,0,3,sqlalchemy,orm,q20s0,0,1.219409,186,ok,,900000,1.0,164540,134699492228032,2026-09-05T13:50:16.287-05:00
a8c11ec0ddb5,campaign-sf1,mado,tpch,Q20,Complex,mysql,indexed,1,2,2,-1,django,sql,q20s1,2,2.164018,,ok,,900000,1.0,164540,134699492228032,2026-09-05T13:50:18.456-05:00
a8c11ec0ddb5,campaign-sf1,mado,tpch,Q20,Complex,mysql,indexed,1,2,2,-1,django,orm,q20s1,2,1.280541,,ok,,900000,1.0,164540,134699492228032,2026-09-05T13:50:19.737-05:00
a8c11ec0ddb5,campaign-sf1,mado,tpch,Q20,Complex,mysql,indexed,1,2,2,-1,sqlalchemy,sql,q20s1,2,1.239189,,ok,,900000,1.0,164540,134699492228032,2026-09-05T13:50:20.976-05:00
a8c11ec0ddb5,campaign-sf1,mado,tpch,Q20,Complex,mysql,indexed,1,2,2,-1,sqlalchemy,orm,q20s1,2,1.239026,,ok,,900000,1.0,164540,134699492228032,2026-09-05T13:50:22.215-05:00
a8c11ec0ddb5,campaign-sf1,mado,tpch,Q20,Complex,mysql,indexed,1,2,2,0,sqlalchemy,orm,q20s1,0,1.238359,192,ok,,900000,1.0,164540,134699492228032,2026-09-05T13:50:23.454-05:00
a8c11ec0ddb5,campaign-sf1,mado,tpch,Q20,Complex,mysql,indexed,1,2,2,1,sqlalchemy,sql,q20s1,0,1.236584,192,ok,,900000,1.0,164540,134699492228032,2026-09-05T13:50:24.690-05:00
a8c11ec0ddb5,campaign-sf1,mado,tpch,Q20,Complex,mysql,indexed,1,2,2,2,django,orm,q20s1,0,1.27636,192,ok,,900000,1.0,164540,134699492228032,2026-09-05T13:50:25.967-05:00
a8c11ec0ddb5,campaign-sf1,mado,tpch,Q20,Complex,mysql,indexed,1,2,2,3,django,sql,q20s1,0,1.241349,192,ok,,900000,1.0,164540,134699492228032,2026-09-05T13:50:27.208-05:00
a8c11ec0ddb5,campaign-sf1,mado,tpch,Q20,Complex,mysql,indexed,1,3,1,-1,django,sql,q20s2,2,2.055208,,ok,,900000,1.0,164540,134699492228032,2026-09-05T13:50:29.268-05:00
a8c11ec0ddb5,campaign-sf1,mado,tpch,Q20,Complex,mysql,indexed,1,3,1,-1,django,orm,q20s2,2,1.296945,,ok,,900000,1.0,164540,134699492228032,2026-09-05T13:50:30.565-05:00
a8c11ec0ddb5,campaign-sf1,mado,tpch,Q20,Complex,mysql,indexed,1,3,1,-1,sqlalchemy,sql,q20s2,2,1.261692,,ok,,900000,1.0,164540,134699492228032,2026-09-05T13:50:31.827-05:00
a8c11ec0ddb5,campaign-sf1,mado,tpch,Q20,Complex,mysql,indexed,1,3,1,-1,sqlalchemy,orm,q20s2,2,1.266655,,ok,,900000,1.0,164540,134699492228032,2026-09-05T13:50:33.094-05:00
a8c11ec0ddb5,campaign-sf1,mado,tpch,Q20,Complex,mysql,indexed,1,3,1,0,django,orm,q20s2,0,1.293655,195,ok,,900000,1.0,164540,134699492228032,2026-09-05T13:50:34.387-05:00
a8c11ec0ddb5,campaign-sf1,mado,tpch,Q20,Complex,mysql,indexed,1,3,1,1,sqlalchemy,orm,q20s2,0,1.260947,195,ok,,900000,1.0,164540,134699492228032,2026-09-05T13:50:35.648-05:00
a8c11ec0ddb5,campaign-sf1,mado,tpch,Q20,Complex,mysql,indexed,1,3,1,2,django,sql,q20s2,0,1.257724,195,ok,,900000,1.0,164540,134699492228032,2026-09-05T13:50:36.906-05:00
a8c11ec0ddb5,campaign-sf1,mado,tpch,Q20,Complex,mysql,indexed,1,3,1,3,sqlalchemy,sql,q20s2,0,1.25937,195,ok,,900000,1.0,164540,134699492228032,2026-09-05T13:50:38.166-05:00
a8c11ec0ddb5,campaign-sf1,mado,tpch,Q20,Complex,mysql,indexed,1,4,3,-1,django,sql,q20s3,2,1.897702,,ok,,900000,1.0,164540,134699492228032,2026-09-05T13:50:40.068-05:00
a8c11ec0ddb5,campaign-sf1,mado,tpch,Q20,Complex,mysql,indexed,1,4,3,-1,django,orm,q20s3,2,1.29614,,ok,,900000,1.0,164540,134699492228032,2026-09-05T13:50:41.364-05:00
a8c11ec0ddb5,campaign-sf1,mado,tpch,Q20,Complex,mysql,indexed,1,4,3,-1,sqlalchemy,sql,q20s3,2,1.261738,,ok,,900000,1.0,164540,134699492228032,2026-09-05T13:50:42.626-05:00
a8c11ec0ddb5,campaign-sf1,mado,tpch,Q20,Complex,mysql,indexed,1,4,3,-1,sqlalchemy,orm,q20s3,2,1.262065,,ok,,900000,1.0,164540,134699492228032,2026-09-05T13:50:43.888-05:00
a8c11ec0ddb5,campaign-sf1,mado,tpch,Q20,Complex,mysql,indexed,1,4,3,0,sqlalchemy,sql,q20s3,0,1.260712,154,ok,,900000,1.0,164540,134699492228032,2026-09-05T13:50:45.149-05:00
a8c11ec0ddb5,campaign-sf1,mado,tpch,Q20,Complex,mysql,indexed,1,4,3,1,django,sql,q20s3,0,1.259122,154,ok,,900000,1.0,164540,134699492228032,2026-09-05T13:50:46.408-05:00
a8c11ec0ddb5,campaign-sf1,mado,tpch,Q20,Complex,mysql,indexed,1,4,3,2,sqlalchemy,orm,q20s3,0,1.26093,154,ok,,900000,1.0,164540,134699492228032,2026-09-05T13:50:47.669-05:00
a8c11ec0ddb5,campaign-sf1,mado,tpch,Q20,Complex,mysql,indexed,1,4,3,3,django,orm,q20s3,0,1.292606,154,ok,,900000,1.0,164540,134699492228032,2026-09-05T13:50:48.962-05:00
a8c11ec0ddb5,campaign-sf1,mado,tpch,Q20,Complex,mysql,indexed,1,5,0,-1,django,sql,q20s4,2,1.24281,,ok,,900000,1.0,164540,134699492228032,2026-09-05T13:50:50.209-05:00
a8c11ec0ddb5,campaign-sf1,mado,tpch,Q20,Complex,mysql,indexed,1,5,0,-1,django,orm,q20s4,2,1.271124,,ok,,900000,1.0,164540,134699492228032,2026-09-05T13:50:51.481-05:00
a8c11ec0ddb5,campaign-sf1,mado,tpch,Q20,Complex,mysql,indexed,1,5,0,-1,sqlalchemy,sql,q20s4,2,1.236616,,ok,,900000,1.0,164540,134699492228032,2026-09-05T13:50:52.717-05:00
a8c11ec0ddb5,campaign-sf1,mado,tpch,Q20,Complex,mysql,indexed,1,5,0,-1,sqlalchemy,orm,q20s4,2,1.23762,,ok,,900000,1.0,164540,134699492228032,2026-09-05T13:50:53.955-05:00
a8c11ec0ddb5,campaign-sf1,mado,tpch,Q20,Complex,mysql,indexed,1,5,0,0,django,sql,q20s4,0,1.233873,177,ok,,900000,1.0,164540,134699492228032,2026-09-05T13:50:55.189-05:00
a8c11ec0ddb5,campaign-sf1,mado,tpch,Q20,Complex,mysql,indexed,1,5,0,1,django,orm,q20s4,0,1.267966,177,ok,,900000,1.0,164540,134699492228032,2026-09-05T13:50:56.457-05:00
a8c11ec0ddb5,campaign-sf1,mado,tpch,Q20,Complex,mysql,indexed,1,5,0,2,sqlalchemy,sql,q20s4,0,1.236006,177,ok,,900000,1.0,164540,134699492228032,2026-09-05T13:50:57.693-05:00
a8c11ec0ddb5,campaign-sf1,mado,tpch,Q20,Complex,mysql,indexed,1,5,0,3,sqlalchemy,orm,q20s4,0,1.23783,177,ok,,900000,1.0,164540,134699492228032,2026-09-05T13:50:58.931-05:00
a8c11ec0ddb5,campaign-sf1,mado,tpch,Q20,Complex,mysql,indexed,1,6,2,-1,django,sql,q20s5,2,1.745799,,ok,,900000,1.0,164540,134699492228032,2026-09-05T13:51:00.682-05:00
a8c11ec0ddb5,campaign-sf1,mado,tpch,Q20,Complex,mysql,indexed,1,6,2,-1,django,orm,q20s5,2,1.276046,,ok,,900000,1.0,164540,134699492228032,2026-09-05T13:51:01.958-05:00
a8c11ec0ddb5,campaign-sf1,mado,tpch,Q20,Complex,mysql,indexed,1,6,2,-1,sqlalchemy,sql,q20s5,2,1.242841,,ok,,900000,1.0,164540,134699492228032,2026-09-05T13:51:03.201-05:00
a8c11ec0ddb5,campaign-sf1,mado,tpch,Q20,Complex,mysql,indexed,1,6,2,-1,sqlalchemy,orm,q20s5,2,1.23764,,ok,,900000,1.0,164540,134699492228032,2026-09-05T13:51:04.439-05:00
a8c11ec0ddb5,campaign-sf1,mado,tpch,Q20,Complex,mysql,indexed,1,6,2,0,sqlalchemy,orm,q20s5,0,1.23648,177,ok,,900000,1.0,164540,134699492228032,2026-09-05T13:51:05.675-05:00
a8c11ec0ddb5,campaign-sf1,mado,tpch,Q20,Complex,mysql,indexed,1,6,2,1,sqlalchemy,sql,q20s5,0,1.235592,177,ok,,900000,1.0,164540,134699492228032,2026-09-05T13:51:06.911-05:00
a8c11ec0ddb5,campaign-sf1,mado,tpch,Q20,Complex,mysql,indexed,1,6,2,2,django,orm,q20s5,0,1.272778,177,ok,,900000,1.0,164540,134699492228032,2026-09-05T13:51:08.184-05:00
a8c11ec0ddb5,campaign-sf1,mado,tpch,Q20,Complex,mysql,indexed,1,6,2,3,django,sql,q20s5,0,1.240128,177,ok,,900000,1.0,164540,134699492228032,2026-09-05T13:51:09.424-05:00
a8c11ec0ddb5,campaign-sf1,mado,tpch,Q20,Complex,mysql,indexed,1,7,3,-1,django,sql,q20s6,2,1.633745,,ok,,900000,1.0,164540,134699492228032,2026-09-05T13:51:11.062-05:00
a8c11ec0ddb5,campaign-sf1,mado,tpch,Q20,Complex,mysql,indexed,1,7,3,-1,django,orm,q20s6,2,1.279212,,ok,,900000,1.0,164540,134699492228032,2026-09-05T13:51:12.341-05:00
a8c11ec0ddb5,campaign-sf1,mado,tpch,Q20,Complex,mysql,indexed,1,7,3,-1,sqlalchemy,sql,q20s6,2,1.248518,,ok,,900000,1.0,164540,134699492228032,2026-09-05T13:51:13.590-05:00
a8c11ec0ddb5,campaign-sf1,mado,tpch,Q20,Complex,mysql,indexed,1,7,3,-1,sqlalchemy,orm,q20s6,2,1.247937,,ok,,900000,1.0,164540,134699492228032,2026-09-05T13:51:14.838-05:00
a8c11ec0ddb5,campaign-sf1,mado,tpch,Q20,Complex,mysql,indexed,1,7,3,0,sqlalchemy,sql,q20s6,0,1.246487,180,ok,,900000,1.0,164540,134699492228032,2026-09-05T13:51:16.085-05:00
a8c11ec0ddb5,campaign-sf1,mado,tpch,Q20,Complex,mysql,indexed,1,7,3,1,django,sql,q20s6,0,1.245342,180,ok,,900000,1.0,164540,134699492228032,2026-09-05T13:51:17.330-05:00
a8c11ec0ddb5,campaign-sf1,mado,tpch,Q20,Complex,mysql,indexed,1,7,3,2,sqlalchemy,orm,q20s6,0,1.247855,180,ok,,900000,1.0,164540,134699492228032,2026-09-05T13:51:18.578-05:00
a8c11ec0ddb5,campaign-sf1,mado,tpch,Q20,Complex,mysql,indexed,1,7,3,3,django,orm,q20s6,0,1.273532,180,ok,,900000,1.0,164540,134699492228032,2026-09-05T13:51:19.852-05:00
a8c11ec0ddb5,campaign-sf1,mado,tpch,Q20,Complex,mysql,indexed,1,8,1,-1,django,sql,q20s7,2,1.579527,,ok,,900000,1.0,164540,134699492228032,2026-09-05T13:51:21.436-05:00
a8c11ec0ddb5,campaign-sf1,mado,tpch,Q20,Complex,mysql,indexed,1,8,1,-1,django,orm,q20s7,2,1.300534,,ok,,900000,1.0,164540,134699492228032,2026-09-05T13:51:22.737-05:00
a8c11ec0ddb5,campaign-sf1,mado,tpch,Q20,Complex,mysql,indexed,1,8,1,-1,sqlalchemy,sql,q20s7,2,1.265832,,ok,,900000,1.0,164540,134699492228032,2026-09-05T13:51:24.002-05:00
a8c11ec0ddb5,campaign-sf1,mado,tpch,Q20,Complex,mysql,indexed,1,8,1,-1,sqlalchemy,orm,q20s7,2,1.266046,,ok,,900000,1.0,164540,134699492228032,2026-09-05T13:51:25.269-05:00
a8c11ec0ddb5,campaign-sf1,mado,tpch,Q20,Complex,mysql,indexed,1,8,1,0,django,orm,q20s7,0,1.296961,201,ok,,900000,1.0,164540,134699492228032,2026-09-05T13:51:26.566-05:00
a8c11ec0ddb5,campaign-sf1,mado,tpch,Q20,Complex,mysql,indexed,1,8,1,1,sqlalchemy,orm,q20s7,0,1.265165,201,ok,,900000,1.0,164540,134699492228032,2026-09-05T13:51:27.831-05:00
a8c11ec0ddb5,campaign-sf1,mado,tpch,Q20,Complex,mysql,indexed,1,8,1,2,django,sql,q20s7,0,1.262322,201,ok,,900000,1.0,164540,134699492228032,2026-09-05T13:51:29.093-05:00
a8c11ec0ddb5,campaign-sf1,mado,tpch,Q20,Complex,mysql,indexed,1,8,1,3,sqlalchemy,sql,q20s7,0,1.263358,201,ok,,900000,1.0,164540,134699492228032,2026-09-05T13:51:30.357-05:00
61513bd9d1a9,campaign-sf1,mado,tpch,Q21,Very Complex,mysql,indexed,1,0,0,0,django,sql,q21warm,1,8.990457,100,ok,,900000,1.0,164542,137395253607984,2026-09-05T13:51:40.425-05:00
61513bd9d1a9,campaign-sf1,mado,tpch,Q21,Very Complex,mysql,indexed,1,0,0,1,django,orm,q21warm,1,3.372316,100,ok,,900000,1.0,164542,137395253607984,2026-09-05T13:51:43.797-05:00
61513bd9d1a9,campaign-sf1,mado,tpch,Q21,Very Complex,mysql,indexed,1,0,0,2,sqlalchemy,sql,q21warm,1,3.313579,100,ok,,900000,1.0,164542,137395253607984,2026-09-05T13:51:47.111-05:00
61513bd9d1a9,campaign-sf1,mado,tpch,Q21,Very Complex,mysql,indexed,1,0,0,3,sqlalchemy,orm,q21warm,1,3.35849,100,ok,,900000,1.0,164542,137395253607984,2026-09-05T13:51:50.469-05:00
61513bd9d1a9,campaign-sf1,mado,tpch,Q21,Very Complex,mysql,indexed,1,1,2,-1,django,sql,q21s0,2,3.62392,,ok,,900000,1.0,164542,137395253607984,2026-09-05T13:51:54.098-05:00
61513bd9d1a9,campaign-sf1,mado,tpch,Q21,Very Complex,mysql,indexed,1,1,2,-1,django,orm,q21s0,2,3.309292,,ok,,900000,1.0,164542,137395253607984,2026-09-05T13:51:57.407-05:00
61513bd9d1a9,campaign-sf1,mado,tpch,Q21,Very Complex,mysql,indexed,1,1,2,-1,sqlalchemy,sql,q21s0,2,3.250652,,ok,,900000,1.0,164542,137395253607984,2026-09-05T13:52:00.658-05:00
61513bd9d1a9,campaign-sf1,mado,tpch,Q21,Very Complex,mysql,indexed,1,1,2,-1,sqlalchemy,orm,q21s0,2,3.260144,,ok,,900000,1.0,164542,137395253607984,2026-09-05T13:52:03.918-05:00
61513bd9d1a9,campaign-sf1,mado,tpch,Q21,Very Complex,mysql,indexed,1,1,2,0,sqlalchemy,orm,q21s0,0,3.260078,100,ok,,900000,1.0,164542,137395253607984,2026-09-05T13:52:07.179-05:00
61513bd9d1a9,campaign-sf1,mado,tpch,Q21,Very Complex,mysql,indexed,1,1,2,1,sqlalchemy,sql,q21s0,0,3.246355,100,ok,,900000,1.0,164542,137395253607984,2026-09-05T13:52:10.425-05:00
61513bd9d1a9,campaign-sf1,mado,tpch,Q21,Very Complex,mysql,indexed,1,1,2,2,django,orm,q21s0,0,3.379068,100,ok,,900000,1.16,164542,137395253607984,2026-09-05T13:52:13.804-05:00
61513bd9d1a9,campaign-sf1,mado,tpch,Q21,Very Complex,mysql,indexed,1,1,2,3,django,sql,q21s0,0,3.330752,100,ok,,900000,1.16,164542,137395253607984,2026-09-05T13:52:17.135-05:00
61513bd9d1a9,campaign-sf1,mado,tpch,Q21,Very Complex,mysql,indexed,1,2,3,-1,django,sql,q21s1,2,3.460707,,ok,,900000,1.15,164542,137395253607984,2026-09-05T13:52:20.601-05:00
61513bd9d1a9,campaign-sf1,mado,tpch,Q21,Very Complex,mysql,indexed,1,2,3,-1,django,orm,q21s1,2,3.248402,,ok,,900000,1.13,164542,137395253607984,2026-09-05T13:52:23.849-05:00
61513bd9d1a9,campaign-sf1,mado,tpch,Q21,Very Complex,mysql,indexed,1,2,3,-1,sqlalchemy,sql,q21s1,2,3.212939,,ok,,900000,1.13,164542,137395253607984,2026-09-05T13:52:27.062-05:00
61513bd9d1a9,campaign-sf1,mado,tpch,Q21,Very Complex,mysql,indexed,1,2,3,-1,sqlalchemy,orm,q21s1,2,3.221118,,ok,,900000,1.12,164542,137395253607984,2026-09-05T13:52:30.283-05:00
61513bd9d1a9,campaign-sf1,mado,tpch,Q21,Very Complex,mysql,indexed,1,2,3,0,sqlalchemy,sql,q21s1,0,3.196391,100,ok,,900000,1.11,164542,137395253607984,2026-09-05T13:52:33.480-05:00
61513bd9d1a9,campaign-sf1,mado,tpch,Q21,Very Complex,mysql,indexed,1,2,3,1,django,sql,q21s1,0,3.177194,100,ok,,900000,1.11,164542,137395253607984,2026-09-05T13:52:36.657-05:00
61513bd9d1a9,campaign-sf1,mado,tpch,Q21,Very Complex,mysql,indexed,1,2,3,2,sqlalchemy,orm,q21s1,0,3.181631,100,ok,,900000,1.1,164542,137395253607984,2026-09-05T13:52:39.839-05:00
61513bd9d1a9,campaign-sf1,mado,tpch,Q21,Very Complex,mysql,indexed,1,2,3,3,django,orm,q21s1,0,3.192663,100,ok,,900000,1.1,164542,137395253607984,2026-09-05T13:52:43.032-05:00
61513bd9d1a9,campaign-sf1,mado,tpch,Q21,Very Complex,mysql,indexed,1,3,1,-1,django,sql,q21s2,2,3.403775,,ok,,900000,1.1,164542,137395253607984,2026-09-05T13:52:46.440-05:00
61513bd9d1a9,campaign-sf1,mado,tpch,Q21,Very Complex,mysql,indexed,1,3,1,-1,django,orm,q21s2,2,3.166116,,ok,,900000,1.17,164542,137395253607984,2026-09-05T13:52:49.606-05:00
61513bd9d1a9,campaign-sf1,mado,tpch,Q21,Very Complex,mysql,indexed,1,3,1,-1,sqlalchemy,sql,q21s2,2,3.140163,,ok,,900000,1.15,164542,137395253607984,2026-09-05T13:52:52.747-05:00
61513bd9d1a9,campaign-sf1,mado,tpch,Q21,Very Complex,mysql,indexed,1,3,1,-1,sqlalchemy,orm,q21s2,2,3.143123,,ok,,900000,1.15,164542,137395253607984,2026-09-05T13:52:55.890-05:00
61513bd9d1a9,campaign-sf1,mado,tpch,Q21,Very Complex,mysql,indexed,1,3,1,0,django,orm,q21s2,0,3.163134,100,ok,,900000,1.14,164542,137395253607984,2026-09-05T13:52:59.053-05:00
61513bd9d1a9,campaign-sf1,mado,tpch,Q21,Very Complex,mysql,indexed,1,3,1,1,sqlalchemy,orm,q21s2,0,3.142758,100,ok,,900000,1.14,164542,137395253607984,2026-09-05T13:53:02.196-05:00
61513bd9d1a9,campaign-sf1,mado,tpch,Q21,Very Complex,mysql,indexed,1,3,1,2,django,sql,q21s2,0,3.143926,100,ok,,900000,1.13,164542,137395253607984,2026-09-05T13:53:05.340-05:00
61513bd9d1a9,campaign-sf1,mado,tpch,Q21,Very Complex,mysql,indexed,1,3,1,3,sqlalchemy,sql,q21s2,0,3.134485,100,ok,,900000,1.12,164542,137395253607984,2026-09-05T13:53:08.474-05:00
61513bd9d1a9,campaign-sf1,mado,tpch,Q21,Very Complex,mysql,indexed,1,4,0,-1,django,sql,q21s3,2,3.247127,,ok,,900000,1.12,164542,137395253607984,2026-09-05T13:53:11.726-05:00
61513bd9d1a9,campaign-sf1,mado,tpch,Q21,Very Complex,mysql,indexed,1,4,0,-1,django,orm,q21s3,2,3.022803,,ok,,900000,1.11,164542,137395253607984,2026-09-05T13:53:14.749-05:00
61513bd9d1a9,campaign-sf1,mado,tpch,Q21,Very Complex,mysql,indexed,1,4,0,-1,sqlalchemy,sql,q21s3,2,2.991561,,ok,,900000,1.1,164542,137395253607984,2026-09-05T13:53:17.741-05:00
61513bd9d1a9,campaign-sf1,mado,tpch,Q21,Very Complex,mysql,indexed,1,4,0,-1,sqlalchemy,orm,q21s3,2,3.000106,,ok,,900000,1.1,164542,137395253607984,2026-09-05T13:53:20.741-05:00
61513bd9d1a9,campaign-sf1,mado,tpch,Q21,Very Complex,mysql,indexed,1,4,0,0,django,sql,q21s3,0,2.999704,100,ok,,900000,1.09,164542,137395253607984,2026-09-05T13:53:23.741-05:00
61513bd9d1a9,campaign-sf1,mado,tpch,Q21,Very Complex,mysql,indexed,1,4,0,1,django,orm,q21s3,0,3.020529,100,ok,,900000,1.09,164542,137395253607984,2026-09-05T13:53:26.761-05:00
61513bd9d1a9,campaign-sf1,mado,tpch,Q21,Very Complex,mysql,indexed,1,4,0,2,sqlalchemy,sql,q21s3,0,2.990646,100,ok,,900000,1.08,164542,137395253607984,2026-09-05T13:53:29.752-05:00
61513bd9d1a9,campaign-sf1,mado,tpch,Q21,Very Complex,mysql,indexed,1,4,0,3,sqlalchemy,orm,q21s3,0,3.000318,100,ok,,900000,1.16,164542,137395253607984,2026-09-05T13:53:32.753-05:00
61513bd9d1a9,campaign-sf1,mado,tpch,Q21,Very Complex,mysql,indexed,1,5,3,-1,django,sql,q21s4,2,3.35801,,ok,,900000,1.16,164542,137395253607984,2026-09-05T13:53:36.115-05:00
61513bd9d1a9,campaign-sf1,mado,tpch,Q21,Very Complex,mysql,indexed,1,5,3,-1,django,orm,q21s4,2,3.153057,,ok,,900000,1.15,164542,137395253607984,2026-09-05T13:53:39.269-05:00
61513bd9d1a9,campaign-sf1,mado,tpch,Q21,Very Complex,mysql,indexed,1,5,3,-1,sqlalchemy,sql,q21s4,2,3.113731,,ok,,900000,1.15,164542,137395253607984,2026-09-05T13:53:42.382-05:00
61513bd9d1a9,campaign-sf1,mado,tpch,Q21,Very Complex,mysql,indexed,1,5,3,-1,sqlalchemy,orm,q21s4,2,3.113615,,ok,,900000,1.13,164542,137395253607984,2026-09-05T13:53:45.496-05:00
61513bd9d1a9,campaign-sf1,mado,tpch,Q21,Very Complex,mysql,indexed,1,5,3,0,sqlalchemy,sql,q21s4,0,3.104513,100,ok,,900000,1.12,164542,137395253607984,2026-09-05T13:53:48.601-05:00
61513bd9d1a9,campaign-sf1,mado,tpch,Q21,Very Complex,mysql,indexed,1,5,3,1,django,sql,q21s4,0,3.123947,100,ok,,900000,1.12,164542,137395253607984,2026-09-05T13:53:51.725-05:00
61513bd9d1a9,campaign-sf1,mado,tpch,Q21,Very Complex,mysql,indexed,1,5,3,2,sqlalchemy,orm,q21s4,0,3.118135,100,ok,,900000,1.11,164542,137395253607984,2026-09-05T13:53:54.843-05:00
61513bd9d1a9,campaign-sf1,mado,tpch,Q21,Very Complex,mysql,indexed,1,5,3,3,django,orm,q21s4,0,3.14569,100,ok,,900000,1.1,164542,137395253607984,2026-09-05T13:53:57.989-05:00
61513bd9d1a9,campaign-sf1,mado,tpch,Q21,Very Complex,mysql,indexed,1,6,1,-1,django,sql,q21s5,2,3.409401,,ok,,900000,1.1,164542,137395253607984,2026-09-05T13:54:01.403-05:00
61513bd9d1a9,campaign-sf1,mado,tpch,Q21,Very Complex,mysql,indexed,1,6,1,-1,django,orm,q21s5,2,3.200326,,ok,,900000,1.1,164542,137395253607984,2026-09-05T13:54:04.603-05:00
61513bd9d1a9,campaign-sf1,mado,tpch,Q21,Very Complex,mysql,indexed,1,6,1,-1,sqlalchemy,sql,q21s5,2,3.160344,,ok,,900000,1.09,164542,137395253607984,2026-09-05T13:54:07.764-05:00
61513bd9d1a9,campaign-sf1,mado,tpch,Q21,Very Complex,mysql,indexed,1,6,1,-1,sqlalchemy,orm,q21s5,2,3.170996,,ok,,900000,1.09,164542,137395253607984,2026-09-05T13:54:10.935-05:00
61513bd9d1a9,campaign-sf1,mado,tpch,Q21,Very Complex,mysql,indexed,1,6,1,0,django,orm,q21s5,0,3.190749,100,ok,,900000,1.08,164542,137395253607984,2026-09-05T13:54:14.126-05:00
61513bd9d1a9,campaign-sf1,mado,tpch,Q21,Very Complex,mysql,indexed,1,6,1,1,sqlalchemy,orm,q21s5,0,3.167018,100,ok,,900000,1.08,164542,137395253607984,2026-09-05T13:54:17.293-05:00
61513bd9d1a9,campaign-sf1,mado,tpch,Q21,Very Complex,mysql,indexed,1,6,1,2,django,sql,q21s5,0,3.16343,100,ok,,900000,1.07,164542,137395253607984,2026-09-05T13:54:20.456-05:00
61513bd9d1a9,campaign-sf1,mado,tpch,Q21,Very Complex,mysql,indexed,1,6,1,3,sqlalchemy,sql,q21s5,0,3.156257,100,ok,,900000,1.07,164542,137395253607984,2026-09-05T13:54:23.613-05:00
61513bd9d1a9,campaign-sf1,mado,tpch,Q21,Very Complex,mysql,indexed,1,7,2,-1,django,sql,q21s6,2,3.080015,,ok,,900000,1.07,164542,137395253607984,2026-09-05T13:54:26.698-05:00
61513bd9d1a9,campaign-sf1,mado,tpch,Q21,Very Complex,mysql,indexed,1,7,2,-1,django,orm,q21s6,2,2.892161,,ok,,900000,1.06,164542,137395253607984,2026-09-05T13:54:29.590-05:00
61513bd9d1a9,campaign-sf1,mado,tpch,Q21,Very Complex,mysql,indexed,1,7,2,-1,sqlalchemy,sql,q21s6,2,2.847766,,ok,,900000,1.06,164542,137395253607984,2026-09-05T13:54:32.438-05:00
61513bd9d1a9,campaign-sf1,mado,tpch,Q21,Very Complex,mysql,indexed,1,7,2,-1,sqlalchemy,orm,q21s6,2,2.858225,,ok,,900000,1.06,164542,137395253607984,2026-09-05T13:54:35.296-05:00
61513bd9d1a9,campaign-sf1,mado,tpch,Q21,Very Complex,mysql,indexed,1,7,2,0,sqlalchemy,orm,q21s6,0,2.856295,100,ok,,900000,1.05,164542,137395253607984,2026-09-05T13:54:38.152-05:00
61513bd9d1a9,campaign-sf1,mado,tpch,Q21,Very Complex,mysql,indexed,1,7,2,1,sqlalchemy,sql,q21s6,0,2.848223,100,ok,,900000,1.05,164542,137395253607984,2026-09-05T13:54:41.001-05:00
61513bd9d1a9,campaign-sf1,mado,tpch,Q21,Very Complex,mysql,indexed,1,7,2,2,django,orm,q21s6,0,2.889072,100,ok,,900000,1.05,164542,137395253607984,2026-09-05T13:54:43.890-05:00
61513bd9d1a9,campaign-sf1,mado,tpch,Q21,Very Complex,mysql,indexed,1,7,2,3,django,sql,q21s6,0,2.87212,100,ok,,900000,1.05,164542,137395253607984,2026-09-05T13:54:46.762-05:00
61513bd9d1a9,campaign-sf1,mado,tpch,Q21,Very Complex,mysql,indexed,1,8,0,-1,django,sql,q21s7,2,3.432768,,ok,,900000,1.04,164542,137395253607984,2026-09-05T13:54:50.200-05:00
61513bd9d1a9,campaign-sf1,mado,tpch,Q21,Very Complex,mysql,indexed,1,8,0,-1,django,orm,q21s7,2,3.252754,,ok,,900000,1.04,164542,137395253607984,2026-09-05T13:54:53.453-05:00
61513bd9d1a9,campaign-sf1,mado,tpch,Q21,Very Complex,mysql,indexed,1,8,0,-1,sqlalchemy,sql,q21s7,2,3.197279,,ok,,900000,1.04,164542,137395253607984,2026-09-05T13:54:56.650-05:00
61513bd9d1a9,campaign-sf1,mado,tpch,Q21,Very Complex,mysql,indexed,1,8,0,-1,sqlalchemy,orm,q21s7,2,3.200006,,ok,,900000,1.04,164542,137395253607984,2026-09-05T13:54:59.850-05:00
61513bd9d1a9,campaign-sf1,mado,tpch,Q21,Very Complex,mysql,indexed,1,8,0,0,django,sql,q21s7,0,3.213617,100,ok,,900000,1.03,164542,137395253607984,2026-09-05T13:55:03.064-05:00
61513bd9d1a9,campaign-sf1,mado,tpch,Q21,Very Complex,mysql,indexed,1,8,0,1,django,orm,q21s7,0,3.235814,100,ok,,900000,1.03,164542,137395253607984,2026-09-05T13:55:06.300-05:00
61513bd9d1a9,campaign-sf1,mado,tpch,Q21,Very Complex,mysql,indexed,1,8,0,2,sqlalchemy,sql,q21s7,0,3.191196,100,ok,,900000,1.03,164542,137395253607984,2026-09-05T13:55:09.491-05:00
61513bd9d1a9,campaign-sf1,mado,tpch,Q21,Very Complex,mysql,indexed,1,8,0,3,sqlalchemy,orm,q21s7,0,3.199859,100,ok,,900000,1.03,164542,137395253607984,2026-09-05T13:55:12.691-05:00
dac858574f4b,campaign-sf1,mado,tpch,Q22,Very Complex,mysql,indexed,1,0,1,0,django,orm,q22warm,1,0.852465,7,ok,,900000,1.03,164654,138581155961872,2026-09-05T13:55:14.631-05:00
dac858574f4b,campaign-sf1,mado,tpch,Q22,Very Complex,mysql,indexed,1,0,1,1,sqlalchemy,orm,q22warm,1,0.418351,7,ok,,900000,1.03,164654,138581155961872,2026-09-05T13:55:15.050-05:00
dac858574f4b,campaign-sf1,mado,tpch,Q22,Very Complex,mysql,indexed,1,0,1,2,django,sql,q22warm,1,0.366008,7,ok,,900000,1.03,164654,138581155961872,2026-09-05T13:55:15.416-05:00
dac858574f4b,campaign-sf1,mado,tpch,Q22,Very Complex,mysql,indexed,1,0,1,3,sqlalchemy,sql,q22warm,1,0.36309,7,ok,,900000,1.03,164654,138581155961872,2026-09-05T13:55:15.779-05:00
dac858574f4b,campaign-sf1,mado,tpch,Q22,Very Complex,mysql,indexed,1,1,3,-1,django,sql,q22s0,2,0.367212,,ok,,900000,1.03,164654,138581155961872,2026-09-05T13:55:16.151-05:00
dac858574f4b,campaign-sf1,mado,tpch,Q22,Very Complex,mysql,indexed,1,1,3,-1,django,orm,q22s0,2,0.389312,,ok,,900000,1.03,164654,138581155961872,2026-09-05T13:55:16.540-05:00
dac858574f4b,campaign-sf1,mado,tpch,Q22,Very Complex,mysql,indexed,1,1,3,-1,sqlalchemy,sql,q22s0,2,0.363466,,ok,,900000,1.03,164654,138581155961872,2026-09-05T13:55:16.904-05:00
dac858574f4b,campaign-sf1,mado,tpch,Q22,Very Complex,mysql,indexed,1,1,3,-1,sqlalchemy,orm,q22s0,2,0.366535,,ok,,900000,1.03,164654,138581155961872,2026-09-05T13:55:17.270-05:00
dac858574f4b,campaign-sf1,mado,tpch,Q22,Very Complex,mysql,indexed,1,1,3,0,sqlalchemy,sql,q22s0,0,0.362505,7,ok,,900000,1.02,164654,138581155961872,2026-09-05T13:55:17.633-05:00
dac858574f4b,campaign-sf1,mado,tpch,Q22,Very Complex,mysql,indexed,1,1,3,1,django,sql,q22s0,0,0.364828,7,ok,,900000,1.02,164654,138581155961872,2026-09-05T13:55:17.998-05:00
dac858574f4b,campaign-sf1,mado,tpch,Q22,Very Complex,mysql,indexed,1,1,3,2,sqlalchemy,orm,q22s0,0,0.365894,7,ok,,900000,1.02,164654,138581155961872,2026-09-05T13:55:18.364-05:00
dac858574f4b,campaign-sf1,mado,tpch,Q22,Very Complex,mysql,indexed,1,1,3,3,django,orm,q22s0,0,0.389116,7,ok,,900000,1.02,164654,138581155961872,2026-09-05T13:55:18.753-05:00
dac858574f4b,campaign-sf1,mado,tpch,Q22,Very Complex,mysql,indexed,1,2,0,-1,django,sql,q22s1,2,0.364902,,ok,,900000,1.02,164654,138581155961872,2026-09-05T13:55:19.123-05:00
dac858574f4b,campaign-sf1,mado,tpch,Q22,Very Complex,mysql,indexed,1,2,0,-1,django,orm,q22s1,2,0.386859,,ok,,900000,1.02,164654,138581155961872,2026-09-05T13:55:19.510-05:00
dac858574f4b,campaign-sf1,mado,tpch,Q22,Very Complex,mysql,indexed,1,2,0,-1,sqlalchemy,sql,q22s1,2,0.362835,,ok,,900000,1.02,164654,138581155961872,2026-09-05T13:55:19.873-05:00
dac858574f4b,campaign-sf1,mado,tpch,Q22,Very Complex,mysql,indexed,1,2,0,-1,sqlalchemy,orm,q22s1,2,0.3656,,ok,,900000,1.02,164654,138581155961872,2026-09-05T13:55:20.238-05:00
dac858574f4b,campaign-sf1,mado,tpch,Q22,Very Complex,mysql,indexed,1,2,0,0,django,sql,q22s1,0,0.36458,7,ok,,900000,1.02,164654,138581155961872,2026-09-05T13:55:20.603-05:00
dac858574f4b,campaign-sf1,mado,tpch,Q22,Very Complex,mysql,indexed,1,2,0,1,django,orm,q22s1,0,0.386914,7,ok,,900000,1.02,164654,138581155961872,2026-09-05T13:55:20.990-05:00
dac858574f4b,campaign-sf1,mado,tpch,Q22,Very Complex,mysql,indexed,1,2,0,2,sqlalchemy,sql,q22s1,0,0.362807,7,ok,,900000,1.02,164654,138581155961872,2026-09-05T13:55:21.353-05:00
dac858574f4b,campaign-sf1,mado,tpch,Q22,Very Complex,mysql,indexed,1,2,0,3,sqlalchemy,orm,q22s1,0,0.365354,7,ok,,900000,1.02,164654,138581155961872,2026-09-05T13:55:21.718-05:00
dac858574f4b,campaign-sf1,mado,tpch,Q22,Very Complex,mysql,indexed,1,3,1,-1,django,sql,q22s2,2,0.363299,,ok,,900000,1.02,164654,138581155961872,2026-09-05T13:55:22.085-05:00
dac858574f4b,campaign-sf1,mado,tpch,Q22,Very Complex,mysql,indexed,1,3,1,-1,django,orm,q22s2,2,0.386099,,ok,,900000,1.02,164654,138581155961872,2026-09-05T13:55:22.471-05:00
dac858574f4b,campaign-sf1,mado,tpch,Q22,Very Complex,mysql,indexed,1,3,1,-1,sqlalchemy,sql,q22s2,2,0.361538,,ok,,900000,1.02,164654,138581155961872,2026-09-05T13:55:22.833-05:00
dac858574f4b,campaign-sf1,mado,tpch,Q22,Very Complex,mysql,indexed,1,3,1,-1,sqlalchemy,orm,q22s2,2,0.363829,,ok,,900000,1.02,164654,138581155961872,2026-09-05T13:55:23.197-05:00
dac858574f4b,campaign-sf1,mado,tpch,Q22,Very Complex,mysql,indexed,1,3,1,0,django,orm,q22s2,0,0.385641,7,ok,,900000,1.02,164654,138581155961872,2026-09-05T13:55:23.583-05:00
dac858574f4b,campaign-sf1,mado,tpch,Q22,Very Complex,mysql,indexed,1,3,1,1,sqlalchemy,orm,q22s2,0,0.364212,7,ok,,900000,1.02,164654,138581155961872,2026-09-05T13:55:23.947-05:00
dac858574f4b,campaign-sf1,mado,tpch,Q22,Very Complex,mysql,indexed,1,3,1,2,django,sql,q22s2,0,0.363298,7,ok,,900000,1.02,164654,138581155961872,2026-09-05T13:55:24.310-05:00
dac858574f4b,campaign-sf1,mado,tpch,Q22,Very Complex,mysql,indexed,1,3,1,3,sqlalchemy,sql,q22s2,0,0.360845,7,ok,,900000,1.02,164654,138581155961872,2026-09-05T13:55:24.671-05:00
dac858574f4b,campaign-sf1,mado,tpch,Q22,Very Complex,mysql,indexed,1,4,2,-1,django,sql,q22s3,2,0.366026,,ok,,900000,1.02,164654,138581155961872,2026-09-05T13:55:25.042-05:00
dac858574f4b,campaign-sf1,mado,tpch,Q22,Very Complex,mysql,indexed,1,4,2,-1,django,orm,q22s3,2,0.388731,,ok,,900000,1.02,164654,138581155961872,2026-09-05T13:55:25.431-05:00
dac858574f4b,campaign-sf1,mado,tpch,Q22,Very Complex,mysql,indexed,1,4,2,-1,sqlalchemy,sql,q22s3,2,0.364547,,ok,,900000,1.02,164654,138581155961872,2026-09-05T13:55:25.795-05:00
dac858574f4b,campaign-sf1,mado,tpch,Q22,Very Complex,mysql,indexed,1,4,2,-1,sqlalchemy,orm,q22s3,2,0.366839,,ok,,900000,1.02,164654,138581155961872,2026-09-05T13:55:26.162-05:00
dac858574f4b,campaign-sf1,mado,tpch,Q22,Very Complex,mysql,indexed,1,4,2,0,sqlalchemy,orm,q22s3,0,0.367177,7,ok,,900000,1.02,164654,138581155961872,2026-09-05T13:55:26.529-05:00
dac858574f4b,campaign-sf1,mado,tpch,Q22,Very Complex,mysql,indexed,1,4,2,1,sqlalchemy,sql,q22s3,0,0.363765,7,ok,,900000,1.02,164654,138581155961872,2026-09-05T13:55:26.893-05:00
dac858574f4b,campaign-sf1,mado,tpch,Q22,Very Complex,mysql,indexed,1,4,2,2,django,orm,q22s3,0,0.388826,7,ok,,900000,1.02,164654,138581155961872,2026-09-05T13:55:27.282-05:00
dac858574f4b,campaign-sf1,mado,tpch,Q22,Very Complex,mysql,indexed,1,4,2,3,django,sql,q22s3,0,0.365929,7,ok,,900000,1.02,164654,138581155961872,2026-09-05T13:55:27.648-05:00
dac858574f4b,campaign-sf1,mado,tpch,Q22,Very Complex,mysql,indexed,1,5,0,-1,django,sql,q22s4,2,0.363082,,ok,,900000,1.02,164654,138581155961872,2026-09-05T13:55:28.016-05:00
dac858574f4b,campaign-sf1,mado,tpch,Q22,Very Complex,mysql,indexed,1,5,0,-1,django,orm,q22s4,2,0.38668,,ok,,900000,1.02,164654,138581155961872,2026-09-05T13:55:28.403-05:00
dac858574f4b,campaign-sf1,mado,tpch,Q22,Very Complex,mysql,indexed,1,5,0,-1,sqlalchemy,sql,q22s4,2,0.361562,,ok,,900000,1.02,164654,138581155961872,2026-09-05T13:55:28.765-05:00
dac858574f4b,campaign-sf1,mado,tpch,Q22,Very Complex,mysql,indexed,1,5,0,-1,sqlalchemy,orm,q22s4,2,0.364099,,ok,,900000,1.02,164654,138581155961872,2026-09-05T13:55:29.129-05:00
dac858574f4b,campaign-sf1,mado,tpch,Q22,Very Complex,mysql,indexed,1,5,0,0,django,sql,q22s4,0,0.363357,7,ok,,900000,1.02,164654,138581155961872,2026-09-05T13:55:29.492-05:00
dac858574f4b,campaign-sf1,mado,tpch,Q22,Very Complex,mysql,indexed,1,5,0,1,django,orm,q22s4,0,0.386938,7,ok,,900000,1.02,164654,138581155961872,2026-09-05T13:55:29.879-05:00
dac858574f4b,campaign-sf1,mado,tpch,Q22,Very Complex,mysql,indexed,1,5,0,2,sqlalchemy,sql,q22s4,0,0.361156,7,ok,,900000,1.02,164654,138581155961872,2026-09-05T13:55:30.241-05:00
dac858574f4b,campaign-sf1,mado,tpch,Q22,Very Complex,mysql,indexed,1,5,0,3,sqlalchemy,orm,q22s4,0,0.364296,7,ok,,900000,1.02,164654,138581155961872,2026-09-05T13:55:30.605-05:00
dac858574f4b,campaign-sf1,mado,tpch,Q22,Very Complex,mysql,indexed,1,6,3,-1,django,sql,q22s5,2,0.366868,,ok,,900000,1.02,164654,138581155961872,2026-09-05T13:55:30.977-05:00
dac858574f4b,campaign-sf1,mado,tpch,Q22,Very Complex,mysql,indexed,1,6,3,-1,django,orm,q22s5,2,0.38924,,ok,,900000,1.02,164654,138581155961872,2026-09-05T13:55:31.366-05:00
dac858574f4b,campaign-sf1,mado,tpch,Q22,Very Complex,mysql,indexed,1,6,3,-1,sqlalchemy,sql,q22s5,2,0.365161,,ok,,900000,1.02,164654,138581155961872,2026-09-05T13:55:31.732-05:00
dac858574f4b,campaign-sf1,mado,tpch,Q22,Very Complex,mysql,indexed,1,6,3,-1,sqlalchemy,orm,q22s5,2,0.36702,,ok,,900000,1.02,164654,138581155961872,2026-09-05T13:55:32.099-05:00
dac858574f4b,campaign-sf1,mado,tpch,Q22,Very Complex,mysql,indexed,1,6,3,0,sqlalchemy,sql,q22s5,0,0.36459,7,ok,,900000,1.02,164654,138581155961872,2026-09-05T13:55:32.463-05:00
dac858574f4b,campaign-sf1,mado,tpch,Q22,Very Complex,mysql,indexed,1,6,3,1,django,sql,q22s5,0,0.367204,7,ok,,900000,1.18,164654,138581155961872,2026-09-05T13:55:32.831-05:00
dac858574f4b,campaign-sf1,mado,tpch,Q22,Very Complex,mysql,indexed,1,6,3,2,sqlalchemy,orm,q22s5,0,0.367111,7,ok,,900000,1.18,164654,138581155961872,2026-09-05T13:55:33.198-05:00
dac858574f4b,campaign-sf1,mado,tpch,Q22,Very Complex,mysql,indexed,1,6,3,3,django,orm,q22s5,0,0.389183,7,ok,,900000,1.18,164654,138581155961872,2026-09-05T13:55:33.587-05:00
dac858574f4b,campaign-sf1,mado,tpch,Q22,Very Complex,mysql,indexed,1,7,1,-1,django,sql,q22s6,2,0.366109,,ok,,900000,1.18,164654,138581155961872,2026-09-05T13:55:33.958-05:00
dac858574f4b,campaign-sf1,mado,tpch,Q22,Very Complex,mysql,indexed,1,7,1,-1,django,orm,q22s6,2,0.38829,,ok,,900000,1.18,164654,138581155961872,2026-09-05T13:55:34.346-05:00
dac858574f4b,campaign-sf1,mado,tpch,Q22,Very Complex,mysql,indexed,1,7,1,-1,sqlalchemy,sql,q22s6,2,0.364571,,ok,,900000,1.18,164654,138581155961872,2026-09-05T13:55:34.711-05:00
dac858574f4b,campaign-sf1,mado,tpch,Q22,Very Complex,mysql,indexed,1,7,1,-1,sqlalchemy,orm,q22s6,2,0.367389,,ok,,900000,1.18,164654,138581155961872,2026-09-05T13:55:35.078-05:00
dac858574f4b,campaign-sf1,mado,tpch,Q22,Very Complex,mysql,indexed,1,7,1,0,django,orm,q22s6,0,0.387867,7,ok,,900000,1.18,164654,138581155961872,2026-09-05T13:55:35.466-05:00
dac858574f4b,campaign-sf1,mado,tpch,Q22,Very Complex,mysql,indexed,1,7,1,1,sqlalchemy,orm,q22s6,0,0.367353,7,ok,,900000,1.18,164654,138581155961872,2026-09-05T13:55:35.834-05:00
dac858574f4b,campaign-sf1,mado,tpch,Q22,Very Complex,mysql,indexed,1,7,1,2,django,sql,q22s6,0,0.365598,7,ok,,900000,1.18,164654,138581155961872,2026-09-05T13:55:36.200-05:00
dac858574f4b,campaign-sf1,mado,tpch,Q22,Very Complex,mysql,indexed,1,7,1,3,sqlalchemy,sql,q22s6,0,0.364227,7,ok,,900000,1.18,164654,138581155961872,2026-09-05T13:55:36.564-05:00
dac858574f4b,campaign-sf1,mado,tpch,Q22,Very Complex,mysql,indexed,1,8,2,-1,django,sql,q22s7,2,0.364413,,ok,,900000,1.18,164654,138581155961872,2026-09-05T13:55:36.933-05:00
dac858574f4b,campaign-sf1,mado,tpch,Q22,Very Complex,mysql,indexed,1,8,2,-1,django,orm,q22s7,2,0.386502,,ok,,900000,1.18,164654,138581155961872,2026-09-05T13:55:37.320-05:00
dac858574f4b,campaign-sf1,mado,tpch,Q22,Very Complex,mysql,indexed,1,8,2,-1,sqlalchemy,sql,q22s7,2,0.362746,,ok,,900000,1.16,164654,138581155961872,2026-09-05T13:55:37.682-05:00
dac858574f4b,campaign-sf1,mado,tpch,Q22,Very Complex,mysql,indexed,1,8,2,-1,sqlalchemy,orm,q22s7,2,0.365332,,ok,,900000,1.16,164654,138581155961872,2026-09-05T13:55:38.048-05:00
dac858574f4b,campaign-sf1,mado,tpch,Q22,Very Complex,mysql,indexed,1,8,2,0,sqlalchemy,orm,q22s7,0,0.365575,7,ok,,900000,1.16,164654,138581155961872,2026-09-05T13:55:38.414-05:00
dac858574f4b,campaign-sf1,mado,tpch,Q22,Very Complex,mysql,indexed,1,8,2,1,sqlalchemy,sql,q22s7,0,0.362513,7,ok,,900000,1.16,164654,138581155961872,2026-09-05T13:55:38.776-05:00
dac858574f4b,campaign-sf1,mado,tpch,Q22,Very Complex,mysql,indexed,1,8,2,2,django,orm,q22s7,0,0.387706,7,ok,,900000,1.16,164654,138581155961872,2026-09-05T13:55:39.164-05:00
dac858574f4b,campaign-sf1,mado,tpch,Q22,Very Complex,mysql,indexed,1,8,2,3,django,sql,q22s7,0,0.364471,7,ok,,900000,1.16,164654,138581155961872,2026-09-05T13:55:39.529-05:00
