run_id,campaign_id,host,benchmark,query_id,band,dbms,schema_config,scale_factor,block,sequence_id,position,framework,path,param_set_id,is_warmup,elapsed_s,rows_returned,status,note,ceiling_s,load1,pid,session_id,timestamp
df87e6a5fdef,campaign-sf1,mado,tpch,Q01,Medium,mysql,non-indexed,1,0,2,0,sqlalchemy,orm,q01warm,1,27.495465,4,ok,,900000,1.35,170282,134973161210704,2026-09-05T16:31:07.287-05:00
df87e6a5fdef,campaign-sf1,mado,tpch,Q01,Medium,mysql,non-indexed,1,0,2,1,sqlalchemy,sql,q01warm,1,27.346856,4,ok,,900000,1.21,170282,134973161210704,2026-09-05T16:31:34.634-05:00
df87e6a5fdef,campaign-sf1,mado,tpch,Q01,Medium,mysql,non-indexed,1,0,2,2,django,orm,q01warm,1,27.243646,4,ok,,900000,1.14,170282,134973161210704,2026-09-05T16:32:01.878-05:00
df87e6a5fdef,campaign-sf1,mado,tpch,Q01,Medium,mysql,non-indexed,1,0,2,3,django,sql,q01warm,1,27.501903,4,ok,,900000,1.09,170282,134973161210704,2026-09-05T16:32:29.380-05:00
df87e6a5fdef,campaign-sf1,mado,tpch,Q01,Medium,mysql,non-indexed,1,1,2,-1,django,sql,q01s0,2,27.372249,,ok,,900000,1.05,170282,134973161210704,2026-09-05T16:32:56.756-05:00
df87e6a5fdef,campaign-sf1,mado,tpch,Q01,Medium,mysql,non-indexed,1,1,2,-1,django,orm,q01s0,2,27.248995,,ok,,900000,1.03,170282,134973161210704,2026-09-05T16:33:24.005-05:00
df87e6a5fdef,campaign-sf1,mado,tpch,Q01,Medium,mysql,non-indexed,1,1,2,-1,sqlalchemy,sql,q01s0,2,27.23051,,ok,,900000,1.2,170282,134973161210704,2026-09-05T16:33:51.235-05:00
df87e6a5fdef,campaign-sf1,mado,tpch,Q01,Medium,mysql,non-indexed,1,1,2,-1,sqlalchemy,orm,q01s0,2,27.207244,,ok,,900000,1.13,170282,134973161210704,2026-09-05T16:34:18.443-05:00
df87e6a5fdef,campaign-sf1,mado,tpch,Q01,Medium,mysql,non-indexed,1,1,2,0,sqlalchemy,orm,q01s0,0,27.267835,4,ok,,900000,1.08,170282,134973161210704,2026-09-05T16:34:45.711-05:00
df87e6a5fdef,campaign-sf1,mado,tpch,Q01,Medium,mysql,non-indexed,1,1,2,1,sqlalchemy,sql,q01s0,0,27.234938,4,ok,,900000,1.5,170282,134973161210704,2026-09-05T16:35:12.946-05:00
df87e6a5fdef,campaign-sf1,mado,tpch,Q01,Medium,mysql,non-indexed,1,1,2,2,django,orm,q01s0,0,27.203434,4,ok,,900000,1.3,170282,134973161210704,2026-09-05T16:35:40.149-05:00
df87e6a5fdef,campaign-sf1,mado,tpch,Q01,Medium,mysql,non-indexed,1,1,2,3,django,sql,q01s0,0,27.430449,4,ok,,900000,1.2,170282,134973161210704,2026-09-05T16:36:07.580-05:00
df87e6a5fdef,campaign-sf1,mado,tpch,Q01,Medium,mysql,non-indexed,1,2,3,-1,django,sql,q01s1,2,27.470954,,ok,,900000,1.12,170282,134973161210704,2026-09-05T16:36:35.054-05:00
df87e6a5fdef,campaign-sf1,mado,tpch,Q01,Medium,mysql,non-indexed,1,2,3,-1,django,orm,q01s1,2,27.350516,,ok,,900000,1.21,170282,134973161210704,2026-09-05T16:37:02.405-05:00
df87e6a5fdef,campaign-sf1,mado,tpch,Q01,Medium,mysql,non-indexed,1,2,3,-1,sqlalchemy,sql,q01s1,2,27.280468,,ok,,900000,1.2,170282,134973161210704,2026-09-05T16:37:29.685-05:00
df87e6a5fdef,campaign-sf1,mado,tpch,Q01,Medium,mysql,non-indexed,1,2,3,-1,sqlalchemy,orm,q01s1,2,27.482835,,ok,,900000,1.37,170282,134973161210704,2026-09-05T16:37:57.168-05:00
df87e6a5fdef,campaign-sf1,mado,tpch,Q01,Medium,mysql,non-indexed,1,2,3,0,sqlalchemy,sql,q01s1,0,27.316511,4,ok,,900000,1.44,170282,134973161210704,2026-09-05T16:38:24.485-05:00
df87e6a5fdef,campaign-sf1,mado,tpch,Q01,Medium,mysql,non-indexed,1,2,3,1,django,sql,q01s1,0,27.549549,4,ok,,900000,1.43,170282,134973161210704,2026-09-05T16:38:52.035-05:00
df87e6a5fdef,campaign-sf1,mado,tpch,Q01,Medium,mysql,non-indexed,1,2,3,2,sqlalchemy,orm,q01s1,0,26.958229,4,ok,,900000,1.69,170282,134973161210704,2026-09-05T16:39:18.993-05:00
df87e6a5fdef,campaign-sf1,mado,tpch,Q01,Medium,mysql,non-indexed,1,2,3,3,django,orm,q01s1,0,27.328437,4,ok,,900000,1.41,170282,134973161210704,2026-09-05T16:39:46.321-05:00
df87e6a5fdef,campaign-sf1,mado,tpch,Q01,Medium,mysql,non-indexed,1,3,0,-1,django,sql,q01s2,2,27.456235,,ok,,900000,1.47,170282,134973161210704,2026-09-05T16:40:13.781-05:00
df87e6a5fdef,campaign-sf1,mado,tpch,Q01,Medium,mysql,non-indexed,1,3,0,-1,django,orm,q01s2,2,27.211209,,ok,,900000,1.28,170282,134973161210704,2026-09-05T16:40:40.993-05:00
df87e6a5fdef,campaign-sf1,mado,tpch,Q01,Medium,mysql,non-indexed,1,3,0,-1,sqlalchemy,sql,q01s2,2,28.048102,,ok,,900000,1.26,170282,134973161210704,2026-09-05T16:41:09.041-05:00
df87e6a5fdef,campaign-sf1,mado,tpch,Q01,Medium,mysql,non-indexed,1,3,0,-1,sqlalchemy,orm,q01s2,2,27.262694,,ok,,900000,1.16,170282,134973161210704,2026-09-05T16:41:36.304-05:00
df87e6a5fdef,campaign-sf1,mado,tpch,Q01,Medium,mysql,non-indexed,1,3,0,0,django,sql,q01s2,0,27.411097,4,ok,,900000,1.1,170282,134973161210704,2026-09-05T16:42:03.715-05:00
df87e6a5fdef,campaign-sf1,mado,tpch,Q01,Medium,mysql,non-indexed,1,3,0,1,django,orm,q01s2,0,27.188206,4,ok,,900000,1.06,170282,134973161210704,2026-09-05T16:42:30.903-05:00
df87e6a5fdef,campaign-sf1,mado,tpch,Q01,Medium,mysql,non-indexed,1,3,0,2,sqlalchemy,sql,q01s2,0,27.217582,4,ok,,900000,1.04,170282,134973161210704,2026-09-05T16:42:58.121-05:00
df87e6a5fdef,campaign-sf1,mado,tpch,Q01,Medium,mysql,non-indexed,1,3,0,3,sqlalchemy,orm,q01s2,0,27.263996,4,ok,,900000,1.02,170282,134973161210704,2026-09-05T16:43:25.385-05:00
df87e6a5fdef,campaign-sf1,mado,tpch,Q01,Medium,mysql,non-indexed,1,4,1,-1,django,sql,q01s3,2,27.166448,,ok,,900000,1.01,170282,134973161210704,2026-09-05T16:43:52.555-05:00
df87e6a5fdef,campaign-sf1,mado,tpch,Q01,Medium,mysql,non-indexed,1,4,1,-1,django,orm,q01s3,2,26.981377,,ok,,900000,1.01,170282,134973161210704,2026-09-05T16:44:19.537-05:00
df87e6a5fdef,campaign-sf1,mado,tpch,Q01,Medium,mysql,non-indexed,1,4,1,-1,sqlalchemy,sql,q01s3,2,27.010313,,ok,,900000,1.0,170282,134973161210704,2026-09-05T16:44:46.547-05:00
df87e6a5fdef,campaign-sf1,mado,tpch,Q01,Medium,mysql,non-indexed,1,4,1,-1,sqlalchemy,orm,q01s3,2,27.066625,,ok,,900000,1.0,170282,134973161210704,2026-09-05T16:45:13.614-05:00
df87e6a5fdef,campaign-sf1,mado,tpch,Q01,Medium,mysql,non-indexed,1,4,1,0,django,orm,q01s3,0,27.05308,4,ok,,900000,1.0,170282,134973161210704,2026-09-05T16:45:40.667-05:00
df87e6a5fdef,campaign-sf1,mado,tpch,Q01,Medium,mysql,non-indexed,1,4,1,1,sqlalchemy,orm,q01s3,0,27.101714,4,ok,,900000,1.0,170282,134973161210704,2026-09-05T16:46:07.769-05:00
df87e6a5fdef,campaign-sf1,mado,tpch,Q01,Medium,mysql,non-indexed,1,4,1,2,django,sql,q01s3,0,27.146089,4,ok,,900000,1.0,170282,134973161210704,2026-09-05T16:46:34.915-05:00
df87e6a5fdef,campaign-sf1,mado,tpch,Q01,Medium,mysql,non-indexed,1,4,1,3,sqlalchemy,sql,q01s3,0,27.05205,4,ok,,900000,1.14,170282,134973161210704,2026-09-05T16:47:01.967-05:00
df87e6a5fdef,campaign-sf1,mado,tpch,Q01,Medium,mysql,non-indexed,1,5,2,-1,django,sql,q01s4,2,28.665386,,ok,,900000,1.32,170282,134973161210704,2026-09-05T16:47:30.636-05:00
df87e6a5fdef,campaign-sf1,mado,tpch,Q01,Medium,mysql,non-indexed,1,5,2,-1,django,orm,q01s4,2,27.222539,,ok,,900000,1.21,170282,134973161210704,2026-09-05T16:47:57.859-05:00
df87e6a5fdef,campaign-sf1,mado,tpch,Q01,Medium,mysql,non-indexed,1,5,2,-1,sqlalchemy,sql,q01s4,2,27.176936,,ok,,900000,1.13,170282,134973161210704,2026-09-05T16:48:25.036-05:00
df87e6a5fdef,campaign-sf1,mado,tpch,Q01,Medium,mysql,non-indexed,1,5,2,-1,sqlalchemy,orm,q01s4,2,27.258363,,ok,,900000,1.08,170282,134973161210704,2026-09-05T16:48:52.294-05:00
df87e6a5fdef,campaign-sf1,mado,tpch,Q01,Medium,mysql,non-indexed,1,5,2,0,sqlalchemy,orm,q01s4,0,27.016862,4,ok,,900000,1.11,170282,134973161210704,2026-09-05T16:49:19.311-05:00
df87e6a5fdef,campaign-sf1,mado,tpch,Q01,Medium,mysql,non-indexed,1,5,2,1,sqlalchemy,sql,q01s4,0,27.134771,4,ok,,900000,1.07,170282,134973161210704,2026-09-05T16:49:46.446-05:00
df87e6a5fdef,campaign-sf1,mado,tpch,Q01,Medium,mysql,non-indexed,1,5,2,2,django,orm,q01s4,0,27.218951,4,ok,,900000,1.17,170282,134973161210704,2026-09-05T16:50:13.665-05:00
df87e6a5fdef,campaign-sf1,mado,tpch,Q01,Medium,mysql,non-indexed,1,5,2,3,django,sql,q01s4,0,27.369277,4,ok,,900000,1.1,170282,134973161210704,2026-09-05T16:50:41.034-05:00
df87e6a5fdef,campaign-sf1,mado,tpch,Q01,Medium,mysql,non-indexed,1,6,0,-1,django,sql,q01s5,2,27.441899,,ok,,900000,1.07,170282,134973161210704,2026-09-05T16:51:08.480-05:00
df87e6a5fdef,campaign-sf1,mado,tpch,Q01,Medium,mysql,non-indexed,1,6,0,-1,django,orm,q01s5,2,27.292098,,ok,,900000,1.04,170282,134973161210704,2026-09-05T16:51:35.772-05:00
df87e6a5fdef,campaign-sf1,mado,tpch,Q01,Medium,mysql,non-indexed,1,6,0,-1,sqlalchemy,sql,q01s5,2,28.452832,,ok,,900000,1.02,170282,134973161210704,2026-09-05T16:52:04.225-05:00
df87e6a5fdef,campaign-sf1,mado,tpch,Q01,Medium,mysql,non-indexed,1,6,0,-1,sqlalchemy,orm,q01s5,2,27.388133,,ok,,900000,1.01,170282,134973161210704,2026-09-05T16:52:31.613-05:00
df87e6a5fdef,campaign-sf1,mado,tpch,Q01,Medium,mysql,non-indexed,1,6,0,0,django,sql,q01s5,0,27.555206,4,ok,,900000,1.01,170282,134973161210704,2026-09-05T16:52:59.168-05:00
df87e6a5fdef,campaign-sf1,mado,tpch,Q01,Medium,mysql,non-indexed,1,6,0,1,django,orm,q01s5,0,28.804789,4,ok,,900000,1.0,170282,134973161210704,2026-09-05T16:53:27.973-05:00
df87e6a5fdef,campaign-sf1,mado,tpch,Q01,Medium,mysql,non-indexed,1,6,0,2,sqlalchemy,sql,q01s5,0,27.331613,4,ok,,900000,1.0,170282,134973161210704,2026-09-05T16:53:55.305-05:00
df87e6a5fdef,campaign-sf1,mado,tpch,Q01,Medium,mysql,non-indexed,1,6,0,3,sqlalchemy,orm,q01s5,0,27.383378,4,ok,,900000,1.0,170282,134973161210704,2026-09-05T16:54:22.688-05:00
df87e6a5fdef,campaign-sf1,mado,tpch,Q01,Medium,mysql,non-indexed,1,7,1,-1,django,sql,q01s6,2,27.271563,,ok,,900000,1.06,170282,134973161210704,2026-09-05T16:54:49.963-05:00
df87e6a5fdef,campaign-sf1,mado,tpch,Q01,Medium,mysql,non-indexed,1,7,1,-1,django,orm,q01s6,2,27.09088,,ok,,900000,1.04,170282,134973161210704,2026-09-05T16:55:17.054-05:00
df87e6a5fdef,campaign-sf1,mado,tpch,Q01,Medium,mysql,non-indexed,1,7,1,-1,sqlalchemy,sql,q01s6,2,27.114453,,ok,,900000,1.02,170282,134973161210704,2026-09-05T16:55:44.169-05:00
df87e6a5fdef,campaign-sf1,mado,tpch,Q01,Medium,mysql,non-indexed,1,7,1,-1,sqlalchemy,orm,q01s6,2,27.167221,,ok,,900000,1.01,170282,134973161210704,2026-09-05T16:56:11.336-05:00
df87e6a5fdef,campaign-sf1,mado,tpch,Q01,Medium,mysql,non-indexed,1,7,1,0,django,orm,q01s6,0,27.124253,4,ok,,900000,1.01,170282,134973161210704,2026-09-05T16:56:38.460-05:00
df87e6a5fdef,campaign-sf1,mado,tpch,Q01,Medium,mysql,non-indexed,1,7,1,1,sqlalchemy,orm,q01s6,0,27.200028,4,ok,,900000,1.07,170282,134973161210704,2026-09-05T16:57:05.661-05:00
df87e6a5fdef,campaign-sf1,mado,tpch,Q01,Medium,mysql,non-indexed,1,7,1,2,django,sql,q01s6,0,27.323991,4,ok,,900000,1.04,170282,134973161210704,2026-09-05T16:57:32.985-05:00
df87e6a5fdef,campaign-sf1,mado,tpch,Q01,Medium,mysql,non-indexed,1,7,1,3,sqlalchemy,sql,q01s6,0,27.195517,4,ok,,900000,1.08,170282,134973161210704,2026-09-05T16:58:00.180-05:00
df87e6a5fdef,campaign-sf1,mado,tpch,Q01,Medium,mysql,non-indexed,1,8,3,-1,django,sql,q01s7,2,27.237558,,ok,,900000,1.05,170282,134973161210704,2026-09-05T16:58:27.421-05:00
df87e6a5fdef,campaign-sf1,mado,tpch,Q01,Medium,mysql,non-indexed,1,8,3,-1,django,orm,q01s7,2,27.158578,,ok,,900000,1.03,170282,134973161210704,2026-09-05T16:58:54.580-05:00
df87e6a5fdef,campaign-sf1,mado,tpch,Q01,Medium,mysql,non-indexed,1,8,3,-1,sqlalchemy,sql,q01s7,2,26.984149,,ok,,900000,1.07,170282,134973161210704,2026-09-05T16:59:21.564-05:00
df87e6a5fdef,campaign-sf1,mado,tpch,Q01,Medium,mysql,non-indexed,1,8,3,-1,sqlalchemy,orm,q01s7,2,27.078629,,ok,,900000,1.05,170282,134973161210704,2026-09-05T16:59:48.643-05:00
df87e6a5fdef,campaign-sf1,mado,tpch,Q01,Medium,mysql,non-indexed,1,8,3,0,sqlalchemy,sql,q01s7,0,27.040707,4,ok,,900000,1.03,170282,134973161210704,2026-09-05T17:00:15.684-05:00
df87e6a5fdef,campaign-sf1,mado,tpch,Q01,Medium,mysql,non-indexed,1,8,3,1,django,sql,q01s7,0,27.219252,4,ok,,900000,1.02,170282,134973161210704,2026-09-05T17:00:42.903-05:00
df87e6a5fdef,campaign-sf1,mado,tpch,Q01,Medium,mysql,non-indexed,1,8,3,2,sqlalchemy,orm,q01s7,0,27.068671,4,ok,,900000,1.01,170282,134973161210704,2026-09-05T17:01:09.972-05:00
df87e6a5fdef,campaign-sf1,mado,tpch,Q01,Medium,mysql,non-indexed,1,8,3,3,django,orm,q01s7,0,27.014276,4,ok,,900000,1.0,170282,134973161210704,2026-09-05T17:01:36.986-05:00
1b5912e8e375,campaign-sf1,mado,tpch,Q02,Complex,mysql,non-indexed,1,0,3,0,sqlalchemy,sql,q02warm,1,1.240549,100,ok,,900000,1.0,170704,140693089426976,2026-09-05T17:01:39.288-05:00
1b5912e8e375,campaign-sf1,mado,tpch,Q02,Complex,mysql,non-indexed,1,0,3,1,django,sql,q02warm,1,0.244582,100,ok,,900000,1.0,170704,140693089426976,2026-09-05T17:01:39.533-05:00
1b5912e8e375,campaign-sf1,mado,tpch,Q02,Complex,mysql,non-indexed,1,0,3,2,sqlalchemy,orm,q02warm,1,0.295818,100,ok,,900000,1.0,170704,140693089426976,2026-09-05T17:01:39.829-05:00
1b5912e8e375,campaign-sf1,mado,tpch,Q02,Complex,mysql,non-indexed,1,0,3,3,django,orm,q02warm,1,0.252043,100,ok,,900000,1.0,170704,140693089426976,2026-09-05T17:01:40.081-05:00
1b5912e8e375,campaign-sf1,mado,tpch,Q02,Complex,mysql,non-indexed,1,1,0,-1,django,sql,q02s0,2,0.568214,,ok,,900000,1.0,170704,140693089426976,2026-09-05T17:01:40.653-05:00
1b5912e8e375,campaign-sf1,mado,tpch,Q02,Complex,mysql,non-indexed,1,1,0,-1,django,orm,q02s0,2,0.241571,,ok,,900000,1.0,170704,140693089426976,2026-09-05T17:01:40.894-05:00
1b5912e8e375,campaign-sf1,mado,tpch,Q02,Complex,mysql,non-indexed,1,1,0,-1,sqlalchemy,sql,q02s0,2,0.235835,,ok,,900000,1.0,170704,140693089426976,2026-09-05T17:01:41.130-05:00
1b5912e8e375,campaign-sf1,mado,tpch,Q02,Complex,mysql,non-indexed,1,1,0,-1,sqlalchemy,orm,q02s0,2,0.241696,,ok,,900000,1.0,170704,140693089426976,2026-09-05T17:01:41.372-05:00
1b5912e8e375,campaign-sf1,mado,tpch,Q02,Complex,mysql,non-indexed,1,1,0,0,django,sql,q02s0,0,0.236382,100,ok,,900000,1.0,170704,140693089426976,2026-09-05T17:01:41.608-05:00
1b5912e8e375,campaign-sf1,mado,tpch,Q02,Complex,mysql,non-indexed,1,1,0,1,django,orm,q02s0,0,0.240261,100,ok,,900000,1.0,170704,140693089426976,2026-09-05T17:01:41.849-05:00
1b5912e8e375,campaign-sf1,mado,tpch,Q02,Complex,mysql,non-indexed,1,1,0,2,sqlalchemy,sql,q02s0,0,0.234924,100,ok,,900000,1.0,170704,140693089426976,2026-09-05T17:01:42.084-05:00
1b5912e8e375,campaign-sf1,mado,tpch,Q02,Complex,mysql,non-indexed,1,1,0,3,sqlalchemy,orm,q02s0,0,0.24096,100,ok,,900000,1.0,170704,140693089426976,2026-09-05T17:01:42.325-05:00
1b5912e8e375,campaign-sf1,mado,tpch,Q02,Complex,mysql,non-indexed,1,2,2,-1,django,sql,q02s1,2,0.58605,,ok,,900000,1.0,170704,140693089426976,2026-09-05T17:01:42.915-05:00
1b5912e8e375,campaign-sf1,mado,tpch,Q02,Complex,mysql,non-indexed,1,2,2,-1,django,orm,q02s1,2,0.249319,,ok,,900000,1.0,170704,140693089426976,2026-09-05T17:01:43.165-05:00
1b5912e8e375,campaign-sf1,mado,tpch,Q02,Complex,mysql,non-indexed,1,2,2,-1,sqlalchemy,sql,q02s1,2,0.245971,,ok,,900000,1.0,170704,140693089426976,2026-09-05T17:01:43.411-05:00
1b5912e8e375,campaign-sf1,mado,tpch,Q02,Complex,mysql,non-indexed,1,2,2,-1,sqlalchemy,orm,q02s1,2,0.251232,,ok,,900000,1.0,170704,140693089426976,2026-09-05T17:01:43.662-05:00
1b5912e8e375,campaign-sf1,mado,tpch,Q02,Complex,mysql,non-indexed,1,2,2,0,sqlalchemy,orm,q02s1,0,0.251183,100,ok,,900000,1.0,170704,140693089426976,2026-09-05T17:01:43.913-05:00
1b5912e8e375,campaign-sf1,mado,tpch,Q02,Complex,mysql,non-indexed,1,2,2,1,sqlalchemy,sql,q02s1,0,0.245177,100,ok,,900000,1.0,170704,140693089426976,2026-09-05T17:01:44.159-05:00
1b5912e8e375,campaign-sf1,mado,tpch,Q02,Complex,mysql,non-indexed,1,2,2,2,django,orm,q02s1,0,0.248927,100,ok,,900000,1.0,170704,140693089426976,2026-09-05T17:01:44.408-05:00
1b5912e8e375,campaign-sf1,mado,tpch,Q02,Complex,mysql,non-indexed,1,2,2,3,django,sql,q02s1,0,0.244834,100,ok,,900000,1.0,170704,140693089426976,2026-09-05T17:01:44.653-05:00
1b5912e8e375,campaign-sf1,mado,tpch,Q02,Complex,mysql,non-indexed,1,3,1,-1,django,sql,q02s2,2,0.535316,,ok,,900000,1.0,170704,140693089426976,2026-09-05T17:01:45.193-05:00
1b5912e8e375,campaign-sf1,mado,tpch,Q02,Complex,mysql,non-indexed,1,3,1,-1,django,orm,q02s2,2,0.243701,,ok,,900000,1.0,170704,140693089426976,2026-09-05T17:01:45.436-05:00
1b5912e8e375,campaign-sf1,mado,tpch,Q02,Complex,mysql,non-indexed,1,3,1,-1,sqlalchemy,sql,q02s2,2,0.240087,,ok,,900000,1.0,170704,140693089426976,2026-09-05T17:01:45.677-05:00
1b5912e8e375,campaign-sf1,mado,tpch,Q02,Complex,mysql,non-indexed,1,3,1,-1,sqlalchemy,orm,q02s2,2,0.245718,,ok,,900000,1.0,170704,140693089426976,2026-09-05T17:01:45.922-05:00
1b5912e8e375,campaign-sf1,mado,tpch,Q02,Complex,mysql,non-indexed,1,3,1,0,django,orm,q02s2,0,0.243454,100,ok,,900000,1.0,170704,140693089426976,2026-09-05T17:01:46.166-05:00
1b5912e8e375,campaign-sf1,mado,tpch,Q02,Complex,mysql,non-indexed,1,3,1,1,sqlalchemy,orm,q02s2,0,0.245112,100,ok,,900000,1.0,170704,140693089426976,2026-09-05T17:01:46.411-05:00
1b5912e8e375,campaign-sf1,mado,tpch,Q02,Complex,mysql,non-indexed,1,3,1,2,django,sql,q02s2,0,0.238975,100,ok,,900000,1.0,170704,140693089426976,2026-09-05T17:01:46.650-05:00
1b5912e8e375,campaign-sf1,mado,tpch,Q02,Complex,mysql,non-indexed,1,3,1,3,sqlalchemy,sql,q02s2,0,0.238861,100,ok,,900000,1.0,170704,140693089426976,2026-09-05T17:01:46.889-05:00
1b5912e8e375,campaign-sf1,mado,tpch,Q02,Complex,mysql,non-indexed,1,4,3,-1,django,sql,q02s3,2,0.54901,,ok,,900000,1.0,170704,140693089426976,2026-09-05T17:01:47.443-05:00
1b5912e8e375,campaign-sf1,mado,tpch,Q02,Complex,mysql,non-indexed,1,4,3,-1,django,orm,q02s3,2,0.254032,,ok,,900000,1.0,170704,140693089426976,2026-09-05T17:01:47.697-05:00
1b5912e8e375,campaign-sf1,mado,tpch,Q02,Complex,mysql,non-indexed,1,4,3,-1,sqlalchemy,sql,q02s3,2,0.24849,,ok,,900000,1.0,170704,140693089426976,2026-09-05T17:01:47.946-05:00
1b5912e8e375,campaign-sf1,mado,tpch,Q02,Complex,mysql,non-indexed,1,4,3,-1,sqlalchemy,orm,q02s3,2,0.257517,,ok,,900000,1.0,170704,140693089426976,2026-09-05T17:01:48.203-05:00
1b5912e8e375,campaign-sf1,mado,tpch,Q02,Complex,mysql,non-indexed,1,4,3,0,sqlalchemy,sql,q02s3,0,0.248377,100,ok,,900000,1.0,170704,140693089426976,2026-09-05T17:01:48.452-05:00
1b5912e8e375,campaign-sf1,mado,tpch,Q02,Complex,mysql,non-indexed,1,4,3,1,django,sql,q02s3,0,0.24857,100,ok,,900000,1.0,170704,140693089426976,2026-09-05T17:01:48.700-05:00
1b5912e8e375,campaign-sf1,mado,tpch,Q02,Complex,mysql,non-indexed,1,4,3,2,sqlalchemy,orm,q02s3,0,0.25309,100,ok,,900000,1.0,170704,140693089426976,2026-09-05T17:01:48.953-05:00
1b5912e8e375,campaign-sf1,mado,tpch,Q02,Complex,mysql,non-indexed,1,4,3,3,django,orm,q02s3,0,0.253295,100,ok,,900000,1.0,170704,140693089426976,2026-09-05T17:01:49.207-05:00
1b5912e8e375,campaign-sf1,mado,tpch,Q02,Complex,mysql,non-indexed,1,5,3,-1,django,sql,q02s4,2,0.493156,,ok,,900000,1.0,170704,140693089426976,2026-09-05T17:01:49.704-05:00
1b5912e8e375,campaign-sf1,mado,tpch,Q02,Complex,mysql,non-indexed,1,5,3,-1,django,orm,q02s4,2,0.245119,,ok,,900000,1.0,170704,140693089426976,2026-09-05T17:01:49.950-05:00
1b5912e8e375,campaign-sf1,mado,tpch,Q02,Complex,mysql,non-indexed,1,5,3,-1,sqlalchemy,sql,q02s4,2,0.240228,,ok,,900000,1.0,170704,140693089426976,2026-09-05T17:01:50.190-05:00
1b5912e8e375,campaign-sf1,mado,tpch,Q02,Complex,mysql,non-indexed,1,5,3,-1,sqlalchemy,orm,q02s4,2,0.245901,,ok,,900000,1.0,170704,140693089426976,2026-09-05T17:01:50.436-05:00
1b5912e8e375,campaign-sf1,mado,tpch,Q02,Complex,mysql,non-indexed,1,5,3,0,sqlalchemy,sql,q02s4,0,0.239725,100,ok,,900000,1.0,170704,140693089426976,2026-09-05T17:01:50.676-05:00
1b5912e8e375,campaign-sf1,mado,tpch,Q02,Complex,mysql,non-indexed,1,5,3,1,django,sql,q02s4,0,0.240573,100,ok,,900000,1.0,170704,140693089426976,2026-09-05T17:01:50.916-05:00
1b5912e8e375,campaign-sf1,mado,tpch,Q02,Complex,mysql,non-indexed,1,5,3,2,sqlalchemy,orm,q02s4,0,0.244827,100,ok,,900000,1.0,170704,140693089426976,2026-09-05T17:01:51.161-05:00
1b5912e8e375,campaign-sf1,mado,tpch,Q02,Complex,mysql,non-indexed,1,5,3,3,django,orm,q02s4,0,0.244497,100,ok,,900000,1.0,170704,140693089426976,2026-09-05T17:01:51.406-05:00
1b5912e8e375,campaign-sf1,mado,tpch,Q02,Complex,mysql,non-indexed,1,6,2,-1,django,sql,q02s5,2,0.483506,,ok,,900000,1.0,170704,140693089426976,2026-09-05T17:01:51.894-05:00
1b5912e8e375,campaign-sf1,mado,tpch,Q02,Complex,mysql,non-indexed,1,6,2,-1,django,orm,q02s5,2,0.248926,,ok,,900000,1.0,170704,140693089426976,2026-09-05T17:01:52.143-05:00
1b5912e8e375,campaign-sf1,mado,tpch,Q02,Complex,mysql,non-indexed,1,6,2,-1,sqlalchemy,sql,q02s5,2,0.243648,,ok,,900000,1.0,170704,140693089426976,2026-09-05T17:01:52.386-05:00
1b5912e8e375,campaign-sf1,mado,tpch,Q02,Complex,mysql,non-indexed,1,6,2,-1,sqlalchemy,orm,q02s5,2,0.258643,,ok,,900000,1.0,170704,140693089426976,2026-09-05T17:01:52.645-05:00
1b5912e8e375,campaign-sf1,mado,tpch,Q02,Complex,mysql,non-indexed,1,6,2,0,sqlalchemy,orm,q02s5,0,0.253422,100,ok,,900000,1.0,170704,140693089426976,2026-09-05T17:01:52.899-05:00
1b5912e8e375,campaign-sf1,mado,tpch,Q02,Complex,mysql,non-indexed,1,6,2,1,sqlalchemy,sql,q02s5,0,0.249316,100,ok,,900000,1.0,170704,140693089426976,2026-09-05T17:01:53.148-05:00
1b5912e8e375,campaign-sf1,mado,tpch,Q02,Complex,mysql,non-indexed,1,6,2,2,django,orm,q02s5,0,0.266657,100,ok,,900000,1.0,170704,140693089426976,2026-09-05T17:01:53.415-05:00
1b5912e8e375,campaign-sf1,mado,tpch,Q02,Complex,mysql,non-indexed,1,6,2,3,django,sql,q02s5,0,0.266834,100,ok,,900000,1.0,170704,140693089426976,2026-09-05T17:01:53.684-05:00
1b5912e8e375,campaign-sf1,mado,tpch,Q02,Complex,mysql,non-indexed,1,7,0,-1,django,sql,q02s6,2,0.435645,,ok,,900000,1.0,170704,140693089426976,2026-09-05T17:01:54.127-05:00
1b5912e8e375,campaign-sf1,mado,tpch,Q02,Complex,mysql,non-indexed,1,7,0,-1,django,orm,q02s6,2,0.268351,,ok,,900000,1.0,170704,140693089426976,2026-09-05T17:01:54.396-05:00
1b5912e8e375,campaign-sf1,mado,tpch,Q02,Complex,mysql,non-indexed,1,7,0,-1,sqlalchemy,sql,q02s6,2,0.25595,,ok,,900000,1.0,170704,140693089426976,2026-09-05T17:01:54.652-05:00
1b5912e8e375,campaign-sf1,mado,tpch,Q02,Complex,mysql,non-indexed,1,7,0,-1,sqlalchemy,orm,q02s6,2,0.26669,,ok,,900000,1.64,170704,140693089426976,2026-09-05T17:01:54.918-05:00
1b5912e8e375,campaign-sf1,mado,tpch,Q02,Complex,mysql,non-indexed,1,7,0,0,django,sql,q02s6,0,0.251024,100,ok,,900000,1.64,170704,140693089426976,2026-09-05T17:01:55.170-05:00
1b5912e8e375,campaign-sf1,mado,tpch,Q02,Complex,mysql,non-indexed,1,7,0,1,django,orm,q02s6,0,0.263422,100,ok,,900000,1.64,170704,140693089426976,2026-09-05T17:01:55.433-05:00
1b5912e8e375,campaign-sf1,mado,tpch,Q02,Complex,mysql,non-indexed,1,7,0,2,sqlalchemy,sql,q02s6,0,0.250073,100,ok,,900000,1.64,170704,140693089426976,2026-09-05T17:01:55.683-05:00
1b5912e8e375,campaign-sf1,mado,tpch,Q02,Complex,mysql,non-indexed,1,7,0,3,sqlalchemy,orm,q02s6,0,0.256263,100,ok,,900000,1.64,170704,140693089426976,2026-09-05T17:01:55.940-05:00
1b5912e8e375,campaign-sf1,mado,tpch,Q02,Complex,mysql,non-indexed,1,8,1,-1,django,sql,q02s7,2,0.415903,,ok,,900000,1.64,170704,140693089426976,2026-09-05T17:01:56.360-05:00
1b5912e8e375,campaign-sf1,mado,tpch,Q02,Complex,mysql,non-indexed,1,8,1,-1,django,orm,q02s7,2,0.257135,,ok,,900000,1.64,170704,140693089426976,2026-09-05T17:01:56.617-05:00
1b5912e8e375,campaign-sf1,mado,tpch,Q02,Complex,mysql,non-indexed,1,8,1,-1,sqlalchemy,sql,q02s7,2,0.253169,,ok,,900000,1.64,170704,140693089426976,2026-09-05T17:01:56.870-05:00
1b5912e8e375,campaign-sf1,mado,tpch,Q02,Complex,mysql,non-indexed,1,8,1,-1,sqlalchemy,orm,q02s7,2,0.253571,,ok,,900000,1.64,170704,140693089426976,2026-09-05T17:01:57.124-05:00
1b5912e8e375,campaign-sf1,mado,tpch,Q02,Complex,mysql,non-indexed,1,8,1,0,django,orm,q02s7,0,0.251991,100,ok,,900000,1.64,170704,140693089426976,2026-09-05T17:01:57.376-05:00
1b5912e8e375,campaign-sf1,mado,tpch,Q02,Complex,mysql,non-indexed,1,8,1,1,sqlalchemy,orm,q02s7,0,0.251959,100,ok,,900000,1.64,170704,140693089426976,2026-09-05T17:01:57.628-05:00
1b5912e8e375,campaign-sf1,mado,tpch,Q02,Complex,mysql,non-indexed,1,8,1,2,django,sql,q02s7,0,0.246838,100,ok,,900000,1.64,170704,140693089426976,2026-09-05T17:01:57.875-05:00
1b5912e8e375,campaign-sf1,mado,tpch,Q02,Complex,mysql,non-indexed,1,8,1,3,sqlalchemy,sql,q02s7,0,0.245716,100,ok,,900000,1.64,170704,140693089426976,2026-09-05T17:01:58.121-05:00
26c594d3d741,campaign-sf1,mado,tpch,Q03,Medium,mysql,non-indexed,1,0,2,0,sqlalchemy,orm,q03warm,1,14.804388,10,ok,,900000,1.5,170720,130857098312016,2026-09-05T17:02:13.997-05:00
26c594d3d741,campaign-sf1,mado,tpch,Q03,Medium,mysql,non-indexed,1,0,2,1,sqlalchemy,sql,q03warm,1,13.500739,10,ok,,900000,1.39,170720,130857098312016,2026-09-05T17:02:27.497-05:00
26c594d3d741,campaign-sf1,mado,tpch,Q03,Medium,mysql,non-indexed,1,0,2,2,django,orm,q03warm,1,13.552425,10,ok,,900000,1.3,170720,130857098312016,2026-09-05T17:02:41.050-05:00
26c594d3d741,campaign-sf1,mado,tpch,Q03,Medium,mysql,non-indexed,1,0,2,3,django,sql,q03warm,1,13.418399,10,ok,,900000,1.26,170720,130857098312016,2026-09-05T17:02:54.468-05:00
26c594d3d741,campaign-sf1,mado,tpch,Q03,Medium,mysql,non-indexed,1,1,1,-1,django,sql,q03s0,2,13.514222,,ok,,900000,1.73,170720,130857098312016,2026-09-05T17:03:07.986-05:00
26c594d3d741,campaign-sf1,mado,tpch,Q03,Medium,mysql,non-indexed,1,1,1,-1,django,orm,q03s0,2,13.461014,,ok,,900000,1.57,170720,130857098312016,2026-09-05T17:03:21.447-05:00
26c594d3d741,campaign-sf1,mado,tpch,Q03,Medium,mysql,non-indexed,1,1,1,-1,sqlalchemy,sql,q03s0,2,13.452862,,ok,,900000,1.44,170720,130857098312016,2026-09-05T17:03:34.900-05:00
26c594d3d741,campaign-sf1,mado,tpch,Q03,Medium,mysql,non-indexed,1,1,1,-1,sqlalchemy,orm,q03s0,2,13.499245,,ok,,900000,1.38,170720,130857098312016,2026-09-05T17:03:48.399-05:00
26c594d3d741,campaign-sf1,mado,tpch,Q03,Medium,mysql,non-indexed,1,1,1,0,django,orm,q03s0,0,14.799731,10,ok,,900000,1.37,170720,130857098312016,2026-09-05T17:04:03.199-05:00
26c594d3d741,campaign-sf1,mado,tpch,Q03,Medium,mysql,non-indexed,1,1,1,1,sqlalchemy,orm,q03s0,0,13.48961,10,ok,,900000,1.29,170720,130857098312016,2026-09-05T17:04:16.689-05:00
26c594d3d741,campaign-sf1,mado,tpch,Q03,Medium,mysql,non-indexed,1,1,1,2,django,sql,q03s0,0,13.449361,10,ok,,900000,1.22,170720,130857098312016,2026-09-05T17:04:30.138-05:00
26c594d3d741,campaign-sf1,mado,tpch,Q03,Medium,mysql,non-indexed,1,1,1,3,sqlalchemy,sql,q03s0,0,13.477471,10,ok,,900000,1.19,170720,130857098312016,2026-09-05T17:04:43.616-05:00
26c594d3d741,campaign-sf1,mado,tpch,Q03,Medium,mysql,non-indexed,1,2,3,-1,django,sql,q03s1,2,13.595751,,ok,,900000,1.39,170720,130857098312016,2026-09-05T17:04:57.215-05:00
26c594d3d741,campaign-sf1,mado,tpch,Q03,Medium,mysql,non-indexed,1,2,3,-1,django,orm,q03s1,2,13.353738,,ok,,900000,1.3,170720,130857098312016,2026-09-05T17:05:10.569-05:00
26c594d3d741,campaign-sf1,mado,tpch,Q03,Medium,mysql,non-indexed,1,2,3,-1,sqlalchemy,sql,q03s1,2,13.460059,,ok,,900000,1.25,170720,130857098312016,2026-09-05T17:05:24.029-05:00
26c594d3d741,campaign-sf1,mado,tpch,Q03,Medium,mysql,non-indexed,1,2,3,-1,sqlalchemy,orm,q03s1,2,13.373464,,ok,,900000,1.28,170720,130857098312016,2026-09-05T17:05:37.403-05:00
26c594d3d741,campaign-sf1,mado,tpch,Q03,Medium,mysql,non-indexed,1,2,3,0,sqlalchemy,sql,q03s1,0,14.517751,10,ok,,900000,1.3,170720,130857098312016,2026-09-05T17:05:51.920-05:00
26c594d3d741,campaign-sf1,mado,tpch,Q03,Medium,mysql,non-indexed,1,2,3,1,django,sql,q03s1,0,13.440739,10,ok,,900000,1.23,170720,130857098312016,2026-09-05T17:06:05.361-05:00
26c594d3d741,campaign-sf1,mado,tpch,Q03,Medium,mysql,non-indexed,1,2,3,2,sqlalchemy,orm,q03s1,0,13.488846,10,ok,,900000,1.19,170720,130857098312016,2026-09-05T17:06:18.850-05:00
26c594d3d741,campaign-sf1,mado,tpch,Q03,Medium,mysql,non-indexed,1,2,3,3,django,orm,q03s1,0,13.413985,10,ok,,900000,1.15,170720,130857098312016,2026-09-05T17:06:32.264-05:00
26c594d3d741,campaign-sf1,mado,tpch,Q03,Medium,mysql,non-indexed,1,3,2,-1,django,sql,q03s2,2,13.41331,,ok,,900000,1.32,170720,130857098312016,2026-09-05T17:06:45.681-05:00
26c594d3d741,campaign-sf1,mado,tpch,Q03,Medium,mysql,non-indexed,1,3,2,-1,django,orm,q03s2,2,13.451469,,ok,,900000,1.27,170720,130857098312016,2026-09-05T17:06:59.132-05:00
26c594d3d741,campaign-sf1,mado,tpch,Q03,Medium,mysql,non-indexed,1,3,2,-1,sqlalchemy,sql,q03s2,2,13.4454,,ok,,900000,1.21,170720,130857098312016,2026-09-05T17:07:12.578-05:00
26c594d3d741,campaign-sf1,mado,tpch,Q03,Medium,mysql,non-indexed,1,3,2,-1,sqlalchemy,orm,q03s2,2,14.819848,,ok,,900000,1.24,170720,130857098312016,2026-09-05T17:07:27.398-05:00
26c594d3d741,campaign-sf1,mado,tpch,Q03,Medium,mysql,non-indexed,1,3,2,0,sqlalchemy,orm,q03s2,0,13.488939,10,ok,,900000,1.19,170720,130857098312016,2026-09-05T17:07:40.887-05:00
26c594d3d741,campaign-sf1,mado,tpch,Q03,Medium,mysql,non-indexed,1,3,2,1,sqlalchemy,sql,q03s2,0,13.484629,10,ok,,900000,1.16,170720,130857098312016,2026-09-05T17:07:54.372-05:00
26c594d3d741,campaign-sf1,mado,tpch,Q03,Medium,mysql,non-indexed,1,3,2,2,django,orm,q03s2,0,13.445995,10,ok,,900000,1.2,170720,130857098312016,2026-09-05T17:08:07.818-05:00
26c594d3d741,campaign-sf1,mado,tpch,Q03,Medium,mysql,non-indexed,1,3,2,3,django,sql,q03s2,0,13.393755,10,ok,,900000,1.16,170720,130857098312016,2026-09-05T17:08:21.211-05:00
26c594d3d741,campaign-sf1,mado,tpch,Q03,Medium,mysql,non-indexed,1,4,0,-1,django,sql,q03s3,2,13.517026,,ok,,900000,1.35,170720,130857098312016,2026-09-05T17:08:34.732-05:00
26c594d3d741,campaign-sf1,mado,tpch,Q03,Medium,mysql,non-indexed,1,4,0,-1,django,orm,q03s3,2,13.458372,,ok,,900000,1.27,170720,130857098312016,2026-09-05T17:08:48.190-05:00
26c594d3d741,campaign-sf1,mado,tpch,Q03,Medium,mysql,non-indexed,1,4,0,-1,sqlalchemy,sql,q03s3,2,13.469676,,ok,,900000,1.21,170720,130857098312016,2026-09-05T17:09:01.660-05:00
26c594d3d741,campaign-sf1,mado,tpch,Q03,Medium,mysql,non-indexed,1,4,0,-1,sqlalchemy,orm,q03s3,2,13.375573,,ok,,900000,1.53,170720,130857098312016,2026-09-05T17:09:15.036-05:00
26c594d3d741,campaign-sf1,mado,tpch,Q03,Medium,mysql,non-indexed,1,4,0,0,django,sql,q03s3,0,13.439379,10,ok,,900000,1.53,170720,130857098312016,2026-09-05T17:09:28.475-05:00
26c594d3d741,campaign-sf1,mado,tpch,Q03,Medium,mysql,non-indexed,1,4,0,1,django,orm,q03s3,0,13.434408,10,ok,,900000,1.48,170720,130857098312016,2026-09-05T17:09:41.910-05:00
26c594d3d741,campaign-sf1,mado,tpch,Q03,Medium,mysql,non-indexed,1,4,0,2,sqlalchemy,sql,q03s3,0,13.428188,10,ok,,900000,1.37,170720,130857098312016,2026-09-05T17:09:55.338-05:00
26c594d3d741,campaign-sf1,mado,tpch,Q03,Medium,mysql,non-indexed,1,4,0,3,sqlalchemy,orm,q03s3,0,13.458844,10,ok,,900000,1.39,170720,130857098312016,2026-09-05T17:10:08.797-05:00
26c594d3d741,campaign-sf1,mado,tpch,Q03,Medium,mysql,non-indexed,1,5,1,-1,django,sql,q03s4,2,13.512483,,ok,,900000,1.3,170720,130857098312016,2026-09-05T17:10:22.313-05:00
26c594d3d741,campaign-sf1,mado,tpch,Q03,Medium,mysql,non-indexed,1,5,1,-1,django,orm,q03s4,2,13.449898,,ok,,900000,1.55,170720,130857098312016,2026-09-05T17:10:35.763-05:00
26c594d3d741,campaign-sf1,mado,tpch,Q03,Medium,mysql,non-indexed,1,5,1,-1,sqlalchemy,sql,q03s4,2,14.094837,,ok,,900000,1.47,170720,130857098312016,2026-09-05T17:10:49.858-05:00
26c594d3d741,campaign-sf1,mado,tpch,Q03,Medium,mysql,non-indexed,1,5,1,-1,sqlalchemy,orm,q03s4,2,13.5425,,ok,,900000,1.36,170720,130857098312016,2026-09-05T17:11:03.400-05:00
26c594d3d741,campaign-sf1,mado,tpch,Q03,Medium,mysql,non-indexed,1,5,1,0,django,orm,q03s4,0,13.50669,10,ok,,900000,1.28,170720,130857098312016,2026-09-05T17:11:16.907-05:00
26c594d3d741,campaign-sf1,mado,tpch,Q03,Medium,mysql,non-indexed,1,5,1,1,sqlalchemy,orm,q03s4,0,13.523199,10,ok,,900000,1.22,170720,130857098312016,2026-09-05T17:11:30.430-05:00
26c594d3d741,campaign-sf1,mado,tpch,Q03,Medium,mysql,non-indexed,1,5,1,2,django,sql,q03s4,0,13.532018,10,ok,,900000,1.19,170720,130857098312016,2026-09-05T17:11:43.962-05:00
26c594d3d741,campaign-sf1,mado,tpch,Q03,Medium,mysql,non-indexed,1,5,1,3,sqlalchemy,sql,q03s4,0,13.49088,10,ok,,900000,1.14,170720,130857098312016,2026-09-05T17:11:57.453-05:00
26c594d3d741,campaign-sf1,mado,tpch,Q03,Medium,mysql,non-indexed,1,6,2,-1,django,sql,q03s5,2,13.481961,,ok,,900000,1.25,170720,130857098312016,2026-09-05T17:12:10.939-05:00
26c594d3d741,campaign-sf1,mado,tpch,Q03,Medium,mysql,non-indexed,1,6,2,-1,django,orm,q03s5,2,13.499901,,ok,,900000,1.21,170720,130857098312016,2026-09-05T17:12:24.439-05:00
26c594d3d741,campaign-sf1,mado,tpch,Q03,Medium,mysql,non-indexed,1,6,2,-1,sqlalchemy,sql,q03s5,2,13.426436,,ok,,900000,1.16,170720,130857098312016,2026-09-05T17:12:37.865-05:00
26c594d3d741,campaign-sf1,mado,tpch,Q03,Medium,mysql,non-indexed,1,6,2,-1,sqlalchemy,orm,q03s5,2,14.806928,,ok,,900000,1.04,170720,130857098312016,2026-09-05T17:12:52.672-05:00
26c594d3d741,campaign-sf1,mado,tpch,Q03,Medium,mysql,non-indexed,1,6,2,0,sqlalchemy,orm,q03s5,0,13.493472,10,ok,,900000,1.03,170720,130857098312016,2026-09-05T17:13:06.166-05:00
26c594d3d741,campaign-sf1,mado,tpch,Q03,Medium,mysql,non-indexed,1,6,2,1,sqlalchemy,sql,q03s5,0,13.530922,10,ok,,900000,1.03,170720,130857098312016,2026-09-05T17:13:19.697-05:00
26c594d3d741,campaign-sf1,mado,tpch,Q03,Medium,mysql,non-indexed,1,6,2,2,django,orm,q03s5,0,13.476972,10,ok,,900000,1.02,170720,130857098312016,2026-09-05T17:13:33.174-05:00
26c594d3d741,campaign-sf1,mado,tpch,Q03,Medium,mysql,non-indexed,1,6,2,3,django,sql,q03s5,0,13.515494,10,ok,,900000,1.16,170720,130857098312016,2026-09-05T17:13:46.689-05:00
26c594d3d741,campaign-sf1,mado,tpch,Q03,Medium,mysql,non-indexed,1,7,3,-1,django,sql,q03s6,2,13.721443,,ok,,900000,1.13,170720,130857098312016,2026-09-05T17:14:00.417-05:00
26c594d3d741,campaign-sf1,mado,tpch,Q03,Medium,mysql,non-indexed,1,7,3,-1,django,orm,q03s6,2,13.389198,,ok,,900000,1.33,170720,130857098312016,2026-09-05T17:14:13.806-05:00
26c594d3d741,campaign-sf1,mado,tpch,Q03,Medium,mysql,non-indexed,1,7,3,-1,sqlalchemy,sql,q03s6,2,13.454493,,ok,,900000,1.34,170720,130857098312016,2026-09-05T17:14:27.261-05:00
26c594d3d741,campaign-sf1,mado,tpch,Q03,Medium,mysql,non-indexed,1,7,3,-1,sqlalchemy,orm,q03s6,2,13.473047,,ok,,900000,1.26,170720,130857098312016,2026-09-05T17:14:40.734-05:00
26c594d3d741,campaign-sf1,mado,tpch,Q03,Medium,mysql,non-indexed,1,7,3,0,sqlalchemy,sql,q03s6,0,13.513463,10,ok,,900000,1.3,170720,130857098312016,2026-09-05T17:14:54.247-05:00
26c594d3d741,campaign-sf1,mado,tpch,Q03,Medium,mysql,non-indexed,1,7,3,1,django,sql,q03s6,0,13.534803,10,ok,,900000,1.23,170720,130857098312016,2026-09-05T17:15:07.782-05:00
26c594d3d741,campaign-sf1,mado,tpch,Q03,Medium,mysql,non-indexed,1,7,3,2,sqlalchemy,orm,q03s6,0,13.500191,10,ok,,900000,1.33,170720,130857098312016,2026-09-05T17:15:21.283-05:00
26c594d3d741,campaign-sf1,mado,tpch,Q03,Medium,mysql,non-indexed,1,7,3,3,django,orm,q03s6,0,13.473453,10,ok,,900000,1.28,170720,130857098312016,2026-09-05T17:15:34.756-05:00
26c594d3d741,campaign-sf1,mado,tpch,Q03,Medium,mysql,non-indexed,1,8,0,-1,django,sql,q03s7,2,13.510874,,ok,,900000,1.22,170720,130857098312016,2026-09-05T17:15:48.270-05:00
26c594d3d741,campaign-sf1,mado,tpch,Q03,Medium,mysql,non-indexed,1,8,0,-1,django,orm,q03s7,2,13.388721,,ok,,900000,1.17,170720,130857098312016,2026-09-05T17:16:01.659-05:00
26c594d3d741,campaign-sf1,mado,tpch,Q03,Medium,mysql,non-indexed,1,8,0,-1,sqlalchemy,sql,q03s7,2,13.451901,,ok,,900000,1.2,170720,130857098312016,2026-09-05T17:16:15.111-05:00
26c594d3d741,campaign-sf1,mado,tpch,Q03,Medium,mysql,non-indexed,1,8,0,-1,sqlalchemy,orm,q03s7,2,13.527364,,ok,,900000,1.72,170720,130857098312016,2026-09-05T17:16:28.639-05:00
26c594d3d741,campaign-sf1,mado,tpch,Q03,Medium,mysql,non-indexed,1,8,0,0,django,sql,q03s7,0,13.468177,10,ok,,900000,1.56,170720,130857098312016,2026-09-05T17:16:42.107-05:00
26c594d3d741,campaign-sf1,mado,tpch,Q03,Medium,mysql,non-indexed,1,8,0,1,django,orm,q03s7,0,13.591187,10,ok,,900000,1.89,170720,130857098312016,2026-09-05T17:16:55.698-05:00
26c594d3d741,campaign-sf1,mado,tpch,Q03,Medium,mysql,non-indexed,1,8,0,2,sqlalchemy,sql,q03s7,0,13.390971,10,ok,,900000,1.75,170720,130857098312016,2026-09-05T17:17:09.089-05:00
26c594d3d741,campaign-sf1,mado,tpch,Q03,Medium,mysql,non-indexed,1,8,0,3,sqlalchemy,orm,q03s7,0,13.453987,10,ok,,900000,1.66,170720,130857098312016,2026-09-05T17:17:22.543-05:00
0e9b092c0fca,campaign-sf1,mado,tpch,Q04,Medium,mysql,non-indexed,1,0,0,0,django,sql,q04warm,1,17.392012,5,ok,,900000,1.55,171160,124004352096400,2026-09-05T17:17:41.016-05:00
0e9b092c0fca,campaign-sf1,mado,tpch,Q04,Medium,mysql,non-indexed,1,0,0,1,django,orm,q04warm,1,17.308422,5,ok,,900000,1.43,171160,124004352096400,2026-09-05T17:17:58.324-05:00
0e9b092c0fca,campaign-sf1,mado,tpch,Q04,Medium,mysql,non-indexed,1,0,0,2,sqlalchemy,sql,q04warm,1,17.336691,5,ok,,900000,1.3,171160,124004352096400,2026-09-05T17:18:15.661-05:00
0e9b092c0fca,campaign-sf1,mado,tpch,Q04,Medium,mysql,non-indexed,1,0,0,3,sqlalchemy,orm,q04warm,1,17.847943,5,ok,,900000,1.24,171160,124004352096400,2026-09-05T17:18:33.509-05:00
0e9b092c0fca,campaign-sf1,mado,tpch,Q04,Medium,mysql,non-indexed,1,1,2,-1,django,sql,q04s0,2,17.323818,,ok,,900000,1.29,171160,124004352096400,2026-09-05T17:18:50.838-05:00
0e9b092c0fca,campaign-sf1,mado,tpch,Q04,Medium,mysql,non-indexed,1,1,2,-1,django,orm,q04s0,2,17.323399,,ok,,900000,1.23,171160,124004352096400,2026-09-05T17:19:08.162-05:00
0e9b092c0fca,campaign-sf1,mado,tpch,Q04,Medium,mysql,non-indexed,1,1,2,-1,sqlalchemy,sql,q04s0,2,17.305711,,ok,,900000,1.56,171160,124004352096400,2026-09-05T17:19:25.468-05:00
0e9b092c0fca,campaign-sf1,mado,tpch,Q04,Medium,mysql,non-indexed,1,1,2,-1,sqlalchemy,orm,q04s0,2,17.249579,,ok,,900000,1.51,171160,124004352096400,2026-09-05T17:19:42.717-05:00
0e9b092c0fca,campaign-sf1,mado,tpch,Q04,Medium,mysql,non-indexed,1,1,2,0,sqlalchemy,orm,q04s0,0,17.300723,5,ok,,900000,1.63,171160,124004352096400,2026-09-05T17:20:00.018-05:00
0e9b092c0fca,campaign-sf1,mado,tpch,Q04,Medium,mysql,non-indexed,1,1,2,1,sqlalchemy,sql,q04s0,0,17.267179,5,ok,,900000,1.51,171160,124004352096400,2026-09-05T17:20:17.285-05:00
0e9b092c0fca,campaign-sf1,mado,tpch,Q04,Medium,mysql,non-indexed,1,1,2,2,django,orm,q04s0,0,17.064927,5,ok,,900000,1.4,171160,124004352096400,2026-09-05T17:20:34.350-05:00
0e9b092c0fca,campaign-sf1,mado,tpch,Q04,Medium,mysql,non-indexed,1,1,2,3,django,sql,q04s0,0,17.085949,5,ok,,900000,1.28,171160,124004352096400,2026-09-05T17:20:51.436-05:00
0e9b092c0fca,campaign-sf1,mado,tpch,Q04,Medium,mysql,non-indexed,1,2,1,-1,django,sql,q04s1,2,17.047922,,ok,,900000,1.22,171160,124004352096400,2026-09-05T17:21:08.487-05:00
0e9b092c0fca,campaign-sf1,mado,tpch,Q04,Medium,mysql,non-indexed,1,2,1,-1,django,orm,q04s1,2,17.051898,,ok,,900000,1.16,171160,124004352096400,2026-09-05T17:21:25.539-05:00
0e9b092c0fca,campaign-sf1,mado,tpch,Q04,Medium,mysql,non-indexed,1,2,1,-1,sqlalchemy,sql,q04s1,2,17.074166,,ok,,900000,1.12,171160,124004352096400,2026-09-05T17:21:42.613-05:00
0e9b092c0fca,campaign-sf1,mado,tpch,Q04,Medium,mysql,non-indexed,1,2,1,-1,sqlalchemy,orm,q04s1,2,17.103437,,ok,,900000,1.42,171160,124004352096400,2026-09-05T17:21:59.717-05:00
0e9b092c0fca,campaign-sf1,mado,tpch,Q04,Medium,mysql,non-indexed,1,2,1,0,django,orm,q04s1,0,17.028214,5,ok,,900000,1.3,171160,124004352096400,2026-09-05T17:22:16.745-05:00
0e9b092c0fca,campaign-sf1,mado,tpch,Q04,Medium,mysql,non-indexed,1,2,1,1,sqlalchemy,orm,q04s1,0,16.998086,5,ok,,900000,1.23,171160,124004352096400,2026-09-05T17:22:33.744-05:00
0e9b092c0fca,campaign-sf1,mado,tpch,Q04,Medium,mysql,non-indexed,1,2,1,2,django,sql,q04s1,0,16.967211,5,ok,,900000,1.16,171160,124004352096400,2026-09-05T17:22:50.711-05:00
0e9b092c0fca,campaign-sf1,mado,tpch,Q04,Medium,mysql,non-indexed,1,2,1,3,sqlalchemy,sql,q04s1,0,16.944038,5,ok,,900000,1.13,171160,124004352096400,2026-09-05T17:23:07.655-05:00
0e9b092c0fca,campaign-sf1,mado,tpch,Q04,Medium,mysql,non-indexed,1,3,0,-1,django,sql,q04s2,2,16.980603,,ok,,900000,1.1,171160,124004352096400,2026-09-05T17:23:24.639-05:00
0e9b092c0fca,campaign-sf1,mado,tpch,Q04,Medium,mysql,non-indexed,1,3,0,-1,django,orm,q04s2,2,16.876837,,ok,,900000,1.07,171160,124004352096400,2026-09-05T17:23:41.516-05:00
0e9b092c0fca,campaign-sf1,mado,tpch,Q04,Medium,mysql,non-indexed,1,3,0,-1,sqlalchemy,sql,q04s2,2,16.956029,,ok,,900000,1.05,171160,124004352096400,2026-09-05T17:23:58.472-05:00
0e9b092c0fca,campaign-sf1,mado,tpch,Q04,Medium,mysql,non-indexed,1,3,0,-1,sqlalchemy,orm,q04s2,2,16.941419,,ok,,900000,1.31,171160,124004352096400,2026-09-05T17:24:15.414-05:00
0e9b092c0fca,campaign-sf1,mado,tpch,Q04,Medium,mysql,non-indexed,1,3,0,0,django,sql,q04s2,0,16.93371,5,ok,,900000,1.24,171160,124004352096400,2026-09-05T17:24:32.348-05:00
0e9b092c0fca,campaign-sf1,mado,tpch,Q04,Medium,mysql,non-indexed,1,3,0,1,django,orm,q04s2,0,16.864105,5,ok,,900000,1.19,171160,124004352096400,2026-09-05T17:24:49.212-05:00
0e9b092c0fca,campaign-sf1,mado,tpch,Q04,Medium,mysql,non-indexed,1,3,0,2,sqlalchemy,sql,q04s2,0,18.408696,5,ok,,900000,1.13,171160,124004352096400,2026-09-05T17:25:07.621-05:00
0e9b092c0fca,campaign-sf1,mado,tpch,Q04,Medium,mysql,non-indexed,1,3,0,3,sqlalchemy,orm,q04s2,0,16.815101,5,ok,,900000,1.18,171160,124004352096400,2026-09-05T17:25:24.436-05:00
0e9b092c0fca,campaign-sf1,mado,tpch,Q04,Medium,mysql,non-indexed,1,4,3,-1,django,sql,q04s3,2,16.759403,,ok,,900000,1.13,171160,124004352096400,2026-09-05T17:25:41.199-05:00
0e9b092c0fca,campaign-sf1,mado,tpch,Q04,Medium,mysql,non-indexed,1,4,3,-1,django,orm,q04s3,2,16.740081,,ok,,900000,1.26,171160,124004352096400,2026-09-05T17:25:57.939-05:00
0e9b092c0fca,campaign-sf1,mado,tpch,Q04,Medium,mysql,non-indexed,1,4,3,-1,sqlalchemy,sql,q04s3,2,16.759235,,ok,,900000,1.2,171160,124004352096400,2026-09-05T17:26:14.698-05:00
0e9b092c0fca,campaign-sf1,mado,tpch,Q04,Medium,mysql,non-indexed,1,4,3,-1,sqlalchemy,orm,q04s3,2,16.770621,,ok,,900000,1.14,171160,124004352096400,2026-09-05T17:26:31.469-05:00
0e9b092c0fca,campaign-sf1,mado,tpch,Q04,Medium,mysql,non-indexed,1,4,3,0,sqlalchemy,sql,q04s3,0,16.742833,5,ok,,900000,1.11,171160,124004352096400,2026-09-05T17:26:48.212-05:00
0e9b092c0fca,campaign-sf1,mado,tpch,Q04,Medium,mysql,non-indexed,1,4,3,1,django,sql,q04s3,0,16.739306,5,ok,,900000,1.15,171160,124004352096400,2026-09-05T17:27:04.951-05:00
0e9b092c0fca,campaign-sf1,mado,tpch,Q04,Medium,mysql,non-indexed,1,4,3,2,sqlalchemy,orm,q04s3,0,16.699972,5,ok,,900000,1.11,171160,124004352096400,2026-09-05T17:27:21.651-05:00
0e9b092c0fca,campaign-sf1,mado,tpch,Q04,Medium,mysql,non-indexed,1,4,3,3,django,orm,q04s3,0,16.793294,5,ok,,900000,1.08,171160,124004352096400,2026-09-05T17:27:38.445-05:00
0e9b092c0fca,campaign-sf1,mado,tpch,Q04,Medium,mysql,non-indexed,1,5,1,-1,django,sql,q04s4,2,16.676155,,ok,,900000,1.06,171160,124004352096400,2026-09-05T17:27:55.124-05:00
0e9b092c0fca,campaign-sf1,mado,tpch,Q04,Medium,mysql,non-indexed,1,5,1,-1,django,orm,q04s4,2,16.690905,,ok,,900000,1.05,171160,124004352096400,2026-09-05T17:28:11.815-05:00
0e9b092c0fca,campaign-sf1,mado,tpch,Q04,Medium,mysql,non-indexed,1,5,1,-1,sqlalchemy,sql,q04s4,2,16.698513,,ok,,900000,1.11,171160,124004352096400,2026-09-05T17:28:28.514-05:00
0e9b092c0fca,campaign-sf1,mado,tpch,Q04,Medium,mysql,non-indexed,1,5,1,-1,sqlalchemy,orm,q04s4,2,16.74743,,ok,,900000,1.08,171160,124004352096400,2026-09-05T17:28:45.261-05:00
0e9b092c0fca,campaign-sf1,mado,tpch,Q04,Medium,mysql,non-indexed,1,5,1,0,django,orm,q04s4,0,16.622192,5,ok,,900000,1.06,171160,124004352096400,2026-09-05T17:29:01.883-05:00
0e9b092c0fca,campaign-sf1,mado,tpch,Q04,Medium,mysql,non-indexed,1,5,1,1,sqlalchemy,orm,q04s4,0,18.219573,5,ok,,900000,1.05,171160,124004352096400,2026-09-05T17:29:20.103-05:00
0e9b092c0fca,campaign-sf1,mado,tpch,Q04,Medium,mysql,non-indexed,1,5,1,2,django,sql,q04s4,0,16.64659,5,ok,,900000,1.03,171160,124004352096400,2026-09-05T17:29:36.750-05:00
0e9b092c0fca,campaign-sf1,mado,tpch,Q04,Medium,mysql,non-indexed,1,5,1,3,sqlalchemy,sql,q04s4,0,16.885041,5,ok,,900000,1.02,171160,124004352096400,2026-09-05T17:29:53.635-05:00
0e9b092c0fca,campaign-sf1,mado,tpch,Q04,Medium,mysql,non-indexed,1,6,2,-1,django,sql,q04s5,2,16.364655,,ok,,900000,1.02,171160,124004352096400,2026-09-05T17:30:10.003-05:00
0e9b092c0fca,campaign-sf1,mado,tpch,Q04,Medium,mysql,non-indexed,1,6,2,-1,django,orm,q04s5,2,16.609599,,ok,,900000,1.08,171160,124004352096400,2026-09-05T17:30:26.613-05:00
0e9b092c0fca,campaign-sf1,mado,tpch,Q04,Medium,mysql,non-indexed,1,6,2,-1,sqlalchemy,sql,q04s5,2,16.608137,,ok,,900000,1.06,171160,124004352096400,2026-09-05T17:30:43.221-05:00
0e9b092c0fca,campaign-sf1,mado,tpch,Q04,Medium,mysql,non-indexed,1,6,2,-1,sqlalchemy,orm,q04s5,2,16.708941,,ok,,900000,1.04,171160,124004352096400,2026-09-05T17:30:59.930-05:00
0e9b092c0fca,campaign-sf1,mado,tpch,Q04,Medium,mysql,non-indexed,1,6,2,0,sqlalchemy,orm,q04s5,0,16.575053,5,ok,,900000,1.03,171160,124004352096400,2026-09-05T17:31:16.505-05:00
0e9b092c0fca,campaign-sf1,mado,tpch,Q04,Medium,mysql,non-indexed,1,6,2,1,sqlalchemy,sql,q04s5,0,16.649223,5,ok,,900000,1.02,171160,124004352096400,2026-09-05T17:31:33.154-05:00
0e9b092c0fca,campaign-sf1,mado,tpch,Q04,Medium,mysql,non-indexed,1,6,2,2,django,orm,q04s5,0,16.504082,5,ok,,900000,1.02,171160,124004352096400,2026-09-05T17:31:49.659-05:00
0e9b092c0fca,campaign-sf1,mado,tpch,Q04,Medium,mysql,non-indexed,1,6,2,3,django,sql,q04s5,0,16.536898,5,ok,,900000,1.08,171160,124004352096400,2026-09-05T17:32:06.196-05:00
0e9b092c0fca,campaign-sf1,mado,tpch,Q04,Medium,mysql,non-indexed,1,7,0,-1,django,sql,q04s6,2,16.565545,,ok,,900000,1.06,171160,124004352096400,2026-09-05T17:32:22.765-05:00
0e9b092c0fca,campaign-sf1,mado,tpch,Q04,Medium,mysql,non-indexed,1,7,0,-1,django,orm,q04s6,2,17.365162,,ok,,900000,1.05,171160,124004352096400,2026-09-05T17:32:40.130-05:00
0e9b092c0fca,campaign-sf1,mado,tpch,Q04,Medium,mysql,non-indexed,1,7,0,-1,sqlalchemy,sql,q04s6,2,16.566189,,ok,,900000,1.03,171160,124004352096400,2026-09-05T17:32:56.696-05:00
0e9b092c0fca,campaign-sf1,mado,tpch,Q04,Medium,mysql,non-indexed,1,7,0,-1,sqlalchemy,orm,q04s6,2,16.62954,,ok,,900000,1.02,171160,124004352096400,2026-09-05T17:33:13.326-05:00
0e9b092c0fca,campaign-sf1,mado,tpch,Q04,Medium,mysql,non-indexed,1,7,0,0,django,sql,q04s6,0,16.502687,5,ok,,900000,1.02,171160,124004352096400,2026-09-05T17:33:29.829-05:00
0e9b092c0fca,campaign-sf1,mado,tpch,Q04,Medium,mysql,non-indexed,1,7,0,1,django,orm,q04s6,0,16.472263,5,ok,,900000,1.01,171160,124004352096400,2026-09-05T17:33:46.301-05:00
0e9b092c0fca,campaign-sf1,mado,tpch,Q04,Medium,mysql,non-indexed,1,7,0,2,sqlalchemy,sql,q04s6,0,16.54569,5,ok,,900000,1.01,171160,124004352096400,2026-09-05T17:34:02.847-05:00
0e9b092c0fca,campaign-sf1,mado,tpch,Q04,Medium,mysql,non-indexed,1,7,0,3,sqlalchemy,orm,q04s6,0,16.544788,5,ok,,900000,1.09,171160,124004352096400,2026-09-05T17:34:19.392-05:00
0e9b092c0fca,campaign-sf1,mado,tpch,Q04,Medium,mysql,non-indexed,1,8,3,-1,django,sql,q04s7,2,16.45752,,ok,,900000,1.06,171160,124004352096400,2026-09-05T17:34:35.852-05:00
0e9b092c0fca,campaign-sf1,mado,tpch,Q04,Medium,mysql,non-indexed,1,8,3,-1,django,orm,q04s7,2,16.398373,,ok,,900000,1.05,171160,124004352096400,2026-09-05T17:34:52.250-05:00
0e9b092c0fca,campaign-sf1,mado,tpch,Q04,Medium,mysql,non-indexed,1,8,3,-1,sqlalchemy,sql,q04s7,2,16.475022,,ok,,900000,1.04,171160,124004352096400,2026-09-05T17:35:08.726-05:00
0e9b092c0fca,campaign-sf1,mado,tpch,Q04,Medium,mysql,non-indexed,1,8,3,-1,sqlalchemy,orm,q04s7,2,16.483407,,ok,,900000,1.03,171160,124004352096400,2026-09-05T17:35:25.209-05:00
0e9b092c0fca,campaign-sf1,mado,tpch,Q04,Medium,mysql,non-indexed,1,8,3,0,sqlalchemy,sql,q04s7,0,16.524865,5,ok,,900000,1.09,171160,124004352096400,2026-09-05T17:35:41.734-05:00
0e9b092c0fca,campaign-sf1,mado,tpch,Q04,Medium,mysql,non-indexed,1,8,3,1,django,sql,q04s7,0,16.398863,5,ok,,900000,1.14,171160,124004352096400,2026-09-05T17:35:58.133-05:00
0e9b092c0fca,campaign-sf1,mado,tpch,Q04,Medium,mysql,non-indexed,1,8,3,2,sqlalchemy,orm,q04s7,0,16.514045,5,ok,,900000,1.11,171160,124004352096400,2026-09-05T17:36:14.647-05:00
0e9b092c0fca,campaign-sf1,mado,tpch,Q04,Medium,mysql,non-indexed,1,8,3,3,django,orm,q04s7,0,16.393147,5,ok,,900000,1.08,171160,124004352096400,2026-09-05T17:36:31.040-05:00
2816468285e3,campaign-sf1,mado,tpch,Q05,Complex,mysql,non-indexed,1,0,1,0,django,orm,q05warm,1,38.143033,5,ok,,900000,1.1,171342,127568254984864,2026-09-05T17:37:10.254-05:00
2816468285e3,campaign-sf1,mado,tpch,Q05,Complex,mysql,non-indexed,1,0,1,1,sqlalchemy,orm,q05warm,1,36.123573,5,ok,,900000,1.06,171342,127568254984864,2026-09-05T17:37:46.377-05:00
2816468285e3,campaign-sf1,mado,tpch,Q05,Complex,mysql,non-indexed,1,0,1,2,django,sql,q05warm,1,35.757272,5,ok,,900000,1.03,171342,127568254984864,2026-09-05T17:38:22.135-05:00
2816468285e3,campaign-sf1,mado,tpch,Q05,Complex,mysql,non-indexed,1,0,1,3,sqlalchemy,sql,q05warm,1,35.49097,5,ok,,900000,1.02,171342,127568254984864,2026-09-05T17:38:57.626-05:00
2816468285e3,campaign-sf1,mado,tpch,Q05,Complex,mysql,non-indexed,1,1,0,-1,django,sql,q05s0,2,35.417759,,ok,,900000,1.06,171342,127568254984864,2026-09-05T17:39:33.049-05:00
2816468285e3,campaign-sf1,mado,tpch,Q05,Complex,mysql,non-indexed,1,1,0,-1,django,orm,q05s0,2,36.798541,,ok,,900000,1.03,171342,127568254984864,2026-09-05T17:40:09.847-05:00
2816468285e3,campaign-sf1,mado,tpch,Q05,Complex,mysql,non-indexed,1,1,0,-1,sqlalchemy,sql,q05s0,2,35.253279,,ok,,900000,1.02,171342,127568254984864,2026-09-05T17:40:45.101-05:00
2816468285e3,campaign-sf1,mado,tpch,Q05,Complex,mysql,non-indexed,1,1,0,-1,sqlalchemy,orm,q05s0,2,35.182512,,ok,,900000,1.01,171342,127568254984864,2026-09-05T17:41:20.283-05:00
2816468285e3,campaign-sf1,mado,tpch,Q05,Complex,mysql,non-indexed,1,1,0,0,django,sql,q05s0,0,35.395739,5,ok,,900000,1.0,171342,127568254984864,2026-09-05T17:41:55.679-05:00
2816468285e3,campaign-sf1,mado,tpch,Q05,Complex,mysql,non-indexed,1,1,0,1,django,orm,q05s0,0,36.78997,5,ok,,900000,1.0,171342,127568254984864,2026-09-05T17:42:32.469-05:00
2816468285e3,campaign-sf1,mado,tpch,Q05,Complex,mysql,non-indexed,1,1,0,2,sqlalchemy,sql,q05s0,0,35.257303,5,ok,,900000,1.0,171342,127568254984864,2026-09-05T17:43:07.726-05:00
2816468285e3,campaign-sf1,mado,tpch,Q05,Complex,mysql,non-indexed,1,1,0,3,sqlalchemy,orm,q05s0,0,35.210889,5,ok,,900000,1.05,171342,127568254984864,2026-09-05T17:43:42.937-05:00
2816468285e3,campaign-sf1,mado,tpch,Q05,Complex,mysql,non-indexed,1,2,1,-1,django,sql,q05s1,2,35.605249,,ok,,900000,1.1,171342,127568254984864,2026-09-05T17:44:18.547-05:00
2816468285e3,campaign-sf1,mado,tpch,Q05,Complex,mysql,non-indexed,1,2,1,-1,django,orm,q05s1,2,36.728987,,ok,,900000,1.05,171342,127568254984864,2026-09-05T17:44:55.276-05:00
2816468285e3,campaign-sf1,mado,tpch,Q05,Complex,mysql,non-indexed,1,2,1,-1,sqlalchemy,sql,q05s1,2,35.512656,,ok,,900000,1.03,171342,127568254984864,2026-09-05T17:45:30.789-05:00
2816468285e3,campaign-sf1,mado,tpch,Q05,Complex,mysql,non-indexed,1,2,1,-1,sqlalchemy,orm,q05s1,2,35.521327,,ok,,900000,1.01,171342,127568254984864,2026-09-05T17:46:06.310-05:00
2816468285e3,campaign-sf1,mado,tpch,Q05,Complex,mysql,non-indexed,1,2,1,0,django,orm,q05s1,0,36.723778,5,ok,,900000,1.01,171342,127568254984864,2026-09-05T17:46:43.034-05:00
2816468285e3,campaign-sf1,mado,tpch,Q05,Complex,mysql,non-indexed,1,2,1,1,sqlalchemy,orm,q05s1,0,35.503971,5,ok,,900000,1.0,171342,127568254984864,2026-09-05T17:47:18.538-05:00
2816468285e3,campaign-sf1,mado,tpch,Q05,Complex,mysql,non-indexed,1,2,1,2,django,sql,q05s1,0,35.625411,5,ok,,900000,1.0,171342,127568254984864,2026-09-05T17:47:54.164-05:00
2816468285e3,campaign-sf1,mado,tpch,Q05,Complex,mysql,non-indexed,1,2,1,3,sqlalchemy,sql,q05s1,0,35.504328,5,ok,,900000,1.0,171342,127568254984864,2026-09-05T17:48:29.668-05:00
2816468285e3,campaign-sf1,mado,tpch,Q05,Complex,mysql,non-indexed,1,3,2,-1,django,sql,q05s2,2,35.53504,,ok,,900000,1.0,171342,127568254984864,2026-09-05T17:49:05.208-05:00
2816468285e3,campaign-sf1,mado,tpch,Q05,Complex,mysql,non-indexed,1,3,2,-1,django,orm,q05s2,2,36.602315,,ok,,900000,1.0,171342,127568254984864,2026-09-05T17:49:41.811-05:00
2816468285e3,campaign-sf1,mado,tpch,Q05,Complex,mysql,non-indexed,1,3,2,-1,sqlalchemy,sql,q05s2,2,35.683991,,ok,,900000,1.07,171342,127568254984864,2026-09-05T17:50:17.495-05:00
2816468285e3,campaign-sf1,mado,tpch,Q05,Complex,mysql,non-indexed,1,3,2,-1,sqlalchemy,orm,q05s2,2,35.478282,,ok,,900000,1.04,171342,127568254984864,2026-09-05T17:50:52.973-05:00
2816468285e3,campaign-sf1,mado,tpch,Q05,Complex,mysql,non-indexed,1,3,2,0,sqlalchemy,orm,q05s2,0,35.402287,5,ok,,900000,1.02,171342,127568254984864,2026-09-05T17:51:28.375-05:00
2816468285e3,campaign-sf1,mado,tpch,Q05,Complex,mysql,non-indexed,1,3,2,1,sqlalchemy,sql,q05s2,0,35.494503,5,ok,,900000,1.01,171342,127568254984864,2026-09-05T17:52:03.870-05:00
2816468285e3,campaign-sf1,mado,tpch,Q05,Complex,mysql,non-indexed,1,3,2,2,django,orm,q05s2,0,36.611908,5,ok,,900000,1.0,171342,127568254984864,2026-09-05T17:52:40.482-05:00
2816468285e3,campaign-sf1,mado,tpch,Q05,Complex,mysql,non-indexed,1,3,2,3,django,sql,q05s2,0,35.5357,5,ok,,900000,1.0,171342,127568254984864,2026-09-05T17:53:16.018-05:00
2816468285e3,campaign-sf1,mado,tpch,Q05,Complex,mysql,non-indexed,1,4,3,-1,django,sql,q05s3,2,35.638119,,ok,,900000,1.06,171342,127568254984864,2026-09-05T17:53:51.661-05:00
2816468285e3,campaign-sf1,mado,tpch,Q05,Complex,mysql,non-indexed,1,4,3,-1,django,orm,q05s3,2,36.763988,,ok,,900000,1.03,171342,127568254984864,2026-09-05T17:54:28.425-05:00
2816468285e3,campaign-sf1,mado,tpch,Q05,Complex,mysql,non-indexed,1,4,3,-1,sqlalchemy,sql,q05s3,2,35.542632,,ok,,900000,1.02,171342,127568254984864,2026-09-05T17:55:03.967-05:00
2816468285e3,campaign-sf1,mado,tpch,Q05,Complex,mysql,non-indexed,1,4,3,-1,sqlalchemy,orm,q05s3,2,35.541116,,ok,,900000,1.01,171342,127568254984864,2026-09-05T17:55:39.509-05:00
2816468285e3,campaign-sf1,mado,tpch,Q05,Complex,mysql,non-indexed,1,4,3,0,sqlalchemy,sql,q05s3,0,35.53954,5,ok,,900000,1.14,171342,127568254984864,2026-09-05T17:56:15.048-05:00
2816468285e3,campaign-sf1,mado,tpch,Q05,Complex,mysql,non-indexed,1,4,3,1,django,sql,q05s3,0,35.644522,5,ok,,900000,1.07,171342,127568254984864,2026-09-05T17:56:50.693-05:00
2816468285e3,campaign-sf1,mado,tpch,Q05,Complex,mysql,non-indexed,1,4,3,2,sqlalchemy,orm,q05s3,0,35.542827,5,ok,,900000,1.04,171342,127568254984864,2026-09-05T17:57:26.236-05:00
2816468285e3,campaign-sf1,mado,tpch,Q05,Complex,mysql,non-indexed,1,4,3,3,django,orm,q05s3,0,36.956475,5,ok,,900000,1.24,171342,127568254984864,2026-09-05T17:58:03.192-05:00
2816468285e3,campaign-sf1,mado,tpch,Q05,Complex,mysql,non-indexed,1,5,1,-1,django,sql,q05s4,2,35.320642,,ok,,900000,1.13,171342,127568254984864,2026-09-05T17:58:38.518-05:00
2816468285e3,campaign-sf1,mado,tpch,Q05,Complex,mysql,non-indexed,1,5,1,-1,django,orm,q05s4,2,36.659539,,ok,,900000,1.07,171342,127568254984864,2026-09-05T17:59:15.178-05:00
2816468285e3,campaign-sf1,mado,tpch,Q05,Complex,mysql,non-indexed,1,5,1,-1,sqlalchemy,sql,q05s4,2,35.189153,,ok,,900000,1.04,171342,127568254984864,2026-09-05T17:59:50.367-05:00
2816468285e3,campaign-sf1,mado,tpch,Q05,Complex,mysql,non-indexed,1,5,1,-1,sqlalchemy,orm,q05s4,2,35.241074,,ok,,900000,1.09,171342,127568254984864,2026-09-05T18:00:25.608-05:00
2816468285e3,campaign-sf1,mado,tpch,Q05,Complex,mysql,non-indexed,1,5,1,0,django,orm,q05s4,0,36.675573,5,ok,,900000,1.05,171342,127568254984864,2026-09-05T18:01:02.284-05:00
2816468285e3,campaign-sf1,mado,tpch,Q05,Complex,mysql,non-indexed,1,5,1,1,sqlalchemy,orm,q05s4,0,35.168439,5,ok,,900000,1.09,171342,127568254984864,2026-09-05T18:01:37.452-05:00
2816468285e3,campaign-sf1,mado,tpch,Q05,Complex,mysql,non-indexed,1,5,1,2,django,sql,q05s4,0,35.276235,5,ok,,900000,1.05,171342,127568254984864,2026-09-05T18:02:12.729-05:00
2816468285e3,campaign-sf1,mado,tpch,Q05,Complex,mysql,non-indexed,1,5,1,3,sqlalchemy,sql,q05s4,0,35.206006,5,ok,,900000,1.03,171342,127568254984864,2026-09-05T18:02:47.935-05:00
2816468285e3,campaign-sf1,mado,tpch,Q05,Complex,mysql,non-indexed,1,6,0,-1,django,sql,q05s5,2,35.54585,,ok,,900000,1.09,171342,127568254984864,2026-09-05T18:03:23.485-05:00
2816468285e3,campaign-sf1,mado,tpch,Q05,Complex,mysql,non-indexed,1,6,0,-1,django,orm,q05s5,2,36.621162,,ok,,900000,1.11,171342,127568254984864,2026-09-05T18:04:00.106-05:00
2816468285e3,campaign-sf1,mado,tpch,Q05,Complex,mysql,non-indexed,1,6,0,-1,sqlalchemy,sql,q05s5,2,35.464114,,ok,,900000,1.05,171342,127568254984864,2026-09-05T18:04:35.571-05:00
2816468285e3,campaign-sf1,mado,tpch,Q05,Complex,mysql,non-indexed,1,6,0,-1,sqlalchemy,orm,q05s5,2,35.410845,,ok,,900000,1.03,171342,127568254984864,2026-09-05T18:05:10.982-05:00
2816468285e3,campaign-sf1,mado,tpch,Q05,Complex,mysql,non-indexed,1,6,0,0,django,sql,q05s5,0,35.533784,5,ok,,900000,1.02,171342,127568254984864,2026-09-05T18:05:46.515-05:00
2816468285e3,campaign-sf1,mado,tpch,Q05,Complex,mysql,non-indexed,1,6,0,1,django,orm,q05s5,0,36.810289,5,ok,,900000,1.21,171342,127568254984864,2026-09-05T18:06:23.326-05:00
2816468285e3,campaign-sf1,mado,tpch,Q05,Complex,mysql,non-indexed,1,6,0,2,sqlalchemy,sql,q05s5,0,35.491866,5,ok,,900000,1.12,171342,127568254984864,2026-09-05T18:06:58.818-05:00
2816468285e3,campaign-sf1,mado,tpch,Q05,Complex,mysql,non-indexed,1,6,0,3,sqlalchemy,orm,q05s5,0,35.463494,5,ok,,900000,1.06,171342,127568254984864,2026-09-05T18:07:34.281-05:00
2816468285e3,campaign-sf1,mado,tpch,Q05,Complex,mysql,non-indexed,1,7,3,-1,django,sql,q05s6,2,35.655715,,ok,,900000,1.18,171342,127568254984864,2026-09-05T18:08:09.942-05:00
2816468285e3,campaign-sf1,mado,tpch,Q05,Complex,mysql,non-indexed,1,7,3,-1,django,orm,q05s6,2,36.768586,,ok,,900000,1.09,171342,127568254984864,2026-09-05T18:08:46.711-05:00
2816468285e3,campaign-sf1,mado,tpch,Q05,Complex,mysql,non-indexed,1,7,3,-1,sqlalchemy,sql,q05s6,2,35.580374,,ok,,900000,1.19,171342,127568254984864,2026-09-05T18:09:22.291-05:00
2816468285e3,campaign-sf1,mado,tpch,Q05,Complex,mysql,non-indexed,1,7,3,-1,sqlalchemy,orm,q05s6,2,35.464225,,ok,,900000,1.11,171342,127568254984864,2026-09-05T18:09:57.755-05:00
2816468285e3,campaign-sf1,mado,tpch,Q05,Complex,mysql,non-indexed,1,7,3,0,sqlalchemy,sql,q05s6,0,35.542658,5,ok,,900000,1.06,171342,127568254984864,2026-09-05T18:10:33.298-05:00
2816468285e3,campaign-sf1,mado,tpch,Q05,Complex,mysql,non-indexed,1,7,3,1,django,sql,q05s6,0,35.642265,5,ok,,900000,1.03,171342,127568254984864,2026-09-05T18:11:08.940-05:00
2816468285e3,campaign-sf1,mado,tpch,Q05,Complex,mysql,non-indexed,1,7,3,2,sqlalchemy,orm,q05s6,0,35.546697,5,ok,,900000,1.02,171342,127568254984864,2026-09-05T18:11:44.487-05:00
2816468285e3,campaign-sf1,mado,tpch,Q05,Complex,mysql,non-indexed,1,7,3,3,django,orm,q05s6,0,36.769263,5,ok,,900000,1.01,171342,127568254984864,2026-09-05T18:12:21.257-05:00
2816468285e3,campaign-sf1,mado,tpch,Q05,Complex,mysql,non-indexed,1,8,2,-1,django,sql,q05s7,2,35.250601,,ok,,900000,1.0,171342,127568254984864,2026-09-05T18:12:56.512-05:00
2816468285e3,campaign-sf1,mado,tpch,Q05,Complex,mysql,non-indexed,1,8,2,-1,django,orm,q05s7,2,36.635907,,ok,,900000,1.0,171342,127568254984864,2026-09-05T18:13:33.148-05:00
2816468285e3,campaign-sf1,mado,tpch,Q05,Complex,mysql,non-indexed,1,8,2,-1,sqlalchemy,sql,q05s7,2,35.165689,,ok,,900000,1.0,171342,127568254984864,2026-09-05T18:14:08.314-05:00
2816468285e3,campaign-sf1,mado,tpch,Q05,Complex,mysql,non-indexed,1,8,2,-1,sqlalchemy,orm,q05s7,2,35.123155,,ok,,900000,1.0,171342,127568254984864,2026-09-05T18:14:43.437-05:00
2816468285e3,campaign-sf1,mado,tpch,Q05,Complex,mysql,non-indexed,1,8,2,0,sqlalchemy,orm,q05s7,0,35.128401,5,ok,,900000,1.0,171342,127568254984864,2026-09-05T18:15:18.566-05:00
2816468285e3,campaign-sf1,mado,tpch,Q05,Complex,mysql,non-indexed,1,8,2,1,sqlalchemy,sql,q05s7,0,35.363311,5,ok,,900000,1.08,171342,127568254984864,2026-09-05T18:15:53.929-05:00
2816468285e3,campaign-sf1,mado,tpch,Q05,Complex,mysql,non-indexed,1,8,2,2,django,orm,q05s7,0,36.659446,5,ok,,900000,1.15,171342,127568254984864,2026-09-05T18:16:30.589-05:00
2816468285e3,campaign-sf1,mado,tpch,Q05,Complex,mysql,non-indexed,1,8,2,3,django,sql,q05s7,0,35.273632,5,ok,,900000,1.08,171342,127568254984864,2026-09-05T18:17:05.863-05:00
1bebf7599d14,campaign-sf1,mado,tpch,Q06,Simple,mysql,non-indexed,1,0,3,0,sqlalchemy,sql,q06warm,1,6.568238,1,ok,,900000,1.07,172047,131481181004400,2026-09-05T18:17:13.505-05:00
1bebf7599d14,campaign-sf1,mado,tpch,Q06,Simple,mysql,non-indexed,1,0,3,1,django,sql,q06warm,1,6.570413,1,ok,,900000,1.06,172047,131481181004400,2026-09-05T18:17:20.075-05:00
1bebf7599d14,campaign-sf1,mado,tpch,Q06,Simple,mysql,non-indexed,1,0,3,2,sqlalchemy,orm,q06warm,1,6.70091,1,ok,,900000,1.05,172047,131481181004400,2026-09-05T18:17:26.776-05:00
1bebf7599d14,campaign-sf1,mado,tpch,Q06,Simple,mysql,non-indexed,1,0,3,3,django,orm,q06warm,1,7.55069,1,ok,,900000,1.05,172047,131481181004400,2026-09-05T18:17:34.327-05:00
1bebf7599d14,campaign-sf1,mado,tpch,Q06,Simple,mysql,non-indexed,1,1,3,-1,django,sql,q06s0,2,6.620206,,ok,,900000,1.04,172047,131481181004400,2026-09-05T18:17:40.952-05:00
1bebf7599d14,campaign-sf1,mado,tpch,Q06,Simple,mysql,non-indexed,1,1,3,-1,django,orm,q06s0,2,7.764801,,ok,,900000,1.04,172047,131481181004400,2026-09-05T18:17:48.717-05:00
1bebf7599d14,campaign-sf1,mado,tpch,Q06,Simple,mysql,non-indexed,1,1,3,-1,sqlalchemy,sql,q06s0,2,6.623601,,ok,,900000,1.03,172047,131481181004400,2026-09-05T18:17:55.341-05:00
1bebf7599d14,campaign-sf1,mado,tpch,Q06,Simple,mysql,non-indexed,1,1,3,-1,sqlalchemy,orm,q06s0,2,6.725516,,ok,,900000,1.03,172047,131481181004400,2026-09-05T18:18:02.066-05:00
1bebf7599d14,campaign-sf1,mado,tpch,Q06,Simple,mysql,non-indexed,1,1,3,0,sqlalchemy,sql,q06s0,0,6.621309,1,ok,,900000,1.03,172047,131481181004400,2026-09-05T18:18:08.688-05:00
1bebf7599d14,campaign-sf1,mado,tpch,Q06,Simple,mysql,non-indexed,1,1,3,1,django,sql,q06s0,0,6.621267,1,ok,,900000,1.02,172047,131481181004400,2026-09-05T18:18:15.309-05:00
1bebf7599d14,campaign-sf1,mado,tpch,Q06,Simple,mysql,non-indexed,1,1,3,2,sqlalchemy,orm,q06s0,0,6.727099,1,ok,,900000,1.02,172047,131481181004400,2026-09-05T18:18:22.036-05:00
1bebf7599d14,campaign-sf1,mado,tpch,Q06,Simple,mysql,non-indexed,1,1,3,3,django,orm,q06s0,0,7.769163,1,ok,,900000,1.02,172047,131481181004400,2026-09-05T18:18:29.806-05:00
1bebf7599d14,campaign-sf1,mado,tpch,Q06,Simple,mysql,non-indexed,1,2,0,-1,django,sql,q06s1,2,6.616142,,ok,,900000,1.01,172047,131481181004400,2026-09-05T18:18:36.427-05:00
1bebf7599d14,campaign-sf1,mado,tpch,Q06,Simple,mysql,non-indexed,1,2,0,-1,django,orm,q06s1,2,7.625157,,ok,,900000,1.01,172047,131481181004400,2026-09-05T18:18:44.052-05:00
1bebf7599d14,campaign-sf1,mado,tpch,Q06,Simple,mysql,non-indexed,1,2,0,-1,sqlalchemy,sql,q06s1,2,6.612392,,ok,,900000,1.01,172047,131481181004400,2026-09-05T18:18:50.664-05:00
1bebf7599d14,campaign-sf1,mado,tpch,Q06,Simple,mysql,non-indexed,1,2,0,-1,sqlalchemy,orm,q06s1,2,6.707466,,ok,,900000,1.01,172047,131481181004400,2026-09-05T18:18:57.372-05:00
1bebf7599d14,campaign-sf1,mado,tpch,Q06,Simple,mysql,non-indexed,1,2,0,0,django,sql,q06s1,0,6.618929,1,ok,,900000,1.01,172047,131481181004400,2026-09-05T18:19:03.991-05:00
1bebf7599d14,campaign-sf1,mado,tpch,Q06,Simple,mysql,non-indexed,1,2,0,1,django,orm,q06s1,0,7.628363,1,ok,,900000,1.01,172047,131481181004400,2026-09-05T18:19:11.619-05:00
1bebf7599d14,campaign-sf1,mado,tpch,Q06,Simple,mysql,non-indexed,1,2,0,2,sqlalchemy,sql,q06s1,0,6.611927,1,ok,,900000,1.01,172047,131481181004400,2026-09-05T18:19:18.231-05:00
1bebf7599d14,campaign-sf1,mado,tpch,Q06,Simple,mysql,non-indexed,1,2,0,3,sqlalchemy,orm,q06s1,0,6.70477,1,ok,,900000,1.09,172047,131481181004400,2026-09-05T18:19:24.936-05:00
1bebf7599d14,campaign-sf1,mado,tpch,Q06,Simple,mysql,non-indexed,1,3,2,-1,django,sql,q06s2,2,6.532806,,ok,,900000,1.07,172047,131481181004400,2026-09-05T18:19:31.474-05:00
1bebf7599d14,campaign-sf1,mado,tpch,Q06,Simple,mysql,non-indexed,1,3,2,-1,django,orm,q06s2,2,7.913648,,ok,,900000,1.07,172047,131481181004400,2026-09-05T18:19:39.388-05:00
1bebf7599d14,campaign-sf1,mado,tpch,Q06,Simple,mysql,non-indexed,1,3,2,-1,sqlalchemy,sql,q06s2,2,6.52899,,ok,,900000,1.06,172047,131481181004400,2026-09-05T18:19:45.917-05:00
1bebf7599d14,campaign-sf1,mado,tpch,Q06,Simple,mysql,non-indexed,1,3,2,-1,sqlalchemy,orm,q06s2,2,6.660818,,ok,,900000,1.05,172047,131481181004400,2026-09-05T18:19:52.577-05:00
1bebf7599d14,campaign-sf1,mado,tpch,Q06,Simple,mysql,non-indexed,1,3,2,0,sqlalchemy,orm,q06s2,0,6.645247,1,ok,,900000,1.05,172047,131481181004400,2026-09-05T18:19:59.223-05:00
1bebf7599d14,campaign-sf1,mado,tpch,Q06,Simple,mysql,non-indexed,1,3,2,1,sqlalchemy,sql,q06s2,0,6.494901,1,ok,,900000,1.04,172047,131481181004400,2026-09-05T18:20:05.718-05:00
1bebf7599d14,campaign-sf1,mado,tpch,Q06,Simple,mysql,non-indexed,1,3,2,2,django,orm,q06s2,0,7.878733,1,ok,,900000,1.04,172047,131481181004400,2026-09-05T18:20:13.597-05:00
1bebf7599d14,campaign-sf1,mado,tpch,Q06,Simple,mysql,non-indexed,1,3,2,3,django,sql,q06s2,0,6.557995,1,ok,,900000,1.03,172047,131481181004400,2026-09-05T18:20:20.155-05:00
1bebf7599d14,campaign-sf1,mado,tpch,Q06,Simple,mysql,non-indexed,1,4,1,-1,django,sql,q06s3,2,6.582698,,ok,,900000,1.03,172047,131481181004400,2026-09-05T18:20:26.743-05:00
1bebf7599d14,campaign-sf1,mado,tpch,Q06,Simple,mysql,non-indexed,1,4,1,-1,django,orm,q06s3,2,7.819773,,ok,,900000,1.02,172047,131481181004400,2026-09-05T18:20:34.562-05:00
1bebf7599d14,campaign-sf1,mado,tpch,Q06,Simple,mysql,non-indexed,1,4,1,-1,sqlalchemy,sql,q06s3,2,6.583488,,ok,,900000,1.02,172047,131481181004400,2026-09-05T18:20:41.146-05:00
1bebf7599d14,campaign-sf1,mado,tpch,Q06,Simple,mysql,non-indexed,1,4,1,-1,sqlalchemy,orm,q06s3,2,6.696914,,ok,,900000,1.02,172047,131481181004400,2026-09-05T18:20:47.843-05:00
1bebf7599d14,campaign-sf1,mado,tpch,Q06,Simple,mysql,non-indexed,1,4,1,0,django,orm,q06s3,0,7.783182,1,ok,,900000,1.02,172047,131481181004400,2026-09-05T18:20:55.626-05:00
1bebf7599d14,campaign-sf1,mado,tpch,Q06,Simple,mysql,non-indexed,1,4,1,1,sqlalchemy,orm,q06s3,0,6.686126,1,ok,,900000,1.01,172047,131481181004400,2026-09-05T18:21:02.312-05:00
1bebf7599d14,campaign-sf1,mado,tpch,Q06,Simple,mysql,non-indexed,1,4,1,2,django,sql,q06s3,0,6.609303,1,ok,,900000,1.01,172047,131481181004400,2026-09-05T18:21:08.922-05:00
1bebf7599d14,campaign-sf1,mado,tpch,Q06,Simple,mysql,non-indexed,1,4,1,3,sqlalchemy,sql,q06s3,0,6.547221,1,ok,,900000,1.01,172047,131481181004400,2026-09-05T18:21:15.469-05:00
1bebf7599d14,campaign-sf1,mado,tpch,Q06,Simple,mysql,non-indexed,1,5,3,-1,django,sql,q06s4,2,6.656157,,ok,,900000,1.01,172047,131481181004400,2026-09-05T18:21:22.130-05:00
1bebf7599d14,campaign-sf1,mado,tpch,Q06,Simple,mysql,non-indexed,1,5,3,-1,django,orm,q06s4,2,7.923586,,ok,,900000,1.01,172047,131481181004400,2026-09-05T18:21:30.054-05:00
1bebf7599d14,campaign-sf1,mado,tpch,Q06,Simple,mysql,non-indexed,1,5,3,-1,sqlalchemy,sql,q06s4,2,6.650534,,ok,,900000,1.01,172047,131481181004400,2026-09-05T18:21:36.705-05:00
1bebf7599d14,campaign-sf1,mado,tpch,Q06,Simple,mysql,non-indexed,1,5,3,-1,sqlalchemy,orm,q06s4,2,6.777409,,ok,,900000,1.01,172047,131481181004400,2026-09-05T18:21:43.482-05:00
1bebf7599d14,campaign-sf1,mado,tpch,Q06,Simple,mysql,non-indexed,1,5,3,0,sqlalchemy,sql,q06s4,0,6.651726,1,ok,,900000,1.0,172047,131481181004400,2026-09-05T18:21:50.134-05:00
1bebf7599d14,campaign-sf1,mado,tpch,Q06,Simple,mysql,non-indexed,1,5,3,1,django,sql,q06s4,0,6.658882,1,ok,,900000,1.0,172047,131481181004400,2026-09-05T18:21:56.793-05:00
1bebf7599d14,campaign-sf1,mado,tpch,Q06,Simple,mysql,non-indexed,1,5,3,2,sqlalchemy,orm,q06s4,0,6.778697,1,ok,,900000,1.0,172047,131481181004400,2026-09-05T18:22:03.572-05:00
1bebf7599d14,campaign-sf1,mado,tpch,Q06,Simple,mysql,non-indexed,1,5,3,3,django,orm,q06s4,0,7.920188,1,ok,,900000,1.0,172047,131481181004400,2026-09-05T18:22:11.492-05:00
1bebf7599d14,campaign-sf1,mado,tpch,Q06,Simple,mysql,non-indexed,1,6,0,-1,django,sql,q06s5,2,6.606852,,ok,,900000,1.0,172047,131481181004400,2026-09-05T18:22:18.104-05:00
1bebf7599d14,campaign-sf1,mado,tpch,Q06,Simple,mysql,non-indexed,1,6,0,-1,django,orm,q06s5,2,7.541771,,ok,,900000,1.0,172047,131481181004400,2026-09-05T18:22:25.645-05:00
1bebf7599d14,campaign-sf1,mado,tpch,Q06,Simple,mysql,non-indexed,1,6,0,-1,sqlalchemy,sql,q06s5,2,6.607085,,ok,,900000,1.0,172047,131481181004400,2026-09-05T18:22:32.253-05:00
1bebf7599d14,campaign-sf1,mado,tpch,Q06,Simple,mysql,non-indexed,1,6,0,-1,sqlalchemy,orm,q06s5,2,6.694505,,ok,,900000,1.0,172047,131481181004400,2026-09-05T18:22:38.947-05:00
1bebf7599d14,campaign-sf1,mado,tpch,Q06,Simple,mysql,non-indexed,1,6,0,0,django,sql,q06s5,0,6.608215,1,ok,,900000,1.0,172047,131481181004400,2026-09-05T18:22:45.555-05:00
1bebf7599d14,campaign-sf1,mado,tpch,Q06,Simple,mysql,non-indexed,1,6,0,1,django,orm,q06s5,0,7.542375,1,ok,,900000,1.0,172047,131481181004400,2026-09-05T18:22:53.098-05:00
1bebf7599d14,campaign-sf1,mado,tpch,Q06,Simple,mysql,non-indexed,1,6,0,2,sqlalchemy,sql,q06s5,0,6.604805,1,ok,,900000,1.0,172047,131481181004400,2026-09-05T18:22:59.703-05:00
1bebf7599d14,campaign-sf1,mado,tpch,Q06,Simple,mysql,non-indexed,1,6,0,3,sqlalchemy,orm,q06s5,0,6.69572,1,ok,,900000,1.0,172047,131481181004400,2026-09-05T18:23:06.399-05:00
1bebf7599d14,campaign-sf1,mado,tpch,Q06,Simple,mysql,non-indexed,1,7,1,-1,django,sql,q06s6,2,6.57868,,ok,,900000,1.0,172047,131481181004400,2026-09-05T18:23:12.982-05:00
1bebf7599d14,campaign-sf1,mado,tpch,Q06,Simple,mysql,non-indexed,1,7,1,-1,django,orm,q06s6,2,7.704258,,ok,,900000,1.0,172047,131481181004400,2026-09-05T18:23:20.687-05:00
1bebf7599d14,campaign-sf1,mado,tpch,Q06,Simple,mysql,non-indexed,1,7,1,-1,sqlalchemy,sql,q06s6,2,6.578079,,ok,,900000,1.0,172047,131481181004400,2026-09-05T18:23:27.265-05:00
1bebf7599d14,campaign-sf1,mado,tpch,Q06,Simple,mysql,non-indexed,1,7,1,-1,sqlalchemy,orm,q06s6,2,6.679049,,ok,,900000,1.0,172047,131481181004400,2026-09-05T18:23:33.944-05:00
1bebf7599d14,campaign-sf1,mado,tpch,Q06,Simple,mysql,non-indexed,1,7,1,0,django,orm,q06s6,0,7.668576,1,ok,,900000,1.0,172047,131481181004400,2026-09-05T18:23:41.613-05:00
1bebf7599d14,campaign-sf1,mado,tpch,Q06,Simple,mysql,non-indexed,1,7,1,1,sqlalchemy,orm,q06s6,0,6.669439,1,ok,,900000,1.0,172047,131481181004400,2026-09-05T18:23:48.282-05:00
1bebf7599d14,campaign-sf1,mado,tpch,Q06,Simple,mysql,non-indexed,1,7,1,2,django,sql,q06s6,0,6.669629,1,ok,,900000,1.16,172047,131481181004400,2026-09-05T18:23:54.952-05:00
1bebf7599d14,campaign-sf1,mado,tpch,Q06,Simple,mysql,non-indexed,1,7,1,3,sqlalchemy,sql,q06s6,0,6.543781,1,ok,,900000,1.13,172047,131481181004400,2026-09-05T18:24:01.496-05:00
1bebf7599d14,campaign-sf1,mado,tpch,Q06,Simple,mysql,non-indexed,1,8,2,-1,django,sql,q06s7,2,6.523622,,ok,,900000,1.12,172047,131481181004400,2026-09-05T18:24:08.024-05:00
1bebf7599d14,campaign-sf1,mado,tpch,Q06,Simple,mysql,non-indexed,1,8,2,-1,django,orm,q06s7,2,7.616617,,ok,,900000,1.11,172047,131481181004400,2026-09-05T18:24:15.641-05:00
1bebf7599d14,campaign-sf1,mado,tpch,Q06,Simple,mysql,non-indexed,1,8,2,-1,sqlalchemy,sql,q06s7,2,6.519319,,ok,,900000,1.1,172047,131481181004400,2026-09-05T18:24:22.160-05:00
1bebf7599d14,campaign-sf1,mado,tpch,Q06,Simple,mysql,non-indexed,1,8,2,-1,sqlalchemy,orm,q06s7,2,6.611903,,ok,,900000,1.09,172047,131481181004400,2026-09-05T18:24:28.772-05:00
1bebf7599d14,campaign-sf1,mado,tpch,Q06,Simple,mysql,non-indexed,1,8,2,0,sqlalchemy,orm,q06s7,0,6.600046,1,ok,,900000,1.08,172047,131481181004400,2026-09-05T18:24:35.372-05:00
1bebf7599d14,campaign-sf1,mado,tpch,Q06,Simple,mysql,non-indexed,1,8,2,1,sqlalchemy,sql,q06s7,0,6.484922,1,ok,,900000,1.07,172047,131481181004400,2026-09-05T18:24:41.857-05:00
1bebf7599d14,campaign-sf1,mado,tpch,Q06,Simple,mysql,non-indexed,1,8,2,2,django,orm,q06s7,0,7.583969,1,ok,,900000,1.06,172047,131481181004400,2026-09-05T18:24:49.441-05:00
1bebf7599d14,campaign-sf1,mado,tpch,Q06,Simple,mysql,non-indexed,1,8,2,3,django,sql,q06s7,0,6.547942,1,ok,,900000,1.05,172047,131481181004400,2026-09-05T18:24:55.990-05:00
0eb6b50ca915,campaign-sf1,mado,tpch,Q07,Complex,mysql,non-indexed,1,0,2,0,sqlalchemy,orm,q07warm,1,20.782074,4,ok,,900000,1.04,172075,139019445592112,2026-09-05T18:25:17.844-05:00
0eb6b50ca915,campaign-sf1,mado,tpch,Q07,Complex,mysql,non-indexed,1,0,2,1,sqlalchemy,sql,q07warm,1,20.779747,4,ok,,900000,1.02,172075,139019445592112,2026-09-05T18:25:38.624-05:00
0eb6b50ca915,campaign-sf1,mado,tpch,Q07,Complex,mysql,non-indexed,1,0,2,2,django,orm,q07warm,1,18.209339,4,ok,,900000,1.02,172075,139019445592112,2026-09-05T18:25:56.834-05:00
0eb6b50ca915,campaign-sf1,mado,tpch,Q07,Complex,mysql,non-indexed,1,0,2,3,django,sql,q07warm,1,20.644831,4,ok,,900000,1.07,172075,139019445592112,2026-09-05T18:26:17.479-05:00
0eb6b50ca915,campaign-sf1,mado,tpch,Q07,Complex,mysql,non-indexed,1,1,2,-1,django,sql,q07s0,2,20.630815,,ok,,900000,1.05,172075,139019445592112,2026-09-05T18:26:38.114-05:00
0eb6b50ca915,campaign-sf1,mado,tpch,Q07,Complex,mysql,non-indexed,1,1,2,-1,django,orm,q07s0,2,18.138716,,ok,,900000,1.1,172075,139019445592112,2026-09-05T18:26:56.253-05:00
0eb6b50ca915,campaign-sf1,mado,tpch,Q07,Complex,mysql,non-indexed,1,1,2,-1,sqlalchemy,sql,q07s0,2,20.738052,,ok,,900000,1.07,172075,139019445592112,2026-09-05T18:27:16.991-05:00
0eb6b50ca915,campaign-sf1,mado,tpch,Q07,Complex,mysql,non-indexed,1,1,2,-1,sqlalchemy,orm,q07s0,2,20.654827,,ok,,900000,1.05,172075,139019445592112,2026-09-05T18:27:37.646-05:00
0eb6b50ca915,campaign-sf1,mado,tpch,Q07,Complex,mysql,non-indexed,1,1,2,0,sqlalchemy,orm,q07s0,0,20.673747,4,ok,,900000,1.04,172075,139019445592112,2026-09-05T18:27:58.320-05:00
0eb6b50ca915,campaign-sf1,mado,tpch,Q07,Complex,mysql,non-indexed,1,1,2,1,sqlalchemy,sql,q07s0,0,20.728072,4,ok,,900000,1.02,172075,139019445592112,2026-09-05T18:28:19.048-05:00
0eb6b50ca915,campaign-sf1,mado,tpch,Q07,Complex,mysql,non-indexed,1,1,2,2,django,orm,q07s0,0,18.087163,4,ok,,900000,1.02,172075,139019445592112,2026-09-05T18:28:37.135-05:00
0eb6b50ca915,campaign-sf1,mado,tpch,Q07,Complex,mysql,non-indexed,1,1,2,3,django,sql,q07s0,0,20.63823,4,ok,,900000,1.01,172075,139019445592112,2026-09-05T18:28:57.773-05:00
0eb6b50ca915,campaign-sf1,mado,tpch,Q07,Complex,mysql,non-indexed,1,2,3,-1,django,sql,q07s1,2,20.67637,,ok,,900000,1.01,172075,139019445592112,2026-09-05T18:29:18.454-05:00
0eb6b50ca915,campaign-sf1,mado,tpch,Q07,Complex,mysql,non-indexed,1,2,3,-1,django,orm,q07s1,2,18.149356,,ok,,900000,1.07,172075,139019445592112,2026-09-05T18:29:36.604-05:00
0eb6b50ca915,campaign-sf1,mado,tpch,Q07,Complex,mysql,non-indexed,1,2,3,-1,sqlalchemy,sql,q07s1,2,20.762856,,ok,,900000,1.05,172075,139019445592112,2026-09-05T18:29:57.367-05:00
0eb6b50ca915,campaign-sf1,mado,tpch,Q07,Complex,mysql,non-indexed,1,2,3,-1,sqlalchemy,orm,q07s1,2,20.769378,,ok,,900000,1.1,172075,139019445592112,2026-09-05T18:30:18.136-05:00
0eb6b50ca915,campaign-sf1,mado,tpch,Q07,Complex,mysql,non-indexed,1,2,3,0,sqlalchemy,sql,q07s1,0,20.749459,4,ok,,900000,1.07,172075,139019445592112,2026-09-05T18:30:38.886-05:00
0eb6b50ca915,campaign-sf1,mado,tpch,Q07,Complex,mysql,non-indexed,1,2,3,1,django,sql,q07s1,0,20.684002,4,ok,,900000,1.12,172075,139019445592112,2026-09-05T18:30:59.570-05:00
0eb6b50ca915,campaign-sf1,mado,tpch,Q07,Complex,mysql,non-indexed,1,2,3,2,sqlalchemy,orm,q07s1,0,20.74333,4,ok,,900000,1.14,172075,139019445592112,2026-09-05T18:31:20.313-05:00
0eb6b50ca915,campaign-sf1,mado,tpch,Q07,Complex,mysql,non-indexed,1,2,3,3,django,orm,q07s1,0,18.200122,4,ok,,900000,1.1,172075,139019445592112,2026-09-05T18:31:38.513-05:00
0eb6b50ca915,campaign-sf1,mado,tpch,Q07,Complex,mysql,non-indexed,1,3,1,-1,django,sql,q07s2,2,20.7351,,ok,,900000,1.15,172075,139019445592112,2026-09-05T18:31:59.253-05:00
0eb6b50ca915,campaign-sf1,mado,tpch,Q07,Complex,mysql,non-indexed,1,3,1,-1,django,orm,q07s2,2,18.000813,,ok,,900000,1.26,172075,139019445592112,2026-09-05T18:32:17.254-05:00
0eb6b50ca915,campaign-sf1,mado,tpch,Q07,Complex,mysql,non-indexed,1,3,1,-1,sqlalchemy,sql,q07s2,2,20.662321,,ok,,900000,1.19,172075,139019445592112,2026-09-05T18:32:37.917-05:00
0eb6b50ca915,campaign-sf1,mado,tpch,Q07,Complex,mysql,non-indexed,1,3,1,-1,sqlalchemy,orm,q07s2,2,20.582161,,ok,,900000,1.13,172075,139019445592112,2026-09-05T18:32:58.499-05:00
0eb6b50ca915,campaign-sf1,mado,tpch,Q07,Complex,mysql,non-indexed,1,3,1,0,django,orm,q07s2,0,18.071156,4,ok,,900000,1.28,172075,139019445592112,2026-09-05T18:33:16.570-05:00
0eb6b50ca915,campaign-sf1,mado,tpch,Q07,Complex,mysql,non-indexed,1,3,1,1,sqlalchemy,orm,q07s2,0,20.621104,4,ok,,900000,1.2,172075,139019445592112,2026-09-05T18:33:37.191-05:00
0eb6b50ca915,campaign-sf1,mado,tpch,Q07,Complex,mysql,non-indexed,1,3,1,2,django,sql,q07s2,0,20.558751,4,ok,,900000,1.14,172075,139019445592112,2026-09-05T18:33:57.750-05:00
0eb6b50ca915,campaign-sf1,mado,tpch,Q07,Complex,mysql,non-indexed,1,3,1,3,sqlalchemy,sql,q07s2,0,20.656287,4,ok,,900000,1.1,172075,139019445592112,2026-09-05T18:34:18.407-05:00
0eb6b50ca915,campaign-sf1,mado,tpch,Q07,Complex,mysql,non-indexed,1,4,0,-1,django,sql,q07s3,2,20.638386,,ok,,900000,1.07,172075,139019445592112,2026-09-05T18:34:39.050-05:00
0eb6b50ca915,campaign-sf1,mado,tpch,Q07,Complex,mysql,non-indexed,1,4,0,-1,django,orm,q07s3,2,18.152424,,ok,,900000,1.05,172075,139019445592112,2026-09-05T18:34:57.202-05:00
0eb6b50ca915,campaign-sf1,mado,tpch,Q07,Complex,mysql,non-indexed,1,4,0,-1,sqlalchemy,sql,q07s3,2,20.708968,,ok,,900000,1.04,172075,139019445592112,2026-09-05T18:35:17.911-05:00
0eb6b50ca915,campaign-sf1,mado,tpch,Q07,Complex,mysql,non-indexed,1,4,0,-1,sqlalchemy,orm,q07s3,2,20.675352,,ok,,900000,1.02,172075,139019445592112,2026-09-05T18:35:38.587-05:00
0eb6b50ca915,campaign-sf1,mado,tpch,Q07,Complex,mysql,non-indexed,1,4,0,0,django,sql,q07s3,0,20.642047,4,ok,,900000,1.02,172075,139019445592112,2026-09-05T18:35:59.229-05:00
0eb6b50ca915,campaign-sf1,mado,tpch,Q07,Complex,mysql,non-indexed,1,4,0,1,django,orm,q07s3,0,18.129892,4,ok,,900000,1.07,172075,139019445592112,2026-09-05T18:36:17.359-05:00
0eb6b50ca915,campaign-sf1,mado,tpch,Q07,Complex,mysql,non-indexed,1,4,0,2,sqlalchemy,sql,q07s3,0,20.701059,4,ok,,900000,1.05,172075,139019445592112,2026-09-05T18:36:38.060-05:00
0eb6b50ca915,campaign-sf1,mado,tpch,Q07,Complex,mysql,non-indexed,1,4,0,3,sqlalchemy,orm,q07s3,0,20.666679,4,ok,,900000,1.04,172075,139019445592112,2026-09-05T18:36:58.727-05:00
0eb6b50ca915,campaign-sf1,mado,tpch,Q07,Complex,mysql,non-indexed,1,5,1,-1,django,sql,q07s4,2,20.540084,,ok,,900000,1.02,172075,139019445592112,2026-09-05T18:37:19.272-05:00
0eb6b50ca915,campaign-sf1,mado,tpch,Q07,Complex,mysql,non-indexed,1,5,1,-1,django,orm,q07s4,2,18.010746,,ok,,900000,1.02,172075,139019445592112,2026-09-05T18:37:37.283-05:00
0eb6b50ca915,campaign-sf1,mado,tpch,Q07,Complex,mysql,non-indexed,1,5,1,-1,sqlalchemy,sql,q07s4,2,20.636633,,ok,,900000,1.01,172075,139019445592112,2026-09-05T18:37:57.919-05:00
0eb6b50ca915,campaign-sf1,mado,tpch,Q07,Complex,mysql,non-indexed,1,5,1,-1,sqlalchemy,orm,q07s4,2,20.569464,,ok,,900000,1.01,172075,139019445592112,2026-09-05T18:38:18.489-05:00
0eb6b50ca915,campaign-sf1,mado,tpch,Q07,Complex,mysql,non-indexed,1,5,1,0,django,orm,q07s4,0,18.07114,4,ok,,900000,1.0,172075,139019445592112,2026-09-05T18:38:36.560-05:00
0eb6b50ca915,campaign-sf1,mado,tpch,Q07,Complex,mysql,non-indexed,1,5,1,1,sqlalchemy,orm,q07s4,0,20.569594,4,ok,,900000,1.0,172075,139019445592112,2026-09-05T18:38:57.130-05:00
0eb6b50ca915,campaign-sf1,mado,tpch,Q07,Complex,mysql,non-indexed,1,5,1,2,django,sql,q07s4,0,20.566108,4,ok,,900000,1.0,172075,139019445592112,2026-09-05T18:39:17.696-05:00
0eb6b50ca915,campaign-sf1,mado,tpch,Q07,Complex,mysql,non-indexed,1,5,1,3,sqlalchemy,sql,q07s4,0,20.631183,4,ok,,900000,1.0,172075,139019445592112,2026-09-05T18:39:38.327-05:00
0eb6b50ca915,campaign-sf1,mado,tpch,Q07,Complex,mysql,non-indexed,1,6,3,-1,django,sql,q07s5,2,20.645556,,ok,,900000,1.0,172075,139019445592112,2026-09-05T18:39:58.978-05:00
0eb6b50ca915,campaign-sf1,mado,tpch,Q07,Complex,mysql,non-indexed,1,6,3,-1,django,orm,q07s5,2,18.112285,,ok,,900000,1.0,172075,139019445592112,2026-09-05T18:40:17.090-05:00
0eb6b50ca915,campaign-sf1,mado,tpch,Q07,Complex,mysql,non-indexed,1,6,3,-1,sqlalchemy,sql,q07s5,2,20.742762,,ok,,900000,1.0,172075,139019445592112,2026-09-05T18:40:37.833-05:00
0eb6b50ca915,campaign-sf1,mado,tpch,Q07,Complex,mysql,non-indexed,1,6,3,-1,sqlalchemy,orm,q07s5,2,20.688956,,ok,,900000,1.0,172075,139019445592112,2026-09-05T18:40:58.522-05:00
0eb6b50ca915,campaign-sf1,mado,tpch,Q07,Complex,mysql,non-indexed,1,6,3,0,sqlalchemy,sql,q07s5,0,20.74627,4,ok,,900000,1.0,172075,139019445592112,2026-09-05T18:41:19.268-05:00
0eb6b50ca915,campaign-sf1,mado,tpch,Q07,Complex,mysql,non-indexed,1,6,3,1,django,sql,q07s5,0,20.628617,4,ok,,900000,1.0,172075,139019445592112,2026-09-05T18:41:39.897-05:00
0eb6b50ca915,campaign-sf1,mado,tpch,Q07,Complex,mysql,non-indexed,1,6,3,2,sqlalchemy,orm,q07s5,0,20.688285,4,ok,,900000,1.0,172075,139019445592112,2026-09-05T18:42:00.585-05:00
0eb6b50ca915,campaign-sf1,mado,tpch,Q07,Complex,mysql,non-indexed,1,6,3,3,django,orm,q07s5,0,18.102566,4,ok,,900000,1.0,172075,139019445592112,2026-09-05T18:42:18.688-05:00
0eb6b50ca915,campaign-sf1,mado,tpch,Q07,Complex,mysql,non-indexed,1,7,2,-1,django,sql,q07s6,2,20.650302,,ok,,900000,1.0,172075,139019445592112,2026-09-05T18:42:39.343-05:00
0eb6b50ca915,campaign-sf1,mado,tpch,Q07,Complex,mysql,non-indexed,1,7,2,-1,django,orm,q07s6,2,18.12476,,ok,,900000,1.0,172075,139019445592112,2026-09-05T18:42:57.468-05:00
0eb6b50ca915,campaign-sf1,mado,tpch,Q07,Complex,mysql,non-indexed,1,7,2,-1,sqlalchemy,sql,q07s6,2,20.744731,,ok,,900000,1.0,172075,139019445592112,2026-09-05T18:43:18.213-05:00
0eb6b50ca915,campaign-sf1,mado,tpch,Q07,Complex,mysql,non-indexed,1,7,2,-1,sqlalchemy,orm,q07s6,2,20.690008,,ok,,900000,1.0,172075,139019445592112,2026-09-05T18:43:38.903-05:00
0eb6b50ca915,campaign-sf1,mado,tpch,Q07,Complex,mysql,non-indexed,1,7,2,0,sqlalchemy,orm,q07s6,0,20.678141,4,ok,,900000,1.0,172075,139019445592112,2026-09-05T18:43:59.581-05:00
0eb6b50ca915,campaign-sf1,mado,tpch,Q07,Complex,mysql,non-indexed,1,7,2,1,sqlalchemy,sql,q07s6,0,20.743607,4,ok,,900000,1.0,172075,139019445592112,2026-09-05T18:44:20.325-05:00
0eb6b50ca915,campaign-sf1,mado,tpch,Q07,Complex,mysql,non-indexed,1,7,2,2,django,orm,q07s6,0,18.0973,4,ok,,900000,1.07,172075,139019445592112,2026-09-05T18:44:38.422-05:00
0eb6b50ca915,campaign-sf1,mado,tpch,Q07,Complex,mysql,non-indexed,1,7,2,3,django,sql,q07s6,0,20.651871,4,ok,,900000,1.05,172075,139019445592112,2026-09-05T18:44:59.074-05:00
0eb6b50ca915,campaign-sf1,mado,tpch,Q07,Complex,mysql,non-indexed,1,8,0,-1,django,sql,q07s7,2,20.661844,,ok,,900000,1.1,172075,139019445592112,2026-09-05T18:45:19.741-05:00
0eb6b50ca915,campaign-sf1,mado,tpch,Q07,Complex,mysql,non-indexed,1,8,0,-1,django,orm,q07s7,2,18.191593,,ok,,900000,1.07,172075,139019445592112,2026-09-05T18:45:37.932-05:00
0eb6b50ca915,campaign-sf1,mado,tpch,Q07,Complex,mysql,non-indexed,1,8,0,-1,sqlalchemy,sql,q07s7,2,20.767593,,ok,,900000,1.05,172075,139019445592112,2026-09-05T18:45:58.700-05:00
0eb6b50ca915,campaign-sf1,mado,tpch,Q07,Complex,mysql,non-indexed,1,8,0,-1,sqlalchemy,orm,q07s7,2,20.747359,,ok,,900000,1.1,172075,139019445592112,2026-09-05T18:46:19.447-05:00
0eb6b50ca915,campaign-sf1,mado,tpch,Q07,Complex,mysql,non-indexed,1,8,0,0,django,sql,q07s7,0,20.657622,4,ok,,900000,1.07,172075,139019445592112,2026-09-05T18:46:40.105-05:00
0eb6b50ca915,campaign-sf1,mado,tpch,Q07,Complex,mysql,non-indexed,1,8,0,1,django,orm,q07s7,0,18.190205,4,ok,,900000,1.05,172075,139019445592112,2026-09-05T18:46:58.295-05:00
0eb6b50ca915,campaign-sf1,mado,tpch,Q07,Complex,mysql,non-indexed,1,8,0,2,sqlalchemy,sql,q07s7,0,20.768311,4,ok,,900000,1.03,172075,139019445592112,2026-09-05T18:47:19.064-05:00
0eb6b50ca915,campaign-sf1,mado,tpch,Q07,Complex,mysql,non-indexed,1,8,0,3,sqlalchemy,orm,q07s7,0,20.748204,4,ok,,900000,1.02,172075,139019445592112,2026-09-05T18:47:39.812-05:00
efddf3722ff3,campaign-sf1,mado,tpch,Q08,Very Complex,mysql,non-indexed,1,0,3,0,sqlalchemy,sql,q08warm,1,64.160503,2,ok,,900000,1.01,172405,134217676364048,2026-09-05T18:48:45.054-05:00
efddf3722ff3,campaign-sf1,mado,tpch,Q08,Very Complex,mysql,non-indexed,1,0,3,1,django,sql,q08warm,1,63.810568,2,ok,,900000,1.03,172405,134217676364048,2026-09-05T18:49:48.864-05:00
efddf3722ff3,campaign-sf1,mado,tpch,Q08,Very Complex,mysql,non-indexed,1,0,3,2,sqlalchemy,orm,q08warm,1,64.001789,2,ok,,900000,1.01,172405,134217676364048,2026-09-05T18:50:52.866-05:00
efddf3722ff3,campaign-sf1,mado,tpch,Q08,Very Complex,mysql,non-indexed,1,0,3,3,django,orm,q08warm,1,64.2908,2,ok,,900000,1.0,172405,134217676364048,2026-09-05T18:51:57.157-05:00
efddf3722ff3,campaign-sf1,mado,tpch,Q08,Very Complex,mysql,non-indexed,1,1,3,-1,django,sql,q08s0,2,63.900746,,ok,,900000,1.0,172405,134217676364048,2026-09-05T18:53:01.063-05:00
efddf3722ff3,campaign-sf1,mado,tpch,Q08,Very Complex,mysql,non-indexed,1,1,3,-1,django,orm,q08s0,2,64.429468,,ok,,900000,1.0,172405,134217676364048,2026-09-05T18:54:05.492-05:00
efddf3722ff3,campaign-sf1,mado,tpch,Q08,Very Complex,mysql,non-indexed,1,1,3,-1,sqlalchemy,sql,q08s0,2,64.045071,,ok,,900000,1.04,172405,134217676364048,2026-09-05T18:55:09.538-05:00
efddf3722ff3,campaign-sf1,mado,tpch,Q08,Very Complex,mysql,non-indexed,1,1,3,-1,sqlalchemy,orm,q08s0,2,63.736638,,ok,,900000,1.01,172405,134217676364048,2026-09-05T18:56:13.274-05:00
efddf3722ff3,campaign-sf1,mado,tpch,Q08,Very Complex,mysql,non-indexed,1,1,3,0,sqlalchemy,sql,q08s0,0,64.016065,2,ok,,900000,1.11,172405,134217676364048,2026-09-05T18:57:17.290-05:00
efddf3722ff3,campaign-sf1,mado,tpch,Q08,Very Complex,mysql,non-indexed,1,1,3,1,django,sql,q08s0,0,63.942133,2,ok,,900000,1.04,172405,134217676364048,2026-09-05T18:58:21.233-05:00
efddf3722ff3,campaign-sf1,mado,tpch,Q08,Very Complex,mysql,non-indexed,1,1,3,2,sqlalchemy,orm,q08s0,0,63.850513,2,ok,,900000,1.01,172405,134217676364048,2026-09-05T18:59:25.083-05:00
efddf3722ff3,campaign-sf1,mado,tpch,Q08,Very Complex,mysql,non-indexed,1,1,3,3,django,orm,q08s0,0,64.470629,2,ok,,900000,1.0,172405,134217676364048,2026-09-05T19:00:29.554-05:00
efddf3722ff3,campaign-sf1,mado,tpch,Q08,Very Complex,mysql,non-indexed,1,2,0,-1,django,sql,q08s1,2,64.012099,,ok,,900000,1.05,172405,134217676364048,2026-09-05T19:01:33.571-05:00
efddf3722ff3,campaign-sf1,mado,tpch,Q08,Very Complex,mysql,non-indexed,1,2,0,-1,django,orm,q08s1,2,64.441002,,ok,,900000,1.02,172405,134217676364048,2026-09-05T19:02:38.012-05:00
efddf3722ff3,campaign-sf1,mado,tpch,Q08,Very Complex,mysql,non-indexed,1,2,0,-1,sqlalchemy,sql,q08s1,2,66.069963,,ok,,900000,1.14,172405,134217676364048,2026-09-05T19:03:44.082-05:00
efddf3722ff3,campaign-sf1,mado,tpch,Q08,Very Complex,mysql,non-indexed,1,2,0,-1,sqlalchemy,orm,q08s1,2,64.565628,,ok,,900000,1.05,172405,134217676364048,2026-09-05T19:04:48.648-05:00
efddf3722ff3,campaign-sf1,mado,tpch,Q08,Very Complex,mysql,non-indexed,1,2,0,0,django,sql,q08s1,0,63.749146,2,ok,,900000,1.01,172405,134217676364048,2026-09-05T19:05:52.397-05:00
efddf3722ff3,campaign-sf1,mado,tpch,Q08,Very Complex,mysql,non-indexed,1,2,0,1,django,orm,q08s1,0,64.155122,2,ok,,900000,1.0,172405,134217676364048,2026-09-05T19:06:56.552-05:00
efddf3722ff3,campaign-sf1,mado,tpch,Q08,Very Complex,mysql,non-indexed,1,2,0,2,sqlalchemy,sql,q08s1,0,64.152136,2,ok,,900000,1.04,172405,134217676364048,2026-09-05T19:08:00.705-05:00
efddf3722ff3,campaign-sf1,mado,tpch,Q08,Very Complex,mysql,non-indexed,1,2,0,3,sqlalchemy,orm,q08s1,0,64.120135,2,ok,,900000,1.08,172405,134217676364048,2026-09-05T19:09:04.825-05:00
efddf3722ff3,campaign-sf1,mado,tpch,Q08,Very Complex,mysql,non-indexed,1,3,2,-1,django,sql,q08s2,2,63.950827,,ok,,900000,1.28,172405,134217676364048,2026-09-05T19:10:08.780-05:00
efddf3722ff3,campaign-sf1,mado,tpch,Q08,Very Complex,mysql,non-indexed,1,3,2,-1,django,orm,q08s2,2,64.130053,,ok,,900000,1.38,172405,134217676364048,2026-09-05T19:11:12.910-05:00
efddf3722ff3,campaign-sf1,mado,tpch,Q08,Very Complex,mysql,non-indexed,1,3,2,-1,sqlalchemy,sql,q08s2,2,64.099737,,ok,,900000,1.13,172405,134217676364048,2026-09-05T19:12:17.010-05:00
efddf3722ff3,campaign-sf1,mado,tpch,Q08,Very Complex,mysql,non-indexed,1,3,2,-1,sqlalchemy,orm,q08s2,2,63.985044,,ok,,900000,1.09,172405,134217676364048,2026-09-05T19:13:20.995-05:00
efddf3722ff3,campaign-sf1,mado,tpch,Q08,Very Complex,mysql,non-indexed,1,3,2,0,sqlalchemy,orm,q08s2,0,63.985952,2,ok,,900000,1.03,172405,134217676364048,2026-09-05T19:14:24.981-05:00
efddf3722ff3,campaign-sf1,mado,tpch,Q08,Very Complex,mysql,non-indexed,1,3,2,1,sqlalchemy,sql,q08s2,0,63.957911,2,ok,,900000,1.06,172405,134217676364048,2026-09-05T19:15:28.939-05:00
efddf3722ff3,campaign-sf1,mado,tpch,Q08,Very Complex,mysql,non-indexed,1,3,2,2,django,orm,q08s2,0,64.078451,2,ok,,900000,1.02,172405,134217676364048,2026-09-05T19:16:33.018-05:00
efddf3722ff3,campaign-sf1,mado,tpch,Q08,Very Complex,mysql,non-indexed,1,3,2,3,django,sql,q08s2,0,63.589327,2,ok,,900000,1.0,172405,134217676364048,2026-09-05T19:17:36.607-05:00
efddf3722ff3,campaign-sf1,mado,tpch,Q08,Very Complex,mysql,non-indexed,1,4,1,-1,django,sql,q08s3,2,64.06402,,ok,,900000,1.12,172405,134217676364048,2026-09-05T19:18:40.676-05:00
efddf3722ff3,campaign-sf1,mado,tpch,Q08,Very Complex,mysql,non-indexed,1,4,1,-1,django,orm,q08s3,2,64.463142,,ok,,900000,1.04,172405,134217676364048,2026-09-05T19:19:45.139-05:00
efddf3722ff3,campaign-sf1,mado,tpch,Q08,Very Complex,mysql,non-indexed,1,4,1,-1,sqlalchemy,sql,q08s3,2,64.02625,,ok,,900000,1.07,172405,134217676364048,2026-09-05T19:20:49.165-05:00
efddf3722ff3,campaign-sf1,mado,tpch,Q08,Very Complex,mysql,non-indexed,1,4,1,-1,sqlalchemy,orm,q08s3,2,63.767298,,ok,,900000,1.19,172405,134217676364048,2026-09-05T19:21:52.933-05:00
efddf3722ff3,campaign-sf1,mado,tpch,Q08,Very Complex,mysql,non-indexed,1,4,1,0,django,orm,q08s3,0,64.14425,2,ok,,900000,1.06,172405,134217676364048,2026-09-05T19:22:57.077-05:00
efddf3722ff3,campaign-sf1,mado,tpch,Q08,Very Complex,mysql,non-indexed,1,4,1,1,sqlalchemy,orm,q08s3,0,63.727029,2,ok,,900000,1.02,172405,134217676364048,2026-09-05T19:24:00.804-05:00
efddf3722ff3,campaign-sf1,mado,tpch,Q08,Very Complex,mysql,non-indexed,1,4,1,2,django,sql,q08s3,0,63.719342,2,ok,,900000,1.04,172405,134217676364048,2026-09-05T19:25:04.524-05:00
efddf3722ff3,campaign-sf1,mado,tpch,Q08,Very Complex,mysql,non-indexed,1,4,1,3,sqlalchemy,sql,q08s3,0,64.028043,2,ok,,900000,1.01,172405,134217676364048,2026-09-05T19:26:08.552-05:00
efddf3722ff3,campaign-sf1,mado,tpch,Q08,Very Complex,mysql,non-indexed,1,5,3,-1,django,sql,q08s4,2,63.732674,,ok,,900000,1.07,172405,134217676364048,2026-09-05T19:27:12.289-05:00
efddf3722ff3,campaign-sf1,mado,tpch,Q08,Very Complex,mysql,non-indexed,1,5,3,-1,django,orm,q08s4,2,64.113363,,ok,,900000,1.16,172405,134217676364048,2026-09-05T19:28:16.403-05:00
efddf3722ff3,campaign-sf1,mado,tpch,Q08,Very Complex,mysql,non-indexed,1,5,3,-1,sqlalchemy,sql,q08s4,2,64.116833,,ok,,900000,1.1,172405,134217676364048,2026-09-05T19:29:20.520-05:00
efddf3722ff3,campaign-sf1,mado,tpch,Q08,Very Complex,mysql,non-indexed,1,5,3,-1,sqlalchemy,orm,q08s4,2,64.072457,,ok,,900000,1.03,172405,134217676364048,2026-09-05T19:30:24.592-05:00
efddf3722ff3,campaign-sf1,mado,tpch,Q08,Very Complex,mysql,non-indexed,1,5,3,0,sqlalchemy,sql,q08s4,0,64.073037,2,ok,,900000,1.01,172405,134217676364048,2026-09-05T19:31:28.665-05:00
efddf3722ff3,campaign-sf1,mado,tpch,Q08,Very Complex,mysql,non-indexed,1,5,3,1,django,sql,q08s4,0,63.757192,2,ok,,900000,1.05,172405,134217676364048,2026-09-05T19:32:32.423-05:00
efddf3722ff3,campaign-sf1,mado,tpch,Q08,Very Complex,mysql,non-indexed,1,5,3,2,sqlalchemy,orm,q08s4,0,64.090938,2,ok,,900000,1.02,172405,134217676364048,2026-09-05T19:33:36.514-05:00
efddf3722ff3,campaign-sf1,mado,tpch,Q08,Very Complex,mysql,non-indexed,1,5,3,3,django,orm,q08s4,0,64.098735,2,ok,,900000,1.0,172405,134217676364048,2026-09-05T19:34:40.613-05:00
efddf3722ff3,campaign-sf1,mado,tpch,Q08,Very Complex,mysql,non-indexed,1,6,0,-1,django,sql,q08s5,2,64.006978,,ok,,900000,1.1,172405,134217676364048,2026-09-05T19:35:44.624-05:00
efddf3722ff3,campaign-sf1,mado,tpch,Q08,Very Complex,mysql,non-indexed,1,6,0,-1,django,orm,q08s5,2,64.022889,,ok,,900000,1.07,172405,134217676364048,2026-09-05T19:36:48.647-05:00
efddf3722ff3,campaign-sf1,mado,tpch,Q08,Very Complex,mysql,non-indexed,1,6,0,-1,sqlalchemy,sql,q08s5,2,63.983405,,ok,,900000,1.05,172405,134217676364048,2026-09-05T19:37:52.631-05:00
efddf3722ff3,campaign-sf1,mado,tpch,Q08,Very Complex,mysql,non-indexed,1,6,0,-1,sqlalchemy,orm,q08s5,2,63.702267,,ok,,900000,1.02,172405,134217676364048,2026-09-05T19:38:56.333-05:00
efddf3722ff3,campaign-sf1,mado,tpch,Q08,Very Complex,mysql,non-indexed,1,6,0,0,django,sql,q08s5,0,63.724012,2,ok,,900000,1.0,172405,134217676364048,2026-09-05T19:40:00.057-05:00
efddf3722ff3,campaign-sf1,mado,tpch,Q08,Very Complex,mysql,non-indexed,1,6,0,1,django,orm,q08s5,0,64.042556,2,ok,,900000,1.0,172405,134217676364048,2026-09-05T19:41:04.100-05:00
efddf3722ff3,campaign-sf1,mado,tpch,Q08,Very Complex,mysql,non-indexed,1,6,0,2,sqlalchemy,sql,q08s5,0,63.97807,2,ok,,900000,1.0,172405,134217676364048,2026-09-05T19:42:08.078-05:00
efddf3722ff3,campaign-sf1,mado,tpch,Q08,Very Complex,mysql,non-indexed,1,6,0,3,sqlalchemy,orm,q08s5,0,63.971053,2,ok,,900000,1.17,172405,134217676364048,2026-09-05T19:43:12.049-05:00
efddf3722ff3,campaign-sf1,mado,tpch,Q08,Very Complex,mysql,non-indexed,1,7,1,-1,django,sql,q08s6,2,64.068539,,ok,,900000,1.1,172405,134217676364048,2026-09-05T19:44:16.122-05:00
efddf3722ff3,campaign-sf1,mado,tpch,Q08,Very Complex,mysql,non-indexed,1,7,1,-1,django,orm,q08s6,2,64.470987,,ok,,900000,1.03,172405,134217676364048,2026-09-05T19:45:20.593-05:00
efddf3722ff3,campaign-sf1,mado,tpch,Q08,Very Complex,mysql,non-indexed,1,7,1,-1,sqlalchemy,sql,q08s6,2,64.492167,,ok,,900000,1.01,172405,134217676364048,2026-09-05T19:46:25.086-05:00
efddf3722ff3,campaign-sf1,mado,tpch,Q08,Very Complex,mysql,non-indexed,1,7,1,-1,sqlalchemy,orm,q08s6,2,64.358689,,ok,,900000,1.0,172405,134217676364048,2026-09-05T19:47:29.444-05:00
efddf3722ff3,campaign-sf1,mado,tpch,Q08,Very Complex,mysql,non-indexed,1,7,1,0,django,orm,q08s6,0,64.464261,2,ok,,900000,1.0,172405,134217676364048,2026-09-05T19:48:33.909-05:00
efddf3722ff3,campaign-sf1,mado,tpch,Q08,Very Complex,mysql,non-indexed,1,7,1,1,sqlalchemy,orm,q08s6,0,64.30016,2,ok,,900000,1.0,172405,134217676364048,2026-09-05T19:49:38.209-05:00
efddf3722ff3,campaign-sf1,mado,tpch,Q08,Very Complex,mysql,non-indexed,1,7,1,2,django,sql,q08s6,0,63.970637,2,ok,,900000,1.0,172405,134217676364048,2026-09-05T19:50:42.180-05:00
efddf3722ff3,campaign-sf1,mado,tpch,Q08,Very Complex,mysql,non-indexed,1,7,1,3,sqlalchemy,sql,q08s6,0,64.782893,2,ok,,900000,1.13,172405,134217676364048,2026-09-05T19:51:46.963-05:00
efddf3722ff3,campaign-sf1,mado,tpch,Q08,Very Complex,mysql,non-indexed,1,8,2,-1,django,sql,q08s7,2,63.783812,,ok,,900000,1.04,172405,134217676364048,2026-09-05T19:52:50.752-05:00
efddf3722ff3,campaign-sf1,mado,tpch,Q08,Very Complex,mysql,non-indexed,1,8,2,-1,django,orm,q08s7,2,64.144903,,ok,,900000,1.01,172405,134217676364048,2026-09-05T19:53:54.897-05:00
efddf3722ff3,campaign-sf1,mado,tpch,Q08,Very Complex,mysql,non-indexed,1,8,2,-1,sqlalchemy,sql,q08s7,2,64.050087,,ok,,900000,1.03,172405,134217676364048,2026-09-05T19:54:58.947-05:00
efddf3722ff3,campaign-sf1,mado,tpch,Q08,Very Complex,mysql,non-indexed,1,8,2,-1,sqlalchemy,orm,q08s7,2,63.774752,,ok,,900000,1.01,172405,134217676364048,2026-09-05T19:56:02.722-05:00
efddf3722ff3,campaign-sf1,mado,tpch,Q08,Very Complex,mysql,non-indexed,1,8,2,0,sqlalchemy,orm,q08s7,0,63.759286,2,ok,,900000,1.0,172405,134217676364048,2026-09-05T19:57:06.481-05:00
efddf3722ff3,campaign-sf1,mado,tpch,Q08,Very Complex,mysql,non-indexed,1,8,2,1,sqlalchemy,sql,q08s7,0,64.018743,2,ok,,900000,1.0,172405,134217676364048,2026-09-05T19:58:10.500-05:00
efddf3722ff3,campaign-sf1,mado,tpch,Q08,Very Complex,mysql,non-indexed,1,8,2,2,django,orm,q08s7,0,64.41867,2,ok,,900000,1.17,172405,134217676364048,2026-09-05T19:59:14.919-05:00
efddf3722ff3,campaign-sf1,mado,tpch,Q08,Very Complex,mysql,non-indexed,1,8,2,3,django,sql,q08s7,0,63.767986,2,ok,,900000,1.06,172405,134217676364048,2026-09-05T20:00:18.687-05:00
ef20a36cc004,campaign-sf1,mado,tpch,Q09,Very Complex,mysql,non-indexed,1,0,0,0,django,sql,q09warm,1,71.695828,175,ok,,900000,1.02,173860,124171663812144,2026-09-05T20:01:31.509-05:00
ef20a36cc004,campaign-sf1,mado,tpch,Q09,Very Complex,mysql,non-indexed,1,0,0,1,django,orm,q09warm,1,67.824371,175,ok,,900000,1.0,173860,124171663812144,2026-09-05T20:02:39.334-05:00
ef20a36cc004,campaign-sf1,mado,tpch,Q09,Very Complex,mysql,non-indexed,1,0,0,2,sqlalchemy,sql,q09warm,1,69.805284,175,ok,,900000,1.11,173860,124171663812144,2026-09-05T20:03:49.139-05:00
ef20a36cc004,campaign-sf1,mado,tpch,Q09,Very Complex,mysql,non-indexed,1,0,0,3,sqlalchemy,orm,q09warm,1,69.943263,175,ok,,900000,1.03,173860,124171663812144,2026-09-05T20:04:59.082-05:00
ef20a36cc004,campaign-sf1,mado,tpch,Q09,Very Complex,mysql,non-indexed,1,1,2,-1,django,sql,q09s0,2,70.281996,,ok,,900000,1.01,173860,124171663812144,2026-09-05T20:06:09.369-05:00
ef20a36cc004,campaign-sf1,mado,tpch,Q09,Very Complex,mysql,non-indexed,1,1,2,-1,django,orm,q09s0,2,67.894,,ok,,900000,1.31,173860,124171663812144,2026-09-05T20:07:17.263-05:00
ef20a36cc004,campaign-sf1,mado,tpch,Q09,Very Complex,mysql,non-indexed,1,1,2,-1,sqlalchemy,sql,q09s0,2,69.275449,,ok,,900000,1.25,173860,124171663812144,2026-09-05T20:08:26.538-05:00
ef20a36cc004,campaign-sf1,mado,tpch,Q09,Very Complex,mysql,non-indexed,1,1,2,-1,sqlalchemy,orm,q09s0,2,69.389502,,ok,,900000,1.12,173860,124171663812144,2026-09-05T20:09:35.928-05:00
ef20a36cc004,campaign-sf1,mado,tpch,Q09,Very Complex,mysql,non-indexed,1,1,2,0,sqlalchemy,orm,q09s0,0,69.271485,175,ok,,900000,1.04,173860,124171663812144,2026-09-05T20:10:45.200-05:00
ef20a36cc004,campaign-sf1,mado,tpch,Q09,Very Complex,mysql,non-indexed,1,1,2,1,sqlalchemy,sql,q09s0,0,69.259984,175,ok,,900000,1.01,173860,124171663812144,2026-09-05T20:11:54.460-05:00
ef20a36cc004,campaign-sf1,mado,tpch,Q09,Very Complex,mysql,non-indexed,1,1,2,2,django,orm,q09s0,0,68.321821,175,ok,,900000,1.35,173860,124171663812144,2026-09-05T20:13:02.782-05:00
ef20a36cc004,campaign-sf1,mado,tpch,Q09,Very Complex,mysql,non-indexed,1,1,2,3,django,sql,q09s0,0,69.550741,175,ok,,900000,1.14,173860,124171663812144,2026-09-05T20:14:12.332-05:00
ef20a36cc004,campaign-sf1,mado,tpch,Q09,Very Complex,mysql,non-indexed,1,2,0,-1,django,sql,q09s1,2,70.048053,,ok,,900000,1.04,173860,124171663812144,2026-09-05T20:15:22.385-05:00
ef20a36cc004,campaign-sf1,mado,tpch,Q09,Very Complex,mysql,non-indexed,1,2,0,-1,django,orm,q09s1,2,67.67948,,ok,,900000,1.01,173860,124171663812144,2026-09-05T20:16:30.065-05:00
ef20a36cc004,campaign-sf1,mado,tpch,Q09,Very Complex,mysql,non-indexed,1,2,0,-1,sqlalchemy,sql,q09s1,2,69.422611,,ok,,900000,1.0,173860,124171663812144,2026-09-05T20:17:39.487-05:00
ef20a36cc004,campaign-sf1,mado,tpch,Q09,Very Complex,mysql,non-indexed,1,2,0,-1,sqlalchemy,orm,q09s1,2,69.680459,,ok,,900000,1.03,173860,124171663812144,2026-09-05T20:18:49.168-05:00
ef20a36cc004,campaign-sf1,mado,tpch,Q09,Very Complex,mysql,non-indexed,1,2,0,0,django,sql,q09s1,0,69.919657,175,ok,,900000,1.06,173860,124171663812144,2026-09-05T20:19:59.088-05:00
ef20a36cc004,campaign-sf1,mado,tpch,Q09,Very Complex,mysql,non-indexed,1,2,0,1,django,orm,q09s1,0,67.547661,175,ok,,900000,1.02,173860,124171663812144,2026-09-05T20:21:06.635-05:00
ef20a36cc004,campaign-sf1,mado,tpch,Q09,Very Complex,mysql,non-indexed,1,2,0,2,sqlalchemy,sql,q09s1,0,69.363648,175,ok,,900000,1.0,173860,124171663812144,2026-09-05T20:22:15.999-05:00
ef20a36cc004,campaign-sf1,mado,tpch,Q09,Very Complex,mysql,non-indexed,1,2,0,3,sqlalchemy,orm,q09s1,0,69.317285,175,ok,,900000,1.0,173860,124171663812144,2026-09-05T20:23:25.317-05:00
ef20a36cc004,campaign-sf1,mado,tpch,Q09,Very Complex,mysql,non-indexed,1,3,3,-1,django,sql,q09s2,2,70.585832,,ok,,900000,1.0,173860,124171663812144,2026-09-05T20:24:35.907-05:00
ef20a36cc004,campaign-sf1,mado,tpch,Q09,Very Complex,mysql,non-indexed,1,3,3,-1,django,orm,q09s2,2,67.830344,,ok,,900000,1.0,173860,124171663812144,2026-09-05T20:25:43.738-05:00
ef20a36cc004,campaign-sf1,mado,tpch,Q09,Very Complex,mysql,non-indexed,1,3,3,-1,sqlalchemy,sql,q09s2,2,69.751749,,ok,,900000,1.04,173860,124171663812144,2026-09-05T20:26:53.490-05:00
ef20a36cc004,campaign-sf1,mado,tpch,Q09,Very Complex,mysql,non-indexed,1,3,3,-1,sqlalchemy,orm,q09s2,2,69.788201,,ok,,900000,1.01,173860,124171663812144,2026-09-05T20:28:03.278-05:00
ef20a36cc004,campaign-sf1,mado,tpch,Q09,Very Complex,mysql,non-indexed,1,3,3,0,sqlalchemy,sql,q09s2,0,69.984257,175,ok,,900000,1.06,173860,124171663812144,2026-09-05T20:29:13.262-05:00
ef20a36cc004,campaign-sf1,mado,tpch,Q09,Very Complex,mysql,non-indexed,1,3,3,1,django,sql,q09s2,0,69.984939,175,ok,,900000,1.02,173860,124171663812144,2026-09-05T20:30:23.247-05:00
ef20a36cc004,campaign-sf1,mado,tpch,Q09,Very Complex,mysql,non-indexed,1,3,3,2,sqlalchemy,orm,q09s2,0,69.793688,175,ok,,900000,1.0,173860,124171663812144,2026-09-05T20:31:33.041-05:00
ef20a36cc004,campaign-sf1,mado,tpch,Q09,Very Complex,mysql,non-indexed,1,3,3,3,django,orm,q09s2,0,67.838054,175,ok,,900000,1.0,173860,124171663812144,2026-09-05T20:32:40.879-05:00
ef20a36cc004,campaign-sf1,mado,tpch,Q09,Very Complex,mysql,non-indexed,1,4,1,-1,django,sql,q09s3,2,70.367007,,ok,,900000,1.0,173860,124171663812144,2026-09-05T20:33:51.251-05:00
ef20a36cc004,campaign-sf1,mado,tpch,Q09,Very Complex,mysql,non-indexed,1,4,1,-1,django,orm,q09s3,2,67.921693,,ok,,900000,1.0,173860,124171663812144,2026-09-05T20:34:59.172-05:00
ef20a36cc004,campaign-sf1,mado,tpch,Q09,Very Complex,mysql,non-indexed,1,4,1,-1,sqlalchemy,sql,q09s3,2,69.897628,,ok,,900000,1.0,173860,124171663812144,2026-09-05T20:36:09.070-05:00
ef20a36cc004,campaign-sf1,mado,tpch,Q09,Very Complex,mysql,non-indexed,1,4,1,-1,sqlalchemy,orm,q09s3,2,70.342915,,ok,,900000,1.1,173860,124171663812144,2026-09-05T20:37:19.413-05:00
ef20a36cc004,campaign-sf1,mado,tpch,Q09,Very Complex,mysql,non-indexed,1,4,1,0,django,orm,q09s3,0,67.970532,175,ok,,900000,1.11,173860,124171663812144,2026-09-05T20:38:27.384-05:00
ef20a36cc004,campaign-sf1,mado,tpch,Q09,Very Complex,mysql,non-indexed,1,4,1,1,sqlalchemy,orm,q09s3,0,70.566034,175,ok,,900000,1.36,173860,124171663812144,2026-09-05T20:39:37.950-05:00
ef20a36cc004,campaign-sf1,mado,tpch,Q09,Very Complex,mysql,non-indexed,1,4,1,2,django,sql,q09s3,0,70.355889,175,ok,,900000,1.21,173860,124171663812144,2026-09-05T20:40:48.306-05:00
ef20a36cc004,campaign-sf1,mado,tpch,Q09,Very Complex,mysql,non-indexed,1,4,1,3,sqlalchemy,sql,q09s3,0,70.258153,175,ok,,900000,1.06,173860,124171663812144,2026-09-05T20:41:58.564-05:00
ef20a36cc004,campaign-sf1,mado,tpch,Q09,Very Complex,mysql,non-indexed,1,5,3,-1,django,sql,q09s4,2,69.737371,,ok,,900000,1.02,173860,124171663812144,2026-09-05T20:43:08.306-05:00
ef20a36cc004,campaign-sf1,mado,tpch,Q09,Very Complex,mysql,non-indexed,1,5,3,-1,django,orm,q09s4,2,67.500311,,ok,,900000,1.0,173860,124171663812144,2026-09-05T20:44:15.807-05:00
ef20a36cc004,campaign-sf1,mado,tpch,Q09,Very Complex,mysql,non-indexed,1,5,3,-1,sqlalchemy,sql,q09s4,2,69.607779,,ok,,900000,1.05,173860,124171663812144,2026-09-05T20:45:25.415-05:00
ef20a36cc004,campaign-sf1,mado,tpch,Q09,Very Complex,mysql,non-indexed,1,5,3,-1,sqlalchemy,orm,q09s4,2,69.530367,,ok,,900000,1.01,173860,124171663812144,2026-09-05T20:46:34.945-05:00
ef20a36cc004,campaign-sf1,mado,tpch,Q09,Very Complex,mysql,non-indexed,1,5,3,0,sqlalchemy,sql,q09s4,0,69.638903,175,ok,,900000,1.0,173860,124171663812144,2026-09-05T20:47:44.584-05:00
ef20a36cc004,campaign-sf1,mado,tpch,Q09,Very Complex,mysql,non-indexed,1,5,3,1,django,sql,q09s4,0,69.462706,175,ok,,900000,1.15,173860,124171663812144,2026-09-05T20:48:54.047-05:00
ef20a36cc004,campaign-sf1,mado,tpch,Q09,Very Complex,mysql,non-indexed,1,5,3,2,sqlalchemy,orm,q09s4,0,69.791379,175,ok,,900000,1.3,173860,124171663812144,2026-09-05T20:50:03.838-05:00
ef20a36cc004,campaign-sf1,mado,tpch,Q09,Very Complex,mysql,non-indexed,1,5,3,3,django,orm,q09s4,0,67.248249,175,ok,,900000,1.21,173860,124171663812144,2026-09-05T20:51:11.087-05:00
ef20a36cc004,campaign-sf1,mado,tpch,Q09,Very Complex,mysql,non-indexed,1,6,1,-1,django,sql,q09s5,2,69.857001,,ok,,900000,1.06,173860,124171663812144,2026-09-05T20:52:20.949-05:00
ef20a36cc004,campaign-sf1,mado,tpch,Q09,Very Complex,mysql,non-indexed,1,6,1,-1,django,orm,q09s5,2,67.837935,,ok,,900000,1.06,173860,124171663812144,2026-09-05T20:53:28.787-05:00
ef20a36cc004,campaign-sf1,mado,tpch,Q09,Very Complex,mysql,non-indexed,1,6,1,-1,sqlalchemy,sql,q09s5,2,70.107298,,ok,,900000,1.06,173860,124171663812144,2026-09-05T20:54:38.894-05:00
ef20a36cc004,campaign-sf1,mado,tpch,Q09,Very Complex,mysql,non-indexed,1,6,1,-1,sqlalchemy,orm,q09s5,2,70.046539,,ok,,900000,1.02,173860,124171663812144,2026-09-05T20:55:48.941-05:00
ef20a36cc004,campaign-sf1,mado,tpch,Q09,Very Complex,mysql,non-indexed,1,6,1,0,django,orm,q09s5,0,67.537708,175,ok,,900000,1.0,173860,124171663812144,2026-09-05T20:56:56.478-05:00
ef20a36cc004,campaign-sf1,mado,tpch,Q09,Very Complex,mysql,non-indexed,1,6,1,1,sqlalchemy,orm,q09s5,0,70.060259,175,ok,,900000,1.0,173860,124171663812144,2026-09-05T20:58:06.539-05:00
ef20a36cc004,campaign-sf1,mado,tpch,Q09,Very Complex,mysql,non-indexed,1,6,1,2,django,sql,q09s5,0,69.615826,175,ok,,900000,1.0,173860,124171663812144,2026-09-05T20:59:16.155-05:00
ef20a36cc004,campaign-sf1,mado,tpch,Q09,Very Complex,mysql,non-indexed,1,6,1,3,sqlalchemy,sql,q09s5,0,70.074924,175,ok,,900000,1.0,173860,124171663812144,2026-09-05T21:00:26.230-05:00
ef20a36cc004,campaign-sf1,mado,tpch,Q09,Very Complex,mysql,non-indexed,1,7,0,-1,django,sql,q09s6,2,70.006259,,ok,,900000,1.08,173860,124171663812144,2026-09-05T21:01:36.241-05:00
ef20a36cc004,campaign-sf1,mado,tpch,Q09,Very Complex,mysql,non-indexed,1,7,0,-1,django,orm,q09s6,2,67.659666,,ok,,900000,1.19,173860,124171663812144,2026-09-05T21:02:43.901-05:00
ef20a36cc004,campaign-sf1,mado,tpch,Q09,Very Complex,mysql,non-indexed,1,7,0,-1,sqlalchemy,sql,q09s6,2,69.84106,,ok,,900000,1.06,173860,124171663812144,2026-09-05T21:03:53.742-05:00
ef20a36cc004,campaign-sf1,mado,tpch,Q09,Very Complex,mysql,non-indexed,1,7,0,-1,sqlalchemy,orm,q09s6,2,70.056342,,ok,,900000,1.15,173860,124171663812144,2026-09-05T21:05:03.798-05:00
ef20a36cc004,campaign-sf1,mado,tpch,Q09,Very Complex,mysql,non-indexed,1,7,0,0,django,sql,q09s6,0,69.708402,175,ok,,900000,1.08,173860,124171663812144,2026-09-05T21:06:13.507-05:00
ef20a36cc004,campaign-sf1,mado,tpch,Q09,Very Complex,mysql,non-indexed,1,7,0,1,django,orm,q09s6,0,67.389587,175,ok,,900000,1.03,173860,124171663812144,2026-09-05T21:07:20.896-05:00
ef20a36cc004,campaign-sf1,mado,tpch,Q09,Very Complex,mysql,non-indexed,1,7,0,2,sqlalchemy,sql,q09s6,0,69.853749,175,ok,,900000,1.08,173860,124171663812144,2026-09-05T21:08:30.750-05:00
ef20a36cc004,campaign-sf1,mado,tpch,Q09,Very Complex,mysql,non-indexed,1,7,0,3,sqlalchemy,orm,q09s6,0,69.862164,175,ok,,900000,1.02,173860,124171663812144,2026-09-05T21:09:40.613-05:00
ef20a36cc004,campaign-sf1,mado,tpch,Q09,Very Complex,mysql,non-indexed,1,8,2,-1,django,sql,q09s7,2,69.98923,,ok,,900000,1.1,173860,124171663812144,2026-09-05T21:10:50.607-05:00
ef20a36cc004,campaign-sf1,mado,tpch,Q09,Very Complex,mysql,non-indexed,1,8,2,-1,django,orm,q09s7,2,67.379659,,ok,,900000,1.03,173860,124171663812144,2026-09-05T21:11:57.987-05:00
ef20a36cc004,campaign-sf1,mado,tpch,Q09,Very Complex,mysql,non-indexed,1,8,2,-1,sqlalchemy,sql,q09s7,2,69.800064,,ok,,900000,1.05,173860,124171663812144,2026-09-05T21:13:07.787-05:00
ef20a36cc004,campaign-sf1,mado,tpch,Q09,Very Complex,mysql,non-indexed,1,8,2,-1,sqlalchemy,orm,q09s7,2,69.7173,,ok,,900000,1.01,173860,124171663812144,2026-09-05T21:14:17.504-05:00
ef20a36cc004,campaign-sf1,mado,tpch,Q09,Very Complex,mysql,non-indexed,1,8,2,0,sqlalchemy,orm,q09s7,0,69.743007,175,ok,,900000,1.08,173860,124171663812144,2026-09-05T21:15:27.247-05:00
ef20a36cc004,campaign-sf1,mado,tpch,Q09,Very Complex,mysql,non-indexed,1,8,2,1,sqlalchemy,sql,q09s7,0,69.823961,175,ok,,900000,1.02,173860,124171663812144,2026-09-05T21:16:37.071-05:00
ef20a36cc004,campaign-sf1,mado,tpch,Q09,Very Complex,mysql,non-indexed,1,8,2,2,django,orm,q09s7,0,67.346623,175,ok,,900000,1.03,173860,124171663812144,2026-09-05T21:17:44.418-05:00
ef20a36cc004,campaign-sf1,mado,tpch,Q09,Very Complex,mysql,non-indexed,1,8,2,3,django,sql,q09s7,0,69.674878,175,ok,,900000,1.04,173860,124171663812144,2026-09-05T21:18:54.093-05:00
d26131e07f7a,campaign-sf1,mado,tpch,Q10,Complex,mysql,non-indexed,1,0,3,0,sqlalchemy,sql,q10warm,1,11.952412,20,ok,,900000,1.03,175877,140524580944496,2026-09-05T21:19:07.118-05:00
d26131e07f7a,campaign-sf1,mado,tpch,Q10,Complex,mysql,non-indexed,1,0,3,1,django,sql,q10warm,1,11.933746,20,ok,,900000,1.02,175877,140524580944496,2026-09-05T21:19:19.052-05:00
d26131e07f7a,campaign-sf1,mado,tpch,Q10,Complex,mysql,non-indexed,1,0,3,2,sqlalchemy,orm,q10warm,1,11.988379,20,ok,,900000,1.02,175877,140524580944496,2026-09-05T21:19:31.040-05:00
d26131e07f7a,campaign-sf1,mado,tpch,Q10,Complex,mysql,non-indexed,1,0,3,3,django,orm,q10warm,1,11.196528,20,ok,,900000,1.02,175877,140524580944496,2026-09-05T21:19:42.237-05:00
d26131e07f7a,campaign-sf1,mado,tpch,Q10,Complex,mysql,non-indexed,1,1,3,-1,django,sql,q10s0,2,11.998524,,ok,,900000,1.33,175877,140524580944496,2026-09-05T21:19:54.240-05:00
d26131e07f7a,campaign-sf1,mado,tpch,Q10,Complex,mysql,non-indexed,1,1,3,-1,django,orm,q10s0,2,11.230831,,ok,,900000,1.28,175877,140524580944496,2026-09-05T21:20:05.471-05:00
d26131e07f7a,campaign-sf1,mado,tpch,Q10,Complex,mysql,non-indexed,1,1,3,-1,sqlalchemy,sql,q10s0,2,11.963581,,ok,,900000,1.24,175877,140524580944496,2026-09-05T21:20:17.435-05:00
d26131e07f7a,campaign-sf1,mado,tpch,Q10,Complex,mysql,non-indexed,1,1,3,-1,sqlalchemy,orm,q10s0,2,11.964282,,ok,,900000,1.18,175877,140524580944496,2026-09-05T21:20:29.399-05:00
d26131e07f7a,campaign-sf1,mado,tpch,Q10,Complex,mysql,non-indexed,1,1,3,0,sqlalchemy,sql,q10s0,0,11.998017,20,ok,,900000,1.16,175877,140524580944496,2026-09-05T21:20:41.397-05:00
d26131e07f7a,campaign-sf1,mado,tpch,Q10,Complex,mysql,non-indexed,1,1,3,1,django,sql,q10s0,0,11.957446,20,ok,,900000,1.51,175877,140524580944496,2026-09-05T21:20:53.355-05:00
d26131e07f7a,campaign-sf1,mado,tpch,Q10,Complex,mysql,non-indexed,1,1,3,2,sqlalchemy,orm,q10s0,0,11.979463,20,ok,,900000,1.43,175877,140524580944496,2026-09-05T21:21:05.334-05:00
d26131e07f7a,campaign-sf1,mado,tpch,Q10,Complex,mysql,non-indexed,1,1,3,3,django,orm,q10s0,0,11.218738,20,ok,,900000,1.36,175877,140524580944496,2026-09-05T21:21:16.553-05:00
d26131e07f7a,campaign-sf1,mado,tpch,Q10,Complex,mysql,non-indexed,1,2,2,-1,django,sql,q10s1,2,11.504457,,ok,,900000,1.28,175877,140524580944496,2026-09-05T21:21:28.063-05:00
d26131e07f7a,campaign-sf1,mado,tpch,Q10,Complex,mysql,non-indexed,1,2,2,-1,django,orm,q10s1,2,10.969459,,ok,,900000,1.24,175877,140524580944496,2026-09-05T21:21:39.032-05:00
d26131e07f7a,campaign-sf1,mado,tpch,Q10,Complex,mysql,non-indexed,1,2,2,-1,sqlalchemy,sql,q10s1,2,11.517358,,ok,,900000,1.2,175877,140524580944496,2026-09-05T21:21:50.550-05:00
d26131e07f7a,campaign-sf1,mado,tpch,Q10,Complex,mysql,non-indexed,1,2,2,-1,sqlalchemy,orm,q10s1,2,11.516034,,ok,,900000,1.17,175877,140524580944496,2026-09-05T21:22:02.066-05:00
d26131e07f7a,campaign-sf1,mado,tpch,Q10,Complex,mysql,non-indexed,1,2,2,0,sqlalchemy,orm,q10s1,0,11.548737,20,ok,,900000,1.13,175877,140524580944496,2026-09-05T21:22:13.615-05:00
d26131e07f7a,campaign-sf1,mado,tpch,Q10,Complex,mysql,non-indexed,1,2,2,1,sqlalchemy,sql,q10s1,0,11.555188,20,ok,,900000,1.11,175877,140524580944496,2026-09-05T21:22:25.170-05:00
d26131e07f7a,campaign-sf1,mado,tpch,Q10,Complex,mysql,non-indexed,1,2,2,2,django,orm,q10s1,0,10.947891,20,ok,,900000,1.09,175877,140524580944496,2026-09-05T21:22:36.118-05:00
d26131e07f7a,campaign-sf1,mado,tpch,Q10,Complex,mysql,non-indexed,1,2,2,3,django,sql,q10s1,0,11.506235,20,ok,,900000,1.16,175877,140524580944496,2026-09-05T21:22:47.624-05:00
d26131e07f7a,campaign-sf1,mado,tpch,Q10,Complex,mysql,non-indexed,1,3,0,-1,django,sql,q10s2,2,11.975134,,ok,,900000,1.12,175877,140524580944496,2026-09-05T21:22:59.604-05:00
d26131e07f7a,campaign-sf1,mado,tpch,Q10,Complex,mysql,non-indexed,1,3,0,-1,django,orm,q10s2,2,11.188775,,ok,,900000,1.1,175877,140524580944496,2026-09-05T21:23:10.793-05:00
d26131e07f7a,campaign-sf1,mado,tpch,Q10,Complex,mysql,non-indexed,1,3,0,-1,sqlalchemy,sql,q10s2,2,11.991108,,ok,,900000,1.09,175877,140524580944496,2026-09-05T21:23:22.784-05:00
d26131e07f7a,campaign-sf1,mado,tpch,Q10,Complex,mysql,non-indexed,1,3,0,-1,sqlalchemy,orm,q10s2,2,11.966958,,ok,,900000,1.07,175877,140524580944496,2026-09-05T21:23:34.751-05:00
d26131e07f7a,campaign-sf1,mado,tpch,Q10,Complex,mysql,non-indexed,1,3,0,0,django,sql,q10s2,0,11.995337,20,ok,,900000,1.06,175877,140524580944496,2026-09-05T21:23:46.747-05:00
d26131e07f7a,campaign-sf1,mado,tpch,Q10,Complex,mysql,non-indexed,1,3,0,1,django,orm,q10s2,0,11.227412,20,ok,,900000,1.04,175877,140524580944496,2026-09-05T21:23:57.974-05:00
d26131e07f7a,campaign-sf1,mado,tpch,Q10,Complex,mysql,non-indexed,1,3,0,2,sqlalchemy,sql,q10s2,0,12.025842,20,ok,,900000,1.04,175877,140524580944496,2026-09-05T21:24:10.000-05:00
d26131e07f7a,campaign-sf1,mado,tpch,Q10,Complex,mysql,non-indexed,1,3,0,3,sqlalchemy,orm,q10s2,0,11.990629,20,ok,,900000,1.11,175877,140524580944496,2026-09-05T21:24:21.991-05:00
d26131e07f7a,campaign-sf1,mado,tpch,Q10,Complex,mysql,non-indexed,1,4,1,-1,django,sql,q10s3,2,11.883759,,ok,,900000,1.08,175877,140524580944496,2026-09-05T21:24:33.879-05:00
d26131e07f7a,campaign-sf1,mado,tpch,Q10,Complex,mysql,non-indexed,1,4,1,-1,django,orm,q10s3,2,11.167948,,ok,,900000,1.07,175877,140524580944496,2026-09-05T21:24:45.047-05:00
d26131e07f7a,campaign-sf1,mado,tpch,Q10,Complex,mysql,non-indexed,1,4,1,-1,sqlalchemy,sql,q10s3,2,11.838593,,ok,,900000,1.06,175877,140524580944496,2026-09-05T21:24:56.886-05:00
d26131e07f7a,campaign-sf1,mado,tpch,Q10,Complex,mysql,non-indexed,1,4,1,-1,sqlalchemy,orm,q10s3,2,11.848462,,ok,,900000,1.05,175877,140524580944496,2026-09-05T21:25:08.735-05:00
d26131e07f7a,campaign-sf1,mado,tpch,Q10,Complex,mysql,non-indexed,1,4,1,0,django,orm,q10s3,0,11.152103,20,ok,,900000,1.04,175877,140524580944496,2026-09-05T21:25:19.887-05:00
d26131e07f7a,campaign-sf1,mado,tpch,Q10,Complex,mysql,non-indexed,1,4,1,1,sqlalchemy,orm,q10s3,0,11.8371,20,ok,,900000,1.03,175877,140524580944496,2026-09-05T21:25:31.724-05:00
d26131e07f7a,campaign-sf1,mado,tpch,Q10,Complex,mysql,non-indexed,1,4,1,2,django,sql,q10s3,0,11.853648,20,ok,,900000,1.02,175877,140524580944496,2026-09-05T21:25:43.578-05:00
d26131e07f7a,campaign-sf1,mado,tpch,Q10,Complex,mysql,non-indexed,1,4,1,3,sqlalchemy,sql,q10s3,0,11.845349,20,ok,,900000,1.02,175877,140524580944496,2026-09-05T21:25:55.423-05:00
d26131e07f7a,campaign-sf1,mado,tpch,Q10,Complex,mysql,non-indexed,1,5,1,-1,django,sql,q10s4,2,11.953609,,ok,,900000,1.02,175877,140524580944496,2026-09-05T21:26:07.382-05:00
d26131e07f7a,campaign-sf1,mado,tpch,Q10,Complex,mysql,non-indexed,1,5,1,-1,django,orm,q10s4,2,11.199095,,ok,,900000,1.01,175877,140524580944496,2026-09-05T21:26:18.581-05:00
d26131e07f7a,campaign-sf1,mado,tpch,Q10,Complex,mysql,non-indexed,1,5,1,-1,sqlalchemy,sql,q10s4,2,11.95231,,ok,,900000,1.01,175877,140524580944496,2026-09-05T21:26:30.533-05:00
d26131e07f7a,campaign-sf1,mado,tpch,Q10,Complex,mysql,non-indexed,1,5,1,-1,sqlalchemy,orm,q10s4,2,11.960498,,ok,,900000,1.01,175877,140524580944496,2026-09-05T21:26:42.494-05:00
d26131e07f7a,campaign-sf1,mado,tpch,Q10,Complex,mysql,non-indexed,1,5,1,0,django,orm,q10s4,0,11.235438,20,ok,,900000,1.01,175877,140524580944496,2026-09-05T21:26:53.729-05:00
d26131e07f7a,campaign-sf1,mado,tpch,Q10,Complex,mysql,non-indexed,1,5,1,1,sqlalchemy,orm,q10s4,0,11.970073,20,ok,,900000,1.0,175877,140524580944496,2026-09-05T21:27:05.699-05:00
d26131e07f7a,campaign-sf1,mado,tpch,Q10,Complex,mysql,non-indexed,1,5,1,2,django,sql,q10s4,0,11.986682,20,ok,,900000,1.0,175877,140524580944496,2026-09-05T21:27:17.686-05:00
d26131e07f7a,campaign-sf1,mado,tpch,Q10,Complex,mysql,non-indexed,1,5,1,3,sqlalchemy,sql,q10s4,0,12.016382,20,ok,,900000,1.0,175877,140524580944496,2026-09-05T21:27:29.703-05:00
d26131e07f7a,campaign-sf1,mado,tpch,Q10,Complex,mysql,non-indexed,1,6,2,-1,django,sql,q10s5,2,11.974035,,ok,,900000,1.0,175877,140524580944496,2026-09-05T21:27:41.681-05:00
d26131e07f7a,campaign-sf1,mado,tpch,Q10,Complex,mysql,non-indexed,1,6,2,-1,django,orm,q10s5,2,11.216089,,ok,,900000,1.0,175877,140524580944496,2026-09-05T21:27:52.897-05:00
d26131e07f7a,campaign-sf1,mado,tpch,Q10,Complex,mysql,non-indexed,1,6,2,-1,sqlalchemy,sql,q10s5,2,11.99597,,ok,,900000,1.0,175877,140524580944496,2026-09-05T21:28:04.893-05:00
d26131e07f7a,campaign-sf1,mado,tpch,Q10,Complex,mysql,non-indexed,1,6,2,-1,sqlalchemy,orm,q10s5,2,11.968795,,ok,,900000,1.15,175877,140524580944496,2026-09-05T21:28:16.862-05:00
d26131e07f7a,campaign-sf1,mado,tpch,Q10,Complex,mysql,non-indexed,1,6,2,0,sqlalchemy,orm,q10s5,0,11.93341,20,ok,,900000,1.11,175877,140524580944496,2026-09-05T21:28:28.796-05:00
d26131e07f7a,campaign-sf1,mado,tpch,Q10,Complex,mysql,non-indexed,1,6,2,1,sqlalchemy,sql,q10s5,0,11.963482,20,ok,,900000,1.1,175877,140524580944496,2026-09-05T21:28:40.759-05:00
d26131e07f7a,campaign-sf1,mado,tpch,Q10,Complex,mysql,non-indexed,1,6,2,2,django,orm,q10s5,0,11.265696,20,ok,,900000,1.08,175877,140524580944496,2026-09-05T21:28:52.025-05:00
d26131e07f7a,campaign-sf1,mado,tpch,Q10,Complex,mysql,non-indexed,1,6,2,3,django,sql,q10s5,0,12.029459,20,ok,,900000,1.2,175877,140524580944496,2026-09-05T21:29:04.055-05:00
d26131e07f7a,campaign-sf1,mado,tpch,Q10,Complex,mysql,non-indexed,1,7,3,-1,django,sql,q10s6,2,11.975679,,ok,,900000,1.17,175877,140524580944496,2026-09-05T21:29:16.035-05:00
d26131e07f7a,campaign-sf1,mado,tpch,Q10,Complex,mysql,non-indexed,1,7,3,-1,django,orm,q10s6,2,11.242572,,ok,,900000,1.14,175877,140524580944496,2026-09-05T21:29:27.278-05:00
d26131e07f7a,campaign-sf1,mado,tpch,Q10,Complex,mysql,non-indexed,1,7,3,-1,sqlalchemy,sql,q10s6,2,12.0251,,ok,,900000,1.11,175877,140524580944496,2026-09-05T21:29:39.303-05:00
d26131e07f7a,campaign-sf1,mado,tpch,Q10,Complex,mysql,non-indexed,1,7,3,-1,sqlalchemy,orm,q10s6,2,12.007198,,ok,,900000,1.09,175877,140524580944496,2026-09-05T21:29:51.310-05:00
d26131e07f7a,campaign-sf1,mado,tpch,Q10,Complex,mysql,non-indexed,1,7,3,0,sqlalchemy,sql,q10s6,0,11.97012,20,ok,,900000,1.07,175877,140524580944496,2026-09-05T21:30:03.281-05:00
d26131e07f7a,campaign-sf1,mado,tpch,Q10,Complex,mysql,non-indexed,1,7,3,1,django,sql,q10s6,0,12.007129,20,ok,,900000,1.06,175877,140524580944496,2026-09-05T21:30:15.288-05:00
d26131e07f7a,campaign-sf1,mado,tpch,Q10,Complex,mysql,non-indexed,1,7,3,2,sqlalchemy,orm,q10s6,0,12.000069,20,ok,,900000,1.05,175877,140524580944496,2026-09-05T21:30:27.288-05:00
d26131e07f7a,campaign-sf1,mado,tpch,Q10,Complex,mysql,non-indexed,1,7,3,3,django,orm,q10s6,0,11.24287,20,ok,,900000,1.04,175877,140524580944496,2026-09-05T21:30:38.531-05:00
d26131e07f7a,campaign-sf1,mado,tpch,Q10,Complex,mysql,non-indexed,1,8,0,-1,django,sql,q10s7,2,11.828786,,ok,,900000,1.03,175877,140524580944496,2026-09-05T21:30:50.365-05:00
d26131e07f7a,campaign-sf1,mado,tpch,Q10,Complex,mysql,non-indexed,1,8,0,-1,django,orm,q10s7,2,11.091429,,ok,,900000,1.03,175877,140524580944496,2026-09-05T21:31:01.456-05:00
d26131e07f7a,campaign-sf1,mado,tpch,Q10,Complex,mysql,non-indexed,1,8,0,-1,sqlalchemy,sql,q10s7,2,11.815809,,ok,,900000,1.02,175877,140524580944496,2026-09-05T21:31:13.272-05:00
d26131e07f7a,campaign-sf1,mado,tpch,Q10,Complex,mysql,non-indexed,1,8,0,-1,sqlalchemy,orm,q10s7,2,11.828277,,ok,,900000,1.02,175877,140524580944496,2026-09-05T21:31:25.100-05:00
d26131e07f7a,campaign-sf1,mado,tpch,Q10,Complex,mysql,non-indexed,1,8,0,0,django,sql,q10s7,0,11.791676,20,ok,,900000,1.01,175877,140524580944496,2026-09-05T21:31:36.892-05:00
d26131e07f7a,campaign-sf1,mado,tpch,Q10,Complex,mysql,non-indexed,1,8,0,1,django,orm,q10s7,0,11.130331,20,ok,,900000,1.01,175877,140524580944496,2026-09-05T21:31:48.023-05:00
d26131e07f7a,campaign-sf1,mado,tpch,Q10,Complex,mysql,non-indexed,1,8,0,2,sqlalchemy,sql,q10s7,0,11.849933,20,ok,,900000,1.23,175877,140524580944496,2026-09-05T21:31:59.873-05:00
d26131e07f7a,campaign-sf1,mado,tpch,Q10,Complex,mysql,non-indexed,1,8,0,3,sqlalchemy,orm,q10s7,0,11.827338,20,ok,,900000,1.19,175877,140524580944496,2026-09-05T21:32:11.700-05:00
364be7db4943,campaign-sf1,mado,tpch,Q11,Medium,mysql,non-indexed,1,0,0,0,django,sql,q11warm,1,5.789286,753,ok,,900000,1.16,175968,125597275822160,2026-09-05T21:32:18.565-05:00
364be7db4943,campaign-sf1,mado,tpch,Q11,Medium,mysql,non-indexed,1,0,0,1,django,orm,q11warm,1,5.379584,753,ok,,900000,1.23,175968,125597275822160,2026-09-05T21:32:23.944-05:00
364be7db4943,campaign-sf1,mado,tpch,Q11,Medium,mysql,non-indexed,1,0,0,2,sqlalchemy,sql,q11warm,1,5.429058,753,ok,,900000,1.21,175968,125597275822160,2026-09-05T21:32:29.374-05:00
364be7db4943,campaign-sf1,mado,tpch,Q11,Medium,mysql,non-indexed,1,0,0,3,sqlalchemy,orm,q11warm,1,5.449437,753,ok,,900000,1.2,175968,125597275822160,2026-09-05T21:32:34.823-05:00
364be7db4943,campaign-sf1,mado,tpch,Q11,Medium,mysql,non-indexed,1,1,0,-1,django,sql,q11s0,2,5.382626,,ok,,900000,1.18,175968,125597275822160,2026-09-05T21:32:40.211-05:00
364be7db4943,campaign-sf1,mado,tpch,Q11,Medium,mysql,non-indexed,1,1,0,-1,django,orm,q11s0,2,5.365843,,ok,,900000,1.16,175968,125597275822160,2026-09-05T21:32:45.577-05:00
364be7db4943,campaign-sf1,mado,tpch,Q11,Medium,mysql,non-indexed,1,1,0,-1,sqlalchemy,sql,q11s0,2,5.41386,,ok,,900000,1.15,175968,125597275822160,2026-09-05T21:32:50.991-05:00
364be7db4943,campaign-sf1,mado,tpch,Q11,Medium,mysql,non-indexed,1,1,0,-1,sqlalchemy,orm,q11s0,2,5.401054,,ok,,900000,1.14,175968,125597275822160,2026-09-05T21:32:56.392-05:00
364be7db4943,campaign-sf1,mado,tpch,Q11,Medium,mysql,non-indexed,1,1,0,0,django,sql,q11s0,0,5.357858,1048,ok,,900000,1.13,175968,125597275822160,2026-09-05T21:33:01.750-05:00
364be7db4943,campaign-sf1,mado,tpch,Q11,Medium,mysql,non-indexed,1,1,0,1,django,orm,q11s0,0,5.369566,1048,ok,,900000,1.12,175968,125597275822160,2026-09-05T21:33:07.120-05:00
364be7db4943,campaign-sf1,mado,tpch,Q11,Medium,mysql,non-indexed,1,1,0,2,sqlalchemy,sql,q11s0,0,5.407001,1048,ok,,900000,1.11,175968,125597275822160,2026-09-05T21:33:12.527-05:00
364be7db4943,campaign-sf1,mado,tpch,Q11,Medium,mysql,non-indexed,1,1,0,3,sqlalchemy,orm,q11s0,0,5.404439,1048,ok,,900000,1.1,175968,125597275822160,2026-09-05T21:33:17.931-05:00
364be7db4943,campaign-sf1,mado,tpch,Q11,Medium,mysql,non-indexed,1,2,3,-1,django,sql,q11s1,2,5.400368,,ok,,900000,1.08,175968,125597275822160,2026-09-05T21:33:23.337-05:00
364be7db4943,campaign-sf1,mado,tpch,Q11,Medium,mysql,non-indexed,1,2,3,-1,django,orm,q11s1,2,5.385468,,ok,,900000,1.08,175968,125597275822160,2026-09-05T21:33:28.723-05:00
364be7db4943,campaign-sf1,mado,tpch,Q11,Medium,mysql,non-indexed,1,2,3,-1,sqlalchemy,sql,q11s1,2,5.419594,,ok,,900000,1.07,175968,125597275822160,2026-09-05T21:33:34.142-05:00
364be7db4943,campaign-sf1,mado,tpch,Q11,Medium,mysql,non-indexed,1,2,3,-1,sqlalchemy,orm,q11s1,2,5.420304,,ok,,900000,1.06,175968,125597275822160,2026-09-05T21:33:39.563-05:00
364be7db4943,campaign-sf1,mado,tpch,Q11,Medium,mysql,non-indexed,1,2,3,0,sqlalchemy,sql,q11s1,0,5.429971,819,ok,,900000,1.06,175968,125597275822160,2026-09-05T21:33:44.993-05:00
364be7db4943,campaign-sf1,mado,tpch,Q11,Medium,mysql,non-indexed,1,2,3,1,django,sql,q11s1,0,5.37648,819,ok,,900000,1.05,175968,125597275822160,2026-09-05T21:33:50.369-05:00
364be7db4943,campaign-sf1,mado,tpch,Q11,Medium,mysql,non-indexed,1,2,3,2,sqlalchemy,orm,q11s1,0,5.510511,819,ok,,900000,1.29,175968,125597275822160,2026-09-05T21:33:55.880-05:00
364be7db4943,campaign-sf1,mado,tpch,Q11,Medium,mysql,non-indexed,1,2,3,3,django,orm,q11s1,0,5.41661,819,ok,,900000,1.27,175968,125597275822160,2026-09-05T21:34:01.297-05:00
364be7db4943,campaign-sf1,mado,tpch,Q11,Medium,mysql,non-indexed,1,3,2,-1,django,sql,q11s2,2,5.379946,,ok,,900000,1.25,175968,125597275822160,2026-09-05T21:34:06.682-05:00
364be7db4943,campaign-sf1,mado,tpch,Q11,Medium,mysql,non-indexed,1,3,2,-1,django,orm,q11s2,2,5.388412,,ok,,900000,1.23,175968,125597275822160,2026-09-05T21:34:12.070-05:00
364be7db4943,campaign-sf1,mado,tpch,Q11,Medium,mysql,non-indexed,1,3,2,-1,sqlalchemy,sql,q11s2,2,5.411767,,ok,,900000,1.21,175968,125597275822160,2026-09-05T21:34:17.482-05:00
364be7db4943,campaign-sf1,mado,tpch,Q11,Medium,mysql,non-indexed,1,3,2,-1,sqlalchemy,orm,q11s2,2,5.409366,,ok,,900000,1.19,175968,125597275822160,2026-09-05T21:34:22.892-05:00
364be7db4943,campaign-sf1,mado,tpch,Q11,Medium,mysql,non-indexed,1,3,2,0,sqlalchemy,orm,q11s2,0,5.405954,911,ok,,900000,1.16,175968,125597275822160,2026-09-05T21:34:28.298-05:00
364be7db4943,campaign-sf1,mado,tpch,Q11,Medium,mysql,non-indexed,1,3,2,1,sqlalchemy,sql,q11s2,0,5.412859,911,ok,,900000,1.15,175968,125597275822160,2026-09-05T21:34:33.711-05:00
364be7db4943,campaign-sf1,mado,tpch,Q11,Medium,mysql,non-indexed,1,3,2,2,django,orm,q11s2,0,5.351381,911,ok,,900000,1.14,175968,125597275822160,2026-09-05T21:34:39.062-05:00
364be7db4943,campaign-sf1,mado,tpch,Q11,Medium,mysql,non-indexed,1,3,2,3,django,sql,q11s2,0,5.375832,911,ok,,900000,1.12,175968,125597275822160,2026-09-05T21:34:44.438-05:00
364be7db4943,campaign-sf1,mado,tpch,Q11,Medium,mysql,non-indexed,1,4,1,-1,django,sql,q11s3,2,5.374298,,ok,,900000,1.11,175968,125597275822160,2026-09-05T21:34:49.817-05:00
364be7db4943,campaign-sf1,mado,tpch,Q11,Medium,mysql,non-indexed,1,4,1,-1,django,orm,q11s3,2,5.360923,,ok,,900000,1.1,175968,125597275822160,2026-09-05T21:34:55.178-05:00
364be7db4943,campaign-sf1,mado,tpch,Q11,Medium,mysql,non-indexed,1,4,1,-1,sqlalchemy,sql,q11s3,2,5.389779,,ok,,900000,1.1,175968,125597275822160,2026-09-05T21:35:00.568-05:00
364be7db4943,campaign-sf1,mado,tpch,Q11,Medium,mysql,non-indexed,1,4,1,-1,sqlalchemy,orm,q11s3,2,5.37528,,ok,,900000,1.09,175968,125597275822160,2026-09-05T21:35:05.943-05:00
364be7db4943,campaign-sf1,mado,tpch,Q11,Medium,mysql,non-indexed,1,4,1,0,django,orm,q11s3,0,5.355711,1217,ok,,900000,1.08,175968,125597275822160,2026-09-05T21:35:11.299-05:00
364be7db4943,campaign-sf1,mado,tpch,Q11,Medium,mysql,non-indexed,1,4,1,1,sqlalchemy,orm,q11s3,0,5.434388,1217,ok,,900000,1.07,175968,125597275822160,2026-09-05T21:35:16.734-05:00
364be7db4943,campaign-sf1,mado,tpch,Q11,Medium,mysql,non-indexed,1,4,1,2,django,sql,q11s3,0,5.35649,1217,ok,,900000,1.07,175968,125597275822160,2026-09-05T21:35:22.090-05:00
364be7db4943,campaign-sf1,mado,tpch,Q11,Medium,mysql,non-indexed,1,4,1,3,sqlalchemy,sql,q11s3,0,5.393733,1217,ok,,900000,1.06,175968,125597275822160,2026-09-05T21:35:27.484-05:00
364be7db4943,campaign-sf1,mado,tpch,Q11,Medium,mysql,non-indexed,1,5,1,-1,django,sql,q11s4,2,5.372618,,ok,,900000,1.06,175968,125597275822160,2026-09-05T21:35:32.862-05:00
364be7db4943,campaign-sf1,mado,tpch,Q11,Medium,mysql,non-indexed,1,5,1,-1,django,orm,q11s4,2,5.346712,,ok,,900000,1.05,175968,125597275822160,2026-09-05T21:35:38.209-05:00
364be7db4943,campaign-sf1,mado,tpch,Q11,Medium,mysql,non-indexed,1,5,1,-1,sqlalchemy,sql,q11s4,2,5.431728,,ok,,900000,1.04,175968,125597275822160,2026-09-05T21:35:43.641-05:00
364be7db4943,campaign-sf1,mado,tpch,Q11,Medium,mysql,non-indexed,1,5,1,-1,sqlalchemy,orm,q11s4,2,5.390448,,ok,,900000,1.04,175968,125597275822160,2026-09-05T21:35:49.031-05:00
364be7db4943,campaign-sf1,mado,tpch,Q11,Medium,mysql,non-indexed,1,5,1,0,django,orm,q11s4,0,5.355212,699,ok,,900000,1.04,175968,125597275822160,2026-09-05T21:35:54.386-05:00
364be7db4943,campaign-sf1,mado,tpch,Q11,Medium,mysql,non-indexed,1,5,1,1,sqlalchemy,orm,q11s4,0,5.418957,699,ok,,900000,1.03,175968,125597275822160,2026-09-05T21:35:59.805-05:00
364be7db4943,campaign-sf1,mado,tpch,Q11,Medium,mysql,non-indexed,1,5,1,2,django,sql,q11s4,0,5.381884,699,ok,,900000,1.03,175968,125597275822160,2026-09-05T21:36:05.187-05:00
364be7db4943,campaign-sf1,mado,tpch,Q11,Medium,mysql,non-indexed,1,5,1,3,sqlalchemy,sql,q11s4,0,5.381946,699,ok,,900000,1.03,175968,125597275822160,2026-09-05T21:36:10.569-05:00
364be7db4943,campaign-sf1,mado,tpch,Q11,Medium,mysql,non-indexed,1,6,0,-1,django,sql,q11s5,2,5.362865,,ok,,900000,1.02,175968,125597275822160,2026-09-05T21:36:15.938-05:00
364be7db4943,campaign-sf1,mado,tpch,Q11,Medium,mysql,non-indexed,1,6,0,-1,django,orm,q11s5,2,5.353924,,ok,,900000,1.02,175968,125597275822160,2026-09-05T21:36:21.292-05:00
364be7db4943,campaign-sf1,mado,tpch,Q11,Medium,mysql,non-indexed,1,6,0,-1,sqlalchemy,sql,q11s5,2,5.399296,,ok,,900000,1.02,175968,125597275822160,2026-09-05T21:36:26.691-05:00
364be7db4943,campaign-sf1,mado,tpch,Q11,Medium,mysql,non-indexed,1,6,0,-1,sqlalchemy,orm,q11s5,2,5.380913,,ok,,900000,1.02,175968,125597275822160,2026-09-05T21:36:32.072-05:00
364be7db4943,campaign-sf1,mado,tpch,Q11,Medium,mysql,non-indexed,1,6,0,0,django,sql,q11s5,0,5.37729,925,ok,,900000,1.02,175968,125597275822160,2026-09-05T21:36:37.450-05:00
364be7db4943,campaign-sf1,mado,tpch,Q11,Medium,mysql,non-indexed,1,6,0,1,django,orm,q11s5,0,5.365201,925,ok,,900000,1.02,175968,125597275822160,2026-09-05T21:36:42.815-05:00
364be7db4943,campaign-sf1,mado,tpch,Q11,Medium,mysql,non-indexed,1,6,0,2,sqlalchemy,sql,q11s5,0,5.38757,925,ok,,900000,1.01,175968,125597275822160,2026-09-05T21:36:48.202-05:00
364be7db4943,campaign-sf1,mado,tpch,Q11,Medium,mysql,non-indexed,1,6,0,3,sqlalchemy,orm,q11s5,0,5.379481,925,ok,,900000,1.01,175968,125597275822160,2026-09-05T21:36:53.582-05:00
364be7db4943,campaign-sf1,mado,tpch,Q11,Medium,mysql,non-indexed,1,7,2,-1,django,sql,q11s6,2,5.421894,,ok,,900000,1.01,175968,125597275822160,2026-09-05T21:36:59.009-05:00
364be7db4943,campaign-sf1,mado,tpch,Q11,Medium,mysql,non-indexed,1,7,2,-1,django,orm,q11s6,2,5.366126,,ok,,900000,1.01,175968,125597275822160,2026-09-05T21:37:04.375-05:00
364be7db4943,campaign-sf1,mado,tpch,Q11,Medium,mysql,non-indexed,1,7,2,-1,sqlalchemy,sql,q11s6,2,5.447877,,ok,,900000,1.01,175968,125597275822160,2026-09-05T21:37:09.823-05:00
364be7db4943,campaign-sf1,mado,tpch,Q11,Medium,mysql,non-indexed,1,7,2,-1,sqlalchemy,orm,q11s6,2,5.372534,,ok,,900000,1.01,175968,125597275822160,2026-09-05T21:37:15.196-05:00
364be7db4943,campaign-sf1,mado,tpch,Q11,Medium,mysql,non-indexed,1,7,2,0,sqlalchemy,orm,q11s6,0,5.381577,1469,ok,,900000,1.01,175968,125597275822160,2026-09-05T21:37:20.578-05:00
364be7db4943,campaign-sf1,mado,tpch,Q11,Medium,mysql,non-indexed,1,7,2,1,sqlalchemy,sql,q11s6,0,5.391643,1469,ok,,900000,1.01,175968,125597275822160,2026-09-05T21:37:25.969-05:00
364be7db4943,campaign-sf1,mado,tpch,Q11,Medium,mysql,non-indexed,1,7,2,2,django,orm,q11s6,0,5.394495,1469,ok,,900000,1.0,175968,125597275822160,2026-09-05T21:37:31.364-05:00
364be7db4943,campaign-sf1,mado,tpch,Q11,Medium,mysql,non-indexed,1,7,2,3,django,sql,q11s6,0,5.36918,1469,ok,,900000,1.0,175968,125597275822160,2026-09-05T21:37:36.733-05:00
364be7db4943,campaign-sf1,mado,tpch,Q11,Medium,mysql,non-indexed,1,8,3,-1,django,sql,q11s7,2,5.352638,,ok,,900000,1.0,175968,125597275822160,2026-09-05T21:37:42.091-05:00
364be7db4943,campaign-sf1,mado,tpch,Q11,Medium,mysql,non-indexed,1,8,3,-1,django,orm,q11s7,2,5.392851,,ok,,900000,1.0,175968,125597275822160,2026-09-05T21:37:47.484-05:00
364be7db4943,campaign-sf1,mado,tpch,Q11,Medium,mysql,non-indexed,1,8,3,-1,sqlalchemy,sql,q11s7,2,5.380482,,ok,,900000,1.0,175968,125597275822160,2026-09-05T21:37:52.865-05:00
364be7db4943,campaign-sf1,mado,tpch,Q11,Medium,mysql,non-indexed,1,8,3,-1,sqlalchemy,orm,q11s7,2,5.383998,,ok,,900000,1.0,175968,125597275822160,2026-09-05T21:37:58.249-05:00
364be7db4943,campaign-sf1,mado,tpch,Q11,Medium,mysql,non-indexed,1,8,3,0,sqlalchemy,sql,q11s7,0,5.365422,786,ok,,900000,1.0,175968,125597275822160,2026-09-05T21:38:03.614-05:00
364be7db4943,campaign-sf1,mado,tpch,Q11,Medium,mysql,non-indexed,1,8,3,1,django,sql,q11s7,0,5.383431,786,ok,,900000,1.0,175968,125597275822160,2026-09-05T21:38:08.998-05:00
364be7db4943,campaign-sf1,mado,tpch,Q11,Medium,mysql,non-indexed,1,8,3,2,sqlalchemy,orm,q11s7,0,5.369458,786,ok,,900000,1.08,175968,125597275822160,2026-09-05T21:38:14.367-05:00
364be7db4943,campaign-sf1,mado,tpch,Q11,Medium,mysql,non-indexed,1,8,3,3,django,orm,q11s7,0,5.374463,786,ok,,900000,1.07,175968,125597275822160,2026-09-05T21:38:19.742-05:00
602805d92dde,campaign-sf1,mado,tpch,Q12,Medium,mysql,non-indexed,1,0,1,0,django,orm,q12warm,1,7.418161,2,ok,,900000,1.06,176002,131114793329072,2026-09-05T21:38:28.236-05:00
602805d92dde,campaign-sf1,mado,tpch,Q12,Medium,mysql,non-indexed,1,0,1,1,sqlalchemy,orm,q12warm,1,8.197186,2,ok,,900000,1.06,176002,131114793329072,2026-09-05T21:38:36.433-05:00
602805d92dde,campaign-sf1,mado,tpch,Q12,Medium,mysql,non-indexed,1,0,1,2,django,sql,q12warm,1,8.218818,2,ok,,900000,1.05,176002,131114793329072,2026-09-05T21:38:44.652-05:00
602805d92dde,campaign-sf1,mado,tpch,Q12,Medium,mysql,non-indexed,1,0,1,3,sqlalchemy,sql,q12warm,1,8.205886,2,ok,,900000,1.04,176002,131114793329072,2026-09-05T21:38:52.858-05:00
602805d92dde,campaign-sf1,mado,tpch,Q12,Medium,mysql,non-indexed,1,1,2,-1,django,sql,q12s0,2,8.547821,,ok,,900000,1.04,176002,131114793329072,2026-09-05T21:39:01.411-05:00
602805d92dde,campaign-sf1,mado,tpch,Q12,Medium,mysql,non-indexed,1,1,2,-1,django,orm,q12s0,2,7.411305,,ok,,900000,1.03,176002,131114793329072,2026-09-05T21:39:08.822-05:00
602805d92dde,campaign-sf1,mado,tpch,Q12,Medium,mysql,non-indexed,1,1,2,-1,sqlalchemy,sql,q12s0,2,8.504495,,ok,,900000,1.03,176002,131114793329072,2026-09-05T21:39:17.326-05:00
602805d92dde,campaign-sf1,mado,tpch,Q12,Medium,mysql,non-indexed,1,1,2,-1,sqlalchemy,orm,q12s0,2,8.522168,,ok,,900000,1.02,176002,131114793329072,2026-09-05T21:39:25.849-05:00
602805d92dde,campaign-sf1,mado,tpch,Q12,Medium,mysql,non-indexed,1,1,2,0,sqlalchemy,orm,q12s0,0,8.51925,2,ok,,900000,1.02,176002,131114793329072,2026-09-05T21:39:34.368-05:00
602805d92dde,campaign-sf1,mado,tpch,Q12,Medium,mysql,non-indexed,1,1,2,1,sqlalchemy,sql,q12s0,0,8.502275,2,ok,,900000,1.02,176002,131114793329072,2026-09-05T21:39:42.870-05:00
602805d92dde,campaign-sf1,mado,tpch,Q12,Medium,mysql,non-indexed,1,1,2,2,django,orm,q12s0,0,7.40395,2,ok,,900000,1.01,176002,131114793329072,2026-09-05T21:39:50.274-05:00
602805d92dde,campaign-sf1,mado,tpch,Q12,Medium,mysql,non-indexed,1,1,2,3,django,sql,q12s0,0,8.491048,2,ok,,900000,1.01,176002,131114793329072,2026-09-05T21:39:58.766-05:00
602805d92dde,campaign-sf1,mado,tpch,Q12,Medium,mysql,non-indexed,1,2,1,-1,django,sql,q12s1,2,8.530971,,ok,,900000,1.01,176002,131114793329072,2026-09-05T21:40:07.301-05:00
602805d92dde,campaign-sf1,mado,tpch,Q12,Medium,mysql,non-indexed,1,2,1,-1,django,orm,q12s1,2,7.321446,,ok,,900000,1.01,176002,131114793329072,2026-09-05T21:40:14.623-05:00
602805d92dde,campaign-sf1,mado,tpch,Q12,Medium,mysql,non-indexed,1,2,1,-1,sqlalchemy,sql,q12s1,2,8.534862,,ok,,900000,1.01,176002,131114793329072,2026-09-05T21:40:23.158-05:00
602805d92dde,campaign-sf1,mado,tpch,Q12,Medium,mysql,non-indexed,1,2,1,-1,sqlalchemy,orm,q12s1,2,8.546467,,ok,,900000,1.01,176002,131114793329072,2026-09-05T21:40:31.704-05:00
602805d92dde,campaign-sf1,mado,tpch,Q12,Medium,mysql,non-indexed,1,2,1,0,django,orm,q12s1,0,7.320122,2,ok,,900000,1.0,176002,131114793329072,2026-09-05T21:40:39.025-05:00
602805d92dde,campaign-sf1,mado,tpch,Q12,Medium,mysql,non-indexed,1,2,1,1,sqlalchemy,orm,q12s1,0,8.546424,2,ok,,900000,1.0,176002,131114793329072,2026-09-05T21:40:47.571-05:00
602805d92dde,campaign-sf1,mado,tpch,Q12,Medium,mysql,non-indexed,1,2,1,2,django,sql,q12s1,0,8.531277,2,ok,,900000,1.0,176002,131114793329072,2026-09-05T21:40:56.103-05:00
602805d92dde,campaign-sf1,mado,tpch,Q12,Medium,mysql,non-indexed,1,2,1,3,sqlalchemy,sql,q12s1,0,8.534154,2,ok,,900000,1.0,176002,131114793329072,2026-09-05T21:41:04.637-05:00
602805d92dde,campaign-sf1,mado,tpch,Q12,Medium,mysql,non-indexed,1,3,0,-1,django,sql,q12s2,2,8.582163,,ok,,900000,1.0,176002,131114793329072,2026-09-05T21:41:13.224-05:00
602805d92dde,campaign-sf1,mado,tpch,Q12,Medium,mysql,non-indexed,1,3,0,-1,django,orm,q12s2,2,7.421126,,ok,,900000,1.0,176002,131114793329072,2026-09-05T21:41:20.645-05:00
602805d92dde,campaign-sf1,mado,tpch,Q12,Medium,mysql,non-indexed,1,3,0,-1,sqlalchemy,sql,q12s2,2,8.598381,,ok,,900000,1.0,176002,131114793329072,2026-09-05T21:41:29.244-05:00
602805d92dde,campaign-sf1,mado,tpch,Q12,Medium,mysql,non-indexed,1,3,0,-1,sqlalchemy,orm,q12s2,2,8.612033,,ok,,900000,1.0,176002,131114793329072,2026-09-05T21:41:37.856-05:00
602805d92dde,campaign-sf1,mado,tpch,Q12,Medium,mysql,non-indexed,1,3,0,0,django,sql,q12s2,0,8.581777,2,ok,,900000,1.0,176002,131114793329072,2026-09-05T21:41:46.438-05:00
602805d92dde,campaign-sf1,mado,tpch,Q12,Medium,mysql,non-indexed,1,3,0,1,django,orm,q12s2,0,7.42292,2,ok,,900000,1.0,176002,131114793329072,2026-09-05T21:41:53.861-05:00
602805d92dde,campaign-sf1,mado,tpch,Q12,Medium,mysql,non-indexed,1,3,0,2,sqlalchemy,sql,q12s2,0,8.599217,2,ok,,900000,1.0,176002,131114793329072,2026-09-05T21:42:02.460-05:00
602805d92dde,campaign-sf1,mado,tpch,Q12,Medium,mysql,non-indexed,1,3,0,3,sqlalchemy,orm,q12s2,0,8.609138,2,ok,,900000,1.0,176002,131114793329072,2026-09-05T21:42:11.069-05:00
602805d92dde,campaign-sf1,mado,tpch,Q12,Medium,mysql,non-indexed,1,4,3,-1,django,sql,q12s3,2,8.545648,,ok,,900000,1.0,176002,131114793329072,2026-09-05T21:42:19.619-05:00
602805d92dde,campaign-sf1,mado,tpch,Q12,Medium,mysql,non-indexed,1,4,3,-1,django,orm,q12s3,2,7.421788,,ok,,900000,1.08,176002,131114793329072,2026-09-05T21:42:27.041-05:00
602805d92dde,campaign-sf1,mado,tpch,Q12,Medium,mysql,non-indexed,1,4,3,-1,sqlalchemy,sql,q12s3,2,8.565334,,ok,,900000,1.07,176002,131114793329072,2026-09-05T21:42:35.607-05:00
602805d92dde,campaign-sf1,mado,tpch,Q12,Medium,mysql,non-indexed,1,4,3,-1,sqlalchemy,orm,q12s3,2,8.578926,,ok,,900000,1.06,176002,131114793329072,2026-09-05T21:42:44.186-05:00
602805d92dde,campaign-sf1,mado,tpch,Q12,Medium,mysql,non-indexed,1,4,3,0,sqlalchemy,sql,q12s3,0,8.564748,2,ok,,900000,1.05,176002,131114793329072,2026-09-05T21:42:52.750-05:00
602805d92dde,campaign-sf1,mado,tpch,Q12,Medium,mysql,non-indexed,1,4,3,1,django,sql,q12s3,0,8.546784,2,ok,,900000,1.04,176002,131114793329072,2026-09-05T21:43:01.297-05:00
602805d92dde,campaign-sf1,mado,tpch,Q12,Medium,mysql,non-indexed,1,4,3,2,sqlalchemy,orm,q12s3,0,8.57854,2,ok,,900000,1.04,176002,131114793329072,2026-09-05T21:43:09.876-05:00
602805d92dde,campaign-sf1,mado,tpch,Q12,Medium,mysql,non-indexed,1,4,3,3,django,orm,q12s3,0,7.421835,2,ok,,900000,1.03,176002,131114793329072,2026-09-05T21:43:17.298-05:00
602805d92dde,campaign-sf1,mado,tpch,Q12,Medium,mysql,non-indexed,1,5,0,-1,django,sql,q12s4,2,8.504232,,ok,,900000,1.03,176002,131114793329072,2026-09-05T21:43:25.807-05:00
602805d92dde,campaign-sf1,mado,tpch,Q12,Medium,mysql,non-indexed,1,5,0,-1,django,orm,q12s4,2,7.380595,,ok,,900000,1.02,176002,131114793329072,2026-09-05T21:43:33.188-05:00
602805d92dde,campaign-sf1,mado,tpch,Q12,Medium,mysql,non-indexed,1,5,0,-1,sqlalchemy,sql,q12s4,2,8.516815,,ok,,900000,1.02,176002,131114793329072,2026-09-05T21:43:41.705-05:00
602805d92dde,campaign-sf1,mado,tpch,Q12,Medium,mysql,non-indexed,1,5,0,-1,sqlalchemy,orm,q12s4,2,8.530373,,ok,,900000,1.02,176002,131114793329072,2026-09-05T21:43:50.235-05:00
602805d92dde,campaign-sf1,mado,tpch,Q12,Medium,mysql,non-indexed,1,5,0,0,django,sql,q12s4,0,8.50346,2,ok,,900000,1.01,176002,131114793329072,2026-09-05T21:43:58.739-05:00
602805d92dde,campaign-sf1,mado,tpch,Q12,Medium,mysql,non-indexed,1,5,0,1,django,orm,q12s4,0,7.380174,2,ok,,900000,1.01,176002,131114793329072,2026-09-05T21:44:06.119-05:00
602805d92dde,campaign-sf1,mado,tpch,Q12,Medium,mysql,non-indexed,1,5,0,2,sqlalchemy,sql,q12s4,0,8.515764,2,ok,,900000,1.01,176002,131114793329072,2026-09-05T21:44:14.635-05:00
602805d92dde,campaign-sf1,mado,tpch,Q12,Medium,mysql,non-indexed,1,5,0,3,sqlalchemy,orm,q12s4,0,8.529601,2,ok,,900000,1.01,176002,131114793329072,2026-09-05T21:44:23.164-05:00
602805d92dde,campaign-sf1,mado,tpch,Q12,Medium,mysql,non-indexed,1,6,2,-1,django,sql,q12s5,2,8.6671,,ok,,900000,1.01,176002,131114793329072,2026-09-05T21:44:31.837-05:00
602805d92dde,campaign-sf1,mado,tpch,Q12,Medium,mysql,non-indexed,1,6,2,-1,django,orm,q12s5,2,7.38997,,ok,,900000,1.01,176002,131114793329072,2026-09-05T21:44:39.227-05:00
602805d92dde,campaign-sf1,mado,tpch,Q12,Medium,mysql,non-indexed,1,6,2,-1,sqlalchemy,sql,q12s5,2,8.68636,,ok,,900000,1.0,176002,131114793329072,2026-09-05T21:44:47.913-05:00
602805d92dde,campaign-sf1,mado,tpch,Q12,Medium,mysql,non-indexed,1,6,2,-1,sqlalchemy,orm,q12s5,2,8.69751,,ok,,900000,1.0,176002,131114793329072,2026-09-05T21:44:56.611-05:00
602805d92dde,campaign-sf1,mado,tpch,Q12,Medium,mysql,non-indexed,1,6,2,0,sqlalchemy,orm,q12s5,0,8.693904,2,ok,,900000,1.0,176002,131114793329072,2026-09-05T21:45:05.305-05:00
602805d92dde,campaign-sf1,mado,tpch,Q12,Medium,mysql,non-indexed,1,6,2,1,sqlalchemy,sql,q12s5,0,8.68336,2,ok,,900000,1.0,176002,131114793329072,2026-09-05T21:45:13.988-05:00
602805d92dde,campaign-sf1,mado,tpch,Q12,Medium,mysql,non-indexed,1,6,2,2,django,orm,q12s5,0,7.382819,2,ok,,900000,1.0,176002,131114793329072,2026-09-05T21:45:21.371-05:00
602805d92dde,campaign-sf1,mado,tpch,Q12,Medium,mysql,non-indexed,1,6,2,3,django,sql,q12s5,0,8.66687,2,ok,,900000,1.0,176002,131114793329072,2026-09-05T21:45:30.038-05:00
602805d92dde,campaign-sf1,mado,tpch,Q12,Medium,mysql,non-indexed,1,7,1,-1,django,sql,q12s6,2,8.524678,,ok,,900000,1.0,176002,131114793329072,2026-09-05T21:45:38.567-05:00
602805d92dde,campaign-sf1,mado,tpch,Q12,Medium,mysql,non-indexed,1,7,1,-1,django,orm,q12s6,2,7.388002,,ok,,900000,1.0,176002,131114793329072,2026-09-05T21:45:45.955-05:00
602805d92dde,campaign-sf1,mado,tpch,Q12,Medium,mysql,non-indexed,1,7,1,-1,sqlalchemy,sql,q12s6,2,8.54011,,ok,,900000,1.0,176002,131114793329072,2026-09-05T21:45:54.496-05:00
602805d92dde,campaign-sf1,mado,tpch,Q12,Medium,mysql,non-indexed,1,7,1,-1,sqlalchemy,orm,q12s6,2,8.556175,,ok,,900000,1.0,176002,131114793329072,2026-09-05T21:46:03.052-05:00
602805d92dde,campaign-sf1,mado,tpch,Q12,Medium,mysql,non-indexed,1,7,1,0,django,orm,q12s6,0,7.386007,2,ok,,900000,1.0,176002,131114793329072,2026-09-05T21:46:10.438-05:00
602805d92dde,campaign-sf1,mado,tpch,Q12,Medium,mysql,non-indexed,1,7,1,1,sqlalchemy,orm,q12s6,0,8.555311,2,ok,,900000,1.0,176002,131114793329072,2026-09-05T21:46:18.993-05:00
602805d92dde,campaign-sf1,mado,tpch,Q12,Medium,mysql,non-indexed,1,7,1,2,django,sql,q12s6,0,8.523899,2,ok,,900000,1.0,176002,131114793329072,2026-09-05T21:46:27.517-05:00
602805d92dde,campaign-sf1,mado,tpch,Q12,Medium,mysql,non-indexed,1,7,1,3,sqlalchemy,sql,q12s6,0,8.540027,2,ok,,900000,1.07,176002,131114793329072,2026-09-05T21:46:36.058-05:00
602805d92dde,campaign-sf1,mado,tpch,Q12,Medium,mysql,non-indexed,1,8,3,-1,django,sql,q12s7,2,8.46834,,ok,,900000,1.06,176002,131114793329072,2026-09-05T21:46:44.531-05:00
602805d92dde,campaign-sf1,mado,tpch,Q12,Medium,mysql,non-indexed,1,8,3,-1,django,orm,q12s7,2,7.314884,,ok,,900000,1.06,176002,131114793329072,2026-09-05T21:46:51.846-05:00
602805d92dde,campaign-sf1,mado,tpch,Q12,Medium,mysql,non-indexed,1,8,3,-1,sqlalchemy,sql,q12s7,2,8.474779,,ok,,900000,1.05,176002,131114793329072,2026-09-05T21:47:00.321-05:00
602805d92dde,campaign-sf1,mado,tpch,Q12,Medium,mysql,non-indexed,1,8,3,-1,sqlalchemy,orm,q12s7,2,8.489197,,ok,,900000,1.04,176002,131114793329072,2026-09-05T21:47:08.810-05:00
602805d92dde,campaign-sf1,mado,tpch,Q12,Medium,mysql,non-indexed,1,8,3,0,sqlalchemy,sql,q12s7,0,8.474039,2,ok,,900000,1.04,176002,131114793329072,2026-09-05T21:47:17.284-05:00
602805d92dde,campaign-sf1,mado,tpch,Q12,Medium,mysql,non-indexed,1,8,3,1,django,sql,q12s7,0,8.462289,2,ok,,900000,1.03,176002,131114793329072,2026-09-05T21:47:25.747-05:00
602805d92dde,campaign-sf1,mado,tpch,Q12,Medium,mysql,non-indexed,1,8,3,2,sqlalchemy,orm,q12s7,0,8.465745,2,ok,,900000,1.02,176002,131114793329072,2026-09-05T21:47:34.212-05:00
602805d92dde,campaign-sf1,mado,tpch,Q12,Medium,mysql,non-indexed,1,8,3,3,django,orm,q12s7,0,7.321188,2,ok,,900000,1.02,176002,131114793329072,2026-09-05T21:47:41.534-05:00
554fe5267419,campaign-sf1,mado,tpch,Q13,Complex,mysql,non-indexed,1,0,2,0,sqlalchemy,orm,q13warm,1,4.214009,42,ok,,900000,1.02,176284,134433551907824,2026-09-05T21:47:46.826-05:00
554fe5267419,campaign-sf1,mado,tpch,Q13,Complex,mysql,non-indexed,1,0,2,1,sqlalchemy,sql,q13warm,1,4.119272,42,ok,,900000,1.02,176284,134433551907824,2026-09-05T21:47:50.945-05:00
554fe5267419,campaign-sf1,mado,tpch,Q13,Complex,mysql,non-indexed,1,0,2,2,django,orm,q13warm,1,900.007661,,timeout,"OperationalError: (3024, 'Query execution was interrupted, maximum statement execution time exceeded')",900000,1.28,176284,134433551907824,2026-09-05T22:02:50.954-05:00
554fe5267419,campaign-sf1,mado,tpch,Q13,Complex,mysql,non-indexed,1,0,2,3,django,sql,q13warm,1,4.131471,42,ok,,900000,1.26,176284,134433551907824,2026-09-05T22:02:55.086-05:00
554fe5267419,campaign-sf1,mado,tpch,Q13,Complex,mysql,non-indexed,1,1,2,-1,django,sql,q13s0,2,4.183607,,ok,,900000,1.24,176284,134433551907824,2026-09-05T22:02:59.275-05:00
554fe5267419,campaign-sf1,mado,tpch,Q13,Complex,mysql,non-indexed,1,1,2,-1,sqlalchemy,sql,q13s0,2,4.200507,,ok,,900000,1.22,176284,134433551907824,2026-09-05T22:03:03.475-05:00
554fe5267419,campaign-sf1,mado,tpch,Q13,Complex,mysql,non-indexed,1,1,2,-1,sqlalchemy,orm,q13s0,2,4.193223,,ok,,900000,1.22,176284,134433551907824,2026-09-05T22:03:07.669-05:00
554fe5267419,campaign-sf1,mado,tpch,Q13,Complex,mysql,non-indexed,1,1,2,0,sqlalchemy,orm,q13s0,0,4.18932,42,ok,,900000,1.2,176284,134433551907824,2026-09-05T22:03:11.858-05:00
554fe5267419,campaign-sf1,mado,tpch,Q13,Complex,mysql,non-indexed,1,1,2,1,sqlalchemy,sql,q13s0,0,4.188394,42,ok,,900000,1.18,176284,134433551907824,2026-09-05T22:03:16.047-05:00
554fe5267419,campaign-sf1,mado,tpch,Q13,Complex,mysql,non-indexed,1,1,2,3,django,sql,q13s0,0,4.180951,42,ok,,900000,1.17,176284,134433551907824,2026-09-05T22:03:20.228-05:00
554fe5267419,campaign-sf1,mado,tpch,Q13,Complex,mysql,non-indexed,1,2,3,-1,django,sql,q13s1,2,4.022426,,ok,,900000,1.15,176284,134433551907824,2026-09-05T22:03:24.255-05:00
554fe5267419,campaign-sf1,mado,tpch,Q13,Complex,mysql,non-indexed,1,2,3,-1,sqlalchemy,sql,q13s1,2,4.034091,,ok,,900000,1.15,176284,134433551907824,2026-09-05T22:03:28.289-05:00
554fe5267419,campaign-sf1,mado,tpch,Q13,Complex,mysql,non-indexed,1,2,3,-1,sqlalchemy,orm,q13s1,2,4.037833,,ok,,900000,1.14,176284,134433551907824,2026-09-05T22:03:32.327-05:00
554fe5267419,campaign-sf1,mado,tpch,Q13,Complex,mysql,non-indexed,1,2,3,0,sqlalchemy,sql,q13s1,0,4.034691,41,ok,,900000,1.13,176284,134433551907824,2026-09-05T22:03:36.362-05:00
554fe5267419,campaign-sf1,mado,tpch,Q13,Complex,mysql,non-indexed,1,2,3,1,django,sql,q13s1,0,4.026524,41,ok,,900000,1.12,176284,134433551907824,2026-09-05T22:03:40.389-05:00
554fe5267419,campaign-sf1,mado,tpch,Q13,Complex,mysql,non-indexed,1,2,3,2,sqlalchemy,orm,q13s1,0,4.038318,41,ok,,900000,1.11,176284,134433551907824,2026-09-05T22:03:44.427-05:00
554fe5267419,campaign-sf1,mado,tpch,Q13,Complex,mysql,non-indexed,1,3,1,-1,django,sql,q13s2,2,4.085738,,ok,,900000,1.1,176284,134433551907824,2026-09-05T22:03:48.518-05:00
554fe5267419,campaign-sf1,mado,tpch,Q13,Complex,mysql,non-indexed,1,3,1,-1,sqlalchemy,sql,q13s2,2,4.096578,,ok,,900000,1.1,176284,134433551907824,2026-09-05T22:03:52.615-05:00
554fe5267419,campaign-sf1,mado,tpch,Q13,Complex,mysql,non-indexed,1,3,1,-1,sqlalchemy,orm,q13s2,2,4.099578,,ok,,900000,1.09,176284,134433551907824,2026-09-05T22:03:56.714-05:00
554fe5267419,campaign-sf1,mado,tpch,Q13,Complex,mysql,non-indexed,1,3,1,1,sqlalchemy,orm,q13s2,0,4.116086,42,ok,,900000,1.08,176284,134433551907824,2026-09-05T22:04:00.830-05:00
554fe5267419,campaign-sf1,mado,tpch,Q13,Complex,mysql,non-indexed,1,3,1,2,django,sql,q13s2,0,4.091992,42,ok,,900000,1.16,176284,134433551907824,2026-09-05T22:04:04.923-05:00
554fe5267419,campaign-sf1,mado,tpch,Q13,Complex,mysql,non-indexed,1,3,1,3,sqlalchemy,sql,q13s2,0,4.10956,42,ok,,900000,1.15,176284,134433551907824,2026-09-05T22:04:09.032-05:00
554fe5267419,campaign-sf1,mado,tpch,Q13,Complex,mysql,non-indexed,1,4,0,-1,django,sql,q13s3,2,4.246511,,ok,,900000,1.15,176284,134433551907824,2026-09-05T22:04:13.284-05:00
554fe5267419,campaign-sf1,mado,tpch,Q13,Complex,mysql,non-indexed,1,4,0,-1,sqlalchemy,sql,q13s3,2,4.281589,,ok,,900000,1.13,176284,134433551907824,2026-09-05T22:04:17.566-05:00
554fe5267419,campaign-sf1,mado,tpch,Q13,Complex,mysql,non-indexed,1,4,0,-1,sqlalchemy,orm,q13s3,2,4.280996,,ok,,900000,1.12,176284,134433551907824,2026-09-05T22:04:21.847-05:00
554fe5267419,campaign-sf1,mado,tpch,Q13,Complex,mysql,non-indexed,1,4,0,0,django,sql,q13s3,0,4.245848,41,ok,,900000,1.11,176284,134433551907824,2026-09-05T22:04:26.093-05:00
554fe5267419,campaign-sf1,mado,tpch,Q13,Complex,mysql,non-indexed,1,4,0,2,sqlalchemy,sql,q13s3,0,4.284214,41,ok,,900000,1.1,176284,134433551907824,2026-09-05T22:04:30.377-05:00
554fe5267419,campaign-sf1,mado,tpch,Q13,Complex,mysql,non-indexed,1,4,0,3,sqlalchemy,orm,q13s3,0,4.28911,41,ok,,900000,1.1,176284,134433551907824,2026-09-05T22:04:34.666-05:00
554fe5267419,campaign-sf1,mado,tpch,Q13,Complex,mysql,non-indexed,1,5,2,-1,django,sql,q13s4,2,4.17717,,ok,,900000,1.09,176284,134433551907824,2026-09-05T22:04:38.849-05:00
554fe5267419,campaign-sf1,mado,tpch,Q13,Complex,mysql,non-indexed,1,5,2,-1,sqlalchemy,sql,q13s4,2,4.203444,,ok,,900000,1.09,176284,134433551907824,2026-09-05T22:04:43.052-05:00
554fe5267419,campaign-sf1,mado,tpch,Q13,Complex,mysql,non-indexed,1,5,2,-1,sqlalchemy,orm,q13s4,2,4.202399,,ok,,900000,1.16,176284,134433551907824,2026-09-05T22:04:47.255-05:00
554fe5267419,campaign-sf1,mado,tpch,Q13,Complex,mysql,non-indexed,1,5,2,0,sqlalchemy,orm,q13s4,0,4.181404,42,ok,,900000,1.15,176284,134433551907824,2026-09-05T22:04:51.436-05:00
554fe5267419,campaign-sf1,mado,tpch,Q13,Complex,mysql,non-indexed,1,5,2,1,sqlalchemy,sql,q13s4,0,4.220212,42,ok,,900000,1.14,176284,134433551907824,2026-09-05T22:04:55.657-05:00
554fe5267419,campaign-sf1,mado,tpch,Q13,Complex,mysql,non-indexed,1,5,2,3,django,sql,q13s4,0,4.259616,42,ok,,900000,1.2,176284,134433551907824,2026-09-05T22:04:59.916-05:00
554fe5267419,campaign-sf1,mado,tpch,Q13,Complex,mysql,non-indexed,1,6,0,-1,django,sql,q13s5,2,4.249717,,ok,,900000,1.19,176284,134433551907824,2026-09-05T22:05:04.170-05:00
554fe5267419,campaign-sf1,mado,tpch,Q13,Complex,mysql,non-indexed,1,6,0,-1,sqlalchemy,sql,q13s5,2,4.248605,,ok,,900000,1.19,176284,134433551907824,2026-09-05T22:05:08.419-05:00
554fe5267419,campaign-sf1,mado,tpch,Q13,Complex,mysql,non-indexed,1,6,0,-1,sqlalchemy,orm,q13s5,2,4.271742,,ok,,900000,1.17,176284,134433551907824,2026-09-05T22:05:12.691-05:00
554fe5267419,campaign-sf1,mado,tpch,Q13,Complex,mysql,non-indexed,1,6,0,0,django,sql,q13s5,0,4.252145,42,ok,,900000,1.16,176284,134433551907824,2026-09-05T22:05:16.943-05:00
554fe5267419,campaign-sf1,mado,tpch,Q13,Complex,mysql,non-indexed,1,6,0,2,sqlalchemy,sql,q13s5,0,4.264264,42,ok,,900000,1.15,176284,134433551907824,2026-09-05T22:05:21.208-05:00
554fe5267419,campaign-sf1,mado,tpch,Q13,Complex,mysql,non-indexed,1,6,0,3,sqlalchemy,orm,q13s5,0,4.26526,42,ok,,900000,1.13,176284,134433551907824,2026-09-05T22:05:25.473-05:00
554fe5267419,campaign-sf1,mado,tpch,Q13,Complex,mysql,non-indexed,1,7,3,-1,django,sql,q13s6,2,4.022576,,ok,,900000,1.12,176284,134433551907824,2026-09-05T22:05:29.502-05:00
554fe5267419,campaign-sf1,mado,tpch,Q13,Complex,mysql,non-indexed,1,7,3,-1,sqlalchemy,sql,q13s6,2,4.036107,,ok,,900000,1.11,176284,134433551907824,2026-09-05T22:05:33.538-05:00
554fe5267419,campaign-sf1,mado,tpch,Q13,Complex,mysql,non-indexed,1,7,3,-1,sqlalchemy,orm,q13s6,2,4.027774,,ok,,900000,1.11,176284,134433551907824,2026-09-05T22:05:37.566-05:00
554fe5267419,campaign-sf1,mado,tpch,Q13,Complex,mysql,non-indexed,1,7,3,0,sqlalchemy,sql,q13s6,0,4.032492,42,ok,,900000,1.1,176284,134433551907824,2026-09-05T22:05:41.599-05:00
554fe5267419,campaign-sf1,mado,tpch,Q13,Complex,mysql,non-indexed,1,7,3,1,django,sql,q13s6,0,4.020697,42,ok,,900000,1.1,176284,134433551907824,2026-09-05T22:05:45.620-05:00
554fe5267419,campaign-sf1,mado,tpch,Q13,Complex,mysql,non-indexed,1,7,3,2,sqlalchemy,orm,q13s6,0,4.032314,42,ok,,900000,1.09,176284,134433551907824,2026-09-05T22:05:49.652-05:00
554fe5267419,campaign-sf1,mado,tpch,Q13,Complex,mysql,non-indexed,1,8,1,-1,django,sql,q13s7,2,4.276788,,ok,,900000,1.08,176284,134433551907824,2026-09-05T22:05:53.934-05:00
554fe5267419,campaign-sf1,mado,tpch,Q13,Complex,mysql,non-indexed,1,8,1,-1,sqlalchemy,sql,q13s7,2,4.266276,,ok,,900000,1.08,176284,134433551907824,2026-09-05T22:05:58.200-05:00
554fe5267419,campaign-sf1,mado,tpch,Q13,Complex,mysql,non-indexed,1,8,1,-1,sqlalchemy,orm,q13s7,2,4.285415,,ok,,900000,1.07,176284,134433551907824,2026-09-05T22:06:02.486-05:00
554fe5267419,campaign-sf1,mado,tpch,Q13,Complex,mysql,non-indexed,1,8,1,1,sqlalchemy,orm,q13s7,0,4.285238,42,ok,,900000,1.07,176284,134433551907824,2026-09-05T22:06:06.771-05:00
554fe5267419,campaign-sf1,mado,tpch,Q13,Complex,mysql,non-indexed,1,8,1,2,django,sql,q13s7,0,4.258133,42,ok,,900000,1.06,176284,134433551907824,2026-09-05T22:06:11.029-05:00
554fe5267419,campaign-sf1,mado,tpch,Q13,Complex,mysql,non-indexed,1,8,1,3,sqlalchemy,sql,q13s7,0,4.289617,42,ok,,900000,1.06,176284,134433551907824,2026-09-05T22:06:15.319-05:00
39810771c390,campaign-sf1,mado,tpch,Q14,Simple,mysql,non-indexed,1,0,1,0,django,orm,q14warm,1,7.473155,1,ok,,900000,1.05,176501,134581702534176,2026-09-05T22:06:23.868-05:00
39810771c390,campaign-sf1,mado,tpch,Q14,Simple,mysql,non-indexed,1,0,1,1,sqlalchemy,orm,q14warm,1,7.388668,1,ok,,900000,1.04,176501,134581702534176,2026-09-05T22:06:31.257-05:00
39810771c390,campaign-sf1,mado,tpch,Q14,Simple,mysql,non-indexed,1,0,1,2,django,sql,q14warm,1,7.334842,1,ok,,900000,1.04,176501,134581702534176,2026-09-05T22:06:38.592-05:00
39810771c390,campaign-sf1,mado,tpch,Q14,Simple,mysql,non-indexed,1,0,1,3,sqlalchemy,sql,q14warm,1,7.395954,1,ok,,900000,1.03,176501,134581702534176,2026-09-05T22:06:45.988-05:00
39810771c390,campaign-sf1,mado,tpch,Q14,Simple,mysql,non-indexed,1,1,0,-1,django,sql,q14s0,2,7.349493,,ok,,900000,1.03,176501,134581702534176,2026-09-05T22:06:53.342-05:00
39810771c390,campaign-sf1,mado,tpch,Q14,Simple,mysql,non-indexed,1,1,0,-1,django,orm,q14s0,2,7.360855,,ok,,900000,1.02,176501,134581702534176,2026-09-05T22:07:00.703-05:00
39810771c390,campaign-sf1,mado,tpch,Q14,Simple,mysql,non-indexed,1,1,0,-1,sqlalchemy,sql,q14s0,2,7.067753,,ok,,900000,1.02,176501,134581702534176,2026-09-05T22:07:07.771-05:00
39810771c390,campaign-sf1,mado,tpch,Q14,Simple,mysql,non-indexed,1,1,0,-1,sqlalchemy,orm,q14s0,2,7.21312,,ok,,900000,1.02,176501,134581702534176,2026-09-05T22:07:14.984-05:00
39810771c390,campaign-sf1,mado,tpch,Q14,Simple,mysql,non-indexed,1,1,0,0,django,sql,q14s0,0,7.249632,1,ok,,900000,1.02,176501,134581702534176,2026-09-05T22:07:22.234-05:00
39810771c390,campaign-sf1,mado,tpch,Q14,Simple,mysql,non-indexed,1,1,0,1,django,orm,q14s0,0,7.38631,1,ok,,900000,1.01,176501,134581702534176,2026-09-05T22:07:29.620-05:00
39810771c390,campaign-sf1,mado,tpch,Q14,Simple,mysql,non-indexed,1,1,0,2,sqlalchemy,sql,q14s0,0,7.14371,1,ok,,900000,1.01,176501,134581702534176,2026-09-05T22:07:36.764-05:00
39810771c390,campaign-sf1,mado,tpch,Q14,Simple,mysql,non-indexed,1,1,0,3,sqlalchemy,orm,q14s0,0,7.146198,1,ok,,900000,1.09,176501,134581702534176,2026-09-05T22:07:43.910-05:00
39810771c390,campaign-sf1,mado,tpch,Q14,Simple,mysql,non-indexed,1,2,3,-1,django,sql,q14s1,2,7.336671,,ok,,900000,1.16,176501,134581702534176,2026-09-05T22:07:51.252-05:00
39810771c390,campaign-sf1,mado,tpch,Q14,Simple,mysql,non-indexed,1,2,3,-1,django,orm,q14s1,2,7.436826,,ok,,900000,1.14,176501,134581702534176,2026-09-05T22:07:58.689-05:00
39810771c390,campaign-sf1,mado,tpch,Q14,Simple,mysql,non-indexed,1,2,3,-1,sqlalchemy,sql,q14s1,2,7.154416,,ok,,900000,1.13,176501,134581702534176,2026-09-05T22:08:05.844-05:00
39810771c390,campaign-sf1,mado,tpch,Q14,Simple,mysql,non-indexed,1,2,3,-1,sqlalchemy,orm,q14s1,2,7.172422,,ok,,900000,1.12,176501,134581702534176,2026-09-05T22:08:13.016-05:00
39810771c390,campaign-sf1,mado,tpch,Q14,Simple,mysql,non-indexed,1,2,3,0,sqlalchemy,sql,q14s1,0,7.100538,1,ok,,900000,1.17,176501,134581702534176,2026-09-05T22:08:20.117-05:00
39810771c390,campaign-sf1,mado,tpch,Q14,Simple,mysql,non-indexed,1,2,3,1,django,sql,q14s1,0,7.448851,1,ok,,900000,1.16,176501,134581702534176,2026-09-05T22:08:27.566-05:00
39810771c390,campaign-sf1,mado,tpch,Q14,Simple,mysql,non-indexed,1,2,3,2,sqlalchemy,orm,q14s1,0,7.171173,1,ok,,900000,1.13,176501,134581702534176,2026-09-05T22:08:34.737-05:00
39810771c390,campaign-sf1,mado,tpch,Q14,Simple,mysql,non-indexed,1,2,3,3,django,orm,q14s1,0,7.394002,1,ok,,900000,1.12,176501,134581702534176,2026-09-05T22:08:42.131-05:00
39810771c390,campaign-sf1,mado,tpch,Q14,Simple,mysql,non-indexed,1,3,1,-1,django,sql,q14s2,2,7.287904,,ok,,900000,1.26,176501,134581702534176,2026-09-05T22:08:49.424-05:00
39810771c390,campaign-sf1,mado,tpch,Q14,Simple,mysql,non-indexed,1,3,1,-1,django,orm,q14s2,2,7.231384,,ok,,900000,1.24,176501,134581702534176,2026-09-05T22:08:56.655-05:00
39810771c390,campaign-sf1,mado,tpch,Q14,Simple,mysql,non-indexed,1,3,1,-1,sqlalchemy,sql,q14s2,2,7.084846,,ok,,900000,1.21,176501,134581702534176,2026-09-05T22:09:03.740-05:00
39810771c390,campaign-sf1,mado,tpch,Q14,Simple,mysql,non-indexed,1,3,1,-1,sqlalchemy,orm,q14s2,2,7.029024,,ok,,900000,1.19,176501,134581702534176,2026-09-05T22:09:10.769-05:00
39810771c390,campaign-sf1,mado,tpch,Q14,Simple,mysql,non-indexed,1,3,1,0,django,orm,q14s2,0,7.225494,1,ok,,900000,1.17,176501,134581702534176,2026-09-05T22:09:17.995-05:00
39810771c390,campaign-sf1,mado,tpch,Q14,Simple,mysql,non-indexed,1,3,1,1,sqlalchemy,orm,q14s2,0,7.035796,1,ok,,900000,1.15,176501,134581702534176,2026-09-05T22:09:25.031-05:00
39810771c390,campaign-sf1,mado,tpch,Q14,Simple,mysql,non-indexed,1,3,1,2,django,sql,q14s2,0,7.225618,1,ok,,900000,1.13,176501,134581702534176,2026-09-05T22:09:32.256-05:00
39810771c390,campaign-sf1,mado,tpch,Q14,Simple,mysql,non-indexed,1,3,1,3,sqlalchemy,sql,q14s2,0,6.946941,1,ok,,900000,1.11,176501,134581702534176,2026-09-05T22:09:39.203-05:00
39810771c390,campaign-sf1,mado,tpch,Q14,Simple,mysql,non-indexed,1,4,2,-1,django,sql,q14s3,2,7.258906,,ok,,900000,1.1,176501,134581702534176,2026-09-05T22:09:46.467-05:00
39810771c390,campaign-sf1,mado,tpch,Q14,Simple,mysql,non-indexed,1,4,2,-1,django,orm,q14s3,2,7.358258,,ok,,900000,1.09,176501,134581702534176,2026-09-05T22:09:53.825-05:00
39810771c390,campaign-sf1,mado,tpch,Q14,Simple,mysql,non-indexed,1,4,2,-1,sqlalchemy,sql,q14s3,2,7.101672,,ok,,900000,1.08,176501,134581702534176,2026-09-05T22:10:00.927-05:00
39810771c390,campaign-sf1,mado,tpch,Q14,Simple,mysql,non-indexed,1,4,2,-1,sqlalchemy,orm,q14s3,2,7.115773,,ok,,900000,1.07,176501,134581702534176,2026-09-05T22:10:08.043-05:00
39810771c390,campaign-sf1,mado,tpch,Q14,Simple,mysql,non-indexed,1,4,2,0,sqlalchemy,orm,q14s3,0,7.138756,1,ok,,900000,1.06,176501,134581702534176,2026-09-05T22:10:15.182-05:00
39810771c390,campaign-sf1,mado,tpch,Q14,Simple,mysql,non-indexed,1,4,2,1,sqlalchemy,sql,q14s3,0,7.455518,1,ok,,900000,1.06,176501,134581702534176,2026-09-05T22:10:22.637-05:00
39810771c390,campaign-sf1,mado,tpch,Q14,Simple,mysql,non-indexed,1,4,2,2,django,orm,q14s3,0,7.374043,1,ok,,900000,1.05,176501,134581702534176,2026-09-05T22:10:30.011-05:00
39810771c390,campaign-sf1,mado,tpch,Q14,Simple,mysql,non-indexed,1,4,2,3,django,sql,q14s3,0,7.390841,1,ok,,900000,1.04,176501,134581702534176,2026-09-05T22:10:37.402-05:00
39810771c390,campaign-sf1,mado,tpch,Q14,Simple,mysql,non-indexed,1,5,1,-1,django,sql,q14s4,2,7.382527,,ok,,900000,1.04,176501,134581702534176,2026-09-05T22:10:44.792-05:00
39810771c390,campaign-sf1,mado,tpch,Q14,Simple,mysql,non-indexed,1,5,1,-1,django,orm,q14s4,2,7.446014,,ok,,900000,1.03,176501,134581702534176,2026-09-05T22:10:52.238-05:00
39810771c390,campaign-sf1,mado,tpch,Q14,Simple,mysql,non-indexed,1,5,1,-1,sqlalchemy,sql,q14s4,2,7.120694,,ok,,900000,1.03,176501,134581702534176,2026-09-05T22:10:59.359-05:00
39810771c390,campaign-sf1,mado,tpch,Q14,Simple,mysql,non-indexed,1,5,1,-1,sqlalchemy,orm,q14s4,2,7.141531,,ok,,900000,1.02,176501,134581702534176,2026-09-05T22:11:06.501-05:00
39810771c390,campaign-sf1,mado,tpch,Q14,Simple,mysql,non-indexed,1,5,1,0,django,orm,q14s4,0,7.439543,1,ok,,900000,1.02,176501,134581702534176,2026-09-05T22:11:13.940-05:00
39810771c390,campaign-sf1,mado,tpch,Q14,Simple,mysql,non-indexed,1,5,1,1,sqlalchemy,orm,q14s4,0,7.214184,1,ok,,900000,1.02,176501,134581702534176,2026-09-05T22:11:21.155-05:00
39810771c390,campaign-sf1,mado,tpch,Q14,Simple,mysql,non-indexed,1,5,1,2,django,sql,q14s4,0,7.337499,1,ok,,900000,1.02,176501,134581702534176,2026-09-05T22:11:28.492-05:00
39810771c390,campaign-sf1,mado,tpch,Q14,Simple,mysql,non-indexed,1,5,1,3,sqlalchemy,sql,q14s4,0,7.228436,1,ok,,900000,1.01,176501,134581702534176,2026-09-05T22:11:35.721-05:00
39810771c390,campaign-sf1,mado,tpch,Q14,Simple,mysql,non-indexed,1,6,0,-1,django,sql,q14s5,2,7.282849,,ok,,900000,1.01,176501,134581702534176,2026-09-05T22:11:43.009-05:00
39810771c390,campaign-sf1,mado,tpch,Q14,Simple,mysql,non-indexed,1,6,0,-1,django,orm,q14s5,2,7.428509,,ok,,900000,1.01,176501,134581702534176,2026-09-05T22:11:50.437-05:00
39810771c390,campaign-sf1,mado,tpch,Q14,Simple,mysql,non-indexed,1,6,0,-1,sqlalchemy,sql,q14s5,2,7.346073,,ok,,900000,1.01,176501,134581702534176,2026-09-05T22:11:57.783-05:00
39810771c390,campaign-sf1,mado,tpch,Q14,Simple,mysql,non-indexed,1,6,0,-1,sqlalchemy,orm,q14s5,2,7.200278,,ok,,900000,1.01,176501,134581702534176,2026-09-05T22:12:04.984-05:00
39810771c390,campaign-sf1,mado,tpch,Q14,Simple,mysql,non-indexed,1,6,0,0,django,sql,q14s5,0,7.364228,1,ok,,900000,1.01,176501,134581702534176,2026-09-05T22:12:12.348-05:00
39810771c390,campaign-sf1,mado,tpch,Q14,Simple,mysql,non-indexed,1,6,0,1,django,orm,q14s5,0,7.421063,1,ok,,900000,1.0,176501,134581702534176,2026-09-05T22:12:19.769-05:00
39810771c390,campaign-sf1,mado,tpch,Q14,Simple,mysql,non-indexed,1,6,0,2,sqlalchemy,sql,q14s5,0,7.117206,1,ok,,900000,1.0,176501,134581702534176,2026-09-05T22:12:26.887-05:00
39810771c390,campaign-sf1,mado,tpch,Q14,Simple,mysql,non-indexed,1,6,0,3,sqlalchemy,orm,q14s5,0,7.27013,1,ok,,900000,1.0,176501,134581702534176,2026-09-05T22:12:34.157-05:00
39810771c390,campaign-sf1,mado,tpch,Q14,Simple,mysql,non-indexed,1,7,2,-1,django,sql,q14s6,2,7.21176,,ok,,900000,1.0,176501,134581702534176,2026-09-05T22:12:41.373-05:00
39810771c390,campaign-sf1,mado,tpch,Q14,Simple,mysql,non-indexed,1,7,2,-1,django,orm,q14s6,2,7.350144,,ok,,900000,1.0,176501,134581702534176,2026-09-05T22:12:48.723-05:00
39810771c390,campaign-sf1,mado,tpch,Q14,Simple,mysql,non-indexed,1,7,2,-1,sqlalchemy,sql,q14s6,2,7.057335,,ok,,900000,1.0,176501,134581702534176,2026-09-05T22:12:55.781-05:00
39810771c390,campaign-sf1,mado,tpch,Q14,Simple,mysql,non-indexed,1,7,2,-1,sqlalchemy,orm,q14s6,2,7.07637,,ok,,900000,1.0,176501,134581702534176,2026-09-05T22:13:02.857-05:00
39810771c390,campaign-sf1,mado,tpch,Q14,Simple,mysql,non-indexed,1,7,2,0,sqlalchemy,orm,q14s6,0,7.058968,1,ok,,900000,1.0,176501,134581702534176,2026-09-05T22:13:09.916-05:00
39810771c390,campaign-sf1,mado,tpch,Q14,Simple,mysql,non-indexed,1,7,2,1,sqlalchemy,sql,q14s6,0,7.200496,1,ok,,900000,1.0,176501,134581702534176,2026-09-05T22:13:17.117-05:00
39810771c390,campaign-sf1,mado,tpch,Q14,Simple,mysql,non-indexed,1,7,2,2,django,orm,q14s6,0,7.382504,1,ok,,900000,1.0,176501,134581702534176,2026-09-05T22:13:24.499-05:00
39810771c390,campaign-sf1,mado,tpch,Q14,Simple,mysql,non-indexed,1,7,2,3,django,sql,q14s6,0,7.310302,1,ok,,900000,1.0,176501,134581702534176,2026-09-05T22:13:31.810-05:00
39810771c390,campaign-sf1,mado,tpch,Q14,Simple,mysql,non-indexed,1,8,3,-1,django,sql,q14s7,2,7.328113,,ok,,900000,1.0,176501,134581702534176,2026-09-05T22:13:39.143-05:00
39810771c390,campaign-sf1,mado,tpch,Q14,Simple,mysql,non-indexed,1,8,3,-1,django,orm,q14s7,2,7.390357,,ok,,900000,1.0,176501,134581702534176,2026-09-05T22:13:46.533-05:00
39810771c390,campaign-sf1,mado,tpch,Q14,Simple,mysql,non-indexed,1,8,3,-1,sqlalchemy,sql,q14s7,2,7.042527,,ok,,900000,1.0,176501,134581702534176,2026-09-05T22:13:53.576-05:00
39810771c390,campaign-sf1,mado,tpch,Q14,Simple,mysql,non-indexed,1,8,3,-1,sqlalchemy,orm,q14s7,2,7.256853,,ok,,900000,1.0,176501,134581702534176,2026-09-05T22:14:00.833-05:00
39810771c390,campaign-sf1,mado,tpch,Q14,Simple,mysql,non-indexed,1,8,3,0,sqlalchemy,sql,q14s7,0,7.164866,1,ok,,900000,1.0,176501,134581702534176,2026-09-05T22:14:07.998-05:00
39810771c390,campaign-sf1,mado,tpch,Q14,Simple,mysql,non-indexed,1,8,3,1,django,sql,q14s7,0,7.313025,1,ok,,900000,1.0,176501,134581702534176,2026-09-05T22:14:15.311-05:00
39810771c390,campaign-sf1,mado,tpch,Q14,Simple,mysql,non-indexed,1,8,3,2,sqlalchemy,orm,q14s7,0,7.298744,1,ok,,900000,1.0,176501,134581702534176,2026-09-05T22:14:22.610-05:00
39810771c390,campaign-sf1,mado,tpch,Q14,Simple,mysql,non-indexed,1,8,3,3,django,orm,q14s7,0,7.439277,1,ok,,900000,1.0,176501,134581702534176,2026-09-05T22:14:30.049-05:00
8747b3bdbc53,campaign-sf1,mado,tpch,Q15,Complex,mysql,non-indexed,1,0,0,0,django,sql,q15warm,1,6.622229,1,ok,,900000,1.0,176765,132576256450704,2026-09-05T22:14:37.742-05:00
8747b3bdbc53,campaign-sf1,mado,tpch,Q15,Complex,mysql,non-indexed,1,0,0,1,django,orm,q15warm,1,13.350147,1,ok,,900000,1.0,176765,132576256450704,2026-09-05T22:14:51.092-05:00
8747b3bdbc53,campaign-sf1,mado,tpch,Q15,Complex,mysql,non-indexed,1,0,0,2,sqlalchemy,sql,q15warm,1,13.254357,1,ok,,900000,1.0,176765,132576256450704,2026-09-05T22:15:04.346-05:00
8747b3bdbc53,campaign-sf1,mado,tpch,Q15,Complex,mysql,non-indexed,1,0,0,3,sqlalchemy,orm,q15warm,1,13.290485,1,ok,,900000,1.0,176765,132576256450704,2026-09-05T22:15:17.637-05:00
8747b3bdbc53,campaign-sf1,mado,tpch,Q15,Complex,mysql,non-indexed,1,1,3,-1,django,sql,q15s0,2,6.660321,,ok,,900000,1.0,176765,132576256450704,2026-09-05T22:15:24.302-05:00
8747b3bdbc53,campaign-sf1,mado,tpch,Q15,Complex,mysql,non-indexed,1,1,3,-1,django,orm,q15s0,2,13.408301,,ok,,900000,1.0,176765,132576256450704,2026-09-05T22:15:37.710-05:00
8747b3bdbc53,campaign-sf1,mado,tpch,Q15,Complex,mysql,non-indexed,1,1,3,-1,sqlalchemy,sql,q15s0,2,13.320668,,ok,,900000,1.0,176765,132576256450704,2026-09-05T22:15:51.031-05:00
8747b3bdbc53,campaign-sf1,mado,tpch,Q15,Complex,mysql,non-indexed,1,1,3,-1,sqlalchemy,orm,q15s0,2,13.317551,,ok,,900000,1.0,176765,132576256450704,2026-09-05T22:16:04.349-05:00
8747b3bdbc53,campaign-sf1,mado,tpch,Q15,Complex,mysql,non-indexed,1,1,3,0,sqlalchemy,sql,q15s0,0,13.323367,1,ok,,900000,1.0,176765,132576256450704,2026-09-05T22:16:17.672-05:00
8747b3bdbc53,campaign-sf1,mado,tpch,Q15,Complex,mysql,non-indexed,1,1,3,1,django,sql,q15s0,0,6.659836,1,ok,,900000,1.07,176765,132576256450704,2026-09-05T22:16:24.332-05:00
8747b3bdbc53,campaign-sf1,mado,tpch,Q15,Complex,mysql,non-indexed,1,1,3,2,sqlalchemy,orm,q15s0,0,13.316428,1,ok,,900000,1.06,176765,132576256450704,2026-09-05T22:16:37.648-05:00
8747b3bdbc53,campaign-sf1,mado,tpch,Q15,Complex,mysql,non-indexed,1,1,3,3,django,orm,q15s0,0,13.415545,1,ok,,900000,1.05,176765,132576256450704,2026-09-05T22:16:51.064-05:00
8747b3bdbc53,campaign-sf1,mado,tpch,Q15,Complex,mysql,non-indexed,1,2,2,-1,django,sql,q15s1,2,6.585203,,ok,,900000,1.04,176765,132576256450704,2026-09-05T22:16:57.654-05:00
8747b3bdbc53,campaign-sf1,mado,tpch,Q15,Complex,mysql,non-indexed,1,2,2,-1,django,orm,q15s1,2,13.267384,,ok,,900000,1.03,176765,132576256450704,2026-09-05T22:17:10.922-05:00
8747b3bdbc53,campaign-sf1,mado,tpch,Q15,Complex,mysql,non-indexed,1,2,2,-1,sqlalchemy,sql,q15s1,2,13.170149,,ok,,900000,1.09,176765,132576256450704,2026-09-05T22:17:24.092-05:00
8747b3bdbc53,campaign-sf1,mado,tpch,Q15,Complex,mysql,non-indexed,1,2,2,-1,sqlalchemy,orm,q15s1,2,13.164005,,ok,,900000,1.08,176765,132576256450704,2026-09-05T22:17:37.256-05:00
8747b3bdbc53,campaign-sf1,mado,tpch,Q15,Complex,mysql,non-indexed,1,2,2,0,sqlalchemy,orm,q15s1,0,13.172107,1,ok,,900000,1.06,176765,132576256450704,2026-09-05T22:17:50.428-05:00
8747b3bdbc53,campaign-sf1,mado,tpch,Q15,Complex,mysql,non-indexed,1,2,2,1,sqlalchemy,sql,q15s1,0,13.16454,1,ok,,900000,1.05,176765,132576256450704,2026-09-05T22:18:03.593-05:00
8747b3bdbc53,campaign-sf1,mado,tpch,Q15,Complex,mysql,non-indexed,1,2,2,2,django,orm,q15s1,0,13.263396,1,ok,,900000,1.04,176765,132576256450704,2026-09-05T22:18:16.856-05:00
8747b3bdbc53,campaign-sf1,mado,tpch,Q15,Complex,mysql,non-indexed,1,2,2,3,django,sql,q15s1,0,6.584335,1,ok,,900000,1.04,176765,132576256450704,2026-09-05T22:18:23.441-05:00
8747b3bdbc53,campaign-sf1,mado,tpch,Q15,Complex,mysql,non-indexed,1,3,1,-1,django,sql,q15s2,2,6.750483,,ok,,900000,1.03,176765,132576256450704,2026-09-05T22:18:30.195-05:00
8747b3bdbc53,campaign-sf1,mado,tpch,Q15,Complex,mysql,non-indexed,1,3,1,-1,django,orm,q15s2,2,13.613849,,ok,,900000,1.02,176765,132576256450704,2026-09-05T22:18:43.809-05:00
8747b3bdbc53,campaign-sf1,mado,tpch,Q15,Complex,mysql,non-indexed,1,3,1,-1,sqlalchemy,sql,q15s2,2,13.510326,,ok,,900000,1.09,176765,132576256450704,2026-09-05T22:18:57.320-05:00
8747b3bdbc53,campaign-sf1,mado,tpch,Q15,Complex,mysql,non-indexed,1,3,1,-1,sqlalchemy,orm,q15s2,2,13.508855,,ok,,900000,1.07,176765,132576256450704,2026-09-05T22:19:10.829-05:00
8747b3bdbc53,campaign-sf1,mado,tpch,Q15,Complex,mysql,non-indexed,1,3,1,0,django,orm,q15s2,0,13.610383,1,ok,,900000,1.06,176765,132576256450704,2026-09-05T22:19:24.439-05:00
8747b3bdbc53,campaign-sf1,mado,tpch,Q15,Complex,mysql,non-indexed,1,3,1,1,sqlalchemy,orm,q15s2,0,13.507405,1,ok,,900000,1.05,176765,132576256450704,2026-09-05T22:19:37.947-05:00
8747b3bdbc53,campaign-sf1,mado,tpch,Q15,Complex,mysql,non-indexed,1,3,1,2,django,sql,q15s2,0,6.762919,1,ok,,900000,1.04,176765,132576256450704,2026-09-05T22:19:44.710-05:00
8747b3bdbc53,campaign-sf1,mado,tpch,Q15,Complex,mysql,non-indexed,1,3,1,3,sqlalchemy,sql,q15s2,0,13.506069,1,ok,,900000,1.03,176765,132576256450704,2026-09-05T22:19:58.216-05:00
8747b3bdbc53,campaign-sf1,mado,tpch,Q15,Complex,mysql,non-indexed,1,4,0,-1,django,sql,q15s3,2,6.775944,,ok,,900000,1.03,176765,132576256450704,2026-09-05T22:20:04.996-05:00
8747b3bdbc53,campaign-sf1,mado,tpch,Q15,Complex,mysql,non-indexed,1,4,0,-1,django,orm,q15s3,2,13.655891,,ok,,900000,1.02,176765,132576256450704,2026-09-05T22:20:18.652-05:00
8747b3bdbc53,campaign-sf1,mado,tpch,Q15,Complex,mysql,non-indexed,1,4,0,-1,sqlalchemy,sql,q15s3,2,13.54623,,ok,,900000,1.02,176765,132576256450704,2026-09-05T22:20:32.199-05:00
8747b3bdbc53,campaign-sf1,mado,tpch,Q15,Complex,mysql,non-indexed,1,4,0,-1,sqlalchemy,orm,q15s3,2,13.556101,,ok,,900000,1.01,176765,132576256450704,2026-09-05T22:20:45.755-05:00
8747b3bdbc53,campaign-sf1,mado,tpch,Q15,Complex,mysql,non-indexed,1,4,0,0,django,sql,q15s3,0,6.780743,1,ok,,900000,1.01,176765,132576256450704,2026-09-05T22:20:52.536-05:00
8747b3bdbc53,campaign-sf1,mado,tpch,Q15,Complex,mysql,non-indexed,1,4,0,1,django,orm,q15s3,0,13.652192,1,ok,,900000,1.01,176765,132576256450704,2026-09-05T22:21:06.188-05:00
8747b3bdbc53,campaign-sf1,mado,tpch,Q15,Complex,mysql,non-indexed,1,4,0,2,sqlalchemy,sql,q15s3,0,13.548628,1,ok,,900000,1.01,176765,132576256450704,2026-09-05T22:21:19.737-05:00
8747b3bdbc53,campaign-sf1,mado,tpch,Q15,Complex,mysql,non-indexed,1,4,0,3,sqlalchemy,orm,q15s3,0,13.542695,1,ok,,900000,1.0,176765,132576256450704,2026-09-05T22:21:33.279-05:00
8747b3bdbc53,campaign-sf1,mado,tpch,Q15,Complex,mysql,non-indexed,1,5,3,-1,django,sql,q15s4,2,6.677114,,ok,,900000,1.0,176765,132576256450704,2026-09-05T22:21:39.961-05:00
8747b3bdbc53,campaign-sf1,mado,tpch,Q15,Complex,mysql,non-indexed,1,5,3,-1,django,orm,q15s4,2,13.45449,,ok,,900000,1.0,176765,132576256450704,2026-09-05T22:21:53.416-05:00
8747b3bdbc53,campaign-sf1,mado,tpch,Q15,Complex,mysql,non-indexed,1,5,3,-1,sqlalchemy,sql,q15s4,2,13.355023,,ok,,900000,1.0,176765,132576256450704,2026-09-05T22:22:06.771-05:00
8747b3bdbc53,campaign-sf1,mado,tpch,Q15,Complex,mysql,non-indexed,1,5,3,-1,sqlalchemy,orm,q15s4,2,13.351812,,ok,,900000,1.0,176765,132576256450704,2026-09-05T22:22:20.123-05:00
8747b3bdbc53,campaign-sf1,mado,tpch,Q15,Complex,mysql,non-indexed,1,5,3,0,sqlalchemy,sql,q15s4,0,13.351187,1,ok,,900000,1.0,176765,132576256450704,2026-09-05T22:22:33.474-05:00
8747b3bdbc53,campaign-sf1,mado,tpch,Q15,Complex,mysql,non-indexed,1,5,3,1,django,sql,q15s4,0,6.677568,1,ok,,900000,1.0,176765,132576256450704,2026-09-05T22:22:40.152-05:00
8747b3bdbc53,campaign-sf1,mado,tpch,Q15,Complex,mysql,non-indexed,1,5,3,2,sqlalchemy,orm,q15s4,0,13.354898,1,ok,,900000,1.0,176765,132576256450704,2026-09-05T22:22:53.507-05:00
8747b3bdbc53,campaign-sf1,mado,tpch,Q15,Complex,mysql,non-indexed,1,5,3,3,django,orm,q15s4,0,13.448317,1,ok,,900000,1.0,176765,132576256450704,2026-09-05T22:23:06.955-05:00
8747b3bdbc53,campaign-sf1,mado,tpch,Q15,Complex,mysql,non-indexed,1,6,1,-1,django,sql,q15s5,2,6.678032,,ok,,900000,1.0,176765,132576256450704,2026-09-05T22:23:13.637-05:00
8747b3bdbc53,campaign-sf1,mado,tpch,Q15,Complex,mysql,non-indexed,1,6,1,-1,django,orm,q15s5,2,13.434029,,ok,,900000,1.0,176765,132576256450704,2026-09-05T22:23:27.072-05:00
8747b3bdbc53,campaign-sf1,mado,tpch,Q15,Complex,mysql,non-indexed,1,6,1,-1,sqlalchemy,sql,q15s5,2,13.339533,,ok,,900000,1.0,176765,132576256450704,2026-09-05T22:23:40.411-05:00
8747b3bdbc53,campaign-sf1,mado,tpch,Q15,Complex,mysql,non-indexed,1,6,1,-1,sqlalchemy,orm,q15s5,2,13.350545,,ok,,900000,1.0,176765,132576256450704,2026-09-05T22:23:53.762-05:00
8747b3bdbc53,campaign-sf1,mado,tpch,Q15,Complex,mysql,non-indexed,1,6,1,0,django,orm,q15s5,0,13.432773,1,ok,,900000,1.0,176765,132576256450704,2026-09-05T22:24:07.195-05:00
8747b3bdbc53,campaign-sf1,mado,tpch,Q15,Complex,mysql,non-indexed,1,6,1,1,sqlalchemy,orm,q15s5,0,13.345281,1,ok,,900000,1.0,176765,132576256450704,2026-09-05T22:24:20.540-05:00
8747b3bdbc53,campaign-sf1,mado,tpch,Q15,Complex,mysql,non-indexed,1,6,1,2,django,sql,q15s5,0,6.672346,1,ok,,900000,1.0,176765,132576256450704,2026-09-05T22:24:27.212-05:00
8747b3bdbc53,campaign-sf1,mado,tpch,Q15,Complex,mysql,non-indexed,1,6,1,3,sqlalchemy,sql,q15s5,0,13.335144,1,ok,,900000,1.0,176765,132576256450704,2026-09-05T22:24:40.548-05:00
8747b3bdbc53,campaign-sf1,mado,tpch,Q15,Complex,mysql,non-indexed,1,7,2,-1,django,sql,q15s6,2,6.769976,,ok,,900000,1.0,176765,132576256450704,2026-09-05T22:24:47.322-05:00
8747b3bdbc53,campaign-sf1,mado,tpch,Q15,Complex,mysql,non-indexed,1,7,2,-1,django,orm,q15s6,2,13.640019,,ok,,900000,1.0,176765,132576256450704,2026-09-05T22:25:00.962-05:00
8747b3bdbc53,campaign-sf1,mado,tpch,Q15,Complex,mysql,non-indexed,1,7,2,-1,sqlalchemy,sql,q15s6,2,13.5421,,ok,,900000,1.0,176765,132576256450704,2026-09-05T22:25:14.505-05:00
8747b3bdbc53,campaign-sf1,mado,tpch,Q15,Complex,mysql,non-indexed,1,7,2,-1,sqlalchemy,orm,q15s6,2,13.535081,,ok,,900000,1.0,176765,132576256450704,2026-09-05T22:25:28.040-05:00
8747b3bdbc53,campaign-sf1,mado,tpch,Q15,Complex,mysql,non-indexed,1,7,2,0,sqlalchemy,orm,q15s6,0,13.532396,1,ok,,900000,1.0,176765,132576256450704,2026-09-05T22:25:41.572-05:00
8747b3bdbc53,campaign-sf1,mado,tpch,Q15,Complex,mysql,non-indexed,1,7,2,1,sqlalchemy,sql,q15s6,0,13.538418,1,ok,,900000,1.0,176765,132576256450704,2026-09-05T22:25:55.111-05:00
8747b3bdbc53,campaign-sf1,mado,tpch,Q15,Complex,mysql,non-indexed,1,7,2,2,django,orm,q15s6,0,13.642768,1,ok,,900000,1.0,176765,132576256450704,2026-09-05T22:26:08.754-05:00
8747b3bdbc53,campaign-sf1,mado,tpch,Q15,Complex,mysql,non-indexed,1,7,2,3,django,sql,q15s6,0,6.777875,1,ok,,900000,1.0,176765,132576256450704,2026-09-05T22:26:15.532-05:00
8747b3bdbc53,campaign-sf1,mado,tpch,Q15,Complex,mysql,non-indexed,1,8,0,-1,django,sql,q15s7,2,6.576254,,ok,,900000,1.0,176765,132576256450704,2026-09-05T22:26:22.113-05:00
8747b3bdbc53,campaign-sf1,mado,tpch,Q15,Complex,mysql,non-indexed,1,8,0,-1,django,orm,q15s7,2,13.264038,,ok,,900000,1.0,176765,132576256450704,2026-09-05T22:26:35.377-05:00
8747b3bdbc53,campaign-sf1,mado,tpch,Q15,Complex,mysql,non-indexed,1,8,0,-1,sqlalchemy,sql,q15s7,2,13.162007,,ok,,900000,1.0,176765,132576256450704,2026-09-05T22:26:48.539-05:00
8747b3bdbc53,campaign-sf1,mado,tpch,Q15,Complex,mysql,non-indexed,1,8,0,-1,sqlalchemy,orm,q15s7,2,13.160035,,ok,,900000,1.08,176765,132576256450704,2026-09-05T22:27:01.699-05:00
8747b3bdbc53,campaign-sf1,mado,tpch,Q15,Complex,mysql,non-indexed,1,8,0,0,django,sql,q15s7,0,6.582415,1,ok,,900000,1.07,176765,132576256450704,2026-09-05T22:27:08.282-05:00
8747b3bdbc53,campaign-sf1,mado,tpch,Q15,Complex,mysql,non-indexed,1,8,0,1,django,orm,q15s7,0,13.267555,1,ok,,900000,1.19,176765,132576256450704,2026-09-05T22:27:21.549-05:00
8747b3bdbc53,campaign-sf1,mado,tpch,Q15,Complex,mysql,non-indexed,1,8,0,2,sqlalchemy,sql,q15s7,0,13.157664,1,ok,,900000,1.15,176765,132576256450704,2026-09-05T22:27:34.707-05:00
8747b3bdbc53,campaign-sf1,mado,tpch,Q15,Complex,mysql,non-indexed,1,8,0,3,sqlalchemy,orm,q15s7,0,13.164843,1,ok,,900000,1.13,176765,132576256450704,2026-09-05T22:27:47.872-05:00
872309986f9d,campaign-sf1,mado,tpch,Q16,Medium,mysql,non-indexed,1,0,2,0,sqlalchemy,orm,q16warm,1,0.992019,18259,ok,,900000,1.12,176812,128141616816608,2026-09-05T22:27:49.948-05:00
872309986f9d,campaign-sf1,mado,tpch,Q16,Medium,mysql,non-indexed,1,0,2,1,sqlalchemy,sql,q16warm,1,0.889053,18259,ok,,900000,1.12,176812,128141616816608,2026-09-05T22:27:50.837-05:00
872309986f9d,campaign-sf1,mado,tpch,Q16,Medium,mysql,non-indexed,1,0,2,2,django,orm,q16warm,1,0.88091,18259,ok,,900000,1.12,176812,128141616816608,2026-09-05T22:27:51.718-05:00
872309986f9d,campaign-sf1,mado,tpch,Q16,Medium,mysql,non-indexed,1,0,2,3,django,sql,q16warm,1,0.87571,18259,ok,,900000,1.12,176812,128141616816608,2026-09-05T22:27:52.594-05:00
872309986f9d,campaign-sf1,mado,tpch,Q16,Medium,mysql,non-indexed,1,1,3,-1,django,sql,q16s0,2,0.871498,,ok,,900000,1.12,176812,128141616816608,2026-09-05T22:27:53.470-05:00
872309986f9d,campaign-sf1,mado,tpch,Q16,Medium,mysql,non-indexed,1,1,3,-1,django,orm,q16s0,2,0.871451,,ok,,900000,1.11,176812,128141616816608,2026-09-05T22:27:54.342-05:00
872309986f9d,campaign-sf1,mado,tpch,Q16,Medium,mysql,non-indexed,1,1,3,-1,sqlalchemy,sql,q16s0,2,0.91494,,ok,,900000,1.11,176812,128141616816608,2026-09-05T22:27:55.257-05:00
872309986f9d,campaign-sf1,mado,tpch,Q16,Medium,mysql,non-indexed,1,1,3,-1,sqlalchemy,orm,q16s0,2,0.935686,,ok,,900000,1.11,176812,128141616816608,2026-09-05T22:27:56.193-05:00
872309986f9d,campaign-sf1,mado,tpch,Q16,Medium,mysql,non-indexed,1,1,3,0,sqlalchemy,sql,q16s0,0,0.881666,18314,ok,,900000,1.11,176812,128141616816608,2026-09-05T22:27:57.075-05:00
872309986f9d,campaign-sf1,mado,tpch,Q16,Medium,mysql,non-indexed,1,1,3,1,django,sql,q16s0,0,0.871442,18314,ok,,900000,1.11,176812,128141616816608,2026-09-05T22:27:57.946-05:00
872309986f9d,campaign-sf1,mado,tpch,Q16,Medium,mysql,non-indexed,1,1,3,2,sqlalchemy,orm,q16s0,0,0.934108,18314,ok,,900000,1.1,176812,128141616816608,2026-09-05T22:27:58.880-05:00
872309986f9d,campaign-sf1,mado,tpch,Q16,Medium,mysql,non-indexed,1,1,3,3,django,orm,q16s0,0,0.875283,18314,ok,,900000,1.1,176812,128141616816608,2026-09-05T22:27:59.756-05:00
872309986f9d,campaign-sf1,mado,tpch,Q16,Medium,mysql,non-indexed,1,2,2,-1,django,sql,q16s1,2,0.873129,,ok,,900000,1.1,176812,128141616816608,2026-09-05T22:28:00.634-05:00
872309986f9d,campaign-sf1,mado,tpch,Q16,Medium,mysql,non-indexed,1,2,2,-1,django,orm,q16s1,2,0.874641,,ok,,900000,1.1,176812,128141616816608,2026-09-05T22:28:01.508-05:00
872309986f9d,campaign-sf1,mado,tpch,Q16,Medium,mysql,non-indexed,1,2,2,-1,sqlalchemy,sql,q16s1,2,0.914041,,ok,,900000,1.1,176812,128141616816608,2026-09-05T22:28:02.423-05:00
872309986f9d,campaign-sf1,mado,tpch,Q16,Medium,mysql,non-indexed,1,2,2,-1,sqlalchemy,orm,q16s1,2,0.933845,,ok,,900000,1.1,176812,128141616816608,2026-09-05T22:28:03.356-05:00
872309986f9d,campaign-sf1,mado,tpch,Q16,Medium,mysql,non-indexed,1,2,2,0,sqlalchemy,orm,q16s1,0,0.900602,18196,ok,,900000,1.09,176812,128141616816608,2026-09-05T22:28:04.257-05:00
872309986f9d,campaign-sf1,mado,tpch,Q16,Medium,mysql,non-indexed,1,2,2,1,sqlalchemy,sql,q16s1,0,0.914386,18196,ok,,900000,1.09,176812,128141616816608,2026-09-05T22:28:05.172-05:00
872309986f9d,campaign-sf1,mado,tpch,Q16,Medium,mysql,non-indexed,1,2,2,2,django,orm,q16s1,0,0.874441,18196,ok,,900000,1.09,176812,128141616816608,2026-09-05T22:28:06.046-05:00
872309986f9d,campaign-sf1,mado,tpch,Q16,Medium,mysql,non-indexed,1,2,2,3,django,sql,q16s1,0,0.866515,18196,ok,,900000,1.09,176812,128141616816608,2026-09-05T22:28:06.913-05:00
872309986f9d,campaign-sf1,mado,tpch,Q16,Medium,mysql,non-indexed,1,3,1,-1,django,sql,q16s2,2,0.873972,,ok,,900000,1.09,176812,128141616816608,2026-09-05T22:28:07.791-05:00
872309986f9d,campaign-sf1,mado,tpch,Q16,Medium,mysql,non-indexed,1,3,1,-1,django,orm,q16s2,2,0.874263,,ok,,900000,1.09,176812,128141616816608,2026-09-05T22:28:08.666-05:00
872309986f9d,campaign-sf1,mado,tpch,Q16,Medium,mysql,non-indexed,1,3,1,-1,sqlalchemy,sql,q16s2,2,0.881034,,ok,,900000,1.08,176812,128141616816608,2026-09-05T22:28:09.547-05:00
872309986f9d,campaign-sf1,mado,tpch,Q16,Medium,mysql,non-indexed,1,3,1,-1,sqlalchemy,orm,q16s2,2,0.934719,,ok,,900000,1.08,176812,128141616816608,2026-09-05T22:28:10.482-05:00
872309986f9d,campaign-sf1,mado,tpch,Q16,Medium,mysql,non-indexed,1,3,1,0,django,orm,q16s2,0,0.874863,18263,ok,,900000,1.08,176812,128141616816608,2026-09-05T22:28:11.357-05:00
872309986f9d,campaign-sf1,mado,tpch,Q16,Medium,mysql,non-indexed,1,3,1,1,sqlalchemy,orm,q16s2,0,0.935549,18263,ok,,900000,1.08,176812,128141616816608,2026-09-05T22:28:12.292-05:00
872309986f9d,campaign-sf1,mado,tpch,Q16,Medium,mysql,non-indexed,1,3,1,2,django,sql,q16s2,0,0.877665,18263,ok,,900000,1.08,176812,128141616816608,2026-09-05T22:28:13.170-05:00
872309986f9d,campaign-sf1,mado,tpch,Q16,Medium,mysql,non-indexed,1,3,1,3,sqlalchemy,sql,q16s2,0,0.914818,18263,ok,,900000,1.08,176812,128141616816608,2026-09-05T22:28:14.085-05:00
872309986f9d,campaign-sf1,mado,tpch,Q16,Medium,mysql,non-indexed,1,4,0,-1,django,sql,q16s3,2,0.873823,,ok,,900000,1.08,176812,128141616816608,2026-09-05T22:28:14.963-05:00
872309986f9d,campaign-sf1,mado,tpch,Q16,Medium,mysql,non-indexed,1,4,0,-1,django,orm,q16s3,2,0.877778,,ok,,900000,1.08,176812,128141616816608,2026-09-05T22:28:15.841-05:00
872309986f9d,campaign-sf1,mado,tpch,Q16,Medium,mysql,non-indexed,1,4,0,-1,sqlalchemy,sql,q16s3,2,0.883289,,ok,,900000,1.08,176812,128141616816608,2026-09-05T22:28:16.725-05:00
872309986f9d,campaign-sf1,mado,tpch,Q16,Medium,mysql,non-indexed,1,4,0,-1,sqlalchemy,orm,q16s3,2,0.932626,,ok,,900000,1.08,176812,128141616816608,2026-09-05T22:28:17.657-05:00
872309986f9d,campaign-sf1,mado,tpch,Q16,Medium,mysql,non-indexed,1,4,0,0,django,sql,q16s3,0,0.876929,18290,ok,,900000,1.08,176812,128141616816608,2026-09-05T22:28:18.535-05:00
872309986f9d,campaign-sf1,mado,tpch,Q16,Medium,mysql,non-indexed,1,4,0,1,django,orm,q16s3,0,0.913282,18290,ok,,900000,1.07,176812,128141616816608,2026-09-05T22:28:19.448-05:00
872309986f9d,campaign-sf1,mado,tpch,Q16,Medium,mysql,non-indexed,1,4,0,2,sqlalchemy,sql,q16s3,0,0.881749,18290,ok,,900000,1.07,176812,128141616816608,2026-09-05T22:28:20.330-05:00
872309986f9d,campaign-sf1,mado,tpch,Q16,Medium,mysql,non-indexed,1,4,0,3,sqlalchemy,orm,q16s3,0,0.933687,18290,ok,,900000,1.07,176812,128141616816608,2026-09-05T22:28:21.264-05:00
872309986f9d,campaign-sf1,mado,tpch,Q16,Medium,mysql,non-indexed,1,5,2,-1,django,sql,q16s4,2,0.876546,,ok,,900000,1.07,176812,128141616816608,2026-09-05T22:28:22.145-05:00
872309986f9d,campaign-sf1,mado,tpch,Q16,Medium,mysql,non-indexed,1,5,2,-1,django,orm,q16s4,2,0.878028,,ok,,900000,1.07,176812,128141616816608,2026-09-05T22:28:23.023-05:00
872309986f9d,campaign-sf1,mado,tpch,Q16,Medium,mysql,non-indexed,1,5,2,-1,sqlalchemy,sql,q16s4,2,0.915598,,ok,,900000,1.06,176812,128141616816608,2026-09-05T22:28:23.938-05:00
872309986f9d,campaign-sf1,mado,tpch,Q16,Medium,mysql,non-indexed,1,5,2,-1,sqlalchemy,orm,q16s4,2,0.90137,,ok,,900000,1.06,176812,128141616816608,2026-09-05T22:28:24.840-05:00
872309986f9d,campaign-sf1,mado,tpch,Q16,Medium,mysql,non-indexed,1,5,2,0,sqlalchemy,orm,q16s4,0,0.970362,18226,ok,,900000,1.06,176812,128141616816608,2026-09-05T22:28:25.810-05:00
872309986f9d,campaign-sf1,mado,tpch,Q16,Medium,mysql,non-indexed,1,5,2,1,sqlalchemy,sql,q16s4,0,0.916144,18226,ok,,900000,1.06,176812,128141616816608,2026-09-05T22:28:26.727-05:00
872309986f9d,campaign-sf1,mado,tpch,Q16,Medium,mysql,non-indexed,1,5,2,2,django,orm,q16s4,0,0.878832,18226,ok,,900000,1.06,176812,128141616816608,2026-09-05T22:28:27.606-05:00
872309986f9d,campaign-sf1,mado,tpch,Q16,Medium,mysql,non-indexed,1,5,2,3,django,sql,q16s4,0,0.876524,18226,ok,,900000,1.06,176812,128141616816608,2026-09-05T22:28:28.482-05:00
872309986f9d,campaign-sf1,mado,tpch,Q16,Medium,mysql,non-indexed,1,6,0,-1,django,sql,q16s5,2,0.882939,,ok,,900000,1.06,176812,128141616816608,2026-09-05T22:28:29.370-05:00
872309986f9d,campaign-sf1,mado,tpch,Q16,Medium,mysql,non-indexed,1,6,0,-1,django,orm,q16s5,2,0.886241,,ok,,900000,1.06,176812,128141616816608,2026-09-05T22:28:30.256-05:00
872309986f9d,campaign-sf1,mado,tpch,Q16,Medium,mysql,non-indexed,1,6,0,-1,sqlalchemy,sql,q16s5,2,0.887092,,ok,,900000,1.06,176812,128141616816608,2026-09-05T22:28:31.143-05:00
872309986f9d,campaign-sf1,mado,tpch,Q16,Medium,mysql,non-indexed,1,6,0,-1,sqlalchemy,orm,q16s5,2,0.940699,,ok,,900000,1.06,176812,128141616816608,2026-09-05T22:28:32.084-05:00
872309986f9d,campaign-sf1,mado,tpch,Q16,Medium,mysql,non-indexed,1,6,0,0,django,sql,q16s5,0,0.88448,18374,ok,,900000,1.06,176812,128141616816608,2026-09-05T22:28:32.969-05:00
872309986f9d,campaign-sf1,mado,tpch,Q16,Medium,mysql,non-indexed,1,6,0,1,django,orm,q16s5,0,0.91215,18374,ok,,900000,1.05,176812,128141616816608,2026-09-05T22:28:33.881-05:00
872309986f9d,campaign-sf1,mado,tpch,Q16,Medium,mysql,non-indexed,1,6,0,2,sqlalchemy,sql,q16s5,0,0.887778,18374,ok,,900000,1.05,176812,128141616816608,2026-09-05T22:28:34.769-05:00
872309986f9d,campaign-sf1,mado,tpch,Q16,Medium,mysql,non-indexed,1,6,0,3,sqlalchemy,orm,q16s5,0,0.940525,18374,ok,,900000,1.05,176812,128141616816608,2026-09-05T22:28:35.710-05:00
872309986f9d,campaign-sf1,mado,tpch,Q16,Medium,mysql,non-indexed,1,7,3,-1,django,sql,q16s6,2,0.872265,,ok,,900000,1.05,176812,128141616816608,2026-09-05T22:28:36.587-05:00
872309986f9d,campaign-sf1,mado,tpch,Q16,Medium,mysql,non-indexed,1,7,3,-1,django,orm,q16s6,2,0.875523,,ok,,900000,1.05,176812,128141616816608,2026-09-05T22:28:37.462-05:00
872309986f9d,campaign-sf1,mado,tpch,Q16,Medium,mysql,non-indexed,1,7,3,-1,sqlalchemy,sql,q16s6,2,0.916875,,ok,,900000,1.05,176812,128141616816608,2026-09-05T22:28:38.379-05:00
872309986f9d,campaign-sf1,mado,tpch,Q16,Medium,mysql,non-indexed,1,7,3,-1,sqlalchemy,orm,q16s6,2,0.902585,,ok,,900000,1.05,176812,128141616816608,2026-09-05T22:28:39.282-05:00
872309986f9d,campaign-sf1,mado,tpch,Q16,Medium,mysql,non-indexed,1,7,3,0,sqlalchemy,sql,q16s6,0,0.91465,18220,ok,,900000,1.05,176812,128141616816608,2026-09-05T22:28:40.197-05:00
872309986f9d,campaign-sf1,mado,tpch,Q16,Medium,mysql,non-indexed,1,7,3,1,django,sql,q16s6,0,0.872923,18220,ok,,900000,1.05,176812,128141616816608,2026-09-05T22:28:41.070-05:00
872309986f9d,campaign-sf1,mado,tpch,Q16,Medium,mysql,non-indexed,1,7,3,2,sqlalchemy,orm,q16s6,0,0.936267,18220,ok,,900000,1.05,176812,128141616816608,2026-09-05T22:28:42.006-05:00
872309986f9d,campaign-sf1,mado,tpch,Q16,Medium,mysql,non-indexed,1,7,3,3,django,orm,q16s6,0,0.880012,18220,ok,,900000,1.05,176812,128141616816608,2026-09-05T22:28:42.886-05:00
872309986f9d,campaign-sf1,mado,tpch,Q16,Medium,mysql,non-indexed,1,8,1,-1,django,sql,q16s7,2,0.873752,,ok,,900000,1.04,176812,128141616816608,2026-09-05T22:28:43.765-05:00
872309986f9d,campaign-sf1,mado,tpch,Q16,Medium,mysql,non-indexed,1,8,1,-1,django,orm,q16s7,2,0.876896,,ok,,900000,1.04,176812,128141616816608,2026-09-05T22:28:44.642-05:00
872309986f9d,campaign-sf1,mado,tpch,Q16,Medium,mysql,non-indexed,1,8,1,-1,sqlalchemy,sql,q16s7,2,0.881944,,ok,,900000,1.04,176812,128141616816608,2026-09-05T22:28:45.524-05:00
872309986f9d,campaign-sf1,mado,tpch,Q16,Medium,mysql,non-indexed,1,8,1,-1,sqlalchemy,orm,q16s7,2,0.935047,,ok,,900000,1.04,176812,128141616816608,2026-09-05T22:28:46.459-05:00
872309986f9d,campaign-sf1,mado,tpch,Q16,Medium,mysql,non-indexed,1,8,1,0,django,orm,q16s7,0,0.877812,18284,ok,,900000,1.04,176812,128141616816608,2026-09-05T22:28:47.337-05:00
872309986f9d,campaign-sf1,mado,tpch,Q16,Medium,mysql,non-indexed,1,8,1,1,sqlalchemy,orm,q16s7,0,0.934291,18284,ok,,900000,1.04,176812,128141616816608,2026-09-05T22:28:48.271-05:00
872309986f9d,campaign-sf1,mado,tpch,Q16,Medium,mysql,non-indexed,1,8,1,2,django,sql,q16s7,0,0.874091,18284,ok,,900000,1.04,176812,128141616816608,2026-09-05T22:28:49.146-05:00
872309986f9d,campaign-sf1,mado,tpch,Q16,Medium,mysql,non-indexed,1,8,1,3,sqlalchemy,sql,q16s7,0,0.915388,18284,ok,,900000,1.04,176812,128141616816608,2026-09-05T22:28:50.061-05:00
1180306eb084,campaign-sf1,mado,tpch,Q17,Complex,mysql,non-indexed,1,0,0,0,django,sql,q17warm,1,900.000714,,timeout,"OperationalError: (3024, 'Query execution was interrupted, maximum statement execution time exceeded')",900000,1.0,176816,127180817179056,2026-09-05T22:43:51.140-05:00
1180306eb084,campaign-sf1,mado,tpch,Q17,Complex,mysql,non-indexed,1,0,0,1,django,orm,q17warm,1,900.007926,,timeout,"OperationalError: (3024, 'Query execution was interrupted, maximum statement execution time exceeded')",900000,1.02,176816,127180817179056,2026-09-05T22:58:51.149-05:00
1180306eb084,campaign-sf1,mado,tpch,Q17,Complex,mysql,non-indexed,1,0,0,2,sqlalchemy,sql,q17warm,1,900.001088,,timeout,"OperationalError: (MySQLdb.OperationalError) (3024, 'Query execution was interrupted, maximum statement execution time exceeded')
[SQL: SELECT SUM(l_extendedprice) / 7.",900000,1.0,176816,127180817179056,2026-09-05T23:13:51.152-05:00
1180306eb084,campaign-sf1,mado,tpch,Q17,Complex,mysql,non-indexed,1,0,0,3,sqlalchemy,orm,q17warm,1,900.048847,,timeout,"OperationalError: (MySQLdb.OperationalError) (3024, 'Query execution was interrupted, maximum statement execution time exceeded')
[SQL: SELECT sum(lineitem.l_extendedpr",900000,1.0,176816,127180817179056,2026-09-05T23:28:51.203-05:00
2e976d78acf4,campaign-sf1,mado,tpch,Q18,Complex,mysql,non-indexed,1,0,1,0,django,orm,q18warm,1,72.991146,9,ok,,900000,1.05,177614,138050150464256,2026-09-05T23:30:05.276-05:00
2e976d78acf4,campaign-sf1,mado,tpch,Q18,Complex,mysql,non-indexed,1,0,1,1,sqlalchemy,orm,q18warm,1,80.993814,9,ok,,900000,1.04,177614,138050150464256,2026-09-05T23:31:26.269-05:00
2e976d78acf4,campaign-sf1,mado,tpch,Q18,Complex,mysql,non-indexed,1,0,1,2,django,sql,q18warm,1,80.812801,9,ok,,900000,1.01,177614,138050150464256,2026-09-05T23:32:47.082-05:00
2e976d78acf4,campaign-sf1,mado,tpch,Q18,Complex,mysql,non-indexed,1,0,1,3,sqlalchemy,sql,q18warm,1,80.940977,9,ok,,900000,1.07,177614,138050150464256,2026-09-05T23:34:08.023-05:00
2e976d78acf4,campaign-sf1,mado,tpch,Q18,Complex,mysql,non-indexed,1,1,0,-1,django,sql,q18s0,2,80.627154,,ok,,900000,1.02,177614,138050150464256,2026-09-05T23:35:28.655-05:00
2e976d78acf4,campaign-sf1,mado,tpch,Q18,Complex,mysql,non-indexed,1,1,0,-1,django,orm,q18s0,2,72.760212,,ok,,900000,1.0,177614,138050150464256,2026-09-05T23:36:41.415-05:00
2e976d78acf4,campaign-sf1,mado,tpch,Q18,Complex,mysql,non-indexed,1,1,0,-1,sqlalchemy,sql,q18s0,2,80.553041,,ok,,900000,1.0,177614,138050150464256,2026-09-05T23:38:01.968-05:00
2e976d78acf4,campaign-sf1,mado,tpch,Q18,Complex,mysql,non-indexed,1,1,0,-1,sqlalchemy,orm,q18s0,2,80.41303,,ok,,900000,1.0,177614,138050150464256,2026-09-05T23:39:22.382-05:00
2e976d78acf4,campaign-sf1,mado,tpch,Q18,Complex,mysql,non-indexed,1,1,0,0,django,sql,q18s0,0,80.019711,57,ok,,900000,1.0,177614,138050150464256,2026-09-05T23:40:42.401-05:00
2e976d78acf4,campaign-sf1,mado,tpch,Q18,Complex,mysql,non-indexed,1,1,0,1,django,orm,q18s0,0,72.741223,57,ok,,900000,1.06,177614,138050150464256,2026-09-05T23:41:55.143-05:00
2e976d78acf4,campaign-sf1,mado,tpch,Q18,Complex,mysql,non-indexed,1,1,0,2,sqlalchemy,sql,q18s0,0,80.757773,57,ok,,900000,1.01,177614,138050150464256,2026-09-05T23:43:15.901-05:00
2e976d78acf4,campaign-sf1,mado,tpch,Q18,Complex,mysql,non-indexed,1,1,0,3,sqlalchemy,orm,q18s0,0,80.337951,57,ok,,900000,1.0,177614,138050150464256,2026-09-05T23:44:36.239-05:00
2e976d78acf4,campaign-sf1,mado,tpch,Q18,Complex,mysql,non-indexed,1,2,2,-1,django,sql,q18s1,2,80.258504,,ok,,900000,1.0,177614,138050150464256,2026-09-05T23:45:56.502-05:00
2e976d78acf4,campaign-sf1,mado,tpch,Q18,Complex,mysql,non-indexed,1,2,2,-1,django,orm,q18s1,2,73.086731,,ok,,900000,1.0,177614,138050150464256,2026-09-05T23:47:09.589-05:00
2e976d78acf4,campaign-sf1,mado,tpch,Q18,Complex,mysql,non-indexed,1,2,2,-1,sqlalchemy,sql,q18s1,2,80.583607,,ok,,900000,1.0,177614,138050150464256,2026-09-05T23:48:30.172-05:00
2e976d78acf4,campaign-sf1,mado,tpch,Q18,Complex,mysql,non-indexed,1,2,2,-1,sqlalchemy,orm,q18s1,2,80.353179,,ok,,900000,1.0,177614,138050150464256,2026-09-05T23:49:50.526-05:00
2e976d78acf4,campaign-sf1,mado,tpch,Q18,Complex,mysql,non-indexed,1,2,2,0,sqlalchemy,orm,q18s1,0,80.441195,9,ok,,900000,1.0,177614,138050150464256,2026-09-05T23:51:10.967-05:00
2e976d78acf4,campaign-sf1,mado,tpch,Q18,Complex,mysql,non-indexed,1,2,2,1,sqlalchemy,sql,q18s1,0,80.580213,9,ok,,900000,1.06,177614,138050150464256,2026-09-05T23:52:31.547-05:00
2e976d78acf4,campaign-sf1,mado,tpch,Q18,Complex,mysql,non-indexed,1,2,2,2,django,orm,q18s1,0,72.937682,9,ok,,900000,1.02,177614,138050150464256,2026-09-05T23:53:44.485-05:00
2e976d78acf4,campaign-sf1,mado,tpch,Q18,Complex,mysql,non-indexed,1,2,2,3,django,sql,q18s1,0,80.747843,9,ok,,900000,1.0,177614,138050150464256,2026-09-05T23:55:05.233-05:00
2e976d78acf4,campaign-sf1,mado,tpch,Q18,Complex,mysql,non-indexed,1,3,1,-1,django,sql,q18s2,2,80.57159,,ok,,900000,1.04,177614,138050150464256,2026-09-05T23:56:25.809-05:00
2e976d78acf4,campaign-sf1,mado,tpch,Q18,Complex,mysql,non-indexed,1,3,1,-1,django,orm,q18s2,2,72.998906,,ok,,900000,1.06,177614,138050150464256,2026-09-05T23:57:38.808-05:00
2e976d78acf4,campaign-sf1,mado,tpch,Q18,Complex,mysql,non-indexed,1,3,1,-1,sqlalchemy,sql,q18s2,2,80.470291,,ok,,900000,1.01,177614,138050150464256,2026-09-05T23:58:59.279-05:00
2e976d78acf4,campaign-sf1,mado,tpch,Q18,Complex,mysql,non-indexed,1,3,1,-1,sqlalchemy,orm,q18s2,2,80.326865,,ok,,900000,1.0,177614,138050150464256,2026-09-06T00:00:19.606-05:00
2e976d78acf4,campaign-sf1,mado,tpch,Q18,Complex,mysql,non-indexed,1,3,1,0,django,orm,q18s2,0,73.158578,9,ok,,900000,1.07,177614,138050150464256,2026-09-06T00:01:32.764-05:00
2e976d78acf4,campaign-sf1,mado,tpch,Q18,Complex,mysql,non-indexed,1,3,1,1,sqlalchemy,orm,q18s2,0,80.437461,9,ok,,900000,1.02,177614,138050150464256,2026-09-06T00:02:53.202-05:00
2e976d78acf4,campaign-sf1,mado,tpch,Q18,Complex,mysql,non-indexed,1,3,1,2,django,sql,q18s2,0,80.693318,9,ok,,900000,1.06,177614,138050150464256,2026-09-06T00:04:13.895-05:00
2e976d78acf4,campaign-sf1,mado,tpch,Q18,Complex,mysql,non-indexed,1,3,1,3,sqlalchemy,sql,q18s2,0,80.774064,9,ok,,900000,1.05,177614,138050150464256,2026-09-06T00:05:34.669-05:00
2e976d78acf4,campaign-sf1,mado,tpch,Q18,Complex,mysql,non-indexed,1,4,3,-1,django,sql,q18s3,2,80.600079,,ok,,900000,1.01,177614,138050150464256,2026-09-06T00:06:55.274-05:00
2e976d78acf4,campaign-sf1,mado,tpch,Q18,Complex,mysql,non-indexed,1,4,3,-1,django,orm,q18s3,2,72.995137,,ok,,900000,1.0,177614,138050150464256,2026-09-06T00:08:08.269-05:00
2e976d78acf4,campaign-sf1,mado,tpch,Q18,Complex,mysql,non-indexed,1,4,3,-1,sqlalchemy,sql,q18s3,2,80.908523,,ok,,900000,1.02,177614,138050150464256,2026-09-06T00:09:29.178-05:00
2e976d78acf4,campaign-sf1,mado,tpch,Q18,Complex,mysql,non-indexed,1,4,3,-1,sqlalchemy,orm,q18s3,2,80.727994,,ok,,900000,1.03,177614,138050150464256,2026-09-06T00:10:49.906-05:00
2e976d78acf4,campaign-sf1,mado,tpch,Q18,Complex,mysql,non-indexed,1,4,3,0,sqlalchemy,sql,q18s3,0,80.905594,9,ok,,900000,1.04,177614,138050150464256,2026-09-06T00:12:10.811-05:00
2e976d78acf4,campaign-sf1,mado,tpch,Q18,Complex,mysql,non-indexed,1,4,3,1,django,sql,q18s3,0,80.333899,9,ok,,900000,1.01,177614,138050150464256,2026-09-06T00:13:31.145-05:00
2e976d78acf4,campaign-sf1,mado,tpch,Q18,Complex,mysql,non-indexed,1,4,3,2,sqlalchemy,orm,q18s3,0,80.659349,9,ok,,900000,1.0,177614,138050150464256,2026-09-06T00:14:51.805-05:00
2e976d78acf4,campaign-sf1,mado,tpch,Q18,Complex,mysql,non-indexed,1,4,3,3,django,orm,q18s3,0,72.671076,9,ok,,900000,1.18,177614,138050150464256,2026-09-06T00:16:04.476-05:00
2e976d78acf4,campaign-sf1,mado,tpch,Q18,Complex,mysql,non-indexed,1,5,3,-1,django,sql,q18s4,2,80.17469,,ok,,900000,1.04,177614,138050150464256,2026-09-06T00:17:24.655-05:00
2e976d78acf4,campaign-sf1,mado,tpch,Q18,Complex,mysql,non-indexed,1,5,3,-1,django,orm,q18s4,2,72.654136,,ok,,900000,1.01,177614,138050150464256,2026-09-06T00:18:37.309-05:00
2e976d78acf4,campaign-sf1,mado,tpch,Q18,Complex,mysql,non-indexed,1,5,3,-1,sqlalchemy,sql,q18s4,2,80.917687,,ok,,900000,1.0,177614,138050150464256,2026-09-06T00:19:58.227-05:00
2e976d78acf4,campaign-sf1,mado,tpch,Q18,Complex,mysql,non-indexed,1,5,3,-1,sqlalchemy,orm,q18s4,2,80.646134,,ok,,900000,1.0,177614,138050150464256,2026-09-06T00:21:18.873-05:00
2e976d78acf4,campaign-sf1,mado,tpch,Q18,Complex,mysql,non-indexed,1,5,3,0,sqlalchemy,sql,q18s4,0,80.77021,10,ok,,900000,1.0,177614,138050150464256,2026-09-06T00:22:39.644-05:00
2e976d78acf4,campaign-sf1,mado,tpch,Q18,Complex,mysql,non-indexed,1,5,3,1,django,sql,q18s4,0,80.136768,10,ok,,900000,1.0,177614,138050150464256,2026-09-06T00:23:59.781-05:00
2e976d78acf4,campaign-sf1,mado,tpch,Q18,Complex,mysql,non-indexed,1,5,3,2,sqlalchemy,orm,q18s4,0,80.358184,10,ok,,900000,1.05,177614,138050150464256,2026-09-06T00:25:20.139-05:00
2e976d78acf4,campaign-sf1,mado,tpch,Q18,Complex,mysql,non-indexed,1,5,3,3,django,orm,q18s4,0,72.779107,10,ok,,900000,1.01,177614,138050150464256,2026-09-06T00:26:32.918-05:00
2e976d78acf4,campaign-sf1,mado,tpch,Q18,Complex,mysql,non-indexed,1,6,1,-1,django,sql,q18s5,2,80.180285,,ok,,900000,1.0,177614,138050150464256,2026-09-06T00:27:53.103-05:00
2e976d78acf4,campaign-sf1,mado,tpch,Q18,Complex,mysql,non-indexed,1,6,1,-1,django,orm,q18s5,2,72.791655,,ok,,900000,1.0,177614,138050150464256,2026-09-06T00:29:05.895-05:00
2e976d78acf4,campaign-sf1,mado,tpch,Q18,Complex,mysql,non-indexed,1,6,1,-1,sqlalchemy,sql,q18s5,2,80.515722,,ok,,900000,1.0,177614,138050150464256,2026-09-06T00:30:26.410-05:00
2e976d78acf4,campaign-sf1,mado,tpch,Q18,Complex,mysql,non-indexed,1,6,1,-1,sqlalchemy,orm,q18s5,2,80.328077,,ok,,900000,1.02,177614,138050150464256,2026-09-06T00:31:46.739-05:00
2e976d78acf4,campaign-sf1,mado,tpch,Q18,Complex,mysql,non-indexed,1,6,1,0,django,orm,q18s5,0,72.718619,10,ok,,900000,1.06,177614,138050150464256,2026-09-06T00:32:59.457-05:00
2e976d78acf4,campaign-sf1,mado,tpch,Q18,Complex,mysql,non-indexed,1,6,1,1,sqlalchemy,orm,q18s5,0,80.560667,10,ok,,900000,1.06,177614,138050150464256,2026-09-06T00:34:20.018-05:00
2e976d78acf4,campaign-sf1,mado,tpch,Q18,Complex,mysql,non-indexed,1,6,1,2,django,sql,q18s5,0,80.218304,10,ok,,900000,1.01,177614,138050150464256,2026-09-06T00:35:40.236-05:00
2e976d78acf4,campaign-sf1,mado,tpch,Q18,Complex,mysql,non-indexed,1,6,1,3,sqlalchemy,sql,q18s5,0,80.722251,10,ok,,900000,1.0,177614,138050150464256,2026-09-06T00:37:00.959-05:00
2e976d78acf4,campaign-sf1,mado,tpch,Q18,Complex,mysql,non-indexed,1,7,0,-1,django,sql,q18s6,2,80.176516,,ok,,900000,1.0,177614,138050150464256,2026-09-06T00:38:21.140-05:00
2e976d78acf4,campaign-sf1,mado,tpch,Q18,Complex,mysql,non-indexed,1,7,0,-1,django,orm,q18s6,2,72.798106,,ok,,900000,1.0,177614,138050150464256,2026-09-06T00:39:33.938-05:00
2e976d78acf4,campaign-sf1,mado,tpch,Q18,Complex,mysql,non-indexed,1,7,0,-1,sqlalchemy,sql,q18s6,2,80.77772,,ok,,900000,1.14,177614,138050150464256,2026-09-06T00:40:54.716-05:00
2e976d78acf4,campaign-sf1,mado,tpch,Q18,Complex,mysql,non-indexed,1,7,0,-1,sqlalchemy,orm,q18s6,2,80.345583,,ok,,900000,1.94,177614,138050150464256,2026-09-06T00:42:15.062-05:00
2e976d78acf4,campaign-sf1,mado,tpch,Q18,Complex,mysql,non-indexed,1,7,0,0,django,sql,q18s6,0,80.180111,9,ok,,900000,1.4,177614,138050150464256,2026-09-06T00:43:35.242-05:00
2e976d78acf4,campaign-sf1,mado,tpch,Q18,Complex,mysql,non-indexed,1,7,0,1,django,orm,q18s6,0,72.701203,9,ok,,900000,1.14,177614,138050150464256,2026-09-06T00:44:47.943-05:00
2e976d78acf4,campaign-sf1,mado,tpch,Q18,Complex,mysql,non-indexed,1,7,0,2,sqlalchemy,sql,q18s6,0,80.607253,9,ok,,900000,1.06,177614,138050150464256,2026-09-06T00:46:08.551-05:00
2e976d78acf4,campaign-sf1,mado,tpch,Q18,Complex,mysql,non-indexed,1,7,0,3,sqlalchemy,orm,q18s6,0,80.68255,9,ok,,900000,1.11,177614,138050150464256,2026-09-06T00:47:29.233-05:00
2e976d78acf4,campaign-sf1,mado,tpch,Q18,Complex,mysql,non-indexed,1,8,2,-1,django,sql,q18s7,2,80.085944,,ok,,900000,1.1,177614,138050150464256,2026-09-06T00:48:49.324-05:00
2e976d78acf4,campaign-sf1,mado,tpch,Q18,Complex,mysql,non-indexed,1,8,2,-1,django,orm,q18s7,2,72.824366,,ok,,900000,1.07,177614,138050150464256,2026-09-06T00:50:02.148-05:00
2e976d78acf4,campaign-sf1,mado,tpch,Q18,Complex,mysql,non-indexed,1,8,2,-1,sqlalchemy,sql,q18s7,2,81.007294,,ok,,900000,1.05,177614,138050150464256,2026-09-06T00:51:23.156-05:00
2e976d78acf4,campaign-sf1,mado,tpch,Q18,Complex,mysql,non-indexed,1,8,2,-1,sqlalchemy,orm,q18s7,2,80.232259,,ok,,900000,1.01,177614,138050150464256,2026-09-06T00:52:43.388-05:00
2e976d78acf4,campaign-sf1,mado,tpch,Q18,Complex,mysql,non-indexed,1,8,2,0,sqlalchemy,orm,q18s7,0,80.380212,9,ok,,900000,1.0,177614,138050150464256,2026-09-06T00:54:03.768-05:00
2e976d78acf4,campaign-sf1,mado,tpch,Q18,Complex,mysql,non-indexed,1,8,2,1,sqlalchemy,sql,q18s7,0,81.007714,9,ok,,900000,1.04,177614,138050150464256,2026-09-06T00:55:24.776-05:00
2e976d78acf4,campaign-sf1,mado,tpch,Q18,Complex,mysql,non-indexed,1,8,2,2,django,orm,q18s7,0,72.990724,9,ok,,900000,1.06,177614,138050150464256,2026-09-06T00:56:37.767-05:00
2e976d78acf4,campaign-sf1,mado,tpch,Q18,Complex,mysql,non-indexed,1,8,2,3,django,sql,q18s7,0,80.464726,9,ok,,900000,1.01,177614,138050150464256,2026-09-06T00:57:58.232-05:00
f67fe4f12d54,campaign-sf1,mado,tpch,Q19,Simple,mysql,non-indexed,1,0,3,0,sqlalchemy,sql,q19warm,1,12.893887,1,ok,,900000,1.01,178640,132876983967696,2026-09-06T00:58:12.205-05:00
f67fe4f12d54,campaign-sf1,mado,tpch,Q19,Simple,mysql,non-indexed,1,0,3,1,django,sql,q19warm,1,12.831163,1,ok,,900000,1.01,178640,132876983967696,2026-09-06T00:58:25.036-05:00
f67fe4f12d54,campaign-sf1,mado,tpch,Q19,Simple,mysql,non-indexed,1,0,3,2,sqlalchemy,orm,q19warm,1,12.768678,1,ok,,900000,1.0,178640,132876983967696,2026-09-06T00:58:37.805-05:00
f67fe4f12d54,campaign-sf1,mado,tpch,Q19,Simple,mysql,non-indexed,1,0,3,3,django,orm,q19warm,1,13.054715,1,ok,,900000,1.0,178640,132876983967696,2026-09-06T00:58:50.859-05:00
f67fe4f12d54,campaign-sf1,mado,tpch,Q19,Simple,mysql,non-indexed,1,1,3,-1,django,sql,q19s0,2,12.828301,,ok,,900000,1.0,178640,132876983967696,2026-09-06T00:59:03.692-05:00
f67fe4f12d54,campaign-sf1,mado,tpch,Q19,Simple,mysql,non-indexed,1,1,3,-1,django,orm,q19s0,2,13.153715,,ok,,900000,1.0,178640,132876983967696,2026-09-06T00:59:16.846-05:00
f67fe4f12d54,campaign-sf1,mado,tpch,Q19,Simple,mysql,non-indexed,1,1,3,-1,sqlalchemy,sql,q19s0,2,12.97732,,ok,,900000,1.0,178640,132876983967696,2026-09-06T00:59:29.824-05:00
f67fe4f12d54,campaign-sf1,mado,tpch,Q19,Simple,mysql,non-indexed,1,1,3,-1,sqlalchemy,orm,q19s0,2,12.789123,,ok,,900000,1.0,178640,132876983967696,2026-09-06T00:59:42.613-05:00
f67fe4f12d54,campaign-sf1,mado,tpch,Q19,Simple,mysql,non-indexed,1,1,3,0,sqlalchemy,sql,q19s0,0,12.977125,1,ok,,900000,1.0,178640,132876983967696,2026-09-06T00:59:55.590-05:00
f67fe4f12d54,campaign-sf1,mado,tpch,Q19,Simple,mysql,non-indexed,1,1,3,1,django,sql,q19s0,0,12.824041,1,ok,,900000,1.0,178640,132876983967696,2026-09-06T01:00:08.414-05:00
f67fe4f12d54,campaign-sf1,mado,tpch,Q19,Simple,mysql,non-indexed,1,1,3,2,sqlalchemy,orm,q19s0,0,12.788688,1,ok,,900000,1.0,178640,132876983967696,2026-09-06T01:00:21.203-05:00
f67fe4f12d54,campaign-sf1,mado,tpch,Q19,Simple,mysql,non-indexed,1,1,3,3,django,orm,q19s0,0,13.128712,1,ok,,900000,1.0,178640,132876983967696,2026-09-06T01:00:34.332-05:00
f67fe4f12d54,campaign-sf1,mado,tpch,Q19,Simple,mysql,non-indexed,1,2,1,-1,django,sql,q19s1,2,12.680239,,ok,,900000,1.0,178640,132876983967696,2026-09-06T01:00:47.017-05:00
f67fe4f12d54,campaign-sf1,mado,tpch,Q19,Simple,mysql,non-indexed,1,2,1,-1,django,orm,q19s1,2,12.970409,,ok,,900000,1.0,178640,132876983967696,2026-09-06T01:00:59.988-05:00
f67fe4f12d54,campaign-sf1,mado,tpch,Q19,Simple,mysql,non-indexed,1,2,1,-1,sqlalchemy,sql,q19s1,2,12.834834,,ok,,900000,1.0,178640,132876983967696,2026-09-06T01:01:12.822-05:00
f67fe4f12d54,campaign-sf1,mado,tpch,Q19,Simple,mysql,non-indexed,1,2,1,-1,sqlalchemy,orm,q19s1,2,12.652952,,ok,,900000,1.0,178640,132876983967696,2026-09-06T01:01:25.476-05:00
f67fe4f12d54,campaign-sf1,mado,tpch,Q19,Simple,mysql,non-indexed,1,2,1,0,django,orm,q19s1,0,12.970555,1,ok,,900000,1.0,178640,132876983967696,2026-09-06T01:01:38.446-05:00
f67fe4f12d54,campaign-sf1,mado,tpch,Q19,Simple,mysql,non-indexed,1,2,1,1,sqlalchemy,orm,q19s1,0,12.646883,1,ok,,900000,1.0,178640,132876983967696,2026-09-06T01:01:51.093-05:00
f67fe4f12d54,campaign-sf1,mado,tpch,Q19,Simple,mysql,non-indexed,1,2,1,2,django,sql,q19s1,0,12.685398,1,ok,,900000,1.0,178640,132876983967696,2026-09-06T01:02:03.779-05:00
f67fe4f12d54,campaign-sf1,mado,tpch,Q19,Simple,mysql,non-indexed,1,2,1,3,sqlalchemy,sql,q19s1,0,12.843693,1,ok,,900000,1.0,178640,132876983967696,2026-09-06T01:02:16.622-05:00
f67fe4f12d54,campaign-sf1,mado,tpch,Q19,Simple,mysql,non-indexed,1,3,0,-1,django,sql,q19s2,2,12.548768,,ok,,900000,1.0,178640,132876983967696,2026-09-06T01:02:29.176-05:00
f67fe4f12d54,campaign-sf1,mado,tpch,Q19,Simple,mysql,non-indexed,1,3,0,-1,django,orm,q19s2,2,12.835092,,ok,,900000,1.0,178640,132876983967696,2026-09-06T01:02:42.011-05:00
f67fe4f12d54,campaign-sf1,mado,tpch,Q19,Simple,mysql,non-indexed,1,3,0,-1,sqlalchemy,sql,q19s2,2,12.704344,,ok,,900000,1.0,178640,132876983967696,2026-09-06T01:02:54.715-05:00
f67fe4f12d54,campaign-sf1,mado,tpch,Q19,Simple,mysql,non-indexed,1,3,0,-1,sqlalchemy,orm,q19s2,2,12.512874,,ok,,900000,1.0,178640,132876983967696,2026-09-06T01:03:07.228-05:00
f67fe4f12d54,campaign-sf1,mado,tpch,Q19,Simple,mysql,non-indexed,1,3,0,0,django,sql,q19s2,0,12.543353,1,ok,,900000,1.0,178640,132876983967696,2026-09-06T01:03:19.772-05:00
f67fe4f12d54,campaign-sf1,mado,tpch,Q19,Simple,mysql,non-indexed,1,3,0,1,django,orm,q19s2,0,12.835842,1,ok,,900000,1.0,178640,132876983967696,2026-09-06T01:03:32.608-05:00
f67fe4f12d54,campaign-sf1,mado,tpch,Q19,Simple,mysql,non-indexed,1,3,0,2,sqlalchemy,sql,q19s2,0,12.696798,1,ok,,900000,1.0,178640,132876983967696,2026-09-06T01:03:45.305-05:00
f67fe4f12d54,campaign-sf1,mado,tpch,Q19,Simple,mysql,non-indexed,1,3,0,3,sqlalchemy,orm,q19s2,0,12.521243,1,ok,,900000,1.0,178640,132876983967696,2026-09-06T01:03:57.826-05:00
f67fe4f12d54,campaign-sf1,mado,tpch,Q19,Simple,mysql,non-indexed,1,4,2,-1,django,sql,q19s3,2,12.632831,,ok,,900000,1.0,178640,132876983967696,2026-09-06T01:04:10.464-05:00
f67fe4f12d54,campaign-sf1,mado,tpch,Q19,Simple,mysql,non-indexed,1,4,2,-1,django,orm,q19s3,2,12.911041,,ok,,900000,1.0,178640,132876983967696,2026-09-06T01:04:23.375-05:00
f67fe4f12d54,campaign-sf1,mado,tpch,Q19,Simple,mysql,non-indexed,1,4,2,-1,sqlalchemy,sql,q19s3,2,12.794323,,ok,,900000,1.0,178640,132876983967696,2026-09-06T01:04:36.169-05:00
f67fe4f12d54,campaign-sf1,mado,tpch,Q19,Simple,mysql,non-indexed,1,4,2,-1,sqlalchemy,orm,q19s3,2,12.599214,,ok,,900000,1.0,178640,132876983967696,2026-09-06T01:04:48.769-05:00
f67fe4f12d54,campaign-sf1,mado,tpch,Q19,Simple,mysql,non-indexed,1,4,2,0,sqlalchemy,orm,q19s3,0,12.601618,1,ok,,900000,1.0,178640,132876983967696,2026-09-06T01:05:01.370-05:00
f67fe4f12d54,campaign-sf1,mado,tpch,Q19,Simple,mysql,non-indexed,1,4,2,1,sqlalchemy,sql,q19s3,0,12.787657,1,ok,,900000,1.08,178640,132876983967696,2026-09-06T01:05:14.158-05:00
f67fe4f12d54,campaign-sf1,mado,tpch,Q19,Simple,mysql,non-indexed,1,4,2,2,django,orm,q19s3,0,12.915852,1,ok,,900000,1.06,178640,132876983967696,2026-09-06T01:05:27.074-05:00
f67fe4f12d54,campaign-sf1,mado,tpch,Q19,Simple,mysql,non-indexed,1,4,2,3,django,sql,q19s3,0,12.631128,1,ok,,900000,1.05,178640,132876983967696,2026-09-06T01:05:39.705-05:00
f67fe4f12d54,campaign-sf1,mado,tpch,Q19,Simple,mysql,non-indexed,1,5,0,-1,django,sql,q19s4,2,12.756722,,ok,,900000,1.04,178640,132876983967696,2026-09-06T01:05:52.469-05:00
f67fe4f12d54,campaign-sf1,mado,tpch,Q19,Simple,mysql,non-indexed,1,5,0,-1,django,orm,q19s4,2,13.06492,,ok,,900000,1.11,178640,132876983967696,2026-09-06T01:06:05.534-05:00
f67fe4f12d54,campaign-sf1,mado,tpch,Q19,Simple,mysql,non-indexed,1,5,0,-1,sqlalchemy,sql,q19s4,2,12.914076,,ok,,900000,1.16,178640,132876983967696,2026-09-06T01:06:18.448-05:00
f67fe4f12d54,campaign-sf1,mado,tpch,Q19,Simple,mysql,non-indexed,1,5,0,-1,sqlalchemy,orm,q19s4,2,12.72751,,ok,,900000,1.12,178640,132876983967696,2026-09-06T01:06:31.176-05:00
f67fe4f12d54,campaign-sf1,mado,tpch,Q19,Simple,mysql,non-indexed,1,5,0,0,django,sql,q19s4,0,12.75364,1,ok,,900000,1.11,178640,132876983967696,2026-09-06T01:06:43.929-05:00
f67fe4f12d54,campaign-sf1,mado,tpch,Q19,Simple,mysql,non-indexed,1,5,0,1,django,orm,q19s4,0,13.056319,1,ok,,900000,1.16,178640,132876983967696,2026-09-06T01:06:56.986-05:00
f67fe4f12d54,campaign-sf1,mado,tpch,Q19,Simple,mysql,non-indexed,1,5,0,2,sqlalchemy,sql,q19s4,0,12.910871,1,ok,,900000,1.14,178640,132876983967696,2026-09-06T01:07:09.897-05:00
f67fe4f12d54,campaign-sf1,mado,tpch,Q19,Simple,mysql,non-indexed,1,5,0,3,sqlalchemy,orm,q19s4,0,12.721481,1,ok,,900000,1.11,178640,132876983967696,2026-09-06T01:07:22.618-05:00
f67fe4f12d54,campaign-sf1,mado,tpch,Q19,Simple,mysql,non-indexed,1,6,2,-1,django,sql,q19s5,2,12.506239,,ok,,900000,1.09,178640,132876983967696,2026-09-06T01:07:35.129-05:00
f67fe4f12d54,campaign-sf1,mado,tpch,Q19,Simple,mysql,non-indexed,1,6,2,-1,django,orm,q19s5,2,12.788138,,ok,,900000,1.07,178640,132876983967696,2026-09-06T01:07:47.917-05:00
f67fe4f12d54,campaign-sf1,mado,tpch,Q19,Simple,mysql,non-indexed,1,6,2,-1,sqlalchemy,sql,q19s5,2,12.657822,,ok,,900000,1.06,178640,132876983967696,2026-09-06T01:08:00.575-05:00
f67fe4f12d54,campaign-sf1,mado,tpch,Q19,Simple,mysql,non-indexed,1,6,2,-1,sqlalchemy,orm,q19s5,2,12.465263,,ok,,900000,1.04,178640,132876983967696,2026-09-06T01:08:13.041-05:00
f67fe4f12d54,campaign-sf1,mado,tpch,Q19,Simple,mysql,non-indexed,1,6,2,0,sqlalchemy,orm,q19s5,0,12.468692,1,ok,,900000,1.04,178640,132876983967696,2026-09-06T01:08:25.509-05:00
f67fe4f12d54,campaign-sf1,mado,tpch,Q19,Simple,mysql,non-indexed,1,6,2,1,sqlalchemy,sql,q19s5,0,12.651353,1,ok,,900000,1.03,178640,132876983967696,2026-09-06T01:08:38.161-05:00
f67fe4f12d54,campaign-sf1,mado,tpch,Q19,Simple,mysql,non-indexed,1,6,2,2,django,orm,q19s5,0,12.77969,1,ok,,900000,1.02,178640,132876983967696,2026-09-06T01:08:50.941-05:00
f67fe4f12d54,campaign-sf1,mado,tpch,Q19,Simple,mysql,non-indexed,1,6,2,3,django,sql,q19s5,0,12.50953,1,ok,,900000,1.18,178640,132876983967696,2026-09-06T01:09:03.450-05:00
f67fe4f12d54,campaign-sf1,mado,tpch,Q19,Simple,mysql,non-indexed,1,7,3,-1,django,sql,q19s6,2,12.824502,,ok,,900000,1.14,178640,132876983967696,2026-09-06T01:09:16.280-05:00
f67fe4f12d54,campaign-sf1,mado,tpch,Q19,Simple,mysql,non-indexed,1,7,3,-1,django,orm,q19s6,2,13.12493,,ok,,900000,1.12,178640,132876983967696,2026-09-06T01:09:29.405-05:00
f67fe4f12d54,campaign-sf1,mado,tpch,Q19,Simple,mysql,non-indexed,1,7,3,-1,sqlalchemy,sql,q19s6,2,12.972748,,ok,,900000,1.16,178640,132876983967696,2026-09-06T01:09:42.378-05:00
f67fe4f12d54,campaign-sf1,mado,tpch,Q19,Simple,mysql,non-indexed,1,7,3,-1,sqlalchemy,orm,q19s6,2,12.795221,,ok,,900000,1.13,178640,132876983967696,2026-09-06T01:09:55.173-05:00
f67fe4f12d54,campaign-sf1,mado,tpch,Q19,Simple,mysql,non-indexed,1,7,3,0,sqlalchemy,sql,q19s6,0,12.982868,1,ok,,900000,1.1,178640,132876983967696,2026-09-06T01:10:08.156-05:00
f67fe4f12d54,campaign-sf1,mado,tpch,Q19,Simple,mysql,non-indexed,1,7,3,1,django,sql,q19s6,0,12.822028,1,ok,,900000,1.08,178640,132876983967696,2026-09-06T01:10:20.978-05:00
f67fe4f12d54,campaign-sf1,mado,tpch,Q19,Simple,mysql,non-indexed,1,7,3,2,sqlalchemy,orm,q19s6,0,12.791713,1,ok,,900000,1.07,178640,132876983967696,2026-09-06T01:10:33.770-05:00
f67fe4f12d54,campaign-sf1,mado,tpch,Q19,Simple,mysql,non-indexed,1,7,3,3,django,orm,q19s6,0,13.121092,1,ok,,900000,1.05,178640,132876983967696,2026-09-06T01:10:46.891-05:00
f67fe4f12d54,campaign-sf1,mado,tpch,Q19,Simple,mysql,non-indexed,1,8,1,-1,django,sql,q19s7,2,12.569784,,ok,,900000,1.04,178640,132876983967696,2026-09-06T01:10:59.466-05:00
f67fe4f12d54,campaign-sf1,mado,tpch,Q19,Simple,mysql,non-indexed,1,8,1,-1,django,orm,q19s7,2,12.841832,,ok,,900000,1.03,178640,132876983967696,2026-09-06T01:11:12.308-05:00
f67fe4f12d54,campaign-sf1,mado,tpch,Q19,Simple,mysql,non-indexed,1,8,1,-1,sqlalchemy,sql,q19s7,2,12.72481,,ok,,900000,1.03,178640,132876983967696,2026-09-06T01:11:25.033-05:00
f67fe4f12d54,campaign-sf1,mado,tpch,Q19,Simple,mysql,non-indexed,1,8,1,-1,sqlalchemy,orm,q19s7,2,12.532389,,ok,,900000,1.02,178640,132876983967696,2026-09-06T01:11:37.565-05:00
f67fe4f12d54,campaign-sf1,mado,tpch,Q19,Simple,mysql,non-indexed,1,8,1,0,django,orm,q19s7,0,12.851411,1,ok,,900000,1.1,178640,132876983967696,2026-09-06T01:11:50.417-05:00
f67fe4f12d54,campaign-sf1,mado,tpch,Q19,Simple,mysql,non-indexed,1,8,1,1,sqlalchemy,orm,q19s7,0,12.535561,1,ok,,900000,1.08,178640,132876983967696,2026-09-06T01:12:02.952-05:00
f67fe4f12d54,campaign-sf1,mado,tpch,Q19,Simple,mysql,non-indexed,1,8,1,2,django,sql,q19s7,0,12.567294,1,ok,,900000,1.06,178640,132876983967696,2026-09-06T01:12:15.520-05:00
f67fe4f12d54,campaign-sf1,mado,tpch,Q19,Simple,mysql,non-indexed,1,8,1,3,sqlalchemy,sql,q19s7,0,12.719883,1,ok,,900000,1.05,178640,132876983967696,2026-09-06T01:12:28.240-05:00
0d61e9ddc052,campaign-sf1,mado,tpch,Q20,Complex,mysql,non-indexed,1,0,0,0,django,sql,q20warm,1,900.003092,,timeout,"OperationalError: (3024, 'Query execution was interrupted, maximum statement execution time exceeded')",900000,1.02,179024,129624464835312,2026-09-06T01:27:29.318-05:00
0d61e9ddc052,campaign-sf1,mado,tpch,Q20,Complex,mysql,non-indexed,1,0,0,1,django,orm,q20warm,1,900.01295,,timeout,"OperationalError: (3024, 'Query execution was interrupted, maximum statement execution time exceeded')",900000,1.02,179024,129624464835312,2026-09-06T01:42:29.332-05:00
0d61e9ddc052,campaign-sf1,mado,tpch,Q20,Complex,mysql,non-indexed,1,0,0,2,sqlalchemy,sql,q20warm,1,900.003488,,timeout,"OperationalError: (MySQLdb.OperationalError) (3024, 'Query execution was interrupted, maximum statement execution time exceeded')
[SQL: SELECT s_name, s_address
FROM su",900000,1.08,179024,129624464835312,2026-09-06T01:57:29.337-05:00
0d61e9ddc052,campaign-sf1,mado,tpch,Q20,Complex,mysql,non-indexed,1,0,0,3,sqlalchemy,orm,q20warm,1,900.04834,,timeout,"OperationalError: (MySQLdb.OperationalError) (3024, 'Query execution was interrupted, maximum statement execution time exceeded')
[SQL: SELECT supplier.s_name AS suppli",900000,1.0,179024,129624464835312,2026-09-06T02:12:29.388-05:00
60ce37240c48,campaign-sf1,mado,tpch,Q21,Very Complex,mysql,non-indexed,1,0,1,0,django,orm,q21warm,1,35.140554,100,ok,,900000,1.0,179717,127533869670736,2026-09-06T02:13:05.608-05:00
60ce37240c48,campaign-sf1,mado,tpch,Q21,Very Complex,mysql,non-indexed,1,0,1,1,sqlalchemy,orm,q21warm,1,35.058244,100,ok,,900000,1.0,179717,127533869670736,2026-09-06T02:13:40.666-05:00
60ce37240c48,campaign-sf1,mado,tpch,Q21,Very Complex,mysql,non-indexed,1,0,1,2,django,sql,q21warm,1,35.433733,100,ok,,900000,1.06,179717,127533869670736,2026-09-06T02:14:16.100-05:00
60ce37240c48,campaign-sf1,mado,tpch,Q21,Very Complex,mysql,non-indexed,1,0,1,3,sqlalchemy,sql,q21warm,1,35.008155,100,ok,,900000,1.08,179717,127533869670736,2026-09-06T02:14:51.108-05:00
60ce37240c48,campaign-sf1,mado,tpch,Q21,Very Complex,mysql,non-indexed,1,1,3,-1,django,sql,q21s0,2,35.514533,,ok,,900000,1.11,179717,127533869670736,2026-09-06T02:15:26.629-05:00
60ce37240c48,campaign-sf1,mado,tpch,Q21,Very Complex,mysql,non-indexed,1,1,3,-1,django,orm,q21s0,2,35.238343,,ok,,900000,1.06,179717,127533869670736,2026-09-06T02:16:01.868-05:00
60ce37240c48,campaign-sf1,mado,tpch,Q21,Very Complex,mysql,non-indexed,1,1,3,-1,sqlalchemy,sql,q21s0,2,35.099081,,ok,,900000,1.03,179717,127533869670736,2026-09-06T02:16:36.967-05:00
60ce37240c48,campaign-sf1,mado,tpch,Q21,Very Complex,mysql,non-indexed,1,1,3,-1,sqlalchemy,orm,q21s0,2,35.241626,,ok,,900000,1.02,179717,127533869670736,2026-09-06T02:17:12.209-05:00
60ce37240c48,campaign-sf1,mado,tpch,Q21,Very Complex,mysql,non-indexed,1,1,3,0,sqlalchemy,sql,q21s0,0,35.193308,100,ok,,900000,1.01,179717,127533869670736,2026-09-06T02:17:47.402-05:00
60ce37240c48,campaign-sf1,mado,tpch,Q21,Very Complex,mysql,non-indexed,1,1,3,1,django,sql,q21s0,0,35.544368,100,ok,,900000,1.0,179717,127533869670736,2026-09-06T02:18:22.947-05:00
60ce37240c48,campaign-sf1,mado,tpch,Q21,Very Complex,mysql,non-indexed,1,1,3,2,sqlalchemy,orm,q21s0,0,35.175901,100,ok,,900000,1.0,179717,127533869670736,2026-09-06T02:18:58.123-05:00
60ce37240c48,campaign-sf1,mado,tpch,Q21,Very Complex,mysql,non-indexed,1,1,3,3,django,orm,q21s0,0,35.280941,100,ok,,900000,1.0,179717,127533869670736,2026-09-06T02:19:33.404-05:00
60ce37240c48,campaign-sf1,mado,tpch,Q21,Very Complex,mysql,non-indexed,1,2,2,-1,django,sql,q21s1,2,35.204285,,ok,,900000,1.06,179717,127533869670736,2026-09-06T02:20:08.615-05:00
60ce37240c48,campaign-sf1,mado,tpch,Q21,Very Complex,mysql,non-indexed,1,2,2,-1,django,orm,q21s1,2,35.028542,,ok,,900000,1.03,179717,127533869670736,2026-09-06T02:20:43.644-05:00
60ce37240c48,campaign-sf1,mado,tpch,Q21,Very Complex,mysql,non-indexed,1,2,2,-1,sqlalchemy,sql,q21s1,2,35.080181,,ok,,900000,1.02,179717,127533869670736,2026-09-06T02:21:18.724-05:00
60ce37240c48,campaign-sf1,mado,tpch,Q21,Very Complex,mysql,non-indexed,1,2,2,-1,sqlalchemy,orm,q21s1,2,34.959939,,ok,,900000,1.01,179717,127533869670736,2026-09-06T02:21:53.684-05:00
60ce37240c48,campaign-sf1,mado,tpch,Q21,Very Complex,mysql,non-indexed,1,2,2,0,sqlalchemy,orm,q21s1,0,34.976325,100,ok,,900000,1.0,179717,127533869670736,2026-09-06T02:22:28.660-05:00
60ce37240c48,campaign-sf1,mado,tpch,Q21,Very Complex,mysql,non-indexed,1,2,2,1,sqlalchemy,sql,q21s1,0,34.955561,100,ok,,900000,1.06,179717,127533869670736,2026-09-06T02:23:03.616-05:00
60ce37240c48,campaign-sf1,mado,tpch,Q21,Very Complex,mysql,non-indexed,1,2,2,2,django,orm,q21s1,0,35.093657,100,ok,,900000,1.03,179717,127533869670736,2026-09-06T02:23:38.710-05:00
60ce37240c48,campaign-sf1,mado,tpch,Q21,Very Complex,mysql,non-indexed,1,2,2,3,django,sql,q21s1,0,35.475389,100,ok,,900000,1.07,179717,127533869670736,2026-09-06T02:24:14.185-05:00
60ce37240c48,campaign-sf1,mado,tpch,Q21,Very Complex,mysql,non-indexed,1,3,0,-1,django,sql,q21s2,2,35.369455,,ok,,900000,1.12,179717,127533869670736,2026-09-06T02:24:49.561-05:00
60ce37240c48,campaign-sf1,mado,tpch,Q21,Very Complex,mysql,non-indexed,1,3,0,-1,django,orm,q21s2,2,35.150097,,ok,,900000,1.12,179717,127533869670736,2026-09-06T02:25:24.711-05:00
60ce37240c48,campaign-sf1,mado,tpch,Q21,Very Complex,mysql,non-indexed,1,3,0,-1,sqlalchemy,sql,q21s2,2,34.93373,,ok,,900000,1.07,179717,127533869670736,2026-09-06T02:25:59.645-05:00
60ce37240c48,campaign-sf1,mado,tpch,Q21,Very Complex,mysql,non-indexed,1,3,0,-1,sqlalchemy,orm,q21s2,2,34.9749,,ok,,900000,1.04,179717,127533869670736,2026-09-06T02:26:34.620-05:00
60ce37240c48,campaign-sf1,mado,tpch,Q21,Very Complex,mysql,non-indexed,1,3,0,0,django,sql,q21s2,0,35.342133,100,ok,,900000,1.02,179717,127533869670736,2026-09-06T02:27:09.962-05:00
60ce37240c48,campaign-sf1,mado,tpch,Q21,Very Complex,mysql,non-indexed,1,3,0,1,django,orm,q21s2,0,35.122436,100,ok,,900000,1.07,179717,127533869670736,2026-09-06T02:27:45.085-05:00
60ce37240c48,campaign-sf1,mado,tpch,Q21,Very Complex,mysql,non-indexed,1,3,0,2,sqlalchemy,sql,q21s2,0,35.069583,100,ok,,900000,1.04,179717,127533869670736,2026-09-06T02:28:20.154-05:00
60ce37240c48,campaign-sf1,mado,tpch,Q21,Very Complex,mysql,non-indexed,1,3,0,3,sqlalchemy,orm,q21s2,0,34.957565,100,ok,,900000,1.02,179717,127533869670736,2026-09-06T02:28:55.112-05:00
60ce37240c48,campaign-sf1,mado,tpch,Q21,Very Complex,mysql,non-indexed,1,4,1,-1,django,sql,q21s3,2,35.35341,,ok,,900000,1.01,179717,127533869670736,2026-09-06T02:29:30.471-05:00
60ce37240c48,campaign-sf1,mado,tpch,Q21,Very Complex,mysql,non-indexed,1,4,1,-1,django,orm,q21s3,2,35.147588,,ok,,900000,1.0,179717,127533869670736,2026-09-06T02:30:05.619-05:00
60ce37240c48,campaign-sf1,mado,tpch,Q21,Very Complex,mysql,non-indexed,1,4,1,-1,sqlalchemy,sql,q21s3,2,35.058293,,ok,,900000,1.11,179717,127533869670736,2026-09-06T02:30:40.678-05:00
60ce37240c48,campaign-sf1,mado,tpch,Q21,Very Complex,mysql,non-indexed,1,4,1,-1,sqlalchemy,orm,q21s3,2,35.155917,,ok,,900000,1.06,179717,127533869670736,2026-09-06T02:31:15.834-05:00
60ce37240c48,campaign-sf1,mado,tpch,Q21,Very Complex,mysql,non-indexed,1,4,1,0,django,orm,q21s3,0,35.201187,100,ok,,900000,1.03,179717,127533869670736,2026-09-06T02:31:51.035-05:00
60ce37240c48,campaign-sf1,mado,tpch,Q21,Very Complex,mysql,non-indexed,1,4,1,1,sqlalchemy,orm,q21s3,0,35.194941,100,ok,,900000,1.02,179717,127533869670736,2026-09-06T02:32:26.230-05:00
60ce37240c48,campaign-sf1,mado,tpch,Q21,Very Complex,mysql,non-indexed,1,4,1,2,django,sql,q21s3,0,35.52238,100,ok,,900000,1.08,179717,127533869670736,2026-09-06T02:33:01.752-05:00
60ce37240c48,campaign-sf1,mado,tpch,Q21,Very Complex,mysql,non-indexed,1,4,1,3,sqlalchemy,sql,q21s3,0,35.192759,100,ok,,900000,1.04,179717,127533869670736,2026-09-06T02:33:36.945-05:00
60ce37240c48,campaign-sf1,mado,tpch,Q21,Very Complex,mysql,non-indexed,1,5,0,-1,django,sql,q21s4,2,35.546148,,ok,,900000,1.02,179717,127533869670736,2026-09-06T02:34:12.498-05:00
60ce37240c48,campaign-sf1,mado,tpch,Q21,Very Complex,mysql,non-indexed,1,5,0,-1,django,orm,q21s4,2,35.21808,,ok,,900000,1.01,179717,127533869670736,2026-09-06T02:34:47.716-05:00
60ce37240c48,campaign-sf1,mado,tpch,Q21,Very Complex,mysql,non-indexed,1,5,0,-1,sqlalchemy,sql,q21s4,2,35.231845,,ok,,900000,1.0,179717,127533869670736,2026-09-06T02:35:22.948-05:00
60ce37240c48,campaign-sf1,mado,tpch,Q21,Very Complex,mysql,non-indexed,1,5,0,-1,sqlalchemy,orm,q21s4,2,35.081958,,ok,,900000,1.0,179717,127533869670736,2026-09-06T02:35:58.030-05:00
60ce37240c48,campaign-sf1,mado,tpch,Q21,Very Complex,mysql,non-indexed,1,5,0,0,django,sql,q21s4,0,35.464146,100,ok,,900000,1.06,179717,127533869670736,2026-09-06T02:36:33.494-05:00
60ce37240c48,campaign-sf1,mado,tpch,Q21,Very Complex,mysql,non-indexed,1,5,0,1,django,orm,q21s4,0,35.147099,100,ok,,900000,1.09,179717,127533869670736,2026-09-06T02:37:08.641-05:00
60ce37240c48,campaign-sf1,mado,tpch,Q21,Very Complex,mysql,non-indexed,1,5,0,2,sqlalchemy,sql,q21s4,0,35.119205,100,ok,,900000,1.05,179717,127533869670736,2026-09-06T02:37:43.761-05:00
60ce37240c48,campaign-sf1,mado,tpch,Q21,Very Complex,mysql,non-indexed,1,5,0,3,sqlalchemy,orm,q21s4,0,35.299033,100,ok,,900000,1.08,179717,127533869670736,2026-09-06T02:38:19.060-05:00
60ce37240c48,campaign-sf1,mado,tpch,Q21,Very Complex,mysql,non-indexed,1,6,2,-1,django,sql,q21s5,2,35.260639,,ok,,900000,1.18,179717,127533869670736,2026-09-06T02:38:54.327-05:00
60ce37240c48,campaign-sf1,mado,tpch,Q21,Very Complex,mysql,non-indexed,1,6,2,-1,django,orm,q21s5,2,35.138357,,ok,,900000,1.1,179717,127533869670736,2026-09-06T02:39:29.465-05:00
60ce37240c48,campaign-sf1,mado,tpch,Q21,Very Complex,mysql,non-indexed,1,6,2,-1,sqlalchemy,sql,q21s5,2,34.970619,,ok,,900000,1.05,179717,127533869670736,2026-09-06T02:40:04.436-05:00
60ce37240c48,campaign-sf1,mado,tpch,Q21,Very Complex,mysql,non-indexed,1,6,2,-1,sqlalchemy,orm,q21s5,2,35.004327,,ok,,900000,1.03,179717,127533869670736,2026-09-06T02:40:39.441-05:00
60ce37240c48,campaign-sf1,mado,tpch,Q21,Very Complex,mysql,non-indexed,1,6,2,0,sqlalchemy,orm,q21s5,0,34.935694,100,ok,,900000,1.02,179717,127533869670736,2026-09-06T02:41:14.376-05:00
60ce37240c48,campaign-sf1,mado,tpch,Q21,Very Complex,mysql,non-indexed,1,6,2,1,sqlalchemy,sql,q21s5,0,34.966782,100,ok,,900000,1.01,179717,127533869670736,2026-09-06T02:41:49.343-05:00
60ce37240c48,campaign-sf1,mado,tpch,Q21,Very Complex,mysql,non-indexed,1,6,2,2,django,orm,q21s5,0,35.067117,100,ok,,900000,1.0,179717,127533869670736,2026-09-06T02:42:24.410-05:00
60ce37240c48,campaign-sf1,mado,tpch,Q21,Very Complex,mysql,non-indexed,1,6,2,3,django,sql,q21s5,0,35.240405,100,ok,,900000,1.0,179717,127533869670736,2026-09-06T02:42:59.651-05:00
60ce37240c48,campaign-sf1,mado,tpch,Q21,Very Complex,mysql,non-indexed,1,7,3,-1,django,sql,q21s6,2,35.256649,,ok,,900000,1.0,179717,127533869670736,2026-09-06T02:43:34.914-05:00
60ce37240c48,campaign-sf1,mado,tpch,Q21,Very Complex,mysql,non-indexed,1,7,3,-1,django,orm,q21s6,2,35.008675,,ok,,900000,1.0,179717,127533869670736,2026-09-06T02:44:09.923-05:00
60ce37240c48,campaign-sf1,mado,tpch,Q21,Very Complex,mysql,non-indexed,1,7,3,-1,sqlalchemy,sql,q21s6,2,34.920452,,ok,,900000,1.0,179717,127533869670736,2026-09-06T02:44:44.843-05:00
60ce37240c48,campaign-sf1,mado,tpch,Q21,Very Complex,mysql,non-indexed,1,7,3,-1,sqlalchemy,orm,q21s6,2,34.905101,,ok,,900000,1.0,179717,127533869670736,2026-09-06T02:45:19.748-05:00
60ce37240c48,campaign-sf1,mado,tpch,Q21,Very Complex,mysql,non-indexed,1,7,3,0,sqlalchemy,sql,q21s6,0,35.039059,100,ok,,900000,1.0,179717,127533869670736,2026-09-06T02:45:54.788-05:00
60ce37240c48,campaign-sf1,mado,tpch,Q21,Very Complex,mysql,non-indexed,1,7,3,1,django,sql,q21s6,0,35.154708,100,ok,,900000,1.05,179717,127533869670736,2026-09-06T02:46:29.942-05:00
60ce37240c48,campaign-sf1,mado,tpch,Q21,Very Complex,mysql,non-indexed,1,7,3,2,sqlalchemy,orm,q21s6,0,34.938104,100,ok,,900000,1.03,179717,127533869670736,2026-09-06T02:47:04.880-05:00
60ce37240c48,campaign-sf1,mado,tpch,Q21,Very Complex,mysql,non-indexed,1,7,3,3,django,orm,q21s6,0,35.199947,100,ok,,900000,1.01,179717,127533869670736,2026-09-06T02:47:40.081-05:00
60ce37240c48,campaign-sf1,mado,tpch,Q21,Very Complex,mysql,non-indexed,1,8,1,-1,django,sql,q21s7,2,35.362571,,ok,,900000,1.01,179717,127533869670736,2026-09-06T02:48:15.449-05:00
60ce37240c48,campaign-sf1,mado,tpch,Q21,Very Complex,mysql,non-indexed,1,8,1,-1,django,orm,q21s7,2,35.407762,,ok,,900000,1.0,179717,127533869670736,2026-09-06T02:48:50.857-05:00
60ce37240c48,campaign-sf1,mado,tpch,Q21,Very Complex,mysql,non-indexed,1,8,1,-1,sqlalchemy,sql,q21s7,2,35.168205,,ok,,900000,1.0,179717,127533869670736,2026-09-06T02:49:26.026-05:00
60ce37240c48,campaign-sf1,mado,tpch,Q21,Very Complex,mysql,non-indexed,1,8,1,-1,sqlalchemy,orm,q21s7,2,35.149735,,ok,,900000,1.0,179717,127533869670736,2026-09-06T02:50:01.175-05:00
60ce37240c48,campaign-sf1,mado,tpch,Q21,Very Complex,mysql,non-indexed,1,8,1,0,django,orm,q21s7,0,35.360622,100,ok,,900000,1.0,179717,127533869670736,2026-09-06T02:50:36.536-05:00
60ce37240c48,campaign-sf1,mado,tpch,Q21,Very Complex,mysql,non-indexed,1,8,1,1,sqlalchemy,orm,q21s7,0,35.102437,100,ok,,900000,1.08,179717,127533869670736,2026-09-06T02:51:11.639-05:00
60ce37240c48,campaign-sf1,mado,tpch,Q21,Very Complex,mysql,non-indexed,1,8,1,2,django,sql,q21s7,0,35.511599,100,ok,,900000,1.04,179717,127533869670736,2026-09-06T02:51:47.150-05:00
60ce37240c48,campaign-sf1,mado,tpch,Q21,Very Complex,mysql,non-indexed,1,8,1,3,sqlalchemy,sql,q21s7,0,35.253577,100,ok,,900000,1.02,179717,127533869670736,2026-09-06T02:52:22.404-05:00
95c6d4008187,campaign-sf1,mado,tpch,Q22,Very Complex,mysql,non-indexed,1,0,3,0,sqlalchemy,sql,q22warm,1,1.506306,7,ok,,900000,1.02,180052,131686576241024,2026-09-06T02:52:25.004-05:00
95c6d4008187,campaign-sf1,mado,tpch,Q22,Very Complex,mysql,non-indexed,1,0,3,1,django,sql,q22warm,1,1.452198,7,ok,,900000,1.02,180052,131686576241024,2026-09-06T02:52:26.456-05:00
95c6d4008187,campaign-sf1,mado,tpch,Q22,Very Complex,mysql,non-indexed,1,0,3,2,sqlalchemy,orm,q22warm,1,1.505433,7,ok,,900000,1.02,180052,131686576241024,2026-09-06T02:52:27.962-05:00
95c6d4008187,campaign-sf1,mado,tpch,Q22,Very Complex,mysql,non-indexed,1,0,3,3,django,orm,q22warm,1,1.486241,7,ok,,900000,1.02,180052,131686576241024,2026-09-06T02:52:29.448-05:00
95c6d4008187,campaign-sf1,mado,tpch,Q22,Very Complex,mysql,non-indexed,1,1,0,-1,django,sql,q22s0,2,1.454344,,ok,,900000,1.02,180052,131686576241024,2026-09-06T02:52:30.907-05:00
95c6d4008187,campaign-sf1,mado,tpch,Q22,Very Complex,mysql,non-indexed,1,1,0,-1,django,orm,q22s0,2,1.485072,,ok,,900000,1.02,180052,131686576241024,2026-09-06T02:52:32.392-05:00
95c6d4008187,campaign-sf1,mado,tpch,Q22,Very Complex,mysql,non-indexed,1,1,0,-1,sqlalchemy,sql,q22s0,2,1.453425,,ok,,900000,1.02,180052,131686576241024,2026-09-06T02:52:33.846-05:00
95c6d4008187,campaign-sf1,mado,tpch,Q22,Very Complex,mysql,non-indexed,1,1,0,-1,sqlalchemy,orm,q22s0,2,1.45688,,ok,,900000,1.02,180052,131686576241024,2026-09-06T02:52:35.303-05:00
95c6d4008187,campaign-sf1,mado,tpch,Q22,Very Complex,mysql,non-indexed,1,1,0,0,django,sql,q22s0,0,1.456768,7,ok,,900000,1.02,180052,131686576241024,2026-09-06T02:52:36.760-05:00
95c6d4008187,campaign-sf1,mado,tpch,Q22,Very Complex,mysql,non-indexed,1,1,0,1,django,orm,q22s0,0,1.481352,7,ok,,900000,1.02,180052,131686576241024,2026-09-06T02:52:38.241-05:00
95c6d4008187,campaign-sf1,mado,tpch,Q22,Very Complex,mysql,non-indexed,1,1,0,2,sqlalchemy,sql,q22s0,0,1.452246,7,ok,,900000,1.02,180052,131686576241024,2026-09-06T02:52:39.693-05:00
95c6d4008187,campaign-sf1,mado,tpch,Q22,Very Complex,mysql,non-indexed,1,1,0,3,sqlalchemy,orm,q22s0,0,1.455645,7,ok,,900000,1.02,180052,131686576241024,2026-09-06T02:52:41.149-05:00
95c6d4008187,campaign-sf1,mado,tpch,Q22,Very Complex,mysql,non-indexed,1,2,3,-1,django,sql,q22s1,2,1.45269,,ok,,900000,1.01,180052,131686576241024,2026-09-06T02:52:42.606-05:00
95c6d4008187,campaign-sf1,mado,tpch,Q22,Very Complex,mysql,non-indexed,1,2,3,-1,django,orm,q22s1,2,1.478283,,ok,,900000,1.01,180052,131686576241024,2026-09-06T02:52:44.085-05:00
95c6d4008187,campaign-sf1,mado,tpch,Q22,Very Complex,mysql,non-indexed,1,2,3,-1,sqlalchemy,sql,q22s1,2,1.453982,,ok,,900000,1.01,180052,131686576241024,2026-09-06T02:52:45.539-05:00
95c6d4008187,campaign-sf1,mado,tpch,Q22,Very Complex,mysql,non-indexed,1,2,3,-1,sqlalchemy,orm,q22s1,2,1.455203,,ok,,900000,1.01,180052,131686576241024,2026-09-06T02:52:46.994-05:00
95c6d4008187,campaign-sf1,mado,tpch,Q22,Very Complex,mysql,non-indexed,1,2,3,0,sqlalchemy,sql,q22s1,0,1.4513,7,ok,,900000,1.01,180052,131686576241024,2026-09-06T02:52:48.446-05:00
95c6d4008187,campaign-sf1,mado,tpch,Q22,Very Complex,mysql,non-indexed,1,2,3,1,django,sql,q22s1,0,1.453189,7,ok,,900000,1.01,180052,131686576241024,2026-09-06T02:52:49.899-05:00
95c6d4008187,campaign-sf1,mado,tpch,Q22,Very Complex,mysql,non-indexed,1,2,3,2,sqlalchemy,orm,q22s1,0,1.453207,7,ok,,900000,1.01,180052,131686576241024,2026-09-06T02:52:51.352-05:00
95c6d4008187,campaign-sf1,mado,tpch,Q22,Very Complex,mysql,non-indexed,1,2,3,3,django,orm,q22s1,0,1.479086,7,ok,,900000,1.01,180052,131686576241024,2026-09-06T02:52:52.831-05:00
95c6d4008187,campaign-sf1,mado,tpch,Q22,Very Complex,mysql,non-indexed,1,3,1,-1,django,sql,q22s2,2,1.449833,,ok,,900000,1.01,180052,131686576241024,2026-09-06T02:52:54.286-05:00
95c6d4008187,campaign-sf1,mado,tpch,Q22,Very Complex,mysql,non-indexed,1,3,1,-1,django,orm,q22s2,2,1.479918,,ok,,900000,1.01,180052,131686576241024,2026-09-06T02:52:55.766-05:00
95c6d4008187,campaign-sf1,mado,tpch,Q22,Very Complex,mysql,non-indexed,1,3,1,-1,sqlalchemy,sql,q22s2,2,1.448319,,ok,,900000,1.01,180052,131686576241024,2026-09-06T02:52:57.214-05:00
95c6d4008187,campaign-sf1,mado,tpch,Q22,Very Complex,mysql,non-indexed,1,3,1,-1,sqlalchemy,orm,q22s2,2,1.45346,,ok,,900000,1.01,180052,131686576241024,2026-09-06T02:52:58.668-05:00
95c6d4008187,campaign-sf1,mado,tpch,Q22,Very Complex,mysql,non-indexed,1,3,1,0,django,orm,q22s2,0,1.485097,7,ok,,900000,1.01,180052,131686576241024,2026-09-06T02:53:00.153-05:00
95c6d4008187,campaign-sf1,mado,tpch,Q22,Very Complex,mysql,non-indexed,1,3,1,1,sqlalchemy,orm,q22s2,0,1.460052,7,ok,,900000,1.01,180052,131686576241024,2026-09-06T02:53:01.613-05:00
95c6d4008187,campaign-sf1,mado,tpch,Q22,Very Complex,mysql,non-indexed,1,3,1,2,django,sql,q22s2,0,1.457124,7,ok,,900000,1.01,180052,131686576241024,2026-09-06T02:53:03.070-05:00
95c6d4008187,campaign-sf1,mado,tpch,Q22,Very Complex,mysql,non-indexed,1,3,1,3,sqlalchemy,sql,q22s2,0,1.452108,7,ok,,900000,1.01,180052,131686576241024,2026-09-06T02:53:04.522-05:00
95c6d4008187,campaign-sf1,mado,tpch,Q22,Very Complex,mysql,non-indexed,1,4,2,-1,django,sql,q22s3,2,1.461689,,ok,,900000,1.01,180052,131686576241024,2026-09-06T02:53:05.991-05:00
95c6d4008187,campaign-sf1,mado,tpch,Q22,Very Complex,mysql,non-indexed,1,4,2,-1,django,orm,q22s3,2,1.484588,,ok,,900000,1.01,180052,131686576241024,2026-09-06T02:53:07.476-05:00
95c6d4008187,campaign-sf1,mado,tpch,Q22,Very Complex,mysql,non-indexed,1,4,2,-1,sqlalchemy,sql,q22s3,2,1.456862,,ok,,900000,1.01,180052,131686576241024,2026-09-06T02:53:08.933-05:00
95c6d4008187,campaign-sf1,mado,tpch,Q22,Very Complex,mysql,non-indexed,1,4,2,-1,sqlalchemy,orm,q22s3,2,1.4578,,ok,,900000,1.01,180052,131686576241024,2026-09-06T02:53:10.391-05:00
95c6d4008187,campaign-sf1,mado,tpch,Q22,Very Complex,mysql,non-indexed,1,4,2,0,sqlalchemy,orm,q22s3,0,1.457796,7,ok,,900000,1.01,180052,131686576241024,2026-09-06T02:53:11.849-05:00
95c6d4008187,campaign-sf1,mado,tpch,Q22,Very Complex,mysql,non-indexed,1,4,2,1,sqlalchemy,sql,q22s3,0,1.45456,7,ok,,900000,1.01,180052,131686576241024,2026-09-06T02:53:13.303-05:00
95c6d4008187,campaign-sf1,mado,tpch,Q22,Very Complex,mysql,non-indexed,1,4,2,2,django,orm,q22s3,0,1.488943,7,ok,,900000,1.01,180052,131686576241024,2026-09-06T02:53:14.792-05:00
95c6d4008187,campaign-sf1,mado,tpch,Q22,Very Complex,mysql,non-indexed,1,4,2,3,django,sql,q22s3,0,1.459008,7,ok,,900000,1.01,180052,131686576241024,2026-09-06T02:53:16.251-05:00
95c6d4008187,campaign-sf1,mado,tpch,Q22,Very Complex,mysql,non-indexed,1,5,1,-1,django,sql,q22s4,2,1.455226,,ok,,900000,1.01,180052,131686576241024,2026-09-06T02:53:17.711-05:00
95c6d4008187,campaign-sf1,mado,tpch,Q22,Very Complex,mysql,non-indexed,1,5,1,-1,django,orm,q22s4,2,1.485795,,ok,,900000,1.01,180052,131686576241024,2026-09-06T02:53:19.197-05:00
95c6d4008187,campaign-sf1,mado,tpch,Q22,Very Complex,mysql,non-indexed,1,5,1,-1,sqlalchemy,sql,q22s4,2,1.457596,,ok,,900000,1.01,180052,131686576241024,2026-09-06T02:53:20.655-05:00
95c6d4008187,campaign-sf1,mado,tpch,Q22,Very Complex,mysql,non-indexed,1,5,1,-1,sqlalchemy,orm,q22s4,2,1.455255,,ok,,900000,1.01,180052,131686576241024,2026-09-06T02:53:22.110-05:00
95c6d4008187,campaign-sf1,mado,tpch,Q22,Very Complex,mysql,non-indexed,1,5,1,0,django,orm,q22s4,0,1.482696,7,ok,,900000,1.01,180052,131686576241024,2026-09-06T02:53:23.593-05:00
95c6d4008187,campaign-sf1,mado,tpch,Q22,Very Complex,mysql,non-indexed,1,5,1,1,sqlalchemy,orm,q22s4,0,1.454071,7,ok,,900000,1.01,180052,131686576241024,2026-09-06T02:53:25.047-05:00
95c6d4008187,campaign-sf1,mado,tpch,Q22,Very Complex,mysql,non-indexed,1,5,1,2,django,sql,q22s4,0,1.454364,7,ok,,900000,1.01,180052,131686576241024,2026-09-06T02:53:26.501-05:00
95c6d4008187,campaign-sf1,mado,tpch,Q22,Very Complex,mysql,non-indexed,1,5,1,3,sqlalchemy,sql,q22s4,0,1.454401,7,ok,,900000,1.0,180052,131686576241024,2026-09-06T02:53:27.956-05:00
95c6d4008187,campaign-sf1,mado,tpch,Q22,Very Complex,mysql,non-indexed,1,6,0,-1,django,sql,q22s5,2,1.45968,,ok,,900000,1.0,180052,131686576241024,2026-09-06T02:53:29.420-05:00
95c6d4008187,campaign-sf1,mado,tpch,Q22,Very Complex,mysql,non-indexed,1,6,0,-1,django,orm,q22s5,2,1.487195,,ok,,900000,1.0,180052,131686576241024,2026-09-06T02:53:30.907-05:00
95c6d4008187,campaign-sf1,mado,tpch,Q22,Very Complex,mysql,non-indexed,1,6,0,-1,sqlalchemy,sql,q22s5,2,1.459829,,ok,,900000,1.0,180052,131686576241024,2026-09-06T02:53:32.367-05:00
95c6d4008187,campaign-sf1,mado,tpch,Q22,Very Complex,mysql,non-indexed,1,6,0,-1,sqlalchemy,orm,q22s5,2,1.459117,,ok,,900000,1.0,180052,131686576241024,2026-09-06T02:53:33.826-05:00
95c6d4008187,campaign-sf1,mado,tpch,Q22,Very Complex,mysql,non-indexed,1,6,0,0,django,sql,q22s5,0,1.458024,7,ok,,900000,1.0,180052,131686576241024,2026-09-06T02:53:35.285-05:00
95c6d4008187,campaign-sf1,mado,tpch,Q22,Very Complex,mysql,non-indexed,1,6,0,1,django,orm,q22s5,0,1.485472,7,ok,,900000,1.0,180052,131686576241024,2026-09-06T02:53:36.770-05:00
95c6d4008187,campaign-sf1,mado,tpch,Q22,Very Complex,mysql,non-indexed,1,6,0,2,sqlalchemy,sql,q22s5,0,1.454841,7,ok,,900000,1.0,180052,131686576241024,2026-09-06T02:53:38.225-05:00
95c6d4008187,campaign-sf1,mado,tpch,Q22,Very Complex,mysql,non-indexed,1,6,0,3,sqlalchemy,orm,q22s5,0,1.458258,7,ok,,900000,1.0,180052,131686576241024,2026-09-06T02:53:39.683-05:00
95c6d4008187,campaign-sf1,mado,tpch,Q22,Very Complex,mysql,non-indexed,1,7,3,-1,django,sql,q22s6,2,1.458833,,ok,,900000,1.0,180052,131686576241024,2026-09-06T02:53:41.147-05:00
95c6d4008187,campaign-sf1,mado,tpch,Q22,Very Complex,mysql,non-indexed,1,7,3,-1,django,orm,q22s6,2,1.489749,,ok,,900000,1.0,180052,131686576241024,2026-09-06T02:53:42.636-05:00
95c6d4008187,campaign-sf1,mado,tpch,Q22,Very Complex,mysql,non-indexed,1,7,3,-1,sqlalchemy,sql,q22s6,2,1.469567,,ok,,900000,1.0,180052,131686576241024,2026-09-06T02:53:44.106-05:00
95c6d4008187,campaign-sf1,mado,tpch,Q22,Very Complex,mysql,non-indexed,1,7,3,-1,sqlalchemy,orm,q22s6,2,1.461971,,ok,,900000,1.0,180052,131686576241024,2026-09-06T02:53:45.568-05:00
95c6d4008187,campaign-sf1,mado,tpch,Q22,Very Complex,mysql,non-indexed,1,7,3,0,sqlalchemy,sql,q22s6,0,1.457065,7,ok,,900000,1.0,180052,131686576241024,2026-09-06T02:53:47.025-05:00
95c6d4008187,campaign-sf1,mado,tpch,Q22,Very Complex,mysql,non-indexed,1,7,3,1,django,sql,q22s6,0,1.462878,7,ok,,900000,1.0,180052,131686576241024,2026-09-06T02:53:48.488-05:00
95c6d4008187,campaign-sf1,mado,tpch,Q22,Very Complex,mysql,non-indexed,1,7,3,2,sqlalchemy,orm,q22s6,0,1.460184,7,ok,,900000,1.0,180052,131686576241024,2026-09-06T02:53:49.949-05:00
95c6d4008187,campaign-sf1,mado,tpch,Q22,Very Complex,mysql,non-indexed,1,7,3,3,django,orm,q22s6,0,1.495915,7,ok,,900000,1.0,180052,131686576241024,2026-09-06T02:53:51.445-05:00
95c6d4008187,campaign-sf1,mado,tpch,Q22,Very Complex,mysql,non-indexed,1,8,2,-1,django,sql,q22s7,2,1.463068,,ok,,900000,1.0,180052,131686576241024,2026-09-06T02:53:52.912-05:00
95c6d4008187,campaign-sf1,mado,tpch,Q22,Very Complex,mysql,non-indexed,1,8,2,-1,django,orm,q22s7,2,1.48593,,ok,,900000,1.0,180052,131686576241024,2026-09-06T02:53:54.398-05:00
95c6d4008187,campaign-sf1,mado,tpch,Q22,Very Complex,mysql,non-indexed,1,8,2,-1,sqlalchemy,sql,q22s7,2,1.456421,,ok,,900000,1.0,180052,131686576241024,2026-09-06T02:53:55.855-05:00
95c6d4008187,campaign-sf1,mado,tpch,Q22,Very Complex,mysql,non-indexed,1,8,2,-1,sqlalchemy,orm,q22s7,2,1.456049,,ok,,900000,1.0,180052,131686576241024,2026-09-06T02:53:57.311-05:00
95c6d4008187,campaign-sf1,mado,tpch,Q22,Very Complex,mysql,non-indexed,1,8,2,0,sqlalchemy,orm,q22s7,0,1.456944,7,ok,,900000,1.0,180052,131686576241024,2026-09-06T02:53:58.768-05:00
95c6d4008187,campaign-sf1,mado,tpch,Q22,Very Complex,mysql,non-indexed,1,8,2,1,sqlalchemy,sql,q22s7,0,1.457453,7,ok,,900000,1.0,180052,131686576241024,2026-09-06T02:54:00.226-05:00
95c6d4008187,campaign-sf1,mado,tpch,Q22,Very Complex,mysql,non-indexed,1,8,2,2,django,orm,q22s7,0,1.485764,7,ok,,900000,1.0,180052,131686576241024,2026-09-06T02:54:01.711-05:00
95c6d4008187,campaign-sf1,mado,tpch,Q22,Very Complex,mysql,non-indexed,1,8,2,3,django,sql,q22s7,0,1.458798,7,ok,,900000,1.0,180052,131686576241024,2026-09-06T02:54:03.170-05:00
