run_id,campaign_id,host,benchmark,query_id,band,dbms,schema_config,scale_factor,block,sequence_id,position,framework,path,param_set_id,is_warmup,elapsed_s,rows_returned,status,note,ceiling_s,load1,pid,session_id,timestamp
e739ee6daac7,campaign-sf1,mado,tpch,Q01,Medium,oracle,non-indexed,1,0,2,0,sqlalchemy,orm,q01warm,1,4.894484,4,ok,,client-side:900,1.27,225975,131099009743232,2026-09-06T18:27:38.258-05:00
e739ee6daac7,campaign-sf1,mado,tpch,Q01,Medium,oracle,non-indexed,1,0,2,1,sqlalchemy,sql,q01warm,1,4.164105,4,ok,,client-side:900,1.27,225975,131099009743232,2026-09-06T18:27:42.423-05:00
e739ee6daac7,campaign-sf1,mado,tpch,Q01,Medium,oracle,non-indexed,1,0,2,2,django,orm,q01warm,1,4.731058,4,ok,,client-side:900,1.25,225975,131099009743232,2026-09-06T18:27:47.154-05:00
e739ee6daac7,campaign-sf1,mado,tpch,Q01,Medium,oracle,non-indexed,1,0,2,3,django,sql,q01warm,1,4.204998,4,ok,,client-side:900,1.23,225975,131099009743232,2026-09-06T18:27:51.359-05:00
e739ee6daac7,campaign-sf1,mado,tpch,Q01,Medium,oracle,non-indexed,1,1,3,-1,django,sql,q01s0,2,4.150398,,ok,,client-side:900,1.21,225975,131099009743232,2026-09-06T18:27:55.514-05:00
e739ee6daac7,campaign-sf1,mado,tpch,Q01,Medium,oracle,non-indexed,1,1,3,-1,django,orm,q01s0,2,4.676899,,ok,,client-side:900,1.19,225975,131099009743232,2026-09-06T18:28:00.191-05:00
e739ee6daac7,campaign-sf1,mado,tpch,Q01,Medium,oracle,non-indexed,1,1,3,-1,sqlalchemy,sql,q01s0,2,4.096668,,ok,,client-side:900,1.18,225975,131099009743232,2026-09-06T18:28:04.288-05:00
e739ee6daac7,campaign-sf1,mado,tpch,Q01,Medium,oracle,non-indexed,1,1,3,-1,sqlalchemy,orm,q01s0,2,4.675893,,ok,,client-side:900,1.16,225975,131099009743232,2026-09-06T18:28:08.964-05:00
e739ee6daac7,campaign-sf1,mado,tpch,Q01,Medium,oracle,non-indexed,1,1,3,0,sqlalchemy,sql,q01s0,0,4.058217,4,ok,,client-side:900,1.16,225975,131099009743232,2026-09-06T18:28:13.022-05:00
e739ee6daac7,campaign-sf1,mado,tpch,Q01,Medium,oracle,non-indexed,1,1,3,1,django,sql,q01s0,0,4.196458,4,ok,,client-side:900,1.15,225975,131099009743232,2026-09-06T18:28:17.219-05:00
e739ee6daac7,campaign-sf1,mado,tpch,Q01,Medium,oracle,non-indexed,1,1,3,2,sqlalchemy,orm,q01s0,0,4.720938,4,ok,,client-side:900,1.14,225975,131099009743232,2026-09-06T18:28:21.940-05:00
e739ee6daac7,campaign-sf1,mado,tpch,Q01,Medium,oracle,non-indexed,1,1,3,3,django,orm,q01s0,0,4.71795,4,ok,,client-side:900,1.12,225975,131099009743232,2026-09-06T18:28:26.658-05:00
e739ee6daac7,campaign-sf1,mado,tpch,Q01,Medium,oracle,non-indexed,1,2,2,-1,django,sql,q01s1,2,4.168575,,ok,,client-side:900,1.11,225975,131099009743232,2026-09-06T18:28:30.831-05:00
e739ee6daac7,campaign-sf1,mado,tpch,Q01,Medium,oracle,non-indexed,1,2,2,-1,django,orm,q01s1,2,4.856177,,ok,,client-side:900,1.1,225975,131099009743232,2026-09-06T18:28:35.688-05:00
e739ee6daac7,campaign-sf1,mado,tpch,Q01,Medium,oracle,non-indexed,1,2,2,-1,sqlalchemy,sql,q01s1,2,4.070229,,ok,,client-side:900,1.1,225975,131099009743232,2026-09-06T18:28:39.758-05:00
e739ee6daac7,campaign-sf1,mado,tpch,Q01,Medium,oracle,non-indexed,1,2,2,-1,sqlalchemy,orm,q01s1,2,4.716855,,ok,,client-side:900,1.33,225975,131099009743232,2026-09-06T18:28:44.475-05:00
e739ee6daac7,campaign-sf1,mado,tpch,Q01,Medium,oracle,non-indexed,1,2,2,0,sqlalchemy,orm,q01s1,0,4.70874,4,ok,,client-side:900,1.3,225975,131099009743232,2026-09-06T18:28:49.184-05:00
e739ee6daac7,campaign-sf1,mado,tpch,Q01,Medium,oracle,non-indexed,1,2,2,1,sqlalchemy,sql,q01s1,0,4.096208,4,ok,,client-side:900,1.28,225975,131099009743232,2026-09-06T18:28:53.280-05:00
e739ee6daac7,campaign-sf1,mado,tpch,Q01,Medium,oracle,non-indexed,1,2,2,2,django,orm,q01s1,0,4.793715,4,ok,,client-side:900,1.28,225975,131099009743232,2026-09-06T18:28:58.074-05:00
e739ee6daac7,campaign-sf1,mado,tpch,Q01,Medium,oracle,non-indexed,1,2,2,3,django,sql,q01s1,0,4.30589,4,ok,,client-side:900,1.34,225975,131099009743232,2026-09-06T18:29:02.380-05:00
e739ee6daac7,campaign-sf1,mado,tpch,Q01,Medium,oracle,non-indexed,1,3,0,-1,django,sql,q01s2,2,4.179248,,ok,,client-side:900,1.31,225975,131099009743232,2026-09-06T18:29:06.564-05:00
e739ee6daac7,campaign-sf1,mado,tpch,Q01,Medium,oracle,non-indexed,1,3,0,-1,django,orm,q01s2,2,4.763146,,ok,,client-side:900,1.28,225975,131099009743232,2026-09-06T18:29:11.327-05:00
e739ee6daac7,campaign-sf1,mado,tpch,Q01,Medium,oracle,non-indexed,1,3,0,-1,sqlalchemy,sql,q01s2,2,4.122249,,ok,,client-side:900,1.26,225975,131099009743232,2026-09-06T18:29:15.449-05:00
e739ee6daac7,campaign-sf1,mado,tpch,Q01,Medium,oracle,non-indexed,1,3,0,-1,sqlalchemy,orm,q01s2,2,4.739948,,ok,,client-side:900,1.24,225975,131099009743232,2026-09-06T18:29:20.189-05:00
e739ee6daac7,campaign-sf1,mado,tpch,Q01,Medium,oracle,non-indexed,1,3,0,0,django,sql,q01s2,0,4.169308,4,ok,,client-side:900,1.22,225975,131099009743232,2026-09-06T18:29:24.359-05:00
e739ee6daac7,campaign-sf1,mado,tpch,Q01,Medium,oracle,non-indexed,1,3,0,1,django,orm,q01s2,0,4.694925,4,ok,,client-side:900,1.2,225975,131099009743232,2026-09-06T18:29:29.054-05:00
e739ee6daac7,campaign-sf1,mado,tpch,Q01,Medium,oracle,non-indexed,1,3,0,2,sqlalchemy,sql,q01s2,0,4.023442,4,ok,,client-side:900,1.2,225975,131099009743232,2026-09-06T18:29:33.077-05:00
e739ee6daac7,campaign-sf1,mado,tpch,Q01,Medium,oracle,non-indexed,1,3,0,3,sqlalchemy,orm,q01s2,0,4.664415,4,ok,,client-side:900,1.19,225975,131099009743232,2026-09-06T18:29:37.742-05:00
e739ee6daac7,campaign-sf1,mado,tpch,Q01,Medium,oracle,non-indexed,1,4,1,-1,django,sql,q01s3,2,4.165307,,ok,,client-side:900,1.17,225975,131099009743232,2026-09-06T18:29:41.912-05:00
e739ee6daac7,campaign-sf1,mado,tpch,Q01,Medium,oracle,non-indexed,1,4,1,-1,django,orm,q01s3,2,4.716383,,ok,,client-side:900,1.16,225975,131099009743232,2026-09-06T18:29:46.628-05:00
e739ee6daac7,campaign-sf1,mado,tpch,Q01,Medium,oracle,non-indexed,1,4,1,-1,sqlalchemy,sql,q01s3,2,4.128384,,ok,,client-side:900,1.14,225975,131099009743232,2026-09-06T18:29:50.757-05:00
e739ee6daac7,campaign-sf1,mado,tpch,Q01,Medium,oracle,non-indexed,1,4,1,-1,sqlalchemy,orm,q01s3,2,4.659639,,ok,,client-side:900,1.13,225975,131099009743232,2026-09-06T18:29:55.417-05:00
e739ee6daac7,campaign-sf1,mado,tpch,Q01,Medium,oracle,non-indexed,1,4,1,0,django,orm,q01s3,0,4.720298,4,ok,,client-side:900,1.12,225975,131099009743232,2026-09-06T18:30:00.137-05:00
e739ee6daac7,campaign-sf1,mado,tpch,Q01,Medium,oracle,non-indexed,1,4,1,1,sqlalchemy,orm,q01s3,0,4.781797,4,ok,,client-side:900,1.11,225975,131099009743232,2026-09-06T18:30:04.919-05:00
e739ee6daac7,campaign-sf1,mado,tpch,Q01,Medium,oracle,non-indexed,1,4,1,2,django,sql,q01s3,0,4.13177,4,ok,,client-side:900,1.1,225975,131099009743232,2026-09-06T18:30:09.051-05:00
e739ee6daac7,campaign-sf1,mado,tpch,Q01,Medium,oracle,non-indexed,1,4,1,3,sqlalchemy,sql,q01s3,0,4.026843,4,ok,,client-side:900,1.1,225975,131099009743232,2026-09-06T18:30:13.078-05:00
e739ee6daac7,campaign-sf1,mado,tpch,Q01,Medium,oracle,non-indexed,1,5,1,-1,django,sql,q01s4,2,4.154445,,ok,,client-side:900,1.17,225975,131099009743232,2026-09-06T18:30:17.236-05:00
e739ee6daac7,campaign-sf1,mado,tpch,Q01,Medium,oracle,non-indexed,1,5,1,-1,django,orm,q01s4,2,4.783319,,ok,,client-side:900,1.16,225975,131099009743232,2026-09-06T18:30:22.020-05:00
e739ee6daac7,campaign-sf1,mado,tpch,Q01,Medium,oracle,non-indexed,1,5,1,-1,sqlalchemy,sql,q01s4,2,4.124693,,ok,,client-side:900,1.15,225975,131099009743232,2026-09-06T18:30:26.145-05:00
e739ee6daac7,campaign-sf1,mado,tpch,Q01,Medium,oracle,non-indexed,1,5,1,-1,sqlalchemy,orm,q01s4,2,4.700702,,ok,,client-side:900,1.14,225975,131099009743232,2026-09-06T18:30:30.845-05:00
e739ee6daac7,campaign-sf1,mado,tpch,Q01,Medium,oracle,non-indexed,1,5,1,0,django,orm,q01s4,0,4.775855,4,ok,,client-side:900,1.12,225975,131099009743232,2026-09-06T18:30:35.621-05:00
e739ee6daac7,campaign-sf1,mado,tpch,Q01,Medium,oracle,non-indexed,1,5,1,1,sqlalchemy,orm,q01s4,0,4.739082,4,ok,,client-side:900,1.11,225975,131099009743232,2026-09-06T18:30:40.360-05:00
e739ee6daac7,campaign-sf1,mado,tpch,Q01,Medium,oracle,non-indexed,1,5,1,2,django,sql,q01s4,0,4.202747,4,ok,,client-side:900,1.1,225975,131099009743232,2026-09-06T18:30:44.563-05:00
e739ee6daac7,campaign-sf1,mado,tpch,Q01,Medium,oracle,non-indexed,1,5,1,3,sqlalchemy,sql,q01s4,0,4.060252,4,ok,,client-side:900,1.1,225975,131099009743232,2026-09-06T18:30:48.624-05:00
e739ee6daac7,campaign-sf1,mado,tpch,Q01,Medium,oracle,non-indexed,1,6,2,-1,django,sql,q01s5,2,4.207794,,ok,,client-side:900,1.1,225975,131099009743232,2026-09-06T18:30:52.839-05:00
e739ee6daac7,campaign-sf1,mado,tpch,Q01,Medium,oracle,non-indexed,1,6,2,-1,django,orm,q01s5,2,4.779764,,ok,,client-side:900,1.09,225975,131099009743232,2026-09-06T18:30:57.618-05:00
e739ee6daac7,campaign-sf1,mado,tpch,Q01,Medium,oracle,non-indexed,1,6,2,-1,sqlalchemy,sql,q01s5,2,4.165401,,ok,,client-side:900,1.08,225975,131099009743232,2026-09-06T18:31:01.784-05:00
e739ee6daac7,campaign-sf1,mado,tpch,Q01,Medium,oracle,non-indexed,1,6,2,-1,sqlalchemy,orm,q01s5,2,4.721291,,ok,,client-side:900,1.07,225975,131099009743232,2026-09-06T18:31:06.505-05:00
e739ee6daac7,campaign-sf1,mado,tpch,Q01,Medium,oracle,non-indexed,1,6,2,0,sqlalchemy,orm,q01s5,0,4.801357,4,ok,,client-side:900,1.07,225975,131099009743232,2026-09-06T18:31:11.307-05:00
e739ee6daac7,campaign-sf1,mado,tpch,Q01,Medium,oracle,non-indexed,1,6,2,1,sqlalchemy,sql,q01s5,0,4.083935,4,ok,,client-side:900,1.06,225975,131099009743232,2026-09-06T18:31:15.391-05:00
e739ee6daac7,campaign-sf1,mado,tpch,Q01,Medium,oracle,non-indexed,1,6,2,2,django,orm,q01s5,0,4.789566,4,ok,,client-side:900,1.06,225975,131099009743232,2026-09-06T18:31:20.180-05:00
e739ee6daac7,campaign-sf1,mado,tpch,Q01,Medium,oracle,non-indexed,1,6,2,3,django,sql,q01s5,0,4.187282,4,ok,,client-side:900,1.05,225975,131099009743232,2026-09-06T18:31:24.368-05:00
e739ee6daac7,campaign-sf1,mado,tpch,Q01,Medium,oracle,non-indexed,1,7,3,-1,django,sql,q01s6,2,4.189407,,ok,,client-side:900,1.05,225975,131099009743232,2026-09-06T18:31:28.562-05:00
e739ee6daac7,campaign-sf1,mado,tpch,Q01,Medium,oracle,non-indexed,1,7,3,-1,django,orm,q01s6,2,4.720857,,ok,,client-side:900,1.04,225975,131099009743232,2026-09-06T18:31:33.283-05:00
e739ee6daac7,campaign-sf1,mado,tpch,Q01,Medium,oracle,non-indexed,1,7,3,-1,sqlalchemy,sql,q01s6,2,4.109946,,ok,,client-side:900,1.04,225975,131099009743232,2026-09-06T18:31:37.393-05:00
e739ee6daac7,campaign-sf1,mado,tpch,Q01,Medium,oracle,non-indexed,1,7,3,-1,sqlalchemy,orm,q01s6,2,4.677458,,ok,,client-side:900,1.04,225975,131099009743232,2026-09-06T18:31:42.071-05:00
e739ee6daac7,campaign-sf1,mado,tpch,Q01,Medium,oracle,non-indexed,1,7,3,0,sqlalchemy,sql,q01s6,0,4.06242,4,ok,,client-side:900,1.04,225975,131099009743232,2026-09-06T18:31:46.133-05:00
e739ee6daac7,campaign-sf1,mado,tpch,Q01,Medium,oracle,non-indexed,1,7,3,1,django,sql,q01s6,0,4.191861,4,ok,,client-side:900,1.03,225975,131099009743232,2026-09-06T18:31:50.325-05:00
e739ee6daac7,campaign-sf1,mado,tpch,Q01,Medium,oracle,non-indexed,1,7,3,2,sqlalchemy,orm,q01s6,0,4.678245,4,ok,,client-side:900,1.03,225975,131099009743232,2026-09-06T18:31:55.003-05:00
e739ee6daac7,campaign-sf1,mado,tpch,Q01,Medium,oracle,non-indexed,1,7,3,3,django,orm,q01s6,0,4.69256,4,ok,,client-side:900,1.03,225975,131099009743232,2026-09-06T18:31:59.696-05:00
e739ee6daac7,campaign-sf1,mado,tpch,Q01,Medium,oracle,non-indexed,1,8,0,-1,django,sql,q01s7,2,4.182932,,ok,,client-side:900,1.02,225975,131099009743232,2026-09-06T18:32:03.884-05:00
e739ee6daac7,campaign-sf1,mado,tpch,Q01,Medium,oracle,non-indexed,1,8,0,-1,django,orm,q01s7,2,4.827566,,ok,,client-side:900,1.02,225975,131099009743232,2026-09-06T18:32:08.711-05:00
e739ee6daac7,campaign-sf1,mado,tpch,Q01,Medium,oracle,non-indexed,1,8,0,-1,sqlalchemy,sql,q01s7,2,4.083604,,ok,,client-side:900,1.02,225975,131099009743232,2026-09-06T18:32:12.795-05:00
e739ee6daac7,campaign-sf1,mado,tpch,Q01,Medium,oracle,non-indexed,1,8,0,-1,sqlalchemy,orm,q01s7,2,4.675687,,ok,,client-side:900,1.02,225975,131099009743232,2026-09-06T18:32:17.471-05:00
e739ee6daac7,campaign-sf1,mado,tpch,Q01,Medium,oracle,non-indexed,1,8,0,0,django,sql,q01s7,0,4.193541,4,ok,,client-side:900,1.02,225975,131099009743232,2026-09-06T18:32:21.664-05:00
e739ee6daac7,campaign-sf1,mado,tpch,Q01,Medium,oracle,non-indexed,1,8,0,1,django,orm,q01s7,0,4.732063,4,ok,,client-side:900,1.02,225975,131099009743232,2026-09-06T18:32:26.397-05:00
e739ee6daac7,campaign-sf1,mado,tpch,Q01,Medium,oracle,non-indexed,1,8,0,2,sqlalchemy,sql,q01s7,0,4.007249,4,ok,,client-side:900,1.02,225975,131099009743232,2026-09-06T18:32:30.404-05:00
e739ee6daac7,campaign-sf1,mado,tpch,Q01,Medium,oracle,non-indexed,1,8,0,3,sqlalchemy,orm,q01s7,0,4.690592,4,ok,,client-side:900,1.01,225975,131099009743232,2026-09-06T18:32:35.095-05:00
462e0b735035,campaign-sf1,mado,tpch,Q02,Complex,oracle,non-indexed,1,0,2,0,sqlalchemy,orm,q02warm,1,0.296244,100,ok,,client-side:900,1.01,226020,135720045213312,2026-09-06T18:32:36.591-05:00
462e0b735035,campaign-sf1,mado,tpch,Q02,Complex,oracle,non-indexed,1,0,2,1,sqlalchemy,sql,q02warm,1,0.054942,100,ok,,client-side:900,1.01,226020,135720045213312,2026-09-06T18:32:36.646-05:00
462e0b735035,campaign-sf1,mado,tpch,Q02,Complex,oracle,non-indexed,1,0,2,2,django,orm,q02warm,1,0.209025,100,ok,,client-side:900,1.01,226020,135720045213312,2026-09-06T18:32:36.855-05:00
462e0b735035,campaign-sf1,mado,tpch,Q02,Complex,oracle,non-indexed,1,0,2,3,django,sql,q02warm,1,0.053756,100,ok,,client-side:900,1.01,226020,135720045213312,2026-09-06T18:32:36.909-05:00
462e0b735035,campaign-sf1,mado,tpch,Q02,Complex,oracle,non-indexed,1,1,1,-1,django,sql,q02s0,2,0.083779,,ok,,client-side:900,1.01,226020,135720045213312,2026-09-06T18:32:36.997-05:00
462e0b735035,campaign-sf1,mado,tpch,Q02,Complex,oracle,non-indexed,1,1,1,-1,django,orm,q02s0,2,0.101287,,ok,,client-side:900,1.01,226020,135720045213312,2026-09-06T18:32:37.099-05:00
462e0b735035,campaign-sf1,mado,tpch,Q02,Complex,oracle,non-indexed,1,1,1,-1,sqlalchemy,sql,q02s0,2,0.062896,,ok,,client-side:900,1.01,226020,135720045213312,2026-09-06T18:32:37.162-05:00
462e0b735035,campaign-sf1,mado,tpch,Q02,Complex,oracle,non-indexed,1,1,1,-1,sqlalchemy,orm,q02s0,2,0.047369,,ok,,client-side:900,1.01,226020,135720045213312,2026-09-06T18:32:37.209-05:00
462e0b735035,campaign-sf1,mado,tpch,Q02,Complex,oracle,non-indexed,1,1,1,0,django,orm,q02s0,0,0.101771,100,ok,,client-side:900,1.01,226020,135720045213312,2026-09-06T18:32:37.311-05:00
462e0b735035,campaign-sf1,mado,tpch,Q02,Complex,oracle,non-indexed,1,1,1,1,sqlalchemy,orm,q02s0,0,0.047481,100,ok,,client-side:900,1.01,226020,135720045213312,2026-09-06T18:32:37.359-05:00
462e0b735035,campaign-sf1,mado,tpch,Q02,Complex,oracle,non-indexed,1,1,1,2,django,sql,q02s0,0,0.031367,100,ok,,client-side:900,1.01,226020,135720045213312,2026-09-06T18:32:37.390-05:00
462e0b735035,campaign-sf1,mado,tpch,Q02,Complex,oracle,non-indexed,1,1,1,3,sqlalchemy,sql,q02s0,0,0.031732,100,ok,,client-side:900,1.01,226020,135720045213312,2026-09-06T18:32:37.422-05:00
462e0b735035,campaign-sf1,mado,tpch,Q02,Complex,oracle,non-indexed,1,2,3,-1,django,sql,q02s1,2,0.082307,,ok,,client-side:900,1.01,226020,135720045213312,2026-09-06T18:32:37.509-05:00
462e0b735035,campaign-sf1,mado,tpch,Q02,Complex,oracle,non-indexed,1,2,3,-1,django,orm,q02s1,2,0.105079,,ok,,client-side:900,1.01,226020,135720045213312,2026-09-06T18:32:37.614-05:00
462e0b735035,campaign-sf1,mado,tpch,Q02,Complex,oracle,non-indexed,1,2,3,-1,sqlalchemy,sql,q02s1,2,0.063981,,ok,,client-side:900,1.01,226020,135720045213312,2026-09-06T18:32:37.678-05:00
462e0b735035,campaign-sf1,mado,tpch,Q02,Complex,oracle,non-indexed,1,2,3,-1,sqlalchemy,orm,q02s1,2,0.048266,,ok,,client-side:900,1.01,226020,135720045213312,2026-09-06T18:32:37.726-05:00
462e0b735035,campaign-sf1,mado,tpch,Q02,Complex,oracle,non-indexed,1,2,3,0,sqlalchemy,sql,q02s1,0,0.032894,100,ok,,client-side:900,1.01,226020,135720045213312,2026-09-06T18:32:37.759-05:00
462e0b735035,campaign-sf1,mado,tpch,Q02,Complex,oracle,non-indexed,1,2,3,1,django,sql,q02s1,0,0.032621,100,ok,,client-side:900,1.01,226020,135720045213312,2026-09-06T18:32:37.792-05:00
462e0b735035,campaign-sf1,mado,tpch,Q02,Complex,oracle,non-indexed,1,2,3,2,sqlalchemy,orm,q02s1,0,0.048296,100,ok,,client-side:900,1.01,226020,135720045213312,2026-09-06T18:32:37.840-05:00
462e0b735035,campaign-sf1,mado,tpch,Q02,Complex,oracle,non-indexed,1,2,3,3,django,orm,q02s1,0,0.105939,100,ok,,client-side:900,1.01,226020,135720045213312,2026-09-06T18:32:37.946-05:00
462e0b735035,campaign-sf1,mado,tpch,Q02,Complex,oracle,non-indexed,1,3,2,-1,django,sql,q02s2,2,0.077443,,ok,,client-side:900,1.01,226020,135720045213312,2026-09-06T18:32:38.028-05:00
462e0b735035,campaign-sf1,mado,tpch,Q02,Complex,oracle,non-indexed,1,3,2,-1,django,orm,q02s2,2,0.139124,,ok,,client-side:900,1.01,226020,135720045213312,2026-09-06T18:32:38.168-05:00
462e0b735035,campaign-sf1,mado,tpch,Q02,Complex,oracle,non-indexed,1,3,2,-1,sqlalchemy,sql,q02s2,2,0.061236,,ok,,client-side:900,1.01,226020,135720045213312,2026-09-06T18:32:38.229-05:00
462e0b735035,campaign-sf1,mado,tpch,Q02,Complex,oracle,non-indexed,1,3,2,-1,sqlalchemy,orm,q02s2,2,0.132669,,ok,,client-side:900,1.01,226020,135720045213312,2026-09-06T18:32:38.362-05:00
462e0b735035,campaign-sf1,mado,tpch,Q02,Complex,oracle,non-indexed,1,3,2,0,sqlalchemy,orm,q02s2,0,0.048566,100,ok,,client-side:900,1.01,226020,135720045213312,2026-09-06T18:32:38.410-05:00
462e0b735035,campaign-sf1,mado,tpch,Q02,Complex,oracle,non-indexed,1,3,2,1,sqlalchemy,sql,q02s2,0,0.032489,100,ok,,client-side:900,1.01,226020,135720045213312,2026-09-06T18:32:38.443-05:00
462e0b735035,campaign-sf1,mado,tpch,Q02,Complex,oracle,non-indexed,1,3,2,2,django,orm,q02s2,0,0.103858,100,ok,,client-side:900,1.01,226020,135720045213312,2026-09-06T18:32:38.547-05:00
462e0b735035,campaign-sf1,mado,tpch,Q02,Complex,oracle,non-indexed,1,3,2,3,django,sql,q02s2,0,0.031937,100,ok,,client-side:900,1.01,226020,135720045213312,2026-09-06T18:32:38.579-05:00
462e0b735035,campaign-sf1,mado,tpch,Q02,Complex,oracle,non-indexed,1,4,0,-1,django,sql,q02s3,2,0.07826,,ok,,client-side:900,1.01,226020,135720045213312,2026-09-06T18:32:38.661-05:00
462e0b735035,campaign-sf1,mado,tpch,Q02,Complex,oracle,non-indexed,1,4,0,-1,django,orm,q02s3,2,0.110402,,ok,,client-side:900,1.01,226020,135720045213312,2026-09-06T18:32:38.772-05:00
462e0b735035,campaign-sf1,mado,tpch,Q02,Complex,oracle,non-indexed,1,4,0,-1,sqlalchemy,sql,q02s3,2,0.061652,,ok,,client-side:900,1.01,226020,135720045213312,2026-09-06T18:32:38.834-05:00
462e0b735035,campaign-sf1,mado,tpch,Q02,Complex,oracle,non-indexed,1,4,0,-1,sqlalchemy,orm,q02s3,2,0.051467,,ok,,client-side:900,1.01,226020,135720045213312,2026-09-06T18:32:38.885-05:00
462e0b735035,campaign-sf1,mado,tpch,Q02,Complex,oracle,non-indexed,1,4,0,0,django,sql,q02s3,0,0.033209,100,ok,,client-side:900,1.01,226020,135720045213312,2026-09-06T18:32:38.919-05:00
462e0b735035,campaign-sf1,mado,tpch,Q02,Complex,oracle,non-indexed,1,4,0,1,django,orm,q02s3,0,0.110506,100,ok,,client-side:900,1.01,226020,135720045213312,2026-09-06T18:32:39.029-05:00
462e0b735035,campaign-sf1,mado,tpch,Q02,Complex,oracle,non-indexed,1,4,0,2,sqlalchemy,sql,q02s3,0,0.033407,100,ok,,client-side:900,1.01,226020,135720045213312,2026-09-06T18:32:39.063-05:00
462e0b735035,campaign-sf1,mado,tpch,Q02,Complex,oracle,non-indexed,1,4,0,3,sqlalchemy,orm,q02s3,0,0.048732,100,ok,,client-side:900,1.01,226020,135720045213312,2026-09-06T18:32:39.111-05:00
462e0b735035,campaign-sf1,mado,tpch,Q02,Complex,oracle,non-indexed,1,5,1,-1,django,sql,q02s4,2,0.07541,,ok,,client-side:900,1.01,226020,135720045213312,2026-09-06T18:32:39.191-05:00
462e0b735035,campaign-sf1,mado,tpch,Q02,Complex,oracle,non-indexed,1,5,1,-1,django,orm,q02s4,2,0.099228,,ok,,client-side:900,1.01,226020,135720045213312,2026-09-06T18:32:39.291-05:00
462e0b735035,campaign-sf1,mado,tpch,Q02,Complex,oracle,non-indexed,1,5,1,-1,sqlalchemy,sql,q02s4,2,0.060069,,ok,,client-side:900,1.01,226020,135720045213312,2026-09-06T18:32:39.351-05:00
462e0b735035,campaign-sf1,mado,tpch,Q02,Complex,oracle,non-indexed,1,5,1,-1,sqlalchemy,orm,q02s4,2,0.047411,,ok,,client-side:900,1.01,226020,135720045213312,2026-09-06T18:32:39.398-05:00
462e0b735035,campaign-sf1,mado,tpch,Q02,Complex,oracle,non-indexed,1,5,1,0,django,orm,q02s4,0,0.099596,100,ok,,client-side:900,1.01,226020,135720045213312,2026-09-06T18:32:39.498-05:00
462e0b735035,campaign-sf1,mado,tpch,Q02,Complex,oracle,non-indexed,1,5,1,1,sqlalchemy,orm,q02s4,0,0.047549,100,ok,,client-side:900,1.01,226020,135720045213312,2026-09-06T18:32:39.546-05:00
462e0b735035,campaign-sf1,mado,tpch,Q02,Complex,oracle,non-indexed,1,5,1,2,django,sql,q02s4,0,0.032198,100,ok,,client-side:900,1.01,226020,135720045213312,2026-09-06T18:32:39.578-05:00
462e0b735035,campaign-sf1,mado,tpch,Q02,Complex,oracle,non-indexed,1,5,1,3,sqlalchemy,sql,q02s4,0,0.032347,100,ok,,client-side:900,1.01,226020,135720045213312,2026-09-06T18:32:39.610-05:00
462e0b735035,campaign-sf1,mado,tpch,Q02,Complex,oracle,non-indexed,1,6,3,-1,django,sql,q02s5,2,0.076539,,ok,,client-side:900,1.01,226020,135720045213312,2026-09-06T18:32:39.691-05:00
462e0b735035,campaign-sf1,mado,tpch,Q02,Complex,oracle,non-indexed,1,6,3,-1,django,orm,q02s5,2,0.109325,,ok,,client-side:900,1.01,226020,135720045213312,2026-09-06T18:32:39.801-05:00
462e0b735035,campaign-sf1,mado,tpch,Q02,Complex,oracle,non-indexed,1,6,3,-1,sqlalchemy,sql,q02s5,2,0.060566,,ok,,client-side:900,1.01,226020,135720045213312,2026-09-06T18:32:39.861-05:00
462e0b735035,campaign-sf1,mado,tpch,Q02,Complex,oracle,non-indexed,1,6,3,-1,sqlalchemy,orm,q02s5,2,0.048472,,ok,,client-side:900,1.01,226020,135720045213312,2026-09-06T18:32:39.910-05:00
462e0b735035,campaign-sf1,mado,tpch,Q02,Complex,oracle,non-indexed,1,6,3,0,sqlalchemy,sql,q02s5,0,0.033126,100,ok,,client-side:900,1.01,226020,135720045213312,2026-09-06T18:32:39.943-05:00
462e0b735035,campaign-sf1,mado,tpch,Q02,Complex,oracle,non-indexed,1,6,3,1,django,sql,q02s5,0,0.032907,100,ok,,client-side:900,1.01,226020,135720045213312,2026-09-06T18:32:39.976-05:00
462e0b735035,campaign-sf1,mado,tpch,Q02,Complex,oracle,non-indexed,1,6,3,2,sqlalchemy,orm,q02s5,0,0.048456,100,ok,,client-side:900,1.01,226020,135720045213312,2026-09-06T18:32:40.025-05:00
462e0b735035,campaign-sf1,mado,tpch,Q02,Complex,oracle,non-indexed,1,6,3,3,django,orm,q02s5,0,0.109343,100,ok,,client-side:900,1.01,226020,135720045213312,2026-09-06T18:32:40.134-05:00
462e0b735035,campaign-sf1,mado,tpch,Q02,Complex,oracle,non-indexed,1,7,0,-1,django,sql,q02s6,2,0.074948,,ok,,client-side:900,1.01,226020,135720045213312,2026-09-06T18:32:40.214-05:00
462e0b735035,campaign-sf1,mado,tpch,Q02,Complex,oracle,non-indexed,1,7,0,-1,django,orm,q02s6,2,0.105456,,ok,,client-side:900,1.01,226020,135720045213312,2026-09-06T18:32:40.319-05:00
462e0b735035,campaign-sf1,mado,tpch,Q02,Complex,oracle,non-indexed,1,7,0,-1,sqlalchemy,sql,q02s6,2,0.061248,,ok,,client-side:900,1.01,226020,135720045213312,2026-09-06T18:32:40.380-05:00
462e0b735035,campaign-sf1,mado,tpch,Q02,Complex,oracle,non-indexed,1,7,0,-1,sqlalchemy,orm,q02s6,2,0.048854,,ok,,client-side:900,1.01,226020,135720045213312,2026-09-06T18:32:40.429-05:00
462e0b735035,campaign-sf1,mado,tpch,Q02,Complex,oracle,non-indexed,1,7,0,0,django,sql,q02s6,0,0.033197,100,ok,,client-side:900,1.01,226020,135720045213312,2026-09-06T18:32:40.463-05:00
462e0b735035,campaign-sf1,mado,tpch,Q02,Complex,oracle,non-indexed,1,7,0,1,django,orm,q02s6,0,0.1061,100,ok,,client-side:900,1.01,226020,135720045213312,2026-09-06T18:32:40.569-05:00
462e0b735035,campaign-sf1,mado,tpch,Q02,Complex,oracle,non-indexed,1,7,0,2,sqlalchemy,sql,q02s6,0,0.033487,100,ok,,client-side:900,1.01,226020,135720045213312,2026-09-06T18:32:40.602-05:00
462e0b735035,campaign-sf1,mado,tpch,Q02,Complex,oracle,non-indexed,1,7,0,3,sqlalchemy,orm,q02s6,0,0.048914,100,ok,,client-side:900,1.01,226020,135720045213312,2026-09-06T18:32:40.651-05:00
462e0b735035,campaign-sf1,mado,tpch,Q02,Complex,oracle,non-indexed,1,8,2,-1,django,sql,q02s7,2,0.073633,,ok,,client-side:900,1.01,226020,135720045213312,2026-09-06T18:32:40.729-05:00
462e0b735035,campaign-sf1,mado,tpch,Q02,Complex,oracle,non-indexed,1,8,2,-1,django,orm,q02s7,2,0.103773,,ok,,client-side:900,1.01,226020,135720045213312,2026-09-06T18:32:40.833-05:00
462e0b735035,campaign-sf1,mado,tpch,Q02,Complex,oracle,non-indexed,1,8,2,-1,sqlalchemy,sql,q02s7,2,0.060022,,ok,,client-side:900,1.01,226020,135720045213312,2026-09-06T18:32:40.893-05:00
462e0b735035,campaign-sf1,mado,tpch,Q02,Complex,oracle,non-indexed,1,8,2,-1,sqlalchemy,orm,q02s7,2,0.048194,,ok,,client-side:900,1.01,226020,135720045213312,2026-09-06T18:32:40.942-05:00
462e0b735035,campaign-sf1,mado,tpch,Q02,Complex,oracle,non-indexed,1,8,2,0,sqlalchemy,orm,q02s7,0,0.048394,100,ok,,client-side:900,1.01,226020,135720045213312,2026-09-06T18:32:40.990-05:00
462e0b735035,campaign-sf1,mado,tpch,Q02,Complex,oracle,non-indexed,1,8,2,1,sqlalchemy,sql,q02s7,0,0.033193,100,ok,,client-side:900,1.01,226020,135720045213312,2026-09-06T18:32:41.023-05:00
462e0b735035,campaign-sf1,mado,tpch,Q02,Complex,oracle,non-indexed,1,8,2,2,django,orm,q02s7,0,0.103669,100,ok,,client-side:900,1.01,226020,135720045213312,2026-09-06T18:32:41.127-05:00
462e0b735035,campaign-sf1,mado,tpch,Q02,Complex,oracle,non-indexed,1,8,2,3,django,sql,q02s7,0,0.033031,100,ok,,client-side:900,1.01,226020,135720045213312,2026-09-06T18:32:41.160-05:00
6e24cf3781ca,campaign-sf1,mado,tpch,Q03,Medium,oracle,non-indexed,1,0,3,0,sqlalchemy,sql,q03warm,1,1.407522,10,ok,,client-side:900,1.01,226026,132678094848992,2026-09-06T18:32:43.773-05:00
6e24cf3781ca,campaign-sf1,mado,tpch,Q03,Medium,oracle,non-indexed,1,0,3,1,django,sql,q03warm,1,1.294525,10,ok,,client-side:900,1.01,226026,132678094848992,2026-09-06T18:32:45.068-05:00
6e24cf3781ca,campaign-sf1,mado,tpch,Q03,Medium,oracle,non-indexed,1,0,3,2,sqlalchemy,orm,q03warm,1,1.188092,10,ok,,client-side:900,1.01,226026,132678094848992,2026-09-06T18:32:46.256-05:00
6e24cf3781ca,campaign-sf1,mado,tpch,Q03,Medium,oracle,non-indexed,1,0,3,3,django,orm,q03warm,1,1.111289,10,ok,,client-side:900,1.01,226026,132678094848992,2026-09-06T18:32:47.367-05:00
6e24cf3781ca,campaign-sf1,mado,tpch,Q03,Medium,oracle,non-indexed,1,1,1,-1,django,sql,q03s0,2,1.233876,,ok,,client-side:900,1.01,226026,132678094848992,2026-09-06T18:32:48.606-05:00
6e24cf3781ca,campaign-sf1,mado,tpch,Q03,Medium,oracle,non-indexed,1,1,1,-1,django,orm,q03s0,2,1.069151,,ok,,client-side:900,1.01,226026,132678094848992,2026-09-06T18:32:49.675-05:00
6e24cf3781ca,campaign-sf1,mado,tpch,Q03,Medium,oracle,non-indexed,1,1,1,-1,sqlalchemy,sql,q03s0,2,1.113335,,ok,,client-side:900,1.01,226026,132678094848992,2026-09-06T18:32:50.788-05:00
6e24cf3781ca,campaign-sf1,mado,tpch,Q03,Medium,oracle,non-indexed,1,1,1,-1,sqlalchemy,orm,q03s0,2,1.107448,,ok,,client-side:900,1.01,226026,132678094848992,2026-09-06T18:32:51.896-05:00
6e24cf3781ca,campaign-sf1,mado,tpch,Q03,Medium,oracle,non-indexed,1,1,1,0,django,orm,q03s0,0,1.068089,10,ok,,client-side:900,1.01,226026,132678094848992,2026-09-06T18:32:52.964-05:00
6e24cf3781ca,campaign-sf1,mado,tpch,Q03,Medium,oracle,non-indexed,1,1,1,1,sqlalchemy,orm,q03s0,0,1.105857,10,ok,,client-side:900,1.01,226026,132678094848992,2026-09-06T18:32:54.070-05:00
6e24cf3781ca,campaign-sf1,mado,tpch,Q03,Medium,oracle,non-indexed,1,1,1,2,django,sql,q03s0,0,1.195461,10,ok,,client-side:900,1.01,226026,132678094848992,2026-09-06T18:32:55.265-05:00
6e24cf3781ca,campaign-sf1,mado,tpch,Q03,Medium,oracle,non-indexed,1,1,1,3,sqlalchemy,sql,q03s0,0,1.077554,10,ok,,client-side:900,1.01,226026,132678094848992,2026-09-06T18:32:56.343-05:00
6e24cf3781ca,campaign-sf1,mado,tpch,Q03,Medium,oracle,non-indexed,1,2,2,-1,django,sql,q03s1,2,1.240105,,ok,,client-side:900,1.01,226026,132678094848992,2026-09-06T18:32:57.588-05:00
6e24cf3781ca,campaign-sf1,mado,tpch,Q03,Medium,oracle,non-indexed,1,2,2,-1,django,orm,q03s1,2,1.067907,,ok,,client-side:900,1.01,226026,132678094848992,2026-09-06T18:32:58.656-05:00
6e24cf3781ca,campaign-sf1,mado,tpch,Q03,Medium,oracle,non-indexed,1,2,2,-1,sqlalchemy,sql,q03s1,2,1.115654,,ok,,client-side:900,1.01,226026,132678094848992,2026-09-06T18:32:59.771-05:00
6e24cf3781ca,campaign-sf1,mado,tpch,Q03,Medium,oracle,non-indexed,1,2,2,-1,sqlalchemy,orm,q03s1,2,1.10775,,ok,,client-side:900,1.01,226026,132678094848992,2026-09-06T18:33:00.879-05:00
6e24cf3781ca,campaign-sf1,mado,tpch,Q03,Medium,oracle,non-indexed,1,2,2,0,sqlalchemy,orm,q03s1,0,1.1069,10,ok,,client-side:900,1.01,226026,132678094848992,2026-09-06T18:33:01.986-05:00
6e24cf3781ca,campaign-sf1,mado,tpch,Q03,Medium,oracle,non-indexed,1,2,2,1,sqlalchemy,sql,q03s1,0,1.078359,10,ok,,client-side:900,1.01,226026,132678094848992,2026-09-06T18:33:03.065-05:00
6e24cf3781ca,campaign-sf1,mado,tpch,Q03,Medium,oracle,non-indexed,1,2,2,2,django,orm,q03s1,0,1.068117,10,ok,,client-side:900,1.01,226026,132678094848992,2026-09-06T18:33:04.133-05:00
6e24cf3781ca,campaign-sf1,mado,tpch,Q03,Medium,oracle,non-indexed,1,2,2,3,django,sql,q03s1,0,1.199631,10,ok,,client-side:900,1.01,226026,132678094848992,2026-09-06T18:33:05.333-05:00
6e24cf3781ca,campaign-sf1,mado,tpch,Q03,Medium,oracle,non-indexed,1,3,3,-1,django,sql,q03s2,2,1.235853,,ok,,client-side:900,1.01,226026,132678094848992,2026-09-06T18:33:06.573-05:00
6e24cf3781ca,campaign-sf1,mado,tpch,Q03,Medium,oracle,non-indexed,1,3,3,-1,django,orm,q03s2,2,1.07051,,ok,,client-side:900,1.01,226026,132678094848992,2026-09-06T18:33:07.644-05:00
6e24cf3781ca,campaign-sf1,mado,tpch,Q03,Medium,oracle,non-indexed,1,3,3,-1,sqlalchemy,sql,q03s2,2,1.114333,,ok,,client-side:900,1.01,226026,132678094848992,2026-09-06T18:33:08.758-05:00
6e24cf3781ca,campaign-sf1,mado,tpch,Q03,Medium,oracle,non-indexed,1,3,3,-1,sqlalchemy,orm,q03s2,2,1.107237,,ok,,client-side:900,1.01,226026,132678094848992,2026-09-06T18:33:09.866-05:00
6e24cf3781ca,campaign-sf1,mado,tpch,Q03,Medium,oracle,non-indexed,1,3,3,0,sqlalchemy,sql,q03s2,0,1.077735,10,ok,,client-side:900,1.01,226026,132678094848992,2026-09-06T18:33:10.943-05:00
6e24cf3781ca,campaign-sf1,mado,tpch,Q03,Medium,oracle,non-indexed,1,3,3,1,django,sql,q03s2,0,1.195612,10,ok,,client-side:900,1.01,226026,132678094848992,2026-09-06T18:33:12.139-05:00
6e24cf3781ca,campaign-sf1,mado,tpch,Q03,Medium,oracle,non-indexed,1,3,3,2,sqlalchemy,orm,q03s2,0,1.110158,10,ok,,client-side:900,1.01,226026,132678094848992,2026-09-06T18:33:13.249-05:00
6e24cf3781ca,campaign-sf1,mado,tpch,Q03,Medium,oracle,non-indexed,1,3,3,3,django,orm,q03s2,0,1.06758,10,ok,,client-side:900,1.01,226026,132678094848992,2026-09-06T18:33:14.317-05:00
6e24cf3781ca,campaign-sf1,mado,tpch,Q03,Medium,oracle,non-indexed,1,4,0,-1,django,sql,q03s3,2,1.235054,,ok,,client-side:900,1.01,226026,132678094848992,2026-09-06T18:33:15.557-05:00
6e24cf3781ca,campaign-sf1,mado,tpch,Q03,Medium,oracle,non-indexed,1,4,0,-1,django,orm,q03s3,2,1.072152,,ok,,client-side:900,1.01,226026,132678094848992,2026-09-06T18:33:16.629-05:00
6e24cf3781ca,campaign-sf1,mado,tpch,Q03,Medium,oracle,non-indexed,1,4,0,-1,sqlalchemy,sql,q03s3,2,1.115975,,ok,,client-side:900,1.01,226026,132678094848992,2026-09-06T18:33:17.745-05:00
6e24cf3781ca,campaign-sf1,mado,tpch,Q03,Medium,oracle,non-indexed,1,4,0,-1,sqlalchemy,orm,q03s3,2,1.107959,,ok,,client-side:900,1.0,226026,132678094848992,2026-09-06T18:33:18.853-05:00
6e24cf3781ca,campaign-sf1,mado,tpch,Q03,Medium,oracle,non-indexed,1,4,0,0,django,sql,q03s3,0,1.19697,10,ok,,client-side:900,1.0,226026,132678094848992,2026-09-06T18:33:20.050-05:00
6e24cf3781ca,campaign-sf1,mado,tpch,Q03,Medium,oracle,non-indexed,1,4,0,1,django,orm,q03s3,0,1.068343,10,ok,,client-side:900,1.0,226026,132678094848992,2026-09-06T18:33:21.119-05:00
6e24cf3781ca,campaign-sf1,mado,tpch,Q03,Medium,oracle,non-indexed,1,4,0,2,sqlalchemy,sql,q03s3,0,1.076855,10,ok,,client-side:900,1.0,226026,132678094848992,2026-09-06T18:33:22.196-05:00
6e24cf3781ca,campaign-sf1,mado,tpch,Q03,Medium,oracle,non-indexed,1,4,0,3,sqlalchemy,orm,q03s3,0,1.107122,10,ok,,client-side:900,1.0,226026,132678094848992,2026-09-06T18:33:23.303-05:00
6e24cf3781ca,campaign-sf1,mado,tpch,Q03,Medium,oracle,non-indexed,1,5,1,-1,django,sql,q03s4,2,1.234258,,ok,,client-side:900,1.0,226026,132678094848992,2026-09-06T18:33:24.542-05:00
6e24cf3781ca,campaign-sf1,mado,tpch,Q03,Medium,oracle,non-indexed,1,5,1,-1,django,orm,q03s4,2,1.063553,,ok,,client-side:900,1.0,226026,132678094848992,2026-09-06T18:33:25.605-05:00
6e24cf3781ca,campaign-sf1,mado,tpch,Q03,Medium,oracle,non-indexed,1,5,1,-1,sqlalchemy,sql,q03s4,2,1.111529,,ok,,client-side:900,1.0,226026,132678094848992,2026-09-06T18:33:26.717-05:00
6e24cf3781ca,campaign-sf1,mado,tpch,Q03,Medium,oracle,non-indexed,1,5,1,-1,sqlalchemy,orm,q03s4,2,1.104214,,ok,,client-side:900,1.0,226026,132678094848992,2026-09-06T18:33:27.821-05:00
6e24cf3781ca,campaign-sf1,mado,tpch,Q03,Medium,oracle,non-indexed,1,5,1,0,django,orm,q03s4,0,1.066488,10,ok,,client-side:900,1.0,226026,132678094848992,2026-09-06T18:33:28.888-05:00
6e24cf3781ca,campaign-sf1,mado,tpch,Q03,Medium,oracle,non-indexed,1,5,1,1,sqlalchemy,orm,q03s4,0,1.105474,10,ok,,client-side:900,1.0,226026,132678094848992,2026-09-06T18:33:29.993-05:00
6e24cf3781ca,campaign-sf1,mado,tpch,Q03,Medium,oracle,non-indexed,1,5,1,2,django,sql,q03s4,0,1.191782,10,ok,,client-side:900,1.0,226026,132678094848992,2026-09-06T18:33:31.185-05:00
6e24cf3781ca,campaign-sf1,mado,tpch,Q03,Medium,oracle,non-indexed,1,5,1,3,sqlalchemy,sql,q03s4,0,1.072557,10,ok,,client-side:900,1.0,226026,132678094848992,2026-09-06T18:33:32.258-05:00
6e24cf3781ca,campaign-sf1,mado,tpch,Q03,Medium,oracle,non-indexed,1,6,3,-1,django,sql,q03s5,2,1.237708,,ok,,client-side:900,1.0,226026,132678094848992,2026-09-06T18:33:33.500-05:00
6e24cf3781ca,campaign-sf1,mado,tpch,Q03,Medium,oracle,non-indexed,1,6,3,-1,django,orm,q03s5,2,1.064637,,ok,,client-side:900,1.0,226026,132678094848992,2026-09-06T18:33:34.565-05:00
6e24cf3781ca,campaign-sf1,mado,tpch,Q03,Medium,oracle,non-indexed,1,6,3,-1,sqlalchemy,sql,q03s5,2,1.112876,,ok,,client-side:900,1.0,226026,132678094848992,2026-09-06T18:33:35.678-05:00
6e24cf3781ca,campaign-sf1,mado,tpch,Q03,Medium,oracle,non-indexed,1,6,3,-1,sqlalchemy,orm,q03s5,2,1.108163,,ok,,client-side:900,1.0,226026,132678094848992,2026-09-06T18:33:36.786-05:00
6e24cf3781ca,campaign-sf1,mado,tpch,Q03,Medium,oracle,non-indexed,1,6,3,0,sqlalchemy,sql,q03s5,0,1.079079,10,ok,,client-side:900,1.0,226026,132678094848992,2026-09-06T18:33:37.865-05:00
6e24cf3781ca,campaign-sf1,mado,tpch,Q03,Medium,oracle,non-indexed,1,6,3,1,django,sql,q03s5,0,1.196812,10,ok,,client-side:900,1.0,226026,132678094848992,2026-09-06T18:33:39.062-05:00
6e24cf3781ca,campaign-sf1,mado,tpch,Q03,Medium,oracle,non-indexed,1,6,3,2,sqlalchemy,orm,q03s5,0,1.10859,10,ok,,client-side:900,1.0,226026,132678094848992,2026-09-06T18:33:40.171-05:00
6e24cf3781ca,campaign-sf1,mado,tpch,Q03,Medium,oracle,non-indexed,1,6,3,3,django,orm,q03s5,0,1.06773,10,ok,,client-side:900,1.0,226026,132678094848992,2026-09-06T18:33:41.239-05:00
6e24cf3781ca,campaign-sf1,mado,tpch,Q03,Medium,oracle,non-indexed,1,7,0,-1,django,sql,q03s6,2,1.237844,,ok,,client-side:900,1.0,226026,132678094848992,2026-09-06T18:33:42.481-05:00
6e24cf3781ca,campaign-sf1,mado,tpch,Q03,Medium,oracle,non-indexed,1,7,0,-1,django,orm,q03s6,2,1.065227,,ok,,client-side:900,1.08,226026,132678094848992,2026-09-06T18:33:43.546-05:00
6e24cf3781ca,campaign-sf1,mado,tpch,Q03,Medium,oracle,non-indexed,1,7,0,-1,sqlalchemy,sql,q03s6,2,1.115805,,ok,,client-side:900,1.08,226026,132678094848992,2026-09-06T18:33:44.662-05:00
6e24cf3781ca,campaign-sf1,mado,tpch,Q03,Medium,oracle,non-indexed,1,7,0,-1,sqlalchemy,orm,q03s6,2,1.106788,,ok,,client-side:900,1.08,226026,132678094848992,2026-09-06T18:33:45.769-05:00
6e24cf3781ca,campaign-sf1,mado,tpch,Q03,Medium,oracle,non-indexed,1,7,0,0,django,sql,q03s6,0,1.205531,10,ok,,client-side:900,1.08,226026,132678094848992,2026-09-06T18:33:46.975-05:00
6e24cf3781ca,campaign-sf1,mado,tpch,Q03,Medium,oracle,non-indexed,1,7,0,1,django,orm,q03s6,0,1.068757,10,ok,,client-side:900,1.08,226026,132678094848992,2026-09-06T18:33:48.044-05:00
6e24cf3781ca,campaign-sf1,mado,tpch,Q03,Medium,oracle,non-indexed,1,7,0,2,sqlalchemy,sql,q03s6,0,1.079583,10,ok,,client-side:900,1.08,226026,132678094848992,2026-09-06T18:33:49.123-05:00
6e24cf3781ca,campaign-sf1,mado,tpch,Q03,Medium,oracle,non-indexed,1,7,0,3,sqlalchemy,orm,q03s6,0,1.10328,10,ok,,client-side:900,1.08,226026,132678094848992,2026-09-06T18:33:50.227-05:00
6e24cf3781ca,campaign-sf1,mado,tpch,Q03,Medium,oracle,non-indexed,1,8,2,-1,django,sql,q03s7,2,1.241244,,ok,,client-side:900,1.08,226026,132678094848992,2026-09-06T18:33:51.473-05:00
6e24cf3781ca,campaign-sf1,mado,tpch,Q03,Medium,oracle,non-indexed,1,8,2,-1,django,orm,q03s7,2,1.07823,,ok,,client-side:900,1.08,226026,132678094848992,2026-09-06T18:33:52.551-05:00
6e24cf3781ca,campaign-sf1,mado,tpch,Q03,Medium,oracle,non-indexed,1,8,2,-1,sqlalchemy,sql,q03s7,2,1.101852,,ok,,client-side:900,1.07,226026,132678094848992,2026-09-06T18:33:53.653-05:00
6e24cf3781ca,campaign-sf1,mado,tpch,Q03,Medium,oracle,non-indexed,1,8,2,-1,sqlalchemy,orm,q03s7,2,1.094271,,ok,,client-side:900,1.07,226026,132678094848992,2026-09-06T18:33:54.747-05:00
6e24cf3781ca,campaign-sf1,mado,tpch,Q03,Medium,oracle,non-indexed,1,8,2,0,sqlalchemy,orm,q03s7,0,1.09569,10,ok,,client-side:900,1.07,226026,132678094848992,2026-09-06T18:33:55.843-05:00
6e24cf3781ca,campaign-sf1,mado,tpch,Q03,Medium,oracle,non-indexed,1,8,2,1,sqlalchemy,sql,q03s7,0,1.063652,10,ok,,client-side:900,1.07,226026,132678094848992,2026-09-06T18:33:56.907-05:00
6e24cf3781ca,campaign-sf1,mado,tpch,Q03,Medium,oracle,non-indexed,1,8,2,2,django,orm,q03s7,0,1.067657,10,ok,,client-side:900,1.07,226026,132678094848992,2026-09-06T18:33:57.975-05:00
6e24cf3781ca,campaign-sf1,mado,tpch,Q03,Medium,oracle,non-indexed,1,8,2,3,django,sql,q03s7,0,1.208387,10,ok,,client-side:900,1.06,226026,132678094848992,2026-09-06T18:33:59.183-05:00
1662c0713334,campaign-sf1,mado,tpch,Q04,Medium,oracle,non-indexed,1,0,1,0,django,orm,q04warm,1,1.836615,5,ok,,client-side:900,1.06,226034,124294256760864,2026-09-06T18:34:02.220-05:00
1662c0713334,campaign-sf1,mado,tpch,Q04,Medium,oracle,non-indexed,1,0,1,1,sqlalchemy,orm,q04warm,1,1.147652,5,ok,,client-side:900,1.06,226034,124294256760864,2026-09-06T18:34:03.368-05:00
1662c0713334,campaign-sf1,mado,tpch,Q04,Medium,oracle,non-indexed,1,0,1,2,django,sql,q04warm,1,1.077359,5,ok,,client-side:900,1.06,226034,124294256760864,2026-09-06T18:34:04.445-05:00
1662c0713334,campaign-sf1,mado,tpch,Q04,Medium,oracle,non-indexed,1,0,1,3,sqlalchemy,sql,q04warm,1,1.092296,5,ok,,client-side:900,1.06,226034,124294256760864,2026-09-06T18:34:05.537-05:00
1662c0713334,campaign-sf1,mado,tpch,Q04,Medium,oracle,non-indexed,1,1,1,-1,django,sql,q04s0,2,1.069452,,ok,,client-side:900,1.06,226034,124294256760864,2026-09-06T18:34:06.611-05:00
1662c0713334,campaign-sf1,mado,tpch,Q04,Medium,oracle,non-indexed,1,1,1,-1,django,orm,q04s0,2,1.241821,,ok,,client-side:900,1.06,226034,124294256760864,2026-09-06T18:34:07.853-05:00
1662c0713334,campaign-sf1,mado,tpch,Q04,Medium,oracle,non-indexed,1,1,1,-1,sqlalchemy,sql,q04s0,2,1.082755,,ok,,client-side:900,1.05,226034,124294256760864,2026-09-06T18:34:08.936-05:00
1662c0713334,campaign-sf1,mado,tpch,Q04,Medium,oracle,non-indexed,1,1,1,-1,sqlalchemy,orm,q04s0,2,1.087667,,ok,,client-side:900,1.05,226034,124294256760864,2026-09-06T18:34:10.024-05:00
1662c0713334,campaign-sf1,mado,tpch,Q04,Medium,oracle,non-indexed,1,1,1,0,django,orm,q04s0,0,0.580622,5,ok,,client-side:900,1.05,226034,124294256760864,2026-09-06T18:34:10.604-05:00
1662c0713334,campaign-sf1,mado,tpch,Q04,Medium,oracle,non-indexed,1,1,1,1,sqlalchemy,orm,q04s0,0,1.086316,5,ok,,client-side:900,1.05,226034,124294256760864,2026-09-06T18:34:11.691-05:00
1662c0713334,campaign-sf1,mado,tpch,Q04,Medium,oracle,non-indexed,1,1,1,2,django,sql,q04s0,0,1.072087,5,ok,,client-side:900,1.05,226034,124294256760864,2026-09-06T18:34:12.763-05:00
1662c0713334,campaign-sf1,mado,tpch,Q04,Medium,oracle,non-indexed,1,1,1,3,sqlalchemy,sql,q04s0,0,1.078457,5,ok,,client-side:900,1.05,226034,124294256760864,2026-09-06T18:34:13.841-05:00
1662c0713334,campaign-sf1,mado,tpch,Q04,Medium,oracle,non-indexed,1,2,0,-1,django,sql,q04s1,2,1.080294,,ok,,client-side:900,1.05,226034,124294256760864,2026-09-06T18:34:14.926-05:00
1662c0713334,campaign-sf1,mado,tpch,Q04,Medium,oracle,non-indexed,1,2,0,-1,django,orm,q04s1,2,0.980551,,ok,,client-side:900,1.05,226034,124294256760864,2026-09-06T18:34:15.907-05:00
1662c0713334,campaign-sf1,mado,tpch,Q04,Medium,oracle,non-indexed,1,2,0,-1,sqlalchemy,sql,q04s1,2,1.086093,,ok,,client-side:900,1.05,226034,124294256760864,2026-09-06T18:34:16.993-05:00
1662c0713334,campaign-sf1,mado,tpch,Q04,Medium,oracle,non-indexed,1,2,0,-1,sqlalchemy,orm,q04s1,2,1.093977,,ok,,client-side:900,1.05,226034,124294256760864,2026-09-06T18:34:18.087-05:00
1662c0713334,campaign-sf1,mado,tpch,Q04,Medium,oracle,non-indexed,1,2,0,0,django,sql,q04s1,0,1.076052,5,ok,,client-side:900,1.04,226034,124294256760864,2026-09-06T18:34:19.163-05:00
1662c0713334,campaign-sf1,mado,tpch,Q04,Medium,oracle,non-indexed,1,2,0,1,django,orm,q04s1,0,0.614909,5,ok,,client-side:900,1.04,226034,124294256760864,2026-09-06T18:34:19.778-05:00
1662c0713334,campaign-sf1,mado,tpch,Q04,Medium,oracle,non-indexed,1,2,0,2,sqlalchemy,sql,q04s1,0,1.082487,5,ok,,client-side:900,1.04,226034,124294256760864,2026-09-06T18:34:20.861-05:00
1662c0713334,campaign-sf1,mado,tpch,Q04,Medium,oracle,non-indexed,1,2,0,3,sqlalchemy,orm,q04s1,0,1.094136,5,ok,,client-side:900,1.04,226034,124294256760864,2026-09-06T18:34:21.955-05:00
1662c0713334,campaign-sf1,mado,tpch,Q04,Medium,oracle,non-indexed,1,3,2,-1,django,sql,q04s2,2,1.070873,,ok,,client-side:900,1.04,226034,124294256760864,2026-09-06T18:34:23.031-05:00
1662c0713334,campaign-sf1,mado,tpch,Q04,Medium,oracle,non-indexed,1,3,2,-1,django,orm,q04s2,2,0.878677,,ok,,client-side:900,1.04,226034,124294256760864,2026-09-06T18:34:23.909-05:00
1662c0713334,campaign-sf1,mado,tpch,Q04,Medium,oracle,non-indexed,1,3,2,-1,sqlalchemy,sql,q04s2,2,1.076316,,ok,,client-side:900,1.04,226034,124294256760864,2026-09-06T18:34:24.986-05:00
1662c0713334,campaign-sf1,mado,tpch,Q04,Medium,oracle,non-indexed,1,3,2,-1,sqlalchemy,orm,q04s2,2,1.075123,,ok,,client-side:900,1.04,226034,124294256760864,2026-09-06T18:34:26.061-05:00
1662c0713334,campaign-sf1,mado,tpch,Q04,Medium,oracle,non-indexed,1,3,2,0,sqlalchemy,orm,q04s2,0,1.075905,5,ok,,client-side:900,1.04,226034,124294256760864,2026-09-06T18:34:27.137-05:00
1662c0713334,campaign-sf1,mado,tpch,Q04,Medium,oracle,non-indexed,1,3,2,1,sqlalchemy,sql,q04s2,0,1.066737,5,ok,,client-side:900,1.12,226034,124294256760864,2026-09-06T18:34:28.204-05:00
1662c0713334,campaign-sf1,mado,tpch,Q04,Medium,oracle,non-indexed,1,3,2,2,django,orm,q04s2,0,0.585814,5,ok,,client-side:900,1.12,226034,124294256760864,2026-09-06T18:34:28.790-05:00
1662c0713334,campaign-sf1,mado,tpch,Q04,Medium,oracle,non-indexed,1,3,2,3,django,sql,q04s2,0,1.06758,5,ok,,client-side:900,1.12,226034,124294256760864,2026-09-06T18:34:29.857-05:00
1662c0713334,campaign-sf1,mado,tpch,Q04,Medium,oracle,non-indexed,1,4,3,-1,django,sql,q04s3,2,1.084849,,ok,,client-side:900,1.12,226034,124294256760864,2026-09-06T18:34:30.947-05:00
1662c0713334,campaign-sf1,mado,tpch,Q04,Medium,oracle,non-indexed,1,4,3,-1,django,orm,q04s3,2,0.787001,,ok,,client-side:900,1.12,226034,124294256760864,2026-09-06T18:34:31.734-05:00
1662c0713334,campaign-sf1,mado,tpch,Q04,Medium,oracle,non-indexed,1,4,3,-1,sqlalchemy,sql,q04s3,2,1.090896,,ok,,client-side:900,1.12,226034,124294256760864,2026-09-06T18:34:32.825-05:00
1662c0713334,campaign-sf1,mado,tpch,Q04,Medium,oracle,non-indexed,1,4,3,-1,sqlalchemy,orm,q04s3,2,1.086557,,ok,,client-side:900,1.11,226034,124294256760864,2026-09-06T18:34:33.912-05:00
1662c0713334,campaign-sf1,mado,tpch,Q04,Medium,oracle,non-indexed,1,4,3,0,sqlalchemy,sql,q04s3,0,1.076002,5,ok,,client-side:900,1.11,226034,124294256760864,2026-09-06T18:34:34.988-05:00
1662c0713334,campaign-sf1,mado,tpch,Q04,Medium,oracle,non-indexed,1,4,3,1,django,sql,q04s3,0,1.079217,5,ok,,client-side:900,1.11,226034,124294256760864,2026-09-06T18:34:36.067-05:00
1662c0713334,campaign-sf1,mado,tpch,Q04,Medium,oracle,non-indexed,1,4,3,2,sqlalchemy,orm,q04s3,0,1.091704,5,ok,,client-side:900,1.11,226034,124294256760864,2026-09-06T18:34:37.159-05:00
1662c0713334,campaign-sf1,mado,tpch,Q04,Medium,oracle,non-indexed,1,4,3,3,django,orm,q04s3,0,0.612232,5,ok,,client-side:900,1.11,226034,124294256760864,2026-09-06T18:34:37.771-05:00
1662c0713334,campaign-sf1,mado,tpch,Q04,Medium,oracle,non-indexed,1,5,3,-1,django,sql,q04s4,2,1.085451,,ok,,client-side:900,1.1,226034,124294256760864,2026-09-06T18:34:38.861-05:00
1662c0713334,campaign-sf1,mado,tpch,Q04,Medium,oracle,non-indexed,1,5,3,-1,django,orm,q04s4,2,0.723963,,ok,,client-side:900,1.1,226034,124294256760864,2026-09-06T18:34:39.585-05:00
1662c0713334,campaign-sf1,mado,tpch,Q04,Medium,oracle,non-indexed,1,5,3,-1,sqlalchemy,sql,q04s4,2,1.079285,,ok,,client-side:900,1.1,226034,124294256760864,2026-09-06T18:34:40.665-05:00
1662c0713334,campaign-sf1,mado,tpch,Q04,Medium,oracle,non-indexed,1,5,3,-1,sqlalchemy,orm,q04s4,2,1.089754,,ok,,client-side:900,1.1,226034,124294256760864,2026-09-06T18:34:41.754-05:00
1662c0713334,campaign-sf1,mado,tpch,Q04,Medium,oracle,non-indexed,1,5,3,0,sqlalchemy,sql,q04s4,0,1.076612,5,ok,,client-side:900,1.1,226034,124294256760864,2026-09-06T18:34:42.831-05:00
1662c0713334,campaign-sf1,mado,tpch,Q04,Medium,oracle,non-indexed,1,5,3,1,django,sql,q04s4,0,1.081613,5,ok,,client-side:900,1.09,226034,124294256760864,2026-09-06T18:34:43.913-05:00
1662c0713334,campaign-sf1,mado,tpch,Q04,Medium,oracle,non-indexed,1,5,3,2,sqlalchemy,orm,q04s4,0,1.093046,5,ok,,client-side:900,1.09,226034,124294256760864,2026-09-06T18:34:45.006-05:00
1662c0713334,campaign-sf1,mado,tpch,Q04,Medium,oracle,non-indexed,1,5,3,3,django,orm,q04s4,0,0.642126,5,ok,,client-side:900,1.09,226034,124294256760864,2026-09-06T18:34:45.648-05:00
1662c0713334,campaign-sf1,mado,tpch,Q04,Medium,oracle,non-indexed,1,6,0,-1,django,sql,q04s5,2,1.08151,,ok,,client-side:900,1.09,226034,124294256760864,2026-09-06T18:34:46.735-05:00
1662c0713334,campaign-sf1,mado,tpch,Q04,Medium,oracle,non-indexed,1,6,0,-1,django,orm,q04s5,2,0.71612,,ok,,client-side:900,1.09,226034,124294256760864,2026-09-06T18:34:47.451-05:00
1662c0713334,campaign-sf1,mado,tpch,Q04,Medium,oracle,non-indexed,1,6,0,-1,sqlalchemy,sql,q04s5,2,1.079563,,ok,,client-side:900,1.08,226034,124294256760864,2026-09-06T18:34:48.530-05:00
1662c0713334,campaign-sf1,mado,tpch,Q04,Medium,oracle,non-indexed,1,6,0,-1,sqlalchemy,orm,q04s5,2,1.087266,,ok,,client-side:900,1.08,226034,124294256760864,2026-09-06T18:34:49.618-05:00
1662c0713334,campaign-sf1,mado,tpch,Q04,Medium,oracle,non-indexed,1,6,0,0,django,sql,q04s5,0,1.080205,5,ok,,client-side:900,1.08,226034,124294256760864,2026-09-06T18:34:50.698-05:00
1662c0713334,campaign-sf1,mado,tpch,Q04,Medium,oracle,non-indexed,1,6,0,1,django,orm,q04s5,0,0.658848,5,ok,,client-side:900,1.08,226034,124294256760864,2026-09-06T18:34:51.357-05:00
1662c0713334,campaign-sf1,mado,tpch,Q04,Medium,oracle,non-indexed,1,6,0,2,sqlalchemy,sql,q04s5,0,1.07605,5,ok,,client-side:900,1.08,226034,124294256760864,2026-09-06T18:34:52.433-05:00
1662c0713334,campaign-sf1,mado,tpch,Q04,Medium,oracle,non-indexed,1,6,0,3,sqlalchemy,orm,q04s5,0,1.087719,5,ok,,client-side:900,1.08,226034,124294256760864,2026-09-06T18:34:53.521-05:00
1662c0713334,campaign-sf1,mado,tpch,Q04,Medium,oracle,non-indexed,1,7,2,-1,django,sql,q04s6,2,1.081846,,ok,,client-side:900,1.08,226034,124294256760864,2026-09-06T18:34:54.607-05:00
1662c0713334,campaign-sf1,mado,tpch,Q04,Medium,oracle,non-indexed,1,7,2,-1,django,orm,q04s6,2,0.693482,,ok,,client-side:900,1.08,226034,124294256760864,2026-09-06T18:34:55.301-05:00
1662c0713334,campaign-sf1,mado,tpch,Q04,Medium,oracle,non-indexed,1,7,2,-1,sqlalchemy,sql,q04s6,2,1.081722,,ok,,client-side:900,1.08,226034,124294256760864,2026-09-06T18:34:56.383-05:00
1662c0713334,campaign-sf1,mado,tpch,Q04,Medium,oracle,non-indexed,1,7,2,-1,sqlalchemy,orm,q04s6,2,1.087815,,ok,,client-side:900,1.08,226034,124294256760864,2026-09-06T18:34:57.471-05:00
1662c0713334,campaign-sf1,mado,tpch,Q04,Medium,oracle,non-indexed,1,7,2,0,sqlalchemy,orm,q04s6,0,1.088122,5,ok,,client-side:900,1.07,226034,124294256760864,2026-09-06T18:34:58.559-05:00
1662c0713334,campaign-sf1,mado,tpch,Q04,Medium,oracle,non-indexed,1,7,2,1,sqlalchemy,sql,q04s6,0,1.075711,5,ok,,client-side:900,1.07,226034,124294256760864,2026-09-06T18:34:59.635-05:00
1662c0713334,campaign-sf1,mado,tpch,Q04,Medium,oracle,non-indexed,1,7,2,2,django,orm,q04s6,0,0.627681,5,ok,,client-side:900,1.07,226034,124294256760864,2026-09-06T18:35:00.263-05:00
1662c0713334,campaign-sf1,mado,tpch,Q04,Medium,oracle,non-indexed,1,7,2,3,django,sql,q04s6,0,1.077316,5,ok,,client-side:900,1.07,226034,124294256760864,2026-09-06T18:35:01.340-05:00
1662c0713334,campaign-sf1,mado,tpch,Q04,Medium,oracle,non-indexed,1,8,1,-1,django,sql,q04s7,2,1.086766,,ok,,client-side:900,1.07,226034,124294256760864,2026-09-06T18:35:02.431-05:00
1662c0713334,campaign-sf1,mado,tpch,Q04,Medium,oracle,non-indexed,1,8,1,-1,django,orm,q04s7,2,0.733635,,ok,,client-side:900,1.07,226034,124294256760864,2026-09-06T18:35:03.165-05:00
1662c0713334,campaign-sf1,mado,tpch,Q04,Medium,oracle,non-indexed,1,8,1,-1,sqlalchemy,sql,q04s7,2,1.082656,,ok,,client-side:900,1.15,226034,124294256760864,2026-09-06T18:35:04.248-05:00
1662c0713334,campaign-sf1,mado,tpch,Q04,Medium,oracle,non-indexed,1,8,1,-1,sqlalchemy,orm,q04s7,2,1.091202,,ok,,client-side:900,1.15,226034,124294256760864,2026-09-06T18:35:05.339-05:00
1662c0713334,campaign-sf1,mado,tpch,Q04,Medium,oracle,non-indexed,1,8,1,0,django,orm,q04s7,0,0.635685,5,ok,,client-side:900,1.15,226034,124294256760864,2026-09-06T18:35:05.975-05:00
1662c0713334,campaign-sf1,mado,tpch,Q04,Medium,oracle,non-indexed,1,8,1,1,sqlalchemy,orm,q04s7,0,1.090865,5,ok,,client-side:900,1.15,226034,124294256760864,2026-09-06T18:35:07.066-05:00
1662c0713334,campaign-sf1,mado,tpch,Q04,Medium,oracle,non-indexed,1,8,1,2,django,sql,q04s7,0,1.082261,5,ok,,client-side:900,1.15,226034,124294256760864,2026-09-06T18:35:08.148-05:00
1662c0713334,campaign-sf1,mado,tpch,Q04,Medium,oracle,non-indexed,1,8,1,3,sqlalchemy,sql,q04s7,0,1.084505,5,ok,,client-side:900,1.13,226034,124294256760864,2026-09-06T18:35:09.233-05:00
bd7ca8cfdec0,campaign-sf1,mado,tpch,Q05,Complex,oracle,non-indexed,1,0,1,0,django,orm,q05warm,1,2.459888,5,ok,,client-side:900,1.13,226047,127895017535536,2026-09-06T18:35:12.890-05:00
bd7ca8cfdec0,campaign-sf1,mado,tpch,Q05,Complex,oracle,non-indexed,1,0,1,1,sqlalchemy,orm,q05warm,1,2.626657,5,ok,,client-side:900,1.12,226047,127895017535536,2026-09-06T18:35:15.517-05:00
bd7ca8cfdec0,campaign-sf1,mado,tpch,Q05,Complex,oracle,non-indexed,1,0,1,2,django,sql,q05warm,1,1.654662,5,ok,,client-side:900,1.12,226047,127895017535536,2026-09-06T18:35:17.172-05:00
bd7ca8cfdec0,campaign-sf1,mado,tpch,Q05,Complex,oracle,non-indexed,1,0,1,3,sqlalchemy,sql,q05warm,1,1.574255,5,ok,,client-side:900,1.11,226047,127895017535536,2026-09-06T18:35:18.746-05:00
bd7ca8cfdec0,campaign-sf1,mado,tpch,Q05,Complex,oracle,non-indexed,1,1,1,-1,django,sql,q05s0,2,1.55044,,ok,,client-side:900,1.11,226047,127895017535536,2026-09-06T18:35:20.301-05:00
bd7ca8cfdec0,campaign-sf1,mado,tpch,Q05,Complex,oracle,non-indexed,1,1,1,-1,django,orm,q05s0,2,1.023755,,ok,,client-side:900,1.11,226047,127895017535536,2026-09-06T18:35:21.325-05:00
bd7ca8cfdec0,campaign-sf1,mado,tpch,Q05,Complex,oracle,non-indexed,1,1,1,-1,sqlalchemy,sql,q05s0,2,1.564524,,ok,,client-side:900,1.11,226047,127895017535536,2026-09-06T18:35:22.890-05:00
bd7ca8cfdec0,campaign-sf1,mado,tpch,Q05,Complex,oracle,non-indexed,1,1,1,-1,sqlalchemy,orm,q05s0,2,1.419165,,ok,,client-side:900,1.1,226047,127895017535536,2026-09-06T18:35:24.309-05:00
bd7ca8cfdec0,campaign-sf1,mado,tpch,Q05,Complex,oracle,non-indexed,1,1,1,0,django,orm,q05s0,0,1.023054,5,ok,,client-side:900,1.1,226047,127895017535536,2026-09-06T18:35:25.332-05:00
bd7ca8cfdec0,campaign-sf1,mado,tpch,Q05,Complex,oracle,non-indexed,1,1,1,1,sqlalchemy,orm,q05s0,0,1.410874,5,ok,,client-side:900,1.1,226047,127895017535536,2026-09-06T18:35:26.743-05:00
bd7ca8cfdec0,campaign-sf1,mado,tpch,Q05,Complex,oracle,non-indexed,1,1,1,2,django,sql,q05s0,0,1.381918,5,ok,,client-side:900,1.1,226047,127895017535536,2026-09-06T18:35:28.125-05:00
bd7ca8cfdec0,campaign-sf1,mado,tpch,Q05,Complex,oracle,non-indexed,1,1,1,3,sqlalchemy,sql,q05s0,0,1.38877,5,ok,,client-side:900,1.1,226047,127895017535536,2026-09-06T18:35:29.514-05:00
bd7ca8cfdec0,campaign-sf1,mado,tpch,Q05,Complex,oracle,non-indexed,1,2,2,-1,django,sql,q05s1,2,1.526019,,ok,,client-side:900,1.1,226047,127895017535536,2026-09-06T18:35:31.045-05:00
bd7ca8cfdec0,campaign-sf1,mado,tpch,Q05,Complex,oracle,non-indexed,1,2,2,-1,django,orm,q05s1,2,1.004039,,ok,,client-side:900,1.1,226047,127895017535536,2026-09-06T18:35:32.049-05:00
bd7ca8cfdec0,campaign-sf1,mado,tpch,Q05,Complex,oracle,non-indexed,1,2,2,-1,sqlalchemy,sql,q05s1,2,1.540316,,ok,,client-side:900,1.17,226047,127895017535536,2026-09-06T18:35:33.589-05:00
bd7ca8cfdec0,campaign-sf1,mado,tpch,Q05,Complex,oracle,non-indexed,1,2,2,-1,sqlalchemy,orm,q05s1,2,1.392375,,ok,,client-side:900,1.17,226047,127895017535536,2026-09-06T18:35:34.982-05:00
bd7ca8cfdec0,campaign-sf1,mado,tpch,Q05,Complex,oracle,non-indexed,1,2,2,0,sqlalchemy,orm,q05s1,0,1.392351,5,ok,,client-side:900,1.17,226047,127895017535536,2026-09-06T18:35:36.374-05:00
bd7ca8cfdec0,campaign-sf1,mado,tpch,Q05,Complex,oracle,non-indexed,1,2,2,1,sqlalchemy,sql,q05s1,0,1.364573,5,ok,,client-side:900,1.17,226047,127895017535536,2026-09-06T18:35:37.739-05:00
bd7ca8cfdec0,campaign-sf1,mado,tpch,Q05,Complex,oracle,non-indexed,1,2,2,2,django,orm,q05s1,0,1.002623,5,ok,,client-side:900,1.15,226047,127895017535536,2026-09-06T18:35:38.741-05:00
bd7ca8cfdec0,campaign-sf1,mado,tpch,Q05,Complex,oracle,non-indexed,1,2,2,3,django,sql,q05s1,0,1.359093,5,ok,,client-side:900,1.15,226047,127895017535536,2026-09-06T18:35:40.101-05:00
bd7ca8cfdec0,campaign-sf1,mado,tpch,Q05,Complex,oracle,non-indexed,1,3,0,-1,django,sql,q05s2,2,1.543929,,ok,,client-side:900,1.15,226047,127895017535536,2026-09-06T18:35:41.652-05:00
bd7ca8cfdec0,campaign-sf1,mado,tpch,Q05,Complex,oracle,non-indexed,1,3,0,-1,django,orm,q05s2,2,1.018818,,ok,,client-side:900,1.15,226047,127895017535536,2026-09-06T18:35:42.670-05:00
bd7ca8cfdec0,campaign-sf1,mado,tpch,Q05,Complex,oracle,non-indexed,1,3,0,-1,sqlalchemy,sql,q05s2,2,1.556923,,ok,,client-side:900,1.14,226047,127895017535536,2026-09-06T18:35:44.227-05:00
bd7ca8cfdec0,campaign-sf1,mado,tpch,Q05,Complex,oracle,non-indexed,1,3,0,-1,sqlalchemy,orm,q05s2,2,1.421349,,ok,,client-side:900,1.14,226047,127895017535536,2026-09-06T18:35:45.649-05:00
bd7ca8cfdec0,campaign-sf1,mado,tpch,Q05,Complex,oracle,non-indexed,1,3,0,0,django,sql,q05s2,0,1.378492,5,ok,,client-side:900,1.14,226047,127895017535536,2026-09-06T18:35:47.027-05:00
bd7ca8cfdec0,campaign-sf1,mado,tpch,Q05,Complex,oracle,non-indexed,1,3,0,1,django,orm,q05s2,0,1.019787,5,ok,,client-side:900,1.14,226047,127895017535536,2026-09-06T18:35:48.047-05:00
bd7ca8cfdec0,campaign-sf1,mado,tpch,Q05,Complex,oracle,non-indexed,1,3,0,2,sqlalchemy,sql,q05s2,0,1.395719,5,ok,,client-side:900,1.13,226047,127895017535536,2026-09-06T18:35:49.443-05:00
bd7ca8cfdec0,campaign-sf1,mado,tpch,Q05,Complex,oracle,non-indexed,1,3,0,3,sqlalchemy,orm,q05s2,0,1.412746,5,ok,,client-side:900,1.13,226047,127895017535536,2026-09-06T18:35:50.856-05:00
bd7ca8cfdec0,campaign-sf1,mado,tpch,Q05,Complex,oracle,non-indexed,1,4,3,-1,django,sql,q05s3,2,1.542513,,ok,,client-side:900,1.13,226047,127895017535536,2026-09-06T18:35:52.403-05:00
bd7ca8cfdec0,campaign-sf1,mado,tpch,Q05,Complex,oracle,non-indexed,1,4,3,-1,django,orm,q05s3,2,1.015825,,ok,,client-side:900,1.12,226047,127895017535536,2026-09-06T18:35:53.419-05:00
bd7ca8cfdec0,campaign-sf1,mado,tpch,Q05,Complex,oracle,non-indexed,1,4,3,-1,sqlalchemy,sql,q05s3,2,1.54969,,ok,,client-side:900,1.12,226047,127895017535536,2026-09-06T18:35:54.969-05:00
bd7ca8cfdec0,campaign-sf1,mado,tpch,Q05,Complex,oracle,non-indexed,1,4,3,-1,sqlalchemy,orm,q05s3,2,1.40189,,ok,,client-side:900,1.12,226047,127895017535536,2026-09-06T18:35:56.371-05:00
bd7ca8cfdec0,campaign-sf1,mado,tpch,Q05,Complex,oracle,non-indexed,1,4,3,0,sqlalchemy,sql,q05s3,0,1.377417,5,ok,,client-side:900,1.12,226047,127895017535536,2026-09-06T18:35:57.748-05:00
bd7ca8cfdec0,campaign-sf1,mado,tpch,Q05,Complex,oracle,non-indexed,1,4,3,1,django,sql,q05s3,0,1.371568,5,ok,,client-side:900,1.11,226047,127895017535536,2026-09-06T18:35:59.120-05:00
bd7ca8cfdec0,campaign-sf1,mado,tpch,Q05,Complex,oracle,non-indexed,1,4,3,2,sqlalchemy,orm,q05s3,0,1.403675,5,ok,,client-side:900,1.11,226047,127895017535536,2026-09-06T18:36:00.524-05:00
bd7ca8cfdec0,campaign-sf1,mado,tpch,Q05,Complex,oracle,non-indexed,1,4,3,3,django,orm,q05s3,0,1.025262,5,ok,,client-side:900,1.11,226047,127895017535536,2026-09-06T18:36:01.549-05:00
bd7ca8cfdec0,campaign-sf1,mado,tpch,Q05,Complex,oracle,non-indexed,1,5,3,-1,django,sql,q05s4,2,1.545812,,ok,,client-side:900,1.11,226047,127895017535536,2026-09-06T18:36:03.100-05:00
bd7ca8cfdec0,campaign-sf1,mado,tpch,Q05,Complex,oracle,non-indexed,1,5,3,-1,django,orm,q05s4,2,1.022849,,ok,,client-side:900,1.1,226047,127895017535536,2026-09-06T18:36:04.122-05:00
bd7ca8cfdec0,campaign-sf1,mado,tpch,Q05,Complex,oracle,non-indexed,1,5,3,-1,sqlalchemy,sql,q05s4,2,1.567134,,ok,,client-side:900,1.1,226047,127895017535536,2026-09-06T18:36:05.690-05:00
bd7ca8cfdec0,campaign-sf1,mado,tpch,Q05,Complex,oracle,non-indexed,1,5,3,-1,sqlalchemy,orm,q05s4,2,1.41898,,ok,,client-side:900,1.1,226047,127895017535536,2026-09-06T18:36:07.109-05:00
bd7ca8cfdec0,campaign-sf1,mado,tpch,Q05,Complex,oracle,non-indexed,1,5,3,0,sqlalchemy,sql,q05s4,0,1.375831,5,ok,,client-side:900,1.09,226047,127895017535536,2026-09-06T18:36:08.485-05:00
bd7ca8cfdec0,campaign-sf1,mado,tpch,Q05,Complex,oracle,non-indexed,1,5,3,1,django,sql,q05s4,0,1.38541,5,ok,,client-side:900,1.09,226047,127895017535536,2026-09-06T18:36:09.870-05:00
bd7ca8cfdec0,campaign-sf1,mado,tpch,Q05,Complex,oracle,non-indexed,1,5,3,2,sqlalchemy,orm,q05s4,0,1.409683,5,ok,,client-side:900,1.09,226047,127895017535536,2026-09-06T18:36:11.280-05:00
bd7ca8cfdec0,campaign-sf1,mado,tpch,Q05,Complex,oracle,non-indexed,1,5,3,3,django,orm,q05s4,0,1.027039,5,ok,,client-side:900,1.09,226047,127895017535536,2026-09-06T18:36:12.307-05:00
bd7ca8cfdec0,campaign-sf1,mado,tpch,Q05,Complex,oracle,non-indexed,1,6,1,-1,django,sql,q05s5,2,1.568635,,ok,,client-side:900,1.08,226047,127895017535536,2026-09-06T18:36:13.881-05:00
bd7ca8cfdec0,campaign-sf1,mado,tpch,Q05,Complex,oracle,non-indexed,1,6,1,-1,django,orm,q05s5,2,1.026666,,ok,,client-side:900,1.08,226047,127895017535536,2026-09-06T18:36:14.907-05:00
bd7ca8cfdec0,campaign-sf1,mado,tpch,Q05,Complex,oracle,non-indexed,1,6,1,-1,sqlalchemy,sql,q05s5,2,1.563893,,ok,,client-side:900,1.08,226047,127895017535536,2026-09-06T18:36:16.471-05:00
bd7ca8cfdec0,campaign-sf1,mado,tpch,Q05,Complex,oracle,non-indexed,1,6,1,-1,sqlalchemy,orm,q05s5,2,1.417179,,ok,,client-side:900,1.08,226047,127895017535536,2026-09-06T18:36:17.889-05:00
bd7ca8cfdec0,campaign-sf1,mado,tpch,Q05,Complex,oracle,non-indexed,1,6,1,0,django,orm,q05s5,0,1.02791,5,ok,,client-side:900,1.08,226047,127895017535536,2026-09-06T18:36:18.917-05:00
bd7ca8cfdec0,campaign-sf1,mado,tpch,Q05,Complex,oracle,non-indexed,1,6,1,1,sqlalchemy,orm,q05s5,0,1.419107,5,ok,,client-side:900,1.08,226047,127895017535536,2026-09-06T18:36:20.336-05:00
bd7ca8cfdec0,campaign-sf1,mado,tpch,Q05,Complex,oracle,non-indexed,1,6,1,2,django,sql,q05s5,0,1.402571,5,ok,,client-side:900,1.08,226047,127895017535536,2026-09-06T18:36:21.738-05:00
bd7ca8cfdec0,campaign-sf1,mado,tpch,Q05,Complex,oracle,non-indexed,1,6,1,3,sqlalchemy,sql,q05s5,0,1.400767,5,ok,,client-side:900,1.08,226047,127895017535536,2026-09-06T18:36:23.139-05:00
bd7ca8cfdec0,campaign-sf1,mado,tpch,Q05,Complex,oracle,non-indexed,1,7,2,-1,django,sql,q05s6,2,1.549276,,ok,,client-side:900,1.15,226047,127895017535536,2026-09-06T18:36:24.693-05:00
bd7ca8cfdec0,campaign-sf1,mado,tpch,Q05,Complex,oracle,non-indexed,1,7,2,-1,django,orm,q05s6,2,1.021447,,ok,,client-side:900,1.15,226047,127895017535536,2026-09-06T18:36:25.715-05:00
bd7ca8cfdec0,campaign-sf1,mado,tpch,Q05,Complex,oracle,non-indexed,1,7,2,-1,sqlalchemy,sql,q05s6,2,1.555171,,ok,,client-side:900,1.15,226047,127895017535536,2026-09-06T18:36:27.270-05:00
bd7ca8cfdec0,campaign-sf1,mado,tpch,Q05,Complex,oracle,non-indexed,1,7,2,-1,sqlalchemy,orm,q05s6,2,1.407724,,ok,,client-side:900,1.14,226047,127895017535536,2026-09-06T18:36:28.678-05:00
bd7ca8cfdec0,campaign-sf1,mado,tpch,Q05,Complex,oracle,non-indexed,1,7,2,0,sqlalchemy,orm,q05s6,0,1.409264,5,ok,,client-side:900,1.14,226047,127895017535536,2026-09-06T18:36:30.087-05:00
bd7ca8cfdec0,campaign-sf1,mado,tpch,Q05,Complex,oracle,non-indexed,1,7,2,1,sqlalchemy,sql,q05s6,0,1.376666,5,ok,,client-side:900,1.14,226047,127895017535536,2026-09-06T18:36:31.464-05:00
bd7ca8cfdec0,campaign-sf1,mado,tpch,Q05,Complex,oracle,non-indexed,1,7,2,2,django,orm,q05s6,0,1.022154,5,ok,,client-side:900,1.14,226047,127895017535536,2026-09-06T18:36:32.486-05:00
bd7ca8cfdec0,campaign-sf1,mado,tpch,Q05,Complex,oracle,non-indexed,1,7,2,3,django,sql,q05s6,0,1.381726,5,ok,,client-side:900,1.13,226047,127895017535536,2026-09-06T18:36:33.868-05:00
bd7ca8cfdec0,campaign-sf1,mado,tpch,Q05,Complex,oracle,non-indexed,1,8,0,-1,django,sql,q05s7,2,1.533039,,ok,,client-side:900,1.13,226047,127895017535536,2026-09-06T18:36:35.406-05:00
bd7ca8cfdec0,campaign-sf1,mado,tpch,Q05,Complex,oracle,non-indexed,1,8,0,-1,django,orm,q05s7,2,1.007805,,ok,,client-side:900,1.13,226047,127895017535536,2026-09-06T18:36:36.414-05:00
bd7ca8cfdec0,campaign-sf1,mado,tpch,Q05,Complex,oracle,non-indexed,1,8,0,-1,sqlalchemy,sql,q05s7,2,1.541175,,ok,,client-side:900,1.13,226047,127895017535536,2026-09-06T18:36:37.955-05:00
bd7ca8cfdec0,campaign-sf1,mado,tpch,Q05,Complex,oracle,non-indexed,1,8,0,-1,sqlalchemy,orm,q05s7,2,1.388158,,ok,,client-side:900,1.12,226047,127895017535536,2026-09-06T18:36:39.343-05:00
bd7ca8cfdec0,campaign-sf1,mado,tpch,Q05,Complex,oracle,non-indexed,1,8,0,0,django,sql,q05s7,0,1.363314,5,ok,,client-side:900,1.12,226047,127895017535536,2026-09-06T18:36:40.707-05:00
bd7ca8cfdec0,campaign-sf1,mado,tpch,Q05,Complex,oracle,non-indexed,1,8,0,1,django,orm,q05s7,0,1.00763,5,ok,,client-side:900,1.12,226047,127895017535536,2026-09-06T18:36:41.715-05:00
bd7ca8cfdec0,campaign-sf1,mado,tpch,Q05,Complex,oracle,non-indexed,1,8,0,2,sqlalchemy,sql,q05s7,0,1.363192,5,ok,,client-side:900,1.12,226047,127895017535536,2026-09-06T18:36:43.078-05:00
bd7ca8cfdec0,campaign-sf1,mado,tpch,Q05,Complex,oracle,non-indexed,1,8,0,3,sqlalchemy,orm,q05s7,0,1.386536,5,ok,,client-side:900,1.11,226047,127895017535536,2026-09-06T18:36:44.465-05:00
196250b82967,campaign-sf1,mado,tpch,Q06,Simple,oracle,non-indexed,1,0,2,0,sqlalchemy,orm,q06warm,1,1.372798,1,ok,,client-side:900,1.11,226096,130655016318832,2026-09-06T18:36:47.049-05:00
196250b82967,campaign-sf1,mado,tpch,Q06,Simple,oracle,non-indexed,1,0,2,1,sqlalchemy,sql,q06warm,1,0.694925,1,ok,,client-side:900,1.11,226096,130655016318832,2026-09-06T18:36:47.744-05:00
196250b82967,campaign-sf1,mado,tpch,Q06,Simple,oracle,non-indexed,1,0,2,2,django,orm,q06warm,1,1.32274,1,ok,,client-side:900,1.1,226096,130655016318832,2026-09-06T18:36:49.067-05:00
196250b82967,campaign-sf1,mado,tpch,Q06,Simple,oracle,non-indexed,1,0,2,3,django,sql,q06warm,1,0.724667,1,ok,,client-side:900,1.1,226096,130655016318832,2026-09-06T18:36:49.792-05:00
196250b82967,campaign-sf1,mado,tpch,Q06,Simple,oracle,non-indexed,1,1,1,-1,django,sql,q06s0,2,0.747071,,ok,,client-side:900,1.1,226096,130655016318832,2026-09-06T18:36:50.544-05:00
196250b82967,campaign-sf1,mado,tpch,Q06,Simple,oracle,non-indexed,1,1,1,-1,django,orm,q06s0,2,0.7114,,ok,,client-side:900,1.1,226096,130655016318832,2026-09-06T18:36:51.256-05:00
196250b82967,campaign-sf1,mado,tpch,Q06,Simple,oracle,non-indexed,1,1,1,-1,sqlalchemy,sql,q06s0,2,0.710001,,ok,,client-side:900,1.1,226096,130655016318832,2026-09-06T18:36:51.966-05:00
196250b82967,campaign-sf1,mado,tpch,Q06,Simple,oracle,non-indexed,1,1,1,-1,sqlalchemy,orm,q06s0,2,0.718475,,ok,,client-side:900,1.1,226096,130655016318832,2026-09-06T18:36:52.684-05:00
196250b82967,campaign-sf1,mado,tpch,Q06,Simple,oracle,non-indexed,1,1,1,0,django,orm,q06s0,0,0.710704,1,ok,,client-side:900,1.09,226096,130655016318832,2026-09-06T18:36:53.395-05:00
196250b82967,campaign-sf1,mado,tpch,Q06,Simple,oracle,non-indexed,1,1,1,1,sqlalchemy,orm,q06s0,0,0.71677,1,ok,,client-side:900,1.09,226096,130655016318832,2026-09-06T18:36:54.112-05:00
196250b82967,campaign-sf1,mado,tpch,Q06,Simple,oracle,non-indexed,1,1,1,2,django,sql,q06s0,0,0.755278,1,ok,,client-side:900,1.09,226096,130655016318832,2026-09-06T18:36:54.867-05:00
196250b82967,campaign-sf1,mado,tpch,Q06,Simple,oracle,non-indexed,1,1,1,3,sqlalchemy,sql,q06s0,0,0.7085,1,ok,,client-side:900,1.09,226096,130655016318832,2026-09-06T18:36:55.576-05:00
196250b82967,campaign-sf1,mado,tpch,Q06,Simple,oracle,non-indexed,1,2,0,-1,django,sql,q06s1,2,0.755013,,ok,,client-side:900,1.09,226096,130655016318832,2026-09-06T18:36:56.338-05:00
196250b82967,campaign-sf1,mado,tpch,Q06,Simple,oracle,non-indexed,1,2,0,-1,django,orm,q06s1,2,0.709013,,ok,,client-side:900,1.09,226096,130655016318832,2026-09-06T18:36:57.048-05:00
196250b82967,campaign-sf1,mado,tpch,Q06,Simple,oracle,non-indexed,1,2,0,-1,sqlalchemy,sql,q06s1,2,0.702369,,ok,,client-side:900,1.09,226096,130655016318832,2026-09-06T18:36:57.750-05:00
196250b82967,campaign-sf1,mado,tpch,Q06,Simple,oracle,non-indexed,1,2,0,-1,sqlalchemy,orm,q06s1,2,0.71076,,ok,,client-side:900,1.08,226096,130655016318832,2026-09-06T18:36:58.461-05:00
196250b82967,campaign-sf1,mado,tpch,Q06,Simple,oracle,non-indexed,1,2,0,0,django,sql,q06s1,0,0.757497,1,ok,,client-side:900,1.08,226096,130655016318832,2026-09-06T18:36:59.218-05:00
196250b82967,campaign-sf1,mado,tpch,Q06,Simple,oracle,non-indexed,1,2,0,1,django,orm,q06s1,0,0.708457,1,ok,,client-side:900,1.08,226096,130655016318832,2026-09-06T18:36:59.927-05:00
196250b82967,campaign-sf1,mado,tpch,Q06,Simple,oracle,non-indexed,1,2,0,2,sqlalchemy,sql,q06s1,0,0.708574,1,ok,,client-side:900,1.08,226096,130655016318832,2026-09-06T18:37:00.636-05:00
196250b82967,campaign-sf1,mado,tpch,Q06,Simple,oracle,non-indexed,1,2,0,3,sqlalchemy,orm,q06s1,0,0.70926,1,ok,,client-side:900,1.08,226096,130655016318832,2026-09-06T18:37:01.345-05:00
196250b82967,campaign-sf1,mado,tpch,Q06,Simple,oracle,non-indexed,1,3,3,-1,django,sql,q06s2,2,0.749363,,ok,,client-side:900,1.08,226096,130655016318832,2026-09-06T18:37:02.099-05:00
196250b82967,campaign-sf1,mado,tpch,Q06,Simple,oracle,non-indexed,1,3,3,-1,django,orm,q06s2,2,0.707877,,ok,,client-side:900,1.08,226096,130655016318832,2026-09-06T18:37:02.807-05:00
196250b82967,campaign-sf1,mado,tpch,Q06,Simple,oracle,non-indexed,1,3,3,-1,sqlalchemy,sql,q06s2,2,0.705003,,ok,,client-side:900,1.08,226096,130655016318832,2026-09-06T18:37:03.512-05:00
196250b82967,campaign-sf1,mado,tpch,Q06,Simple,oracle,non-indexed,1,3,3,-1,sqlalchemy,orm,q06s2,2,0.709784,,ok,,client-side:900,1.08,226096,130655016318832,2026-09-06T18:37:04.222-05:00
196250b82967,campaign-sf1,mado,tpch,Q06,Simple,oracle,non-indexed,1,3,3,0,sqlalchemy,sql,q06s2,0,0.703579,1,ok,,client-side:900,1.08,226096,130655016318832,2026-09-06T18:37:04.926-05:00
196250b82967,campaign-sf1,mado,tpch,Q06,Simple,oracle,non-indexed,1,3,3,1,django,sql,q06s2,0,0.749024,1,ok,,client-side:900,1.08,226096,130655016318832,2026-09-06T18:37:05.675-05:00
196250b82967,campaign-sf1,mado,tpch,Q06,Simple,oracle,non-indexed,1,3,3,2,sqlalchemy,orm,q06s2,0,0.709924,1,ok,,client-side:900,1.08,226096,130655016318832,2026-09-06T18:37:06.385-05:00
196250b82967,campaign-sf1,mado,tpch,Q06,Simple,oracle,non-indexed,1,3,3,3,django,orm,q06s2,0,0.708614,1,ok,,client-side:900,1.08,226096,130655016318832,2026-09-06T18:37:07.093-05:00
196250b82967,campaign-sf1,mado,tpch,Q06,Simple,oracle,non-indexed,1,4,2,-1,django,sql,q06s3,2,0.760359,,ok,,client-side:900,1.08,226096,130655016318832,2026-09-06T18:37:07.859-05:00
196250b82967,campaign-sf1,mado,tpch,Q06,Simple,oracle,non-indexed,1,4,2,-1,django,orm,q06s3,2,0.714361,,ok,,client-side:900,1.07,226096,130655016318832,2026-09-06T18:37:08.573-05:00
196250b82967,campaign-sf1,mado,tpch,Q06,Simple,oracle,non-indexed,1,4,2,-1,sqlalchemy,sql,q06s3,2,0.71317,,ok,,client-side:900,1.07,226096,130655016318832,2026-09-06T18:37:09.287-05:00
196250b82967,campaign-sf1,mado,tpch,Q06,Simple,oracle,non-indexed,1,4,2,-1,sqlalchemy,orm,q06s3,2,0.715706,,ok,,client-side:900,1.07,226096,130655016318832,2026-09-06T18:37:10.002-05:00
196250b82967,campaign-sf1,mado,tpch,Q06,Simple,oracle,non-indexed,1,4,2,0,sqlalchemy,orm,q06s3,0,0.721272,1,ok,,client-side:900,1.07,226096,130655016318832,2026-09-06T18:37:10.724-05:00
196250b82967,campaign-sf1,mado,tpch,Q06,Simple,oracle,non-indexed,1,4,2,1,sqlalchemy,sql,q06s3,0,0.71608,1,ok,,client-side:900,1.07,226096,130655016318832,2026-09-06T18:37:11.440-05:00
196250b82967,campaign-sf1,mado,tpch,Q06,Simple,oracle,non-indexed,1,4,2,2,django,orm,q06s3,0,0.716724,1,ok,,client-side:900,1.07,226096,130655016318832,2026-09-06T18:37:12.157-05:00
196250b82967,campaign-sf1,mado,tpch,Q06,Simple,oracle,non-indexed,1,4,2,3,django,sql,q06s3,0,0.759701,1,ok,,client-side:900,1.07,226096,130655016318832,2026-09-06T18:37:12.917-05:00
196250b82967,campaign-sf1,mado,tpch,Q06,Simple,oracle,non-indexed,1,5,3,-1,django,sql,q06s4,2,0.738665,,ok,,client-side:900,1.06,226096,130655016318832,2026-09-06T18:37:13.660-05:00
196250b82967,campaign-sf1,mado,tpch,Q06,Simple,oracle,non-indexed,1,5,3,-1,django,orm,q06s4,2,0.703483,,ok,,client-side:900,1.06,226096,130655016318832,2026-09-06T18:37:14.364-05:00
196250b82967,campaign-sf1,mado,tpch,Q06,Simple,oracle,non-indexed,1,5,3,-1,sqlalchemy,sql,q06s4,2,0.701041,,ok,,client-side:900,1.06,226096,130655016318832,2026-09-06T18:37:15.065-05:00
196250b82967,campaign-sf1,mado,tpch,Q06,Simple,oracle,non-indexed,1,5,3,-1,sqlalchemy,orm,q06s4,2,0.708556,,ok,,client-side:900,1.06,226096,130655016318832,2026-09-06T18:37:15.774-05:00
196250b82967,campaign-sf1,mado,tpch,Q06,Simple,oracle,non-indexed,1,5,3,0,sqlalchemy,sql,q06s4,0,0.701647,1,ok,,client-side:900,1.06,226096,130655016318832,2026-09-06T18:37:16.475-05:00
196250b82967,campaign-sf1,mado,tpch,Q06,Simple,oracle,non-indexed,1,5,3,1,django,sql,q06s4,0,0.739607,1,ok,,client-side:900,1.06,226096,130655016318832,2026-09-06T18:37:17.215-05:00
196250b82967,campaign-sf1,mado,tpch,Q06,Simple,oracle,non-indexed,1,5,3,2,sqlalchemy,orm,q06s4,0,0.70433,1,ok,,client-side:900,1.06,226096,130655016318832,2026-09-06T18:37:17.919-05:00
196250b82967,campaign-sf1,mado,tpch,Q06,Simple,oracle,non-indexed,1,5,3,3,django,orm,q06s4,0,0.703007,1,ok,,client-side:900,1.06,226096,130655016318832,2026-09-06T18:37:18.623-05:00
196250b82967,campaign-sf1,mado,tpch,Q06,Simple,oracle,non-indexed,1,6,1,-1,django,sql,q06s5,2,0.716018,,ok,,client-side:900,1.06,226096,130655016318832,2026-09-06T18:37:19.343-05:00
196250b82967,campaign-sf1,mado,tpch,Q06,Simple,oracle,non-indexed,1,6,1,-1,django,orm,q06s5,2,0.690954,,ok,,client-side:900,1.06,226096,130655016318832,2026-09-06T18:37:20.034-05:00
196250b82967,campaign-sf1,mado,tpch,Q06,Simple,oracle,non-indexed,1,6,1,-1,sqlalchemy,sql,q06s5,2,0.686014,,ok,,client-side:900,1.06,226096,130655016318832,2026-09-06T18:37:20.720-05:00
196250b82967,campaign-sf1,mado,tpch,Q06,Simple,oracle,non-indexed,1,6,1,-1,sqlalchemy,orm,q06s5,2,0.697556,,ok,,client-side:900,1.06,226096,130655016318832,2026-09-06T18:37:21.418-05:00
196250b82967,campaign-sf1,mado,tpch,Q06,Simple,oracle,non-indexed,1,6,1,0,django,orm,q06s5,0,0.694158,1,ok,,client-side:900,1.06,226096,130655016318832,2026-09-06T18:37:22.112-05:00
196250b82967,campaign-sf1,mado,tpch,Q06,Simple,oracle,non-indexed,1,6,1,1,sqlalchemy,orm,q06s5,0,0.692802,1,ok,,client-side:900,1.06,226096,130655016318832,2026-09-06T18:37:22.805-05:00
196250b82967,campaign-sf1,mado,tpch,Q06,Simple,oracle,non-indexed,1,6,1,2,django,sql,q06s5,0,0.714652,1,ok,,client-side:900,1.05,226096,130655016318832,2026-09-06T18:37:23.520-05:00
196250b82967,campaign-sf1,mado,tpch,Q06,Simple,oracle,non-indexed,1,6,1,3,sqlalchemy,sql,q06s5,0,0.687673,1,ok,,client-side:900,1.05,226096,130655016318832,2026-09-06T18:37:24.207-05:00
196250b82967,campaign-sf1,mado,tpch,Q06,Simple,oracle,non-indexed,1,7,0,-1,django,sql,q06s6,2,0.760571,,ok,,client-side:900,1.05,226096,130655016318832,2026-09-06T18:37:24.973-05:00
196250b82967,campaign-sf1,mado,tpch,Q06,Simple,oracle,non-indexed,1,7,0,-1,django,orm,q06s6,2,0.714517,,ok,,client-side:900,1.05,226096,130655016318832,2026-09-06T18:37:25.688-05:00
196250b82967,campaign-sf1,mado,tpch,Q06,Simple,oracle,non-indexed,1,7,0,-1,sqlalchemy,sql,q06s6,2,0.713704,,ok,,client-side:900,1.05,226096,130655016318832,2026-09-06T18:37:26.401-05:00
196250b82967,campaign-sf1,mado,tpch,Q06,Simple,oracle,non-indexed,1,7,0,-1,sqlalchemy,orm,q06s6,2,0.717244,,ok,,client-side:900,1.05,226096,130655016318832,2026-09-06T18:37:27.119-05:00
196250b82967,campaign-sf1,mado,tpch,Q06,Simple,oracle,non-indexed,1,7,0,0,django,sql,q06s6,0,0.759891,1,ok,,client-side:900,1.05,226096,130655016318832,2026-09-06T18:37:27.879-05:00
196250b82967,campaign-sf1,mado,tpch,Q06,Simple,oracle,non-indexed,1,7,0,1,django,orm,q06s6,0,0.714593,1,ok,,client-side:900,1.05,226096,130655016318832,2026-09-06T18:37:28.593-05:00
196250b82967,campaign-sf1,mado,tpch,Q06,Simple,oracle,non-indexed,1,7,0,2,sqlalchemy,sql,q06s6,0,0.712433,1,ok,,client-side:900,1.05,226096,130655016318832,2026-09-06T18:37:29.306-05:00
196250b82967,campaign-sf1,mado,tpch,Q06,Simple,oracle,non-indexed,1,7,0,3,sqlalchemy,orm,q06s6,0,0.716789,1,ok,,client-side:900,1.05,226096,130655016318832,2026-09-06T18:37:30.023-05:00
196250b82967,campaign-sf1,mado,tpch,Q06,Simple,oracle,non-indexed,1,8,2,-1,django,sql,q06s7,2,0.746643,,ok,,client-side:900,1.05,226096,130655016318832,2026-09-06T18:37:30.774-05:00
196250b82967,campaign-sf1,mado,tpch,Q06,Simple,oracle,non-indexed,1,8,2,-1,django,orm,q06s7,2,0.700913,,ok,,client-side:900,1.05,226096,130655016318832,2026-09-06T18:37:31.475-05:00
196250b82967,campaign-sf1,mado,tpch,Q06,Simple,oracle,non-indexed,1,8,2,-1,sqlalchemy,sql,q06s7,2,0.698419,,ok,,client-side:900,1.05,226096,130655016318832,2026-09-06T18:37:32.174-05:00
196250b82967,campaign-sf1,mado,tpch,Q06,Simple,oracle,non-indexed,1,8,2,-1,sqlalchemy,orm,q06s7,2,0.700983,,ok,,client-side:900,1.05,226096,130655016318832,2026-09-06T18:37:32.875-05:00
196250b82967,campaign-sf1,mado,tpch,Q06,Simple,oracle,non-indexed,1,8,2,0,sqlalchemy,orm,q06s7,0,0.69987,1,ok,,client-side:900,1.05,226096,130655016318832,2026-09-06T18:37:33.575-05:00
196250b82967,campaign-sf1,mado,tpch,Q06,Simple,oracle,non-indexed,1,8,2,1,sqlalchemy,sql,q06s7,0,0.698872,1,ok,,client-side:900,1.05,226096,130655016318832,2026-09-06T18:37:34.274-05:00
196250b82967,campaign-sf1,mado,tpch,Q06,Simple,oracle,non-indexed,1,8,2,2,django,orm,q06s7,0,0.700811,1,ok,,client-side:900,1.05,226096,130655016318832,2026-09-06T18:37:34.975-05:00
196250b82967,campaign-sf1,mado,tpch,Q06,Simple,oracle,non-indexed,1,8,2,3,django,sql,q06s7,0,0.745818,1,ok,,client-side:900,1.05,226096,130655016318832,2026-09-06T18:37:35.721-05:00
2bf6c7427a77,campaign-sf1,mado,tpch,Q07,Complex,oracle,non-indexed,1,0,1,0,django,orm,q07warm,1,1.9353,4,ok,,client-side:900,1.04,226104,127222052099888,2026-09-06T18:37:38.861-05:00
2bf6c7427a77,campaign-sf1,mado,tpch,Q07,Complex,oracle,non-indexed,1,0,1,1,sqlalchemy,orm,q07warm,1,1.967332,4,ok,,client-side:900,1.04,226104,127222052099888,2026-09-06T18:37:40.828-05:00
2bf6c7427a77,campaign-sf1,mado,tpch,Q07,Complex,oracle,non-indexed,1,0,1,2,django,sql,q07warm,1,1.251143,4,ok,,client-side:900,1.04,226104,127222052099888,2026-09-06T18:37:42.079-05:00
2bf6c7427a77,campaign-sf1,mado,tpch,Q07,Complex,oracle,non-indexed,1,0,1,3,sqlalchemy,sql,q07warm,1,1.254411,4,ok,,client-side:900,1.04,226104,127222052099888,2026-09-06T18:37:43.334-05:00
2bf6c7427a77,campaign-sf1,mado,tpch,Q07,Complex,oracle,non-indexed,1,1,1,-1,django,sql,q07s0,2,1.246871,,ok,,client-side:900,1.04,226104,127222052099888,2026-09-06T18:37:44.585-05:00
2bf6c7427a77,campaign-sf1,mado,tpch,Q07,Complex,oracle,non-indexed,1,1,1,-1,django,orm,q07s0,2,1.222358,,ok,,client-side:900,1.04,226104,127222052099888,2026-09-06T18:37:45.808-05:00
2bf6c7427a77,campaign-sf1,mado,tpch,Q07,Complex,oracle,non-indexed,1,1,1,-1,sqlalchemy,sql,q07s0,2,1.252268,,ok,,client-side:900,1.04,226104,127222052099888,2026-09-06T18:37:47.060-05:00
2bf6c7427a77,campaign-sf1,mado,tpch,Q07,Complex,oracle,non-indexed,1,1,1,-1,sqlalchemy,orm,q07s0,2,1.21976,,ok,,client-side:900,1.12,226104,127222052099888,2026-09-06T18:37:48.280-05:00
2bf6c7427a77,campaign-sf1,mado,tpch,Q07,Complex,oracle,non-indexed,1,1,1,0,django,orm,q07s0,0,1.216665,4,ok,,client-side:900,1.12,226104,127222052099888,2026-09-06T18:37:49.497-05:00
2bf6c7427a77,campaign-sf1,mado,tpch,Q07,Complex,oracle,non-indexed,1,1,1,1,sqlalchemy,orm,q07s0,0,1.216201,4,ok,,client-side:900,1.12,226104,127222052099888,2026-09-06T18:37:50.713-05:00
2bf6c7427a77,campaign-sf1,mado,tpch,Q07,Complex,oracle,non-indexed,1,1,1,2,django,sql,q07s0,0,1.228625,4,ok,,client-side:900,1.12,226104,127222052099888,2026-09-06T18:37:51.942-05:00
2bf6c7427a77,campaign-sf1,mado,tpch,Q07,Complex,oracle,non-indexed,1,1,1,3,sqlalchemy,sql,q07s0,0,1.214861,4,ok,,client-side:900,1.12,226104,127222052099888,2026-09-06T18:37:53.157-05:00
2bf6c7427a77,campaign-sf1,mado,tpch,Q07,Complex,oracle,non-indexed,1,2,0,-1,django,sql,q07s1,2,1.261005,,ok,,client-side:900,1.11,226104,127222052099888,2026-09-06T18:37:54.423-05:00
2bf6c7427a77,campaign-sf1,mado,tpch,Q07,Complex,oracle,non-indexed,1,2,0,-1,django,orm,q07s1,2,1.277677,,ok,,client-side:900,1.11,226104,127222052099888,2026-09-06T18:37:55.700-05:00
2bf6c7427a77,campaign-sf1,mado,tpch,Q07,Complex,oracle,non-indexed,1,2,0,-1,sqlalchemy,sql,q07s1,2,1.2604,,ok,,client-side:900,1.11,226104,127222052099888,2026-09-06T18:37:56.961-05:00
2bf6c7427a77,campaign-sf1,mado,tpch,Q07,Complex,oracle,non-indexed,1,2,0,-1,sqlalchemy,orm,q07s1,2,1.267642,,ok,,client-side:900,1.11,226104,127222052099888,2026-09-06T18:37:58.229-05:00
2bf6c7427a77,campaign-sf1,mado,tpch,Q07,Complex,oracle,non-indexed,1,2,0,0,django,sql,q07s1,0,1.233452,4,ok,,client-side:900,1.1,226104,127222052099888,2026-09-06T18:37:59.462-05:00
2bf6c7427a77,campaign-sf1,mado,tpch,Q07,Complex,oracle,non-indexed,1,2,0,1,django,orm,q07s1,0,1.232592,4,ok,,client-side:900,1.1,226104,127222052099888,2026-09-06T18:38:00.695-05:00
2bf6c7427a77,campaign-sf1,mado,tpch,Q07,Complex,oracle,non-indexed,1,2,0,2,sqlalchemy,sql,q07s1,0,1.221235,4,ok,,client-side:900,1.1,226104,127222052099888,2026-09-06T18:38:01.916-05:00
2bf6c7427a77,campaign-sf1,mado,tpch,Q07,Complex,oracle,non-indexed,1,2,0,3,sqlalchemy,orm,q07s1,0,1.224465,4,ok,,client-side:900,1.1,226104,127222052099888,2026-09-06T18:38:03.141-05:00
2bf6c7427a77,campaign-sf1,mado,tpch,Q07,Complex,oracle,non-indexed,1,3,3,-1,django,sql,q07s2,2,1.246581,,ok,,client-side:900,1.09,226104,127222052099888,2026-09-06T18:38:04.392-05:00
2bf6c7427a77,campaign-sf1,mado,tpch,Q07,Complex,oracle,non-indexed,1,3,3,-1,django,orm,q07s2,2,1.21296,,ok,,client-side:900,1.09,226104,127222052099888,2026-09-06T18:38:05.605-05:00
2bf6c7427a77,campaign-sf1,mado,tpch,Q07,Complex,oracle,non-indexed,1,3,3,-1,sqlalchemy,sql,q07s2,2,1.251325,,ok,,client-side:900,1.09,226104,127222052099888,2026-09-06T18:38:06.856-05:00
2bf6c7427a77,campaign-sf1,mado,tpch,Q07,Complex,oracle,non-indexed,1,3,3,-1,sqlalchemy,orm,q07s2,2,1.207195,,ok,,client-side:900,1.09,226104,127222052099888,2026-09-06T18:38:08.064-05:00
2bf6c7427a77,campaign-sf1,mado,tpch,Q07,Complex,oracle,non-indexed,1,3,3,0,sqlalchemy,sql,q07s2,0,1.208963,4,ok,,client-side:900,1.08,226104,127222052099888,2026-09-06T18:38:09.273-05:00
2bf6c7427a77,campaign-sf1,mado,tpch,Q07,Complex,oracle,non-indexed,1,3,3,1,django,sql,q07s2,0,1.217902,4,ok,,client-side:900,1.08,226104,127222052099888,2026-09-06T18:38:10.491-05:00
2bf6c7427a77,campaign-sf1,mado,tpch,Q07,Complex,oracle,non-indexed,1,3,3,2,sqlalchemy,orm,q07s2,0,1.214912,4,ok,,client-side:900,1.08,226104,127222052099888,2026-09-06T18:38:11.706-05:00
2bf6c7427a77,campaign-sf1,mado,tpch,Q07,Complex,oracle,non-indexed,1,3,3,3,django,orm,q07s2,0,1.225155,4,ok,,client-side:900,1.08,226104,127222052099888,2026-09-06T18:38:12.931-05:00
2bf6c7427a77,campaign-sf1,mado,tpch,Q07,Complex,oracle,non-indexed,1,4,2,-1,django,sql,q07s3,2,1.258936,,ok,,client-side:900,1.08,226104,127222052099888,2026-09-06T18:38:14.194-05:00
2bf6c7427a77,campaign-sf1,mado,tpch,Q07,Complex,oracle,non-indexed,1,4,2,-1,django,orm,q07s3,2,1.223659,,ok,,client-side:900,1.08,226104,127222052099888,2026-09-06T18:38:15.418-05:00
2bf6c7427a77,campaign-sf1,mado,tpch,Q07,Complex,oracle,non-indexed,1,4,2,-1,sqlalchemy,sql,q07s3,2,1.257719,,ok,,client-side:900,1.08,226104,127222052099888,2026-09-06T18:38:16.676-05:00
2bf6c7427a77,campaign-sf1,mado,tpch,Q07,Complex,oracle,non-indexed,1,4,2,-1,sqlalchemy,orm,q07s3,2,1.220015,,ok,,client-side:900,1.08,226104,127222052099888,2026-09-06T18:38:17.896-05:00
2bf6c7427a77,campaign-sf1,mado,tpch,Q07,Complex,oracle,non-indexed,1,4,2,0,sqlalchemy,orm,q07s3,0,1.220023,4,ok,,client-side:900,1.07,226104,127222052099888,2026-09-06T18:38:19.116-05:00
2bf6c7427a77,campaign-sf1,mado,tpch,Q07,Complex,oracle,non-indexed,1,4,2,1,sqlalchemy,sql,q07s3,0,1.226847,4,ok,,client-side:900,1.07,226104,127222052099888,2026-09-06T18:38:20.343-05:00
2bf6c7427a77,campaign-sf1,mado,tpch,Q07,Complex,oracle,non-indexed,1,4,2,2,django,orm,q07s3,0,1.222867,4,ok,,client-side:900,1.07,226104,127222052099888,2026-09-06T18:38:21.566-05:00
2bf6c7427a77,campaign-sf1,mado,tpch,Q07,Complex,oracle,non-indexed,1,4,2,3,django,sql,q07s3,0,1.23042,4,ok,,client-side:900,1.07,226104,127222052099888,2026-09-06T18:38:22.797-05:00
2bf6c7427a77,campaign-sf1,mado,tpch,Q07,Complex,oracle,non-indexed,1,5,3,-1,django,sql,q07s4,2,1.245471,,ok,,client-side:900,1.06,226104,127222052099888,2026-09-06T18:38:24.047-05:00
2bf6c7427a77,campaign-sf1,mado,tpch,Q07,Complex,oracle,non-indexed,1,5,3,-1,django,orm,q07s4,2,1.21308,,ok,,client-side:900,1.06,226104,127222052099888,2026-09-06T18:38:25.260-05:00
2bf6c7427a77,campaign-sf1,mado,tpch,Q07,Complex,oracle,non-indexed,1,5,3,-1,sqlalchemy,sql,q07s4,2,1.246526,,ok,,client-side:900,1.06,226104,127222052099888,2026-09-06T18:38:26.507-05:00
2bf6c7427a77,campaign-sf1,mado,tpch,Q07,Complex,oracle,non-indexed,1,5,3,-1,sqlalchemy,orm,q07s4,2,1.209083,,ok,,client-side:900,1.06,226104,127222052099888,2026-09-06T18:38:27.716-05:00
2bf6c7427a77,campaign-sf1,mado,tpch,Q07,Complex,oracle,non-indexed,1,5,3,0,sqlalchemy,sql,q07s4,0,1.220402,4,ok,,client-side:900,1.06,226104,127222052099888,2026-09-06T18:38:28.936-05:00
2bf6c7427a77,campaign-sf1,mado,tpch,Q07,Complex,oracle,non-indexed,1,5,3,1,django,sql,q07s4,0,1.218787,4,ok,,client-side:900,1.06,226104,127222052099888,2026-09-06T18:38:30.155-05:00
2bf6c7427a77,campaign-sf1,mado,tpch,Q07,Complex,oracle,non-indexed,1,5,3,2,sqlalchemy,orm,q07s4,0,1.20882,4,ok,,client-side:900,1.06,226104,127222052099888,2026-09-06T18:38:31.364-05:00
2bf6c7427a77,campaign-sf1,mado,tpch,Q07,Complex,oracle,non-indexed,1,5,3,3,django,orm,q07s4,0,1.209288,4,ok,,client-side:900,1.06,226104,127222052099888,2026-09-06T18:38:32.573-05:00
2bf6c7427a77,campaign-sf1,mado,tpch,Q07,Complex,oracle,non-indexed,1,6,0,-1,django,sql,q07s5,2,1.255173,,ok,,client-side:900,1.05,226104,127222052099888,2026-09-06T18:38:33.833-05:00
2bf6c7427a77,campaign-sf1,mado,tpch,Q07,Complex,oracle,non-indexed,1,6,0,-1,django,orm,q07s5,2,1.223797,,ok,,client-side:900,1.05,226104,127222052099888,2026-09-06T18:38:35.057-05:00
2bf6c7427a77,campaign-sf1,mado,tpch,Q07,Complex,oracle,non-indexed,1,6,0,-1,sqlalchemy,sql,q07s5,2,1.255798,,ok,,client-side:900,1.05,226104,127222052099888,2026-09-06T18:38:36.313-05:00
2bf6c7427a77,campaign-sf1,mado,tpch,Q07,Complex,oracle,non-indexed,1,6,0,-1,sqlalchemy,orm,q07s5,2,1.222157,,ok,,client-side:900,1.05,226104,127222052099888,2026-09-06T18:38:37.535-05:00
2bf6c7427a77,campaign-sf1,mado,tpch,Q07,Complex,oracle,non-indexed,1,6,0,0,django,sql,q07s5,0,1.228699,4,ok,,client-side:900,1.13,226104,127222052099888,2026-09-06T18:38:38.764-05:00
2bf6c7427a77,campaign-sf1,mado,tpch,Q07,Complex,oracle,non-indexed,1,6,0,1,django,orm,q07s5,0,1.221926,4,ok,,client-side:900,1.13,226104,127222052099888,2026-09-06T18:38:39.986-05:00
2bf6c7427a77,campaign-sf1,mado,tpch,Q07,Complex,oracle,non-indexed,1,6,0,2,sqlalchemy,sql,q07s5,0,1.214249,4,ok,,client-side:900,1.13,226104,127222052099888,2026-09-06T18:38:41.200-05:00
2bf6c7427a77,campaign-sf1,mado,tpch,Q07,Complex,oracle,non-indexed,1,6,0,3,sqlalchemy,orm,q07s5,0,1.216024,4,ok,,client-side:900,1.13,226104,127222052099888,2026-09-06T18:38:42.416-05:00
2bf6c7427a77,campaign-sf1,mado,tpch,Q07,Complex,oracle,non-indexed,1,7,2,-1,django,sql,q07s6,2,1.258892,,ok,,client-side:900,1.12,226104,127222052099888,2026-09-06T18:38:43.680-05:00
2bf6c7427a77,campaign-sf1,mado,tpch,Q07,Complex,oracle,non-indexed,1,7,2,-1,django,orm,q07s6,2,1.222812,,ok,,client-side:900,1.12,226104,127222052099888,2026-09-06T18:38:44.903-05:00
2bf6c7427a77,campaign-sf1,mado,tpch,Q07,Complex,oracle,non-indexed,1,7,2,-1,sqlalchemy,sql,q07s6,2,1.257114,,ok,,client-side:900,1.12,226104,127222052099888,2026-09-06T18:38:46.160-05:00
2bf6c7427a77,campaign-sf1,mado,tpch,Q07,Complex,oracle,non-indexed,1,7,2,-1,sqlalchemy,orm,q07s6,2,1.217896,,ok,,client-side:900,1.12,226104,127222052099888,2026-09-06T18:38:47.378-05:00
2bf6c7427a77,campaign-sf1,mado,tpch,Q07,Complex,oracle,non-indexed,1,7,2,0,sqlalchemy,orm,q07s6,0,1.216157,4,ok,,client-side:900,1.11,226104,127222052099888,2026-09-06T18:38:48.594-05:00
2bf6c7427a77,campaign-sf1,mado,tpch,Q07,Complex,oracle,non-indexed,1,7,2,1,sqlalchemy,sql,q07s6,0,1.211,4,ok,,client-side:900,1.11,226104,127222052099888,2026-09-06T18:38:49.805-05:00
2bf6c7427a77,campaign-sf1,mado,tpch,Q07,Complex,oracle,non-indexed,1,7,2,2,django,orm,q07s6,0,1.219829,4,ok,,client-side:900,1.11,226104,127222052099888,2026-09-06T18:38:51.025-05:00
2bf6c7427a77,campaign-sf1,mado,tpch,Q07,Complex,oracle,non-indexed,1,7,2,3,django,sql,q07s6,0,1.226545,4,ok,,client-side:900,1.11,226104,127222052099888,2026-09-06T18:38:52.252-05:00
2bf6c7427a77,campaign-sf1,mado,tpch,Q07,Complex,oracle,non-indexed,1,8,1,-1,django,sql,q07s7,2,1.258663,,ok,,client-side:900,1.1,226104,127222052099888,2026-09-06T18:38:53.515-05:00
2bf6c7427a77,campaign-sf1,mado,tpch,Q07,Complex,oracle,non-indexed,1,8,1,-1,django,orm,q07s7,2,1.228285,,ok,,client-side:900,1.1,226104,127222052099888,2026-09-06T18:38:54.743-05:00
2bf6c7427a77,campaign-sf1,mado,tpch,Q07,Complex,oracle,non-indexed,1,8,1,-1,sqlalchemy,sql,q07s7,2,1.258892,,ok,,client-side:900,1.1,226104,127222052099888,2026-09-06T18:38:56.002-05:00
2bf6c7427a77,campaign-sf1,mado,tpch,Q07,Complex,oracle,non-indexed,1,8,1,-1,sqlalchemy,orm,q07s7,2,1.223406,,ok,,client-side:900,1.1,226104,127222052099888,2026-09-06T18:38:57.226-05:00
2bf6c7427a77,campaign-sf1,mado,tpch,Q07,Complex,oracle,non-indexed,1,8,1,0,django,orm,q07s7,0,1.22529,4,ok,,client-side:900,1.09,226104,127222052099888,2026-09-06T18:38:58.451-05:00
2bf6c7427a77,campaign-sf1,mado,tpch,Q07,Complex,oracle,non-indexed,1,8,1,1,sqlalchemy,orm,q07s7,0,1.223089,4,ok,,client-side:900,1.09,226104,127222052099888,2026-09-06T18:38:59.674-05:00
2bf6c7427a77,campaign-sf1,mado,tpch,Q07,Complex,oracle,non-indexed,1,8,1,2,django,sql,q07s7,0,1.232343,4,ok,,client-side:900,1.09,226104,127222052099888,2026-09-06T18:39:00.907-05:00
2bf6c7427a77,campaign-sf1,mado,tpch,Q07,Complex,oracle,non-indexed,1,8,1,3,sqlalchemy,sql,q07s7,0,1.216194,4,ok,,client-side:900,1.09,226104,127222052099888,2026-09-06T18:39:02.123-05:00
38c68e9d0d54,campaign-sf1,mado,tpch,Q08,Very Complex,oracle,non-indexed,1,0,0,0,django,sql,q08warm,1,1.765938,2,ok,,client-side:900,1.08,226160,127838744572944,2026-09-06T18:39:05.119-05:00
38c68e9d0d54,campaign-sf1,mado,tpch,Q08,Very Complex,oracle,non-indexed,1,0,0,1,django,orm,q08warm,1,1.18519,2,ok,,client-side:900,1.08,226160,127838744572944,2026-09-06T18:39:06.305-05:00
38c68e9d0d54,campaign-sf1,mado,tpch,Q08,Very Complex,oracle,non-indexed,1,0,0,2,sqlalchemy,sql,q08warm,1,1.785877,2,ok,,client-side:900,1.08,226160,127838744572944,2026-09-06T18:39:08.091-05:00
38c68e9d0d54,campaign-sf1,mado,tpch,Q08,Very Complex,oracle,non-indexed,1,0,0,3,sqlalchemy,orm,q08warm,1,1.137773,2,ok,,client-side:900,1.08,226160,127838744572944,2026-09-06T18:39:09.229-05:00
38c68e9d0d54,campaign-sf1,mado,tpch,Q08,Very Complex,oracle,non-indexed,1,1,0,-1,django,sql,q08s0,2,1.092523,,ok,,client-side:900,1.08,226160,127838744572944,2026-09-06T18:39:10.326-05:00
38c68e9d0d54,campaign-sf1,mado,tpch,Q08,Very Complex,oracle,non-indexed,1,1,0,-1,django,orm,q08s0,2,1.07679,,ok,,client-side:900,1.08,226160,127838744572944,2026-09-06T18:39:11.403-05:00
38c68e9d0d54,campaign-sf1,mado,tpch,Q08,Very Complex,oracle,non-indexed,1,1,0,-1,sqlalchemy,sql,q08s0,2,1.098827,,ok,,client-side:900,1.08,226160,127838744572944,2026-09-06T18:39:12.502-05:00
38c68e9d0d54,campaign-sf1,mado,tpch,Q08,Very Complex,oracle,non-indexed,1,1,0,-1,sqlalchemy,orm,q08s0,2,1.085284,,ok,,client-side:900,1.07,226160,127838744572944,2026-09-06T18:39:13.587-05:00
38c68e9d0d54,campaign-sf1,mado,tpch,Q08,Very Complex,oracle,non-indexed,1,1,0,0,django,sql,q08s0,0,1.075246,2,ok,,client-side:900,1.07,226160,127838744572944,2026-09-06T18:39:14.662-05:00
38c68e9d0d54,campaign-sf1,mado,tpch,Q08,Very Complex,oracle,non-indexed,1,1,0,1,django,orm,q08s0,0,1.080256,2,ok,,client-side:900,1.07,226160,127838744572944,2026-09-06T18:39:15.743-05:00
38c68e9d0d54,campaign-sf1,mado,tpch,Q08,Very Complex,oracle,non-indexed,1,1,0,2,sqlalchemy,sql,q08s0,0,1.078906,2,ok,,client-side:900,1.07,226160,127838744572944,2026-09-06T18:39:16.822-05:00
38c68e9d0d54,campaign-sf1,mado,tpch,Q08,Very Complex,oracle,non-indexed,1,1,0,3,sqlalchemy,orm,q08s0,0,1.080795,2,ok,,client-side:900,1.07,226160,127838744572944,2026-09-06T18:39:17.902-05:00
38c68e9d0d54,campaign-sf1,mado,tpch,Q08,Very Complex,oracle,non-indexed,1,2,2,-1,django,sql,q08s1,2,1.082285,,ok,,client-side:900,1.06,226160,127838744572944,2026-09-06T18:39:18.989-05:00
38c68e9d0d54,campaign-sf1,mado,tpch,Q08,Very Complex,oracle,non-indexed,1,2,2,-1,django,orm,q08s1,2,1.072975,,ok,,client-side:900,1.06,226160,127838744572944,2026-09-06T18:39:20.062-05:00
38c68e9d0d54,campaign-sf1,mado,tpch,Q08,Very Complex,oracle,non-indexed,1,2,2,-1,sqlalchemy,sql,q08s1,2,1.09143,,ok,,client-side:900,1.06,226160,127838744572944,2026-09-06T18:39:21.154-05:00
38c68e9d0d54,campaign-sf1,mado,tpch,Q08,Very Complex,oracle,non-indexed,1,2,2,-1,sqlalchemy,orm,q08s1,2,1.082544,,ok,,client-side:900,1.06,226160,127838744572944,2026-09-06T18:39:22.236-05:00
38c68e9d0d54,campaign-sf1,mado,tpch,Q08,Very Complex,oracle,non-indexed,1,2,2,0,sqlalchemy,orm,q08s1,0,1.079109,2,ok,,client-side:900,1.06,226160,127838744572944,2026-09-06T18:39:23.316-05:00
38c68e9d0d54,campaign-sf1,mado,tpch,Q08,Very Complex,oracle,non-indexed,1,2,2,1,sqlalchemy,sql,q08s1,0,1.075887,2,ok,,client-side:900,1.06,226160,127838744572944,2026-09-06T18:39:24.392-05:00
38c68e9d0d54,campaign-sf1,mado,tpch,Q08,Very Complex,oracle,non-indexed,1,2,2,2,django,orm,q08s1,0,1.075325,2,ok,,client-side:900,1.06,226160,127838744572944,2026-09-06T18:39:25.467-05:00
38c68e9d0d54,campaign-sf1,mado,tpch,Q08,Very Complex,oracle,non-indexed,1,2,2,3,django,sql,q08s1,0,1.068692,2,ok,,client-side:900,1.06,226160,127838744572944,2026-09-06T18:39:26.536-05:00
38c68e9d0d54,campaign-sf1,mado,tpch,Q08,Very Complex,oracle,non-indexed,1,3,3,-1,django,sql,q08s2,2,1.085331,,ok,,client-side:900,1.06,226160,127838744572944,2026-09-06T18:39:27.626-05:00
38c68e9d0d54,campaign-sf1,mado,tpch,Q08,Very Complex,oracle,non-indexed,1,3,3,-1,django,orm,q08s2,2,1.073244,,ok,,client-side:900,1.05,226160,127838744572944,2026-09-06T18:39:28.699-05:00
38c68e9d0d54,campaign-sf1,mado,tpch,Q08,Very Complex,oracle,non-indexed,1,3,3,-1,sqlalchemy,sql,q08s2,2,1.092686,,ok,,client-side:900,1.05,226160,127838744572944,2026-09-06T18:39:29.792-05:00
38c68e9d0d54,campaign-sf1,mado,tpch,Q08,Very Complex,oracle,non-indexed,1,3,3,-1,sqlalchemy,orm,q08s2,2,1.081197,,ok,,client-side:900,1.05,226160,127838744572944,2026-09-06T18:39:30.873-05:00
38c68e9d0d54,campaign-sf1,mado,tpch,Q08,Very Complex,oracle,non-indexed,1,3,3,0,sqlalchemy,sql,q08s2,0,1.079391,2,ok,,client-side:900,1.05,226160,127838744572944,2026-09-06T18:39:31.952-05:00
38c68e9d0d54,campaign-sf1,mado,tpch,Q08,Very Complex,oracle,non-indexed,1,3,3,1,django,sql,q08s2,0,1.073326,2,ok,,client-side:900,1.05,226160,127838744572944,2026-09-06T18:39:33.026-05:00
38c68e9d0d54,campaign-sf1,mado,tpch,Q08,Very Complex,oracle,non-indexed,1,3,3,2,sqlalchemy,orm,q08s2,0,1.078253,2,ok,,client-side:900,1.13,226160,127838744572944,2026-09-06T18:39:34.104-05:00
38c68e9d0d54,campaign-sf1,mado,tpch,Q08,Very Complex,oracle,non-indexed,1,3,3,3,django,orm,q08s2,0,1.073636,2,ok,,client-side:900,1.13,226160,127838744572944,2026-09-06T18:39:35.178-05:00
38c68e9d0d54,campaign-sf1,mado,tpch,Q08,Very Complex,oracle,non-indexed,1,4,1,-1,django,sql,q08s3,2,1.087991,,ok,,client-side:900,1.13,226160,127838744572944,2026-09-06T18:39:36.271-05:00
38c68e9d0d54,campaign-sf1,mado,tpch,Q08,Very Complex,oracle,non-indexed,1,4,1,-1,django,orm,q08s3,2,1.10426,,ok,,client-side:900,1.13,226160,127838744572944,2026-09-06T18:39:37.375-05:00
38c68e9d0d54,campaign-sf1,mado,tpch,Q08,Very Complex,oracle,non-indexed,1,4,1,-1,sqlalchemy,sql,q08s3,2,1.093783,,ok,,client-side:900,1.12,226160,127838744572944,2026-09-06T18:39:38.469-05:00
38c68e9d0d54,campaign-sf1,mado,tpch,Q08,Very Complex,oracle,non-indexed,1,4,1,-1,sqlalchemy,orm,q08s3,2,1.093977,,ok,,client-side:900,1.12,226160,127838744572944,2026-09-06T18:39:39.563-05:00
38c68e9d0d54,campaign-sf1,mado,tpch,Q08,Very Complex,oracle,non-indexed,1,4,1,0,django,orm,q08s3,0,1.072535,2,ok,,client-side:900,1.12,226160,127838744572944,2026-09-06T18:39:40.636-05:00
38c68e9d0d54,campaign-sf1,mado,tpch,Q08,Very Complex,oracle,non-indexed,1,4,1,1,sqlalchemy,orm,q08s3,0,1.075659,2,ok,,client-side:900,1.12,226160,127838744572944,2026-09-06T18:39:41.711-05:00
38c68e9d0d54,campaign-sf1,mado,tpch,Q08,Very Complex,oracle,non-indexed,1,4,1,2,django,sql,q08s3,0,1.068447,2,ok,,client-side:900,1.12,226160,127838744572944,2026-09-06T18:39:42.780-05:00
38c68e9d0d54,campaign-sf1,mado,tpch,Q08,Very Complex,oracle,non-indexed,1,4,1,3,sqlalchemy,sql,q08s3,0,1.079495,2,ok,,client-side:900,1.11,226160,127838744572944,2026-09-06T18:39:43.860-05:00
38c68e9d0d54,campaign-sf1,mado,tpch,Q08,Very Complex,oracle,non-indexed,1,5,0,-1,django,sql,q08s4,2,1.093302,,ok,,client-side:900,1.11,226160,127838744572944,2026-09-06T18:39:44.957-05:00
38c68e9d0d54,campaign-sf1,mado,tpch,Q08,Very Complex,oracle,non-indexed,1,5,0,-1,django,orm,q08s4,2,1.085216,,ok,,client-side:900,1.11,226160,127838744572944,2026-09-06T18:39:46.043-05:00
38c68e9d0d54,campaign-sf1,mado,tpch,Q08,Very Complex,oracle,non-indexed,1,5,0,-1,sqlalchemy,sql,q08s4,2,1.096137,,ok,,client-side:900,1.11,226160,127838744572944,2026-09-06T18:39:47.139-05:00
38c68e9d0d54,campaign-sf1,mado,tpch,Q08,Very Complex,oracle,non-indexed,1,5,0,-1,sqlalchemy,orm,q08s4,2,1.080662,,ok,,client-side:900,1.11,226160,127838744572944,2026-09-06T18:39:48.220-05:00
38c68e9d0d54,campaign-sf1,mado,tpch,Q08,Very Complex,oracle,non-indexed,1,5,0,0,django,sql,q08s4,0,1.072595,2,ok,,client-side:900,1.1,226160,127838744572944,2026-09-06T18:39:49.292-05:00
38c68e9d0d54,campaign-sf1,mado,tpch,Q08,Very Complex,oracle,non-indexed,1,5,0,1,django,orm,q08s4,0,1.073683,2,ok,,client-side:900,1.1,226160,127838744572944,2026-09-06T18:39:50.366-05:00
38c68e9d0d54,campaign-sf1,mado,tpch,Q08,Very Complex,oracle,non-indexed,1,5,0,2,sqlalchemy,sql,q08s4,0,1.083214,2,ok,,client-side:900,1.1,226160,127838744572944,2026-09-06T18:39:51.449-05:00
38c68e9d0d54,campaign-sf1,mado,tpch,Q08,Very Complex,oracle,non-indexed,1,5,0,3,sqlalchemy,orm,q08s4,0,1.080247,2,ok,,client-side:900,1.1,226160,127838744572944,2026-09-06T18:39:52.530-05:00
38c68e9d0d54,campaign-sf1,mado,tpch,Q08,Very Complex,oracle,non-indexed,1,6,1,-1,django,sql,q08s5,2,1.08672,,ok,,client-side:900,1.09,226160,127838744572944,2026-09-06T18:39:53.621-05:00
38c68e9d0d54,campaign-sf1,mado,tpch,Q08,Very Complex,oracle,non-indexed,1,6,1,-1,django,orm,q08s5,2,1.076747,,ok,,client-side:900,1.09,226160,127838744572944,2026-09-06T18:39:54.698-05:00
38c68e9d0d54,campaign-sf1,mado,tpch,Q08,Very Complex,oracle,non-indexed,1,6,1,-1,sqlalchemy,sql,q08s5,2,1.093527,,ok,,client-side:900,1.09,226160,127838744572944,2026-09-06T18:39:55.791-05:00
38c68e9d0d54,campaign-sf1,mado,tpch,Q08,Very Complex,oracle,non-indexed,1,6,1,-1,sqlalchemy,orm,q08s5,2,1.075859,,ok,,client-side:900,1.09,226160,127838744572944,2026-09-06T18:39:56.867-05:00
38c68e9d0d54,campaign-sf1,mado,tpch,Q08,Very Complex,oracle,non-indexed,1,6,1,0,django,orm,q08s5,0,1.070194,2,ok,,client-side:900,1.09,226160,127838744572944,2026-09-06T18:39:57.938-05:00
38c68e9d0d54,campaign-sf1,mado,tpch,Q08,Very Complex,oracle,non-indexed,1,6,1,1,sqlalchemy,orm,q08s5,0,1.107589,2,ok,,client-side:900,1.17,226160,127838744572944,2026-09-06T18:39:59.045-05:00
38c68e9d0d54,campaign-sf1,mado,tpch,Q08,Very Complex,oracle,non-indexed,1,6,1,2,django,sql,q08s5,0,1.077347,2,ok,,client-side:900,1.17,226160,127838744572944,2026-09-06T18:40:00.123-05:00
38c68e9d0d54,campaign-sf1,mado,tpch,Q08,Very Complex,oracle,non-indexed,1,6,1,3,sqlalchemy,sql,q08s5,0,1.11979,2,ok,,client-side:900,1.17,226160,127838744572944,2026-09-06T18:40:01.243-05:00
38c68e9d0d54,campaign-sf1,mado,tpch,Q08,Very Complex,oracle,non-indexed,1,7,2,-1,django,sql,q08s6,2,1.13747,,ok,,client-side:900,1.17,226160,127838744572944,2026-09-06T18:40:02.385-05:00
38c68e9d0d54,campaign-sf1,mado,tpch,Q08,Very Complex,oracle,non-indexed,1,7,2,-1,django,orm,q08s6,2,1.147338,,ok,,client-side:900,1.15,226160,127838744572944,2026-09-06T18:40:03.532-05:00
38c68e9d0d54,campaign-sf1,mado,tpch,Q08,Very Complex,oracle,non-indexed,1,7,2,-1,sqlalchemy,sql,q08s6,2,1.149124,,ok,,client-side:900,1.15,226160,127838744572944,2026-09-06T18:40:04.682-05:00
38c68e9d0d54,campaign-sf1,mado,tpch,Q08,Very Complex,oracle,non-indexed,1,7,2,-1,sqlalchemy,orm,q08s6,2,1.157279,,ok,,client-side:900,1.15,226160,127838744572944,2026-09-06T18:40:05.839-05:00
38c68e9d0d54,campaign-sf1,mado,tpch,Q08,Very Complex,oracle,non-indexed,1,7,2,0,sqlalchemy,orm,q08s6,0,1.17092,2,ok,,client-side:900,1.15,226160,127838744572944,2026-09-06T18:40:07.010-05:00
38c68e9d0d54,campaign-sf1,mado,tpch,Q08,Very Complex,oracle,non-indexed,1,7,2,1,sqlalchemy,sql,q08s6,0,1.090014,2,ok,,client-side:900,1.15,226160,127838744572944,2026-09-06T18:40:08.100-05:00
38c68e9d0d54,campaign-sf1,mado,tpch,Q08,Very Complex,oracle,non-indexed,1,7,2,2,django,orm,q08s6,0,1.078715,2,ok,,client-side:900,1.14,226160,127838744572944,2026-09-06T18:40:09.179-05:00
38c68e9d0d54,campaign-sf1,mado,tpch,Q08,Very Complex,oracle,non-indexed,1,7,2,3,django,sql,q08s6,0,1.068168,2,ok,,client-side:900,1.14,226160,127838744572944,2026-09-06T18:40:10.247-05:00
38c68e9d0d54,campaign-sf1,mado,tpch,Q08,Very Complex,oracle,non-indexed,1,8,3,-1,django,sql,q08s7,2,1.083976,,ok,,client-side:900,1.14,226160,127838744572944,2026-09-06T18:40:11.336-05:00
38c68e9d0d54,campaign-sf1,mado,tpch,Q08,Very Complex,oracle,non-indexed,1,8,3,-1,django,orm,q08s7,2,1.070271,,ok,,client-side:900,1.14,226160,127838744572944,2026-09-06T18:40:12.406-05:00
38c68e9d0d54,campaign-sf1,mado,tpch,Q08,Very Complex,oracle,non-indexed,1,8,3,-1,sqlalchemy,sql,q08s7,2,1.092019,,ok,,client-side:900,1.13,226160,127838744572944,2026-09-06T18:40:13.498-05:00
38c68e9d0d54,campaign-sf1,mado,tpch,Q08,Very Complex,oracle,non-indexed,1,8,3,-1,sqlalchemy,orm,q08s7,2,1.073648,,ok,,client-side:900,1.13,226160,127838744572944,2026-09-06T18:40:14.572-05:00
38c68e9d0d54,campaign-sf1,mado,tpch,Q08,Very Complex,oracle,non-indexed,1,8,3,0,sqlalchemy,sql,q08s7,0,1.073183,2,ok,,client-side:900,1.13,226160,127838744572944,2026-09-06T18:40:15.645-05:00
38c68e9d0d54,campaign-sf1,mado,tpch,Q08,Very Complex,oracle,non-indexed,1,8,3,1,django,sql,q08s7,0,1.065773,2,ok,,client-side:900,1.13,226160,127838744572944,2026-09-06T18:40:16.711-05:00
38c68e9d0d54,campaign-sf1,mado,tpch,Q08,Very Complex,oracle,non-indexed,1,8,3,2,sqlalchemy,orm,q08s7,0,1.072259,2,ok,,client-side:900,1.13,226160,127838744572944,2026-09-06T18:40:17.783-05:00
38c68e9d0d54,campaign-sf1,mado,tpch,Q08,Very Complex,oracle,non-indexed,1,8,3,3,django,orm,q08s7,0,1.078957,2,ok,,client-side:900,1.12,226160,127838744572944,2026-09-06T18:40:18.863-05:00
35fa533df0f8,campaign-sf1,mado,tpch,Q09,Very Complex,oracle,non-indexed,1,0,3,0,sqlalchemy,sql,q09warm,1,2.946207,175,ok,,client-side:900,1.12,226408,131148989953376,2026-09-06T18:40:23.006-05:00
35fa533df0f8,campaign-sf1,mado,tpch,Q09,Very Complex,oracle,non-indexed,1,0,3,1,django,sql,q09warm,1,2.901226,175,ok,,client-side:900,1.11,226408,131148989953376,2026-09-06T18:40:25.908-05:00
35fa533df0f8,campaign-sf1,mado,tpch,Q09,Very Complex,oracle,non-indexed,1,0,3,2,sqlalchemy,orm,q09warm,1,2.255187,175,ok,,client-side:900,1.11,226408,131148989953376,2026-09-06T18:40:28.163-05:00
35fa533df0f8,campaign-sf1,mado,tpch,Q09,Very Complex,oracle,non-indexed,1,0,3,3,django,orm,q09warm,1,3.988301,175,ok,,client-side:900,1.1,226408,131148989953376,2026-09-06T18:40:32.151-05:00
35fa533df0f8,campaign-sf1,mado,tpch,Q09,Very Complex,oracle,non-indexed,1,1,0,-1,django,sql,q09s0,2,2.472326,,ok,,client-side:900,1.09,226408,131148989953376,2026-09-06T18:40:34.628-05:00
35fa533df0f8,campaign-sf1,mado,tpch,Q09,Very Complex,oracle,non-indexed,1,1,0,-1,django,orm,q09s0,2,4.209438,,ok,,client-side:900,1.08,226408,131148989953376,2026-09-06T18:40:38.838-05:00
35fa533df0f8,campaign-sf1,mado,tpch,Q09,Very Complex,oracle,non-indexed,1,1,0,-1,sqlalchemy,sql,q09s0,2,2.745196,,ok,,client-side:900,1.08,226408,131148989953376,2026-09-06T18:40:41.583-05:00
35fa533df0f8,campaign-sf1,mado,tpch,Q09,Very Complex,oracle,non-indexed,1,1,0,-1,sqlalchemy,orm,q09s0,2,2.291505,,ok,,client-side:900,1.08,226408,131148989953376,2026-09-06T18:40:43.875-05:00
35fa533df0f8,campaign-sf1,mado,tpch,Q09,Very Complex,oracle,non-indexed,1,1,0,0,django,sql,q09s0,0,2.314021,175,ok,,client-side:900,1.08,226408,131148989953376,2026-09-06T18:40:46.189-05:00
35fa533df0f8,campaign-sf1,mado,tpch,Q09,Very Complex,oracle,non-indexed,1,1,0,1,django,orm,q09s0,0,3.870822,175,ok,,client-side:900,1.07,226408,131148989953376,2026-09-06T18:40:50.060-05:00
35fa533df0f8,campaign-sf1,mado,tpch,Q09,Very Complex,oracle,non-indexed,1,1,0,2,sqlalchemy,sql,q09s0,0,2.469952,175,ok,,client-side:900,1.07,226408,131148989953376,2026-09-06T18:40:52.530-05:00
35fa533df0f8,campaign-sf1,mado,tpch,Q09,Very Complex,oracle,non-indexed,1,1,0,3,sqlalchemy,orm,q09s0,0,2.292509,175,ok,,client-side:900,1.06,226408,131148989953376,2026-09-06T18:40:54.822-05:00
35fa533df0f8,campaign-sf1,mado,tpch,Q09,Very Complex,oracle,non-indexed,1,2,2,-1,django,sql,q09s1,2,2.21825,,ok,,client-side:900,1.06,226408,131148989953376,2026-09-06T18:40:57.045-05:00
35fa533df0f8,campaign-sf1,mado,tpch,Q09,Very Complex,oracle,non-indexed,1,2,2,-1,django,orm,q09s1,2,3.963364,,ok,,client-side:900,1.14,226408,131148989953376,2026-09-06T18:41:01.009-05:00
35fa533df0f8,campaign-sf1,mado,tpch,Q09,Very Complex,oracle,non-indexed,1,2,2,-1,sqlalchemy,sql,q09s1,2,2.467447,,ok,,client-side:900,1.13,226408,131148989953376,2026-09-06T18:41:03.476-05:00
35fa533df0f8,campaign-sf1,mado,tpch,Q09,Very Complex,oracle,non-indexed,1,2,2,-1,sqlalchemy,orm,q09s1,2,2.526287,,ok,,client-side:900,1.13,226408,131148989953376,2026-09-06T18:41:06.002-05:00
35fa533df0f8,campaign-sf1,mado,tpch,Q09,Very Complex,oracle,non-indexed,1,2,2,0,sqlalchemy,orm,q09s1,0,2.533584,175,ok,,client-side:900,1.12,226408,131148989953376,2026-09-06T18:41:08.536-05:00
35fa533df0f8,campaign-sf1,mado,tpch,Q09,Very Complex,oracle,non-indexed,1,2,2,1,sqlalchemy,sql,q09s1,0,2.171763,175,ok,,client-side:900,1.12,226408,131148989953376,2026-09-06T18:41:10.708-05:00
35fa533df0f8,campaign-sf1,mado,tpch,Q09,Very Complex,oracle,non-indexed,1,2,2,2,django,orm,q09s1,0,3.931078,175,ok,,client-side:900,1.11,226408,131148989953376,2026-09-06T18:41:14.639-05:00
35fa533df0f8,campaign-sf1,mado,tpch,Q09,Very Complex,oracle,non-indexed,1,2,2,3,django,sql,q09s1,0,2.483746,175,ok,,client-side:900,1.11,226408,131148989953376,2026-09-06T18:41:17.123-05:00
35fa533df0f8,campaign-sf1,mado,tpch,Q09,Very Complex,oracle,non-indexed,1,3,3,-1,django,sql,q09s2,2,2.449245,,ok,,client-side:900,1.1,226408,131148989953376,2026-09-06T18:41:19.577-05:00
35fa533df0f8,campaign-sf1,mado,tpch,Q09,Very Complex,oracle,non-indexed,1,3,3,-1,django,orm,q09s2,2,4.061914,,ok,,client-side:900,1.09,226408,131148989953376,2026-09-06T18:41:23.639-05:00
35fa533df0f8,campaign-sf1,mado,tpch,Q09,Very Complex,oracle,non-indexed,1,3,3,-1,sqlalchemy,sql,q09s2,2,2.685514,,ok,,client-side:900,1.09,226408,131148989953376,2026-09-06T18:41:26.324-05:00
35fa533df0f8,campaign-sf1,mado,tpch,Q09,Very Complex,oracle,non-indexed,1,3,3,-1,sqlalchemy,orm,q09s2,2,2.412938,,ok,,client-side:900,1.08,226408,131148989953376,2026-09-06T18:41:28.737-05:00
35fa533df0f8,campaign-sf1,mado,tpch,Q09,Very Complex,oracle,non-indexed,1,3,3,0,sqlalchemy,sql,q09s2,0,2.44757,175,ok,,client-side:900,1.08,226408,131148989953376,2026-09-06T18:41:31.185-05:00
35fa533df0f8,campaign-sf1,mado,tpch,Q09,Very Complex,oracle,non-indexed,1,3,3,1,django,sql,q09s2,0,2.268337,175,ok,,client-side:900,1.08,226408,131148989953376,2026-09-06T18:41:33.454-05:00
35fa533df0f8,campaign-sf1,mado,tpch,Q09,Very Complex,oracle,non-indexed,1,3,3,2,sqlalchemy,orm,q09s2,0,2.20987,175,ok,,client-side:900,1.08,226408,131148989953376,2026-09-06T18:41:35.664-05:00
35fa533df0f8,campaign-sf1,mado,tpch,Q09,Very Complex,oracle,non-indexed,1,3,3,3,django,orm,q09s2,0,3.876351,175,ok,,client-side:900,1.07,226408,131148989953376,2026-09-06T18:41:39.540-05:00
35fa533df0f8,campaign-sf1,mado,tpch,Q09,Very Complex,oracle,non-indexed,1,4,1,-1,django,sql,q09s3,2,2.494463,,ok,,client-side:900,1.07,226408,131148989953376,2026-09-06T18:41:42.039-05:00
35fa533df0f8,campaign-sf1,mado,tpch,Q09,Very Complex,oracle,non-indexed,1,4,1,-1,django,orm,q09s3,2,4.158641,,ok,,client-side:900,1.06,226408,131148989953376,2026-09-06T18:41:46.198-05:00
35fa533df0f8,campaign-sf1,mado,tpch,Q09,Very Complex,oracle,non-indexed,1,4,1,-1,sqlalchemy,sql,q09s3,2,2.584899,,ok,,client-side:900,1.06,226408,131148989953376,2026-09-06T18:41:48.783-05:00
35fa533df0f8,campaign-sf1,mado,tpch,Q09,Very Complex,oracle,non-indexed,1,4,1,-1,sqlalchemy,orm,q09s3,2,2.325347,,ok,,client-side:900,1.06,226408,131148989953376,2026-09-06T18:41:51.108-05:00
35fa533df0f8,campaign-sf1,mado,tpch,Q09,Very Complex,oracle,non-indexed,1,4,1,0,django,orm,q09s3,0,4.062444,175,ok,,client-side:900,1.05,226408,131148989953376,2026-09-06T18:41:55.171-05:00
35fa533df0f8,campaign-sf1,mado,tpch,Q09,Very Complex,oracle,non-indexed,1,4,1,1,sqlalchemy,orm,q09s3,0,2.661521,175,ok,,client-side:900,1.05,226408,131148989953376,2026-09-06T18:41:57.832-05:00
35fa533df0f8,campaign-sf1,mado,tpch,Q09,Very Complex,oracle,non-indexed,1,4,1,2,django,sql,q09s3,0,2.303604,175,ok,,client-side:900,1.05,226408,131148989953376,2026-09-06T18:42:00.136-05:00
35fa533df0f8,campaign-sf1,mado,tpch,Q09,Very Complex,oracle,non-indexed,1,4,1,3,sqlalchemy,sql,q09s3,0,2.179315,175,ok,,client-side:900,1.05,226408,131148989953376,2026-09-06T18:42:02.315-05:00
35fa533df0f8,campaign-sf1,mado,tpch,Q09,Very Complex,oracle,non-indexed,1,5,2,-1,django,sql,q09s4,2,2.208557,,ok,,client-side:900,1.05,226408,131148989953376,2026-09-06T18:42:04.528-05:00
35fa533df0f8,campaign-sf1,mado,tpch,Q09,Very Complex,oracle,non-indexed,1,5,2,-1,django,orm,q09s4,2,3.952717,,ok,,client-side:900,1.04,226408,131148989953376,2026-09-06T18:42:08.481-05:00
35fa533df0f8,campaign-sf1,mado,tpch,Q09,Very Complex,oracle,non-indexed,1,5,2,-1,sqlalchemy,sql,q09s4,2,2.395896,,ok,,client-side:900,1.04,226408,131148989953376,2026-09-06T18:42:10.877-05:00
35fa533df0f8,campaign-sf1,mado,tpch,Q09,Very Complex,oracle,non-indexed,1,5,2,-1,sqlalchemy,orm,q09s4,2,2.369873,,ok,,client-side:900,1.04,226408,131148989953376,2026-09-06T18:42:13.247-05:00
35fa533df0f8,campaign-sf1,mado,tpch,Q09,Very Complex,oracle,non-indexed,1,5,2,0,sqlalchemy,orm,q09s4,0,2.578315,175,ok,,client-side:900,1.04,226408,131148989953376,2026-09-06T18:42:15.825-05:00
35fa533df0f8,campaign-sf1,mado,tpch,Q09,Very Complex,oracle,non-indexed,1,5,2,1,sqlalchemy,sql,q09s4,0,2.185973,175,ok,,client-side:900,1.04,226408,131148989953376,2026-09-06T18:42:18.011-05:00
35fa533df0f8,campaign-sf1,mado,tpch,Q09,Very Complex,oracle,non-indexed,1,5,2,2,django,orm,q09s4,0,3.960058,175,ok,,client-side:900,1.03,226408,131148989953376,2026-09-06T18:42:21.972-05:00
35fa533df0f8,campaign-sf1,mado,tpch,Q09,Very Complex,oracle,non-indexed,1,5,2,3,django,sql,q09s4,0,2.458531,175,ok,,client-side:900,1.03,226408,131148989953376,2026-09-06T18:42:24.430-05:00
35fa533df0f8,campaign-sf1,mado,tpch,Q09,Very Complex,oracle,non-indexed,1,6,0,-1,django,sql,q09s5,2,2.455816,,ok,,client-side:900,1.03,226408,131148989953376,2026-09-06T18:42:26.891-05:00
35fa533df0f8,campaign-sf1,mado,tpch,Q09,Very Complex,oracle,non-indexed,1,6,0,-1,django,orm,q09s5,2,4.055877,,ok,,client-side:900,1.03,226408,131148989953376,2026-09-06T18:42:30.947-05:00
35fa533df0f8,campaign-sf1,mado,tpch,Q09,Very Complex,oracle,non-indexed,1,6,0,-1,sqlalchemy,sql,q09s5,2,2.766958,,ok,,client-side:900,1.03,226408,131148989953376,2026-09-06T18:42:33.714-05:00
35fa533df0f8,campaign-sf1,mado,tpch,Q09,Very Complex,oracle,non-indexed,1,6,0,-1,sqlalchemy,orm,q09s5,2,2.380941,,ok,,client-side:900,1.03,226408,131148989953376,2026-09-06T18:42:36.095-05:00
35fa533df0f8,campaign-sf1,mado,tpch,Q09,Very Complex,oracle,non-indexed,1,6,0,0,django,sql,q09s5,0,2.287922,175,ok,,client-side:900,1.02,226408,131148989953376,2026-09-06T18:42:38.383-05:00
35fa533df0f8,campaign-sf1,mado,tpch,Q09,Very Complex,oracle,non-indexed,1,6,0,1,django,orm,q09s5,0,4.002047,175,ok,,client-side:900,1.02,226408,131148989953376,2026-09-06T18:42:42.385-05:00
35fa533df0f8,campaign-sf1,mado,tpch,Q09,Very Complex,oracle,non-indexed,1,6,0,2,sqlalchemy,sql,q09s5,0,2.49048,175,ok,,client-side:900,1.18,226408,131148989953376,2026-09-06T18:42:44.875-05:00
35fa533df0f8,campaign-sf1,mado,tpch,Q09,Very Complex,oracle,non-indexed,1,6,0,3,sqlalchemy,orm,q09s5,0,2.412389,175,ok,,client-side:900,1.18,226408,131148989953376,2026-09-06T18:42:47.288-05:00
35fa533df0f8,campaign-sf1,mado,tpch,Q09,Very Complex,oracle,non-indexed,1,7,1,-1,django,sql,q09s6,2,2.31556,,ok,,client-side:900,1.17,226408,131148989953376,2026-09-06T18:42:49.608-05:00
35fa533df0f8,campaign-sf1,mado,tpch,Q09,Very Complex,oracle,non-indexed,1,7,1,-1,django,orm,q09s6,2,3.919476,,ok,,client-side:900,1.15,226408,131148989953376,2026-09-06T18:42:53.528-05:00
35fa533df0f8,campaign-sf1,mado,tpch,Q09,Very Complex,oracle,non-indexed,1,7,1,-1,sqlalchemy,sql,q09s6,2,2.452612,,ok,,client-side:900,1.15,226408,131148989953376,2026-09-06T18:42:55.980-05:00
35fa533df0f8,campaign-sf1,mado,tpch,Q09,Very Complex,oracle,non-indexed,1,7,1,-1,sqlalchemy,orm,q09s6,2,2.315804,,ok,,client-side:900,1.15,226408,131148989953376,2026-09-06T18:42:58.296-05:00
35fa533df0f8,campaign-sf1,mado,tpch,Q09,Very Complex,oracle,non-indexed,1,7,1,0,django,orm,q09s6,0,4.161888,175,ok,,client-side:900,1.14,226408,131148989953376,2026-09-06T18:43:02.458-05:00
35fa533df0f8,campaign-sf1,mado,tpch,Q09,Very Complex,oracle,non-indexed,1,7,1,1,sqlalchemy,orm,q09s6,0,2.380847,175,ok,,client-side:900,1.13,226408,131148989953376,2026-09-06T18:43:04.839-05:00
35fa533df0f8,campaign-sf1,mado,tpch,Q09,Very Complex,oracle,non-indexed,1,7,1,2,django,sql,q09s6,0,2.215461,175,ok,,client-side:900,1.13,226408,131148989953376,2026-09-06T18:43:07.055-05:00
35fa533df0f8,campaign-sf1,mado,tpch,Q09,Very Complex,oracle,non-indexed,1,7,1,3,sqlalchemy,sql,q09s6,0,2.244132,175,ok,,client-side:900,1.2,226408,131148989953376,2026-09-06T18:43:09.299-05:00
35fa533df0f8,campaign-sf1,mado,tpch,Q09,Very Complex,oracle,non-indexed,1,8,3,-1,django,sql,q09s7,2,2.213366,,ok,,client-side:900,1.2,226408,131148989953376,2026-09-06T18:43:11.517-05:00
35fa533df0f8,campaign-sf1,mado,tpch,Q09,Very Complex,oracle,non-indexed,1,8,3,-1,django,orm,q09s7,2,3.916918,,ok,,client-side:900,1.18,226408,131148989953376,2026-09-06T18:43:15.434-05:00
35fa533df0f8,campaign-sf1,mado,tpch,Q09,Very Complex,oracle,non-indexed,1,8,3,-1,sqlalchemy,sql,q09s7,2,2.552633,,ok,,client-side:900,1.18,226408,131148989953376,2026-09-06T18:43:17.986-05:00
35fa533df0f8,campaign-sf1,mado,tpch,Q09,Very Complex,oracle,non-indexed,1,8,3,-1,sqlalchemy,orm,q09s7,2,2.561553,,ok,,client-side:900,1.17,226408,131148989953376,2026-09-06T18:43:20.548-05:00
35fa533df0f8,campaign-sf1,mado,tpch,Q09,Very Complex,oracle,non-indexed,1,8,3,0,sqlalchemy,sql,q09s7,0,2.297054,175,ok,,client-side:900,1.17,226408,131148989953376,2026-09-06T18:43:22.845-05:00
35fa533df0f8,campaign-sf1,mado,tpch,Q09,Very Complex,oracle,non-indexed,1,8,3,1,django,sql,q09s7,0,2.182135,175,ok,,client-side:900,1.15,226408,131148989953376,2026-09-06T18:43:25.027-05:00
35fa533df0f8,campaign-sf1,mado,tpch,Q09,Very Complex,oracle,non-indexed,1,8,3,2,sqlalchemy,orm,q09s7,0,2.175472,175,ok,,client-side:900,1.15,226408,131148989953376,2026-09-06T18:43:27.203-05:00
35fa533df0f8,campaign-sf1,mado,tpch,Q09,Very Complex,oracle,non-indexed,1,8,3,3,django,orm,q09s7,0,3.914604,175,ok,,client-side:900,1.22,226408,131148989953376,2026-09-06T18:43:31.118-05:00
4c875e2e6b14,campaign-sf1,mado,tpch,Q10,Complex,oracle,non-indexed,1,0,3,0,sqlalchemy,sql,q10warm,1,1.811967,20,ok,,client-side:900,1.2,226424,124488638788912,2026-09-06T18:43:34.139-05:00
4c875e2e6b14,campaign-sf1,mado,tpch,Q10,Complex,oracle,non-indexed,1,0,3,1,django,sql,q10warm,1,1.832589,20,ok,,client-side:900,1.2,226424,124488638788912,2026-09-06T18:43:35.972-05:00
4c875e2e6b14,campaign-sf1,mado,tpch,Q10,Complex,oracle,non-indexed,1,0,3,2,sqlalchemy,orm,q10warm,1,1.497246,20,ok,,client-side:900,1.2,226424,124488638788912,2026-09-06T18:43:37.469-05:00
4c875e2e6b14,campaign-sf1,mado,tpch,Q10,Complex,oracle,non-indexed,1,0,3,3,django,orm,q10warm,1,1.064631,20,ok,,client-side:900,1.19,226424,124488638788912,2026-09-06T18:43:38.534-05:00
4c875e2e6b14,campaign-sf1,mado,tpch,Q10,Complex,oracle,non-indexed,1,1,3,-1,django,sql,q10s0,2,0.984674,,ok,,client-side:900,1.19,226424,124488638788912,2026-09-06T18:43:39.523-05:00
4c875e2e6b14,campaign-sf1,mado,tpch,Q10,Complex,oracle,non-indexed,1,1,3,-1,django,orm,q10s0,2,0.956864,,ok,,client-side:900,1.19,226424,124488638788912,2026-09-06T18:43:40.480-05:00
4c875e2e6b14,campaign-sf1,mado,tpch,Q10,Complex,oracle,non-indexed,1,1,3,-1,sqlalchemy,sql,q10s0,2,0.986169,,ok,,client-side:900,1.19,226424,124488638788912,2026-09-06T18:43:41.467-05:00
4c875e2e6b14,campaign-sf1,mado,tpch,Q10,Complex,oracle,non-indexed,1,1,3,-1,sqlalchemy,orm,q10s0,2,0.981022,,ok,,client-side:900,1.19,226424,124488638788912,2026-09-06T18:43:42.448-05:00
4c875e2e6b14,campaign-sf1,mado,tpch,Q10,Complex,oracle,non-indexed,1,1,3,0,sqlalchemy,sql,q10s0,0,0.950058,20,ok,,client-side:900,1.17,226424,124488638788912,2026-09-06T18:43:43.398-05:00
4c875e2e6b14,campaign-sf1,mado,tpch,Q10,Complex,oracle,non-indexed,1,1,3,1,django,sql,q10s0,0,0.947811,20,ok,,client-side:900,1.17,226424,124488638788912,2026-09-06T18:43:44.346-05:00
4c875e2e6b14,campaign-sf1,mado,tpch,Q10,Complex,oracle,non-indexed,1,1,3,2,sqlalchemy,orm,q10s0,0,0.985791,20,ok,,client-side:900,1.17,226424,124488638788912,2026-09-06T18:43:45.332-05:00
4c875e2e6b14,campaign-sf1,mado,tpch,Q10,Complex,oracle,non-indexed,1,1,3,3,django,orm,q10s0,0,0.953737,20,ok,,client-side:900,1.17,226424,124488638788912,2026-09-06T18:43:46.285-05:00
4c875e2e6b14,campaign-sf1,mado,tpch,Q10,Complex,oracle,non-indexed,1,2,1,-1,django,sql,q10s1,2,0.972676,,ok,,client-side:900,1.17,226424,124488638788912,2026-09-06T18:43:47.262-05:00
4c875e2e6b14,campaign-sf1,mado,tpch,Q10,Complex,oracle,non-indexed,1,2,1,-1,django,orm,q10s1,2,0.941576,,ok,,client-side:900,1.17,226424,124488638788912,2026-09-06T18:43:48.204-05:00
4c875e2e6b14,campaign-sf1,mado,tpch,Q10,Complex,oracle,non-indexed,1,2,1,-1,sqlalchemy,sql,q10s1,2,0.974699,,ok,,client-side:900,1.16,226424,124488638788912,2026-09-06T18:43:49.179-05:00
4c875e2e6b14,campaign-sf1,mado,tpch,Q10,Complex,oracle,non-indexed,1,2,1,-1,sqlalchemy,orm,q10s1,2,0.963195,,ok,,client-side:900,1.16,226424,124488638788912,2026-09-06T18:43:50.142-05:00
4c875e2e6b14,campaign-sf1,mado,tpch,Q10,Complex,oracle,non-indexed,1,2,1,0,django,orm,q10s1,0,0.940937,20,ok,,client-side:900,1.16,226424,124488638788912,2026-09-06T18:43:51.083-05:00
4c875e2e6b14,campaign-sf1,mado,tpch,Q10,Complex,oracle,non-indexed,1,2,1,1,sqlalchemy,orm,q10s1,0,0.965428,20,ok,,client-side:900,1.16,226424,124488638788912,2026-09-06T18:43:52.049-05:00
4c875e2e6b14,campaign-sf1,mado,tpch,Q10,Complex,oracle,non-indexed,1,2,1,2,django,sql,q10s1,0,0.933924,20,ok,,client-side:900,1.16,226424,124488638788912,2026-09-06T18:43:52.983-05:00
4c875e2e6b14,campaign-sf1,mado,tpch,Q10,Complex,oracle,non-indexed,1,2,1,3,sqlalchemy,sql,q10s1,0,0.939484,20,ok,,client-side:900,1.15,226424,124488638788912,2026-09-06T18:43:53.922-05:00
4c875e2e6b14,campaign-sf1,mado,tpch,Q10,Complex,oracle,non-indexed,1,3,0,-1,django,sql,q10s2,2,0.981856,,ok,,client-side:900,1.15,226424,124488638788912,2026-09-06T18:43:54.908-05:00
4c875e2e6b14,campaign-sf1,mado,tpch,Q10,Complex,oracle,non-indexed,1,3,0,-1,django,orm,q10s2,2,0.949806,,ok,,client-side:900,1.15,226424,124488638788912,2026-09-06T18:43:55.858-05:00
4c875e2e6b14,campaign-sf1,mado,tpch,Q10,Complex,oracle,non-indexed,1,3,0,-1,sqlalchemy,sql,q10s2,2,0.982651,,ok,,client-side:900,1.15,226424,124488638788912,2026-09-06T18:43:56.841-05:00
4c875e2e6b14,campaign-sf1,mado,tpch,Q10,Complex,oracle,non-indexed,1,3,0,-1,sqlalchemy,orm,q10s2,2,0.979616,,ok,,client-side:900,1.15,226424,124488638788912,2026-09-06T18:43:57.821-05:00
4c875e2e6b14,campaign-sf1,mado,tpch,Q10,Complex,oracle,non-indexed,1,3,0,0,django,sql,q10s2,0,0.967468,20,ok,,client-side:900,1.13,226424,124488638788912,2026-09-06T18:43:58.788-05:00
4c875e2e6b14,campaign-sf1,mado,tpch,Q10,Complex,oracle,non-indexed,1,3,0,1,django,orm,q10s2,0,1.002193,20,ok,,client-side:900,1.13,226424,124488638788912,2026-09-06T18:43:59.791-05:00
4c875e2e6b14,campaign-sf1,mado,tpch,Q10,Complex,oracle,non-indexed,1,3,0,2,sqlalchemy,sql,q10s2,0,1.012369,20,ok,,client-side:900,1.13,226424,124488638788912,2026-09-06T18:44:00.803-05:00
4c875e2e6b14,campaign-sf1,mado,tpch,Q10,Complex,oracle,non-indexed,1,3,0,3,sqlalchemy,orm,q10s2,0,0.99672,20,ok,,client-side:900,1.13,226424,124488638788912,2026-09-06T18:44:01.800-05:00
4c875e2e6b14,campaign-sf1,mado,tpch,Q10,Complex,oracle,non-indexed,1,4,2,-1,django,sql,q10s3,2,0.975309,,ok,,client-side:900,1.13,226424,124488638788912,2026-09-06T18:44:02.780-05:00
4c875e2e6b14,campaign-sf1,mado,tpch,Q10,Complex,oracle,non-indexed,1,4,2,-1,django,orm,q10s3,2,0.944694,,ok,,client-side:900,1.12,226424,124488638788912,2026-09-06T18:44:03.725-05:00
4c875e2e6b14,campaign-sf1,mado,tpch,Q10,Complex,oracle,non-indexed,1,4,2,-1,sqlalchemy,sql,q10s3,2,0.98247,,ok,,client-side:900,1.12,226424,124488638788912,2026-09-06T18:44:04.707-05:00
4c875e2e6b14,campaign-sf1,mado,tpch,Q10,Complex,oracle,non-indexed,1,4,2,-1,sqlalchemy,orm,q10s3,2,0.97436,,ok,,client-side:900,1.12,226424,124488638788912,2026-09-06T18:44:05.682-05:00
4c875e2e6b14,campaign-sf1,mado,tpch,Q10,Complex,oracle,non-indexed,1,4,2,0,sqlalchemy,orm,q10s3,0,0.976005,20,ok,,client-side:900,1.12,226424,124488638788912,2026-09-06T18:44:06.658-05:00
4c875e2e6b14,campaign-sf1,mado,tpch,Q10,Complex,oracle,non-indexed,1,4,2,1,sqlalchemy,sql,q10s3,0,0.94299,20,ok,,client-side:900,1.12,226424,124488638788912,2026-09-06T18:44:07.601-05:00
4c875e2e6b14,campaign-sf1,mado,tpch,Q10,Complex,oracle,non-indexed,1,4,2,2,django,orm,q10s3,0,0.944173,20,ok,,client-side:900,1.11,226424,124488638788912,2026-09-06T18:44:08.545-05:00
4c875e2e6b14,campaign-sf1,mado,tpch,Q10,Complex,oracle,non-indexed,1,4,2,3,django,sql,q10s3,0,0.940624,20,ok,,client-side:900,1.11,226424,124488638788912,2026-09-06T18:44:09.486-05:00
4c875e2e6b14,campaign-sf1,mado,tpch,Q10,Complex,oracle,non-indexed,1,5,2,-1,django,sql,q10s4,2,0.983993,,ok,,client-side:900,1.11,226424,124488638788912,2026-09-06T18:44:10.474-05:00
4c875e2e6b14,campaign-sf1,mado,tpch,Q10,Complex,oracle,non-indexed,1,5,2,-1,django,orm,q10s4,2,0.95239,,ok,,client-side:900,1.11,226424,124488638788912,2026-09-06T18:44:11.427-05:00
4c875e2e6b14,campaign-sf1,mado,tpch,Q10,Complex,oracle,non-indexed,1,5,2,-1,sqlalchemy,sql,q10s4,2,0.984758,,ok,,client-side:900,1.11,226424,124488638788912,2026-09-06T18:44:12.412-05:00
4c875e2e6b14,campaign-sf1,mado,tpch,Q10,Complex,oracle,non-indexed,1,5,2,-1,sqlalchemy,orm,q10s4,2,0.980545,,ok,,client-side:900,1.1,226424,124488638788912,2026-09-06T18:44:13.392-05:00
4c875e2e6b14,campaign-sf1,mado,tpch,Q10,Complex,oracle,non-indexed,1,5,2,0,sqlalchemy,orm,q10s4,0,0.981592,20,ok,,client-side:900,1.1,226424,124488638788912,2026-09-06T18:44:14.374-05:00
4c875e2e6b14,campaign-sf1,mado,tpch,Q10,Complex,oracle,non-indexed,1,5,2,1,sqlalchemy,sql,q10s4,0,0.954425,20,ok,,client-side:900,1.1,226424,124488638788912,2026-09-06T18:44:15.328-05:00
4c875e2e6b14,campaign-sf1,mado,tpch,Q10,Complex,oracle,non-indexed,1,5,2,2,django,orm,q10s4,0,0.951451,20,ok,,client-side:900,1.1,226424,124488638788912,2026-09-06T18:44:16.280-05:00
4c875e2e6b14,campaign-sf1,mado,tpch,Q10,Complex,oracle,non-indexed,1,5,2,3,django,sql,q10s4,0,0.944826,20,ok,,client-side:900,1.1,226424,124488638788912,2026-09-06T18:44:17.225-05:00
4c875e2e6b14,campaign-sf1,mado,tpch,Q10,Complex,oracle,non-indexed,1,6,1,-1,django,sql,q10s5,2,0.982331,,ok,,client-side:900,1.1,226424,124488638788912,2026-09-06T18:44:18.212-05:00
4c875e2e6b14,campaign-sf1,mado,tpch,Q10,Complex,oracle,non-indexed,1,6,1,-1,django,orm,q10s5,2,0.950201,,ok,,client-side:900,1.1,226424,124488638788912,2026-09-06T18:44:19.162-05:00
4c875e2e6b14,campaign-sf1,mado,tpch,Q10,Complex,oracle,non-indexed,1,6,1,-1,sqlalchemy,sql,q10s5,2,0.98488,,ok,,client-side:900,1.1,226424,124488638788912,2026-09-06T18:44:20.147-05:00
4c875e2e6b14,campaign-sf1,mado,tpch,Q10,Complex,oracle,non-indexed,1,6,1,-1,sqlalchemy,orm,q10s5,2,0.977249,,ok,,client-side:900,1.1,226424,124488638788912,2026-09-06T18:44:21.124-05:00
4c875e2e6b14,campaign-sf1,mado,tpch,Q10,Complex,oracle,non-indexed,1,6,1,0,django,orm,q10s5,0,0.94903,20,ok,,client-side:900,1.1,226424,124488638788912,2026-09-06T18:44:22.073-05:00
4c875e2e6b14,campaign-sf1,mado,tpch,Q10,Complex,oracle,non-indexed,1,6,1,1,sqlalchemy,orm,q10s5,0,0.978089,20,ok,,client-side:900,1.1,226424,124488638788912,2026-09-06T18:44:23.052-05:00
4c875e2e6b14,campaign-sf1,mado,tpch,Q10,Complex,oracle,non-indexed,1,6,1,2,django,sql,q10s5,0,0.946978,20,ok,,client-side:900,1.09,226424,124488638788912,2026-09-06T18:44:23.999-05:00
4c875e2e6b14,campaign-sf1,mado,tpch,Q10,Complex,oracle,non-indexed,1,6,1,3,sqlalchemy,sql,q10s5,0,0.946423,20,ok,,client-side:900,1.09,226424,124488638788912,2026-09-06T18:44:24.945-05:00
4c875e2e6b14,campaign-sf1,mado,tpch,Q10,Complex,oracle,non-indexed,1,7,3,-1,django,sql,q10s6,2,0.973363,,ok,,client-side:900,1.09,226424,124488638788912,2026-09-06T18:44:25.923-05:00
4c875e2e6b14,campaign-sf1,mado,tpch,Q10,Complex,oracle,non-indexed,1,7,3,-1,django,orm,q10s6,2,0.940566,,ok,,client-side:900,1.09,226424,124488638788912,2026-09-06T18:44:26.864-05:00
4c875e2e6b14,campaign-sf1,mado,tpch,Q10,Complex,oracle,non-indexed,1,7,3,-1,sqlalchemy,sql,q10s6,2,0.97478,,ok,,client-side:900,1.09,226424,124488638788912,2026-09-06T18:44:27.839-05:00
4c875e2e6b14,campaign-sf1,mado,tpch,Q10,Complex,oracle,non-indexed,1,7,3,-1,sqlalchemy,orm,q10s6,2,0.968102,,ok,,client-side:900,1.08,226424,124488638788912,2026-09-06T18:44:28.807-05:00
4c875e2e6b14,campaign-sf1,mado,tpch,Q10,Complex,oracle,non-indexed,1,7,3,0,sqlalchemy,sql,q10s6,0,0.935998,20,ok,,client-side:900,1.08,226424,124488638788912,2026-09-06T18:44:29.743-05:00
4c875e2e6b14,campaign-sf1,mado,tpch,Q10,Complex,oracle,non-indexed,1,7,3,1,django,sql,q10s6,0,0.936829,20,ok,,client-side:900,1.08,226424,124488638788912,2026-09-06T18:44:30.680-05:00
4c875e2e6b14,campaign-sf1,mado,tpch,Q10,Complex,oracle,non-indexed,1,7,3,2,sqlalchemy,orm,q10s6,0,0.971231,20,ok,,client-side:900,1.08,226424,124488638788912,2026-09-06T18:44:31.651-05:00
4c875e2e6b14,campaign-sf1,mado,tpch,Q10,Complex,oracle,non-indexed,1,7,3,3,django,orm,q10s6,0,0.942091,20,ok,,client-side:900,1.08,226424,124488638788912,2026-09-06T18:44:32.593-05:00
4c875e2e6b14,campaign-sf1,mado,tpch,Q10,Complex,oracle,non-indexed,1,8,0,-1,django,sql,q10s7,2,0.983857,,ok,,client-side:900,1.07,226424,124488638788912,2026-09-06T18:44:33.582-05:00
4c875e2e6b14,campaign-sf1,mado,tpch,Q10,Complex,oracle,non-indexed,1,8,0,-1,django,orm,q10s7,2,0.95183,,ok,,client-side:900,1.07,226424,124488638788912,2026-09-06T18:44:34.534-05:00
4c875e2e6b14,campaign-sf1,mado,tpch,Q10,Complex,oracle,non-indexed,1,8,0,-1,sqlalchemy,sql,q10s7,2,0.987715,,ok,,client-side:900,1.07,226424,124488638788912,2026-09-06T18:44:35.521-05:00
4c875e2e6b14,campaign-sf1,mado,tpch,Q10,Complex,oracle,non-indexed,1,8,0,-1,sqlalchemy,orm,q10s7,2,0.979819,,ok,,client-side:900,1.07,226424,124488638788912,2026-09-06T18:44:36.501-05:00
4c875e2e6b14,campaign-sf1,mado,tpch,Q10,Complex,oracle,non-indexed,1,8,0,0,django,sql,q10s7,0,0.948143,20,ok,,client-side:900,1.07,226424,124488638788912,2026-09-06T18:44:37.450-05:00
4c875e2e6b14,campaign-sf1,mado,tpch,Q10,Complex,oracle,non-indexed,1,8,0,1,django,orm,q10s7,0,0.950008,20,ok,,client-side:900,1.07,226424,124488638788912,2026-09-06T18:44:38.400-05:00
4c875e2e6b14,campaign-sf1,mado,tpch,Q10,Complex,oracle,non-indexed,1,8,0,2,sqlalchemy,sql,q10s7,0,0.952963,20,ok,,client-side:900,1.07,226424,124488638788912,2026-09-06T18:44:39.353-05:00
4c875e2e6b14,campaign-sf1,mado,tpch,Q10,Complex,oracle,non-indexed,1,8,0,3,sqlalchemy,orm,q10s7,0,0.977313,20,ok,,client-side:900,1.07,226424,124488638788912,2026-09-06T18:44:40.330-05:00
cc2c29a4d6b8,campaign-sf1,mado,tpch,Q11,Medium,oracle,non-indexed,1,0,3,0,sqlalchemy,sql,q11warm,1,0.353908,753,ok,,client-side:900,1.07,226437,139536187766544,2026-09-06T18:44:41.898-05:00
cc2c29a4d6b8,campaign-sf1,mado,tpch,Q11,Medium,oracle,non-indexed,1,0,3,1,django,sql,q11warm,1,0.305736,753,ok,,client-side:900,1.07,226437,139536187766544,2026-09-06T18:44:42.204-05:00
cc2c29a4d6b8,campaign-sf1,mado,tpch,Q11,Medium,oracle,non-indexed,1,0,3,2,sqlalchemy,orm,q11warm,1,0.554953,753,ok,,client-side:900,1.07,226437,139536187766544,2026-09-06T18:44:42.759-05:00
cc2c29a4d6b8,campaign-sf1,mado,tpch,Q11,Medium,oracle,non-indexed,1,0,3,3,django,orm,q11warm,1,0.517632,753,ok,,client-side:900,1.07,226437,139536187766544,2026-09-06T18:44:43.276-05:00
cc2c29a4d6b8,campaign-sf1,mado,tpch,Q11,Medium,oracle,non-indexed,1,1,3,-1,django,sql,q11s0,2,0.287486,,ok,,client-side:900,1.06,226437,139536187766544,2026-09-06T18:44:43.568-05:00
cc2c29a4d6b8,campaign-sf1,mado,tpch,Q11,Medium,oracle,non-indexed,1,1,3,-1,django,orm,q11s0,2,0.498943,,ok,,client-side:900,1.06,226437,139536187766544,2026-09-06T18:44:44.067-05:00
cc2c29a4d6b8,campaign-sf1,mado,tpch,Q11,Medium,oracle,non-indexed,1,1,3,-1,sqlalchemy,sql,q11s0,2,0.284156,,ok,,client-side:900,1.06,226437,139536187766544,2026-09-06T18:44:44.352-05:00
cc2c29a4d6b8,campaign-sf1,mado,tpch,Q11,Medium,oracle,non-indexed,1,1,3,-1,sqlalchemy,orm,q11s0,2,0.495106,,ok,,client-side:900,1.06,226437,139536187766544,2026-09-06T18:44:44.847-05:00
cc2c29a4d6b8,campaign-sf1,mado,tpch,Q11,Medium,oracle,non-indexed,1,1,3,0,sqlalchemy,sql,q11s0,0,0.278456,1048,ok,,client-side:900,1.06,226437,139536187766544,2026-09-06T18:44:45.125-05:00
cc2c29a4d6b8,campaign-sf1,mado,tpch,Q11,Medium,oracle,non-indexed,1,1,3,1,django,sql,q11s0,0,0.277513,1048,ok,,client-side:900,1.06,226437,139536187766544,2026-09-06T18:44:45.403-05:00
cc2c29a4d6b8,campaign-sf1,mado,tpch,Q11,Medium,oracle,non-indexed,1,1,3,2,sqlalchemy,orm,q11s0,0,0.49268,1048,ok,,client-side:900,1.06,226437,139536187766544,2026-09-06T18:44:45.896-05:00
cc2c29a4d6b8,campaign-sf1,mado,tpch,Q11,Medium,oracle,non-indexed,1,1,3,3,django,orm,q11s0,0,0.493226,1048,ok,,client-side:900,1.06,226437,139536187766544,2026-09-06T18:44:46.389-05:00
cc2c29a4d6b8,campaign-sf1,mado,tpch,Q11,Medium,oracle,non-indexed,1,2,2,-1,django,sql,q11s1,2,0.28436,,ok,,client-side:900,1.06,226437,139536187766544,2026-09-06T18:44:46.678-05:00
cc2c29a4d6b8,campaign-sf1,mado,tpch,Q11,Medium,oracle,non-indexed,1,2,2,-1,django,orm,q11s1,2,0.494939,,ok,,client-side:900,1.06,226437,139536187766544,2026-09-06T18:44:47.173-05:00
cc2c29a4d6b8,campaign-sf1,mado,tpch,Q11,Medium,oracle,non-indexed,1,2,2,-1,sqlalchemy,sql,q11s1,2,0.283609,,ok,,client-side:900,1.06,226437,139536187766544,2026-09-06T18:44:47.457-05:00
cc2c29a4d6b8,campaign-sf1,mado,tpch,Q11,Medium,oracle,non-indexed,1,2,2,-1,sqlalchemy,orm,q11s1,2,0.493996,,ok,,client-side:900,1.06,226437,139536187766544,2026-09-06T18:44:47.951-05:00
cc2c29a4d6b8,campaign-sf1,mado,tpch,Q11,Medium,oracle,non-indexed,1,2,2,0,sqlalchemy,orm,q11s1,0,0.490048,819,ok,,client-side:900,1.06,226437,139536187766544,2026-09-06T18:44:48.441-05:00
cc2c29a4d6b8,campaign-sf1,mado,tpch,Q11,Medium,oracle,non-indexed,1,2,2,1,sqlalchemy,sql,q11s1,0,0.280782,819,ok,,client-side:900,1.06,226437,139536187766544,2026-09-06T18:44:48.722-05:00
cc2c29a4d6b8,campaign-sf1,mado,tpch,Q11,Medium,oracle,non-indexed,1,2,2,2,django,orm,q11s1,0,0.488581,819,ok,,client-side:900,1.06,226437,139536187766544,2026-09-06T18:44:49.210-05:00
cc2c29a4d6b8,campaign-sf1,mado,tpch,Q11,Medium,oracle,non-indexed,1,2,2,3,django,sql,q11s1,0,0.277333,819,ok,,client-side:900,1.06,226437,139536187766544,2026-09-06T18:44:49.488-05:00
cc2c29a4d6b8,campaign-sf1,mado,tpch,Q11,Medium,oracle,non-indexed,1,3,1,-1,django,sql,q11s2,2,0.282678,,ok,,client-side:900,1.06,226437,139536187766544,2026-09-06T18:44:49.775-05:00
cc2c29a4d6b8,campaign-sf1,mado,tpch,Q11,Medium,oracle,non-indexed,1,3,1,-1,django,orm,q11s2,2,0.494568,,ok,,client-side:900,1.06,226437,139536187766544,2026-09-06T18:44:50.270-05:00
cc2c29a4d6b8,campaign-sf1,mado,tpch,Q11,Medium,oracle,non-indexed,1,3,1,-1,sqlalchemy,sql,q11s2,2,0.283629,,ok,,client-side:900,1.06,226437,139536187766544,2026-09-06T18:44:50.553-05:00
cc2c29a4d6b8,campaign-sf1,mado,tpch,Q11,Medium,oracle,non-indexed,1,3,1,-1,sqlalchemy,orm,q11s2,2,0.527515,,ok,,client-side:900,1.06,226437,139536187766544,2026-09-06T18:44:51.081-05:00
cc2c29a4d6b8,campaign-sf1,mado,tpch,Q11,Medium,oracle,non-indexed,1,3,1,0,django,orm,q11s2,0,0.488129,911,ok,,client-side:900,1.06,226437,139536187766544,2026-09-06T18:44:51.569-05:00
cc2c29a4d6b8,campaign-sf1,mado,tpch,Q11,Medium,oracle,non-indexed,1,3,1,1,sqlalchemy,orm,q11s2,0,0.490752,911,ok,,client-side:900,1.06,226437,139536187766544,2026-09-06T18:44:52.060-05:00
cc2c29a4d6b8,campaign-sf1,mado,tpch,Q11,Medium,oracle,non-indexed,1,3,1,2,django,sql,q11s2,0,0.277282,911,ok,,client-side:900,1.06,226437,139536187766544,2026-09-06T18:44:52.337-05:00
cc2c29a4d6b8,campaign-sf1,mado,tpch,Q11,Medium,oracle,non-indexed,1,3,1,3,sqlalchemy,sql,q11s2,0,0.277351,911,ok,,client-side:900,1.06,226437,139536187766544,2026-09-06T18:44:52.615-05:00
cc2c29a4d6b8,campaign-sf1,mado,tpch,Q11,Medium,oracle,non-indexed,1,4,0,-1,django,sql,q11s3,2,0.283937,,ok,,client-side:900,1.06,226437,139536187766544,2026-09-06T18:44:52.903-05:00
cc2c29a4d6b8,campaign-sf1,mado,tpch,Q11,Medium,oracle,non-indexed,1,4,0,-1,django,orm,q11s3,2,0.493132,,ok,,client-side:900,1.05,226437,139536187766544,2026-09-06T18:44:53.397-05:00
cc2c29a4d6b8,campaign-sf1,mado,tpch,Q11,Medium,oracle,non-indexed,1,4,0,-1,sqlalchemy,sql,q11s3,2,0.282371,,ok,,client-side:900,1.05,226437,139536187766544,2026-09-06T18:44:53.679-05:00
cc2c29a4d6b8,campaign-sf1,mado,tpch,Q11,Medium,oracle,non-indexed,1,4,0,-1,sqlalchemy,orm,q11s3,2,0.493704,,ok,,client-side:900,1.05,226437,139536187766544,2026-09-06T18:44:54.173-05:00
cc2c29a4d6b8,campaign-sf1,mado,tpch,Q11,Medium,oracle,non-indexed,1,4,0,0,django,sql,q11s3,0,0.277286,1217,ok,,client-side:900,1.05,226437,139536187766544,2026-09-06T18:44:54.450-05:00
cc2c29a4d6b8,campaign-sf1,mado,tpch,Q11,Medium,oracle,non-indexed,1,4,0,1,django,orm,q11s3,0,0.489417,1217,ok,,client-side:900,1.05,226437,139536187766544,2026-09-06T18:44:54.940-05:00
cc2c29a4d6b8,campaign-sf1,mado,tpch,Q11,Medium,oracle,non-indexed,1,4,0,2,sqlalchemy,sql,q11s3,0,0.284051,1217,ok,,client-side:900,1.05,226437,139536187766544,2026-09-06T18:44:55.224-05:00
cc2c29a4d6b8,campaign-sf1,mado,tpch,Q11,Medium,oracle,non-indexed,1,4,0,3,sqlalchemy,orm,q11s3,0,0.491032,1217,ok,,client-side:900,1.05,226437,139536187766544,2026-09-06T18:44:55.715-05:00
cc2c29a4d6b8,campaign-sf1,mado,tpch,Q11,Medium,oracle,non-indexed,1,5,1,-1,django,sql,q11s4,2,0.282421,,ok,,client-side:900,1.05,226437,139536187766544,2026-09-06T18:44:56.002-05:00
cc2c29a4d6b8,campaign-sf1,mado,tpch,Q11,Medium,oracle,non-indexed,1,5,1,-1,django,orm,q11s4,2,0.486489,,ok,,client-side:900,1.05,226437,139536187766544,2026-09-06T18:44:56.488-05:00
cc2c29a4d6b8,campaign-sf1,mado,tpch,Q11,Medium,oracle,non-indexed,1,5,1,-1,sqlalchemy,sql,q11s4,2,0.282227,,ok,,client-side:900,1.05,226437,139536187766544,2026-09-06T18:44:56.771-05:00
cc2c29a4d6b8,campaign-sf1,mado,tpch,Q11,Medium,oracle,non-indexed,1,5,1,-1,sqlalchemy,orm,q11s4,2,0.494468,,ok,,client-side:900,1.05,226437,139536187766544,2026-09-06T18:44:57.265-05:00
cc2c29a4d6b8,campaign-sf1,mado,tpch,Q11,Medium,oracle,non-indexed,1,5,1,0,django,orm,q11s4,0,0.488166,699,ok,,client-side:900,1.05,226437,139536187766544,2026-09-06T18:44:57.754-05:00
cc2c29a4d6b8,campaign-sf1,mado,tpch,Q11,Medium,oracle,non-indexed,1,5,1,1,sqlalchemy,orm,q11s4,0,0.496295,699,ok,,client-side:900,1.05,226437,139536187766544,2026-09-06T18:44:58.250-05:00
cc2c29a4d6b8,campaign-sf1,mado,tpch,Q11,Medium,oracle,non-indexed,1,5,1,2,django,sql,q11s4,0,0.295012,699,ok,,client-side:900,1.05,226437,139536187766544,2026-09-06T18:44:58.545-05:00
cc2c29a4d6b8,campaign-sf1,mado,tpch,Q11,Medium,oracle,non-indexed,1,5,1,3,sqlalchemy,sql,q11s4,0,0.280983,699,ok,,client-side:900,1.05,226437,139536187766544,2026-09-06T18:44:58.826-05:00
cc2c29a4d6b8,campaign-sf1,mado,tpch,Q11,Medium,oracle,non-indexed,1,6,0,-1,django,sql,q11s5,2,0.286565,,ok,,client-side:900,1.05,226437,139536187766544,2026-09-06T18:44:59.117-05:00
cc2c29a4d6b8,campaign-sf1,mado,tpch,Q11,Medium,oracle,non-indexed,1,6,0,-1,django,orm,q11s5,2,0.494434,,ok,,client-side:900,1.05,226437,139536187766544,2026-09-06T18:44:59.612-05:00
cc2c29a4d6b8,campaign-sf1,mado,tpch,Q11,Medium,oracle,non-indexed,1,6,0,-1,sqlalchemy,sql,q11s5,2,0.283412,,ok,,client-side:900,1.05,226437,139536187766544,2026-09-06T18:44:59.895-05:00
cc2c29a4d6b8,campaign-sf1,mado,tpch,Q11,Medium,oracle,non-indexed,1,6,0,-1,sqlalchemy,orm,q11s5,2,0.494983,,ok,,client-side:900,1.05,226437,139536187766544,2026-09-06T18:45:00.390-05:00
cc2c29a4d6b8,campaign-sf1,mado,tpch,Q11,Medium,oracle,non-indexed,1,6,0,0,django,sql,q11s5,0,0.277972,925,ok,,client-side:900,1.05,226437,139536187766544,2026-09-06T18:45:00.668-05:00
cc2c29a4d6b8,campaign-sf1,mado,tpch,Q11,Medium,oracle,non-indexed,1,6,0,1,django,orm,q11s5,0,0.487764,925,ok,,client-side:900,1.05,226437,139536187766544,2026-09-06T18:45:01.156-05:00
cc2c29a4d6b8,campaign-sf1,mado,tpch,Q11,Medium,oracle,non-indexed,1,6,0,2,sqlalchemy,sql,q11s5,0,0.279918,925,ok,,client-side:900,1.05,226437,139536187766544,2026-09-06T18:45:01.436-05:00
cc2c29a4d6b8,campaign-sf1,mado,tpch,Q11,Medium,oracle,non-indexed,1,6,0,3,sqlalchemy,orm,q11s5,0,0.494566,925,ok,,client-side:900,1.05,226437,139536187766544,2026-09-06T18:45:01.931-05:00
cc2c29a4d6b8,campaign-sf1,mado,tpch,Q11,Medium,oracle,non-indexed,1,7,2,-1,django,sql,q11s6,2,0.282935,,ok,,client-side:900,1.05,226437,139536187766544,2026-09-06T18:45:02.218-05:00
cc2c29a4d6b8,campaign-sf1,mado,tpch,Q11,Medium,oracle,non-indexed,1,7,2,-1,django,orm,q11s6,2,0.493485,,ok,,client-side:900,1.05,226437,139536187766544,2026-09-06T18:45:02.712-05:00
cc2c29a4d6b8,campaign-sf1,mado,tpch,Q11,Medium,oracle,non-indexed,1,7,2,-1,sqlalchemy,sql,q11s6,2,0.283233,,ok,,client-side:900,1.05,226437,139536187766544,2026-09-06T18:45:02.995-05:00
cc2c29a4d6b8,campaign-sf1,mado,tpch,Q11,Medium,oracle,non-indexed,1,7,2,-1,sqlalchemy,orm,q11s6,2,0.492415,,ok,,client-side:900,1.04,226437,139536187766544,2026-09-06T18:45:03.488-05:00
cc2c29a4d6b8,campaign-sf1,mado,tpch,Q11,Medium,oracle,non-indexed,1,7,2,0,sqlalchemy,orm,q11s6,0,0.490489,1469,ok,,client-side:900,1.04,226437,139536187766544,2026-09-06T18:45:03.978-05:00
cc2c29a4d6b8,campaign-sf1,mado,tpch,Q11,Medium,oracle,non-indexed,1,7,2,1,sqlalchemy,sql,q11s6,0,0.280361,1469,ok,,client-side:900,1.04,226437,139536187766544,2026-09-06T18:45:04.259-05:00
cc2c29a4d6b8,campaign-sf1,mado,tpch,Q11,Medium,oracle,non-indexed,1,7,2,2,django,orm,q11s6,0,0.492531,1469,ok,,client-side:900,1.04,226437,139536187766544,2026-09-06T18:45:04.751-05:00
cc2c29a4d6b8,campaign-sf1,mado,tpch,Q11,Medium,oracle,non-indexed,1,7,2,3,django,sql,q11s6,0,0.276586,1469,ok,,client-side:900,1.04,226437,139536187766544,2026-09-06T18:45:05.028-05:00
cc2c29a4d6b8,campaign-sf1,mado,tpch,Q11,Medium,oracle,non-indexed,1,8,3,-1,django,sql,q11s7,2,0.282692,,ok,,client-side:900,1.04,226437,139536187766544,2026-09-06T18:45:05.315-05:00
cc2c29a4d6b8,campaign-sf1,mado,tpch,Q11,Medium,oracle,non-indexed,1,8,3,-1,django,orm,q11s7,2,0.504329,,ok,,client-side:900,1.04,226437,139536187766544,2026-09-06T18:45:05.820-05:00
cc2c29a4d6b8,campaign-sf1,mado,tpch,Q11,Medium,oracle,non-indexed,1,8,3,-1,sqlalchemy,sql,q11s7,2,0.285286,,ok,,client-side:900,1.04,226437,139536187766544,2026-09-06T18:45:06.105-05:00
cc2c29a4d6b8,campaign-sf1,mado,tpch,Q11,Medium,oracle,non-indexed,1,8,3,-1,sqlalchemy,orm,q11s7,2,0.497033,,ok,,client-side:900,1.04,226437,139536187766544,2026-09-06T18:45:06.602-05:00
cc2c29a4d6b8,campaign-sf1,mado,tpch,Q11,Medium,oracle,non-indexed,1,8,3,0,sqlalchemy,sql,q11s7,0,0.277574,786,ok,,client-side:900,1.04,226437,139536187766544,2026-09-06T18:45:06.880-05:00
cc2c29a4d6b8,campaign-sf1,mado,tpch,Q11,Medium,oracle,non-indexed,1,8,3,1,django,sql,q11s7,0,0.276828,786,ok,,client-side:900,1.04,226437,139536187766544,2026-09-06T18:45:07.157-05:00
cc2c29a4d6b8,campaign-sf1,mado,tpch,Q11,Medium,oracle,non-indexed,1,8,3,2,sqlalchemy,orm,q11s7,0,0.494103,786,ok,,client-side:900,1.04,226437,139536187766544,2026-09-06T18:45:07.651-05:00
cc2c29a4d6b8,campaign-sf1,mado,tpch,Q11,Medium,oracle,non-indexed,1,8,3,3,django,orm,q11s7,0,0.490387,786,ok,,client-side:900,1.04,226437,139536187766544,2026-09-06T18:45:08.141-05:00
707d5c5dacdf,campaign-sf1,mado,tpch,Q12,Medium,oracle,non-indexed,1,0,1,0,django,orm,q12warm,1,1.864258,2,ok,,client-side:900,1.04,226453,124387198319024,2026-09-06T18:45:11.214-05:00
707d5c5dacdf,campaign-sf1,mado,tpch,Q12,Medium,oracle,non-indexed,1,0,1,1,sqlalchemy,orm,q12warm,1,1.834415,2,ok,,client-side:900,1.04,226453,124387198319024,2026-09-06T18:45:13.049-05:00
707d5c5dacdf,campaign-sf1,mado,tpch,Q12,Medium,oracle,non-indexed,1,0,1,2,django,sql,q12warm,1,1.146847,2,ok,,client-side:900,1.04,226453,124387198319024,2026-09-06T18:45:14.196-05:00
707d5c5dacdf,campaign-sf1,mado,tpch,Q12,Medium,oracle,non-indexed,1,0,1,3,sqlalchemy,sql,q12warm,1,1.146999,2,ok,,client-side:900,1.04,226453,124387198319024,2026-09-06T18:45:15.343-05:00
707d5c5dacdf,campaign-sf1,mado,tpch,Q12,Medium,oracle,non-indexed,1,1,0,-1,django,sql,q12s0,2,1.148167,,ok,,client-side:900,1.04,226453,124387198319024,2026-09-06T18:45:16.495-05:00
707d5c5dacdf,campaign-sf1,mado,tpch,Q12,Medium,oracle,non-indexed,1,1,0,-1,django,orm,q12s0,2,1.206804,,ok,,client-side:900,1.04,226453,124387198319024,2026-09-06T18:45:17.702-05:00
707d5c5dacdf,campaign-sf1,mado,tpch,Q12,Medium,oracle,non-indexed,1,1,0,-1,sqlalchemy,sql,q12s0,2,1.149369,,ok,,client-side:900,1.03,226453,124387198319024,2026-09-06T18:45:18.852-05:00
707d5c5dacdf,campaign-sf1,mado,tpch,Q12,Medium,oracle,non-indexed,1,1,0,-1,sqlalchemy,orm,q12s0,2,1.15058,,ok,,client-side:900,1.03,226453,124387198319024,2026-09-06T18:45:20.002-05:00
707d5c5dacdf,campaign-sf1,mado,tpch,Q12,Medium,oracle,non-indexed,1,1,0,0,django,sql,q12s0,0,1.142081,2,ok,,client-side:900,1.03,226453,124387198319024,2026-09-06T18:45:21.145-05:00
707d5c5dacdf,campaign-sf1,mado,tpch,Q12,Medium,oracle,non-indexed,1,1,0,1,django,orm,q12s0,0,1.207308,2,ok,,client-side:900,1.03,226453,124387198319024,2026-09-06T18:45:22.352-05:00
707d5c5dacdf,campaign-sf1,mado,tpch,Q12,Medium,oracle,non-indexed,1,1,0,2,sqlalchemy,sql,q12s0,0,1.143343,2,ok,,client-side:900,1.03,226453,124387198319024,2026-09-06T18:45:23.495-05:00
707d5c5dacdf,campaign-sf1,mado,tpch,Q12,Medium,oracle,non-indexed,1,1,0,3,sqlalchemy,orm,q12s0,0,1.154138,2,ok,,client-side:900,1.03,226453,124387198319024,2026-09-06T18:45:24.650-05:00
707d5c5dacdf,campaign-sf1,mado,tpch,Q12,Medium,oracle,non-indexed,1,2,3,-1,django,sql,q12s1,2,1.039556,,ok,,client-side:900,1.03,226453,124387198319024,2026-09-06T18:45:25.694-05:00
707d5c5dacdf,campaign-sf1,mado,tpch,Q12,Medium,oracle,non-indexed,1,2,3,-1,django,orm,q12s1,2,1.53332,,ok,,client-side:900,1.03,226453,124387198319024,2026-09-06T18:45:27.227-05:00
707d5c5dacdf,campaign-sf1,mado,tpch,Q12,Medium,oracle,non-indexed,1,2,3,-1,sqlalchemy,sql,q12s1,2,1.04223,,ok,,client-side:900,1.03,226453,124387198319024,2026-09-06T18:45:28.269-05:00
707d5c5dacdf,campaign-sf1,mado,tpch,Q12,Medium,oracle,non-indexed,1,2,3,-1,sqlalchemy,orm,q12s1,2,1.414124,,ok,,client-side:900,1.03,226453,124387198319024,2026-09-06T18:45:29.684-05:00
707d5c5dacdf,campaign-sf1,mado,tpch,Q12,Medium,oracle,non-indexed,1,2,3,0,sqlalchemy,sql,q12s1,0,1.035386,2,ok,,client-side:900,1.03,226453,124387198319024,2026-09-06T18:45:30.719-05:00
707d5c5dacdf,campaign-sf1,mado,tpch,Q12,Medium,oracle,non-indexed,1,2,3,1,django,sql,q12s1,0,1.028894,2,ok,,client-side:900,1.03,226453,124387198319024,2026-09-06T18:45:31.748-05:00
707d5c5dacdf,campaign-sf1,mado,tpch,Q12,Medium,oracle,non-indexed,1,2,3,2,sqlalchemy,orm,q12s1,0,1.413839,2,ok,,client-side:900,1.03,226453,124387198319024,2026-09-06T18:45:33.162-05:00
707d5c5dacdf,campaign-sf1,mado,tpch,Q12,Medium,oracle,non-indexed,1,2,3,3,django,orm,q12s1,0,1.535515,2,ok,,client-side:900,1.02,226453,124387198319024,2026-09-06T18:45:34.698-05:00
707d5c5dacdf,campaign-sf1,mado,tpch,Q12,Medium,oracle,non-indexed,1,3,1,-1,django,sql,q12s2,2,1.11017,,ok,,client-side:900,1.02,226453,124387198319024,2026-09-06T18:45:35.812-05:00
707d5c5dacdf,campaign-sf1,mado,tpch,Q12,Medium,oracle,non-indexed,1,3,1,-1,django,orm,q12s2,2,1.090551,,ok,,client-side:900,1.02,226453,124387198319024,2026-09-06T18:45:36.903-05:00
707d5c5dacdf,campaign-sf1,mado,tpch,Q12,Medium,oracle,non-indexed,1,3,1,-1,sqlalchemy,sql,q12s2,2,1.113232,,ok,,client-side:900,1.02,226453,124387198319024,2026-09-06T18:45:38.016-05:00
707d5c5dacdf,campaign-sf1,mado,tpch,Q12,Medium,oracle,non-indexed,1,3,1,-1,sqlalchemy,orm,q12s2,2,1.044782,,ok,,client-side:900,1.02,226453,124387198319024,2026-09-06T18:45:39.061-05:00
707d5c5dacdf,campaign-sf1,mado,tpch,Q12,Medium,oracle,non-indexed,1,3,1,0,django,orm,q12s2,0,1.091205,2,ok,,client-side:900,1.02,226453,124387198319024,2026-09-06T18:45:40.153-05:00
707d5c5dacdf,campaign-sf1,mado,tpch,Q12,Medium,oracle,non-indexed,1,3,1,1,sqlalchemy,orm,q12s2,0,1.045391,2,ok,,client-side:900,1.02,226453,124387198319024,2026-09-06T18:45:41.198-05:00
707d5c5dacdf,campaign-sf1,mado,tpch,Q12,Medium,oracle,non-indexed,1,3,1,2,django,sql,q12s2,0,1.09916,2,ok,,client-side:900,1.02,226453,124387198319024,2026-09-06T18:45:42.297-05:00
707d5c5dacdf,campaign-sf1,mado,tpch,Q12,Medium,oracle,non-indexed,1,3,1,3,sqlalchemy,sql,q12s2,0,1.09688,2,ok,,client-side:900,1.02,226453,124387198319024,2026-09-06T18:45:43.394-05:00
707d5c5dacdf,campaign-sf1,mado,tpch,Q12,Medium,oracle,non-indexed,1,4,2,-1,django,sql,q12s3,2,1.101145,,ok,,client-side:900,1.02,226453,124387198319024,2026-09-06T18:45:44.500-05:00
707d5c5dacdf,campaign-sf1,mado,tpch,Q12,Medium,oracle,non-indexed,1,4,2,-1,django,orm,q12s3,2,1.095958,,ok,,client-side:900,1.02,226453,124387198319024,2026-09-06T18:45:45.596-05:00
707d5c5dacdf,campaign-sf1,mado,tpch,Q12,Medium,oracle,non-indexed,1,4,2,-1,sqlalchemy,sql,q12s3,2,1.111223,,ok,,client-side:900,1.02,226453,124387198319024,2026-09-06T18:45:46.707-05:00
707d5c5dacdf,campaign-sf1,mado,tpch,Q12,Medium,oracle,non-indexed,1,4,2,-1,sqlalchemy,orm,q12s3,2,1.044442,,ok,,client-side:900,1.02,226453,124387198319024,2026-09-06T18:45:47.752-05:00
707d5c5dacdf,campaign-sf1,mado,tpch,Q12,Medium,oracle,non-indexed,1,4,2,0,sqlalchemy,orm,q12s3,0,1.041588,2,ok,,client-side:900,1.02,226453,124387198319024,2026-09-06T18:45:48.793-05:00
707d5c5dacdf,campaign-sf1,mado,tpch,Q12,Medium,oracle,non-indexed,1,4,2,1,sqlalchemy,sql,q12s3,0,1.090132,2,ok,,client-side:900,1.02,226453,124387198319024,2026-09-06T18:45:49.884-05:00
707d5c5dacdf,campaign-sf1,mado,tpch,Q12,Medium,oracle,non-indexed,1,4,2,2,django,orm,q12s3,0,1.085164,2,ok,,client-side:900,1.02,226453,124387198319024,2026-09-06T18:45:50.969-05:00
707d5c5dacdf,campaign-sf1,mado,tpch,Q12,Medium,oracle,non-indexed,1,4,2,3,django,sql,q12s3,0,1.096565,2,ok,,client-side:900,1.02,226453,124387198319024,2026-09-06T18:45:52.066-05:00
707d5c5dacdf,campaign-sf1,mado,tpch,Q12,Medium,oracle,non-indexed,1,5,1,-1,django,sql,q12s4,2,1.288021,,ok,,client-side:900,1.02,226453,124387198319024,2026-09-06T18:45:53.358-05:00
707d5c5dacdf,campaign-sf1,mado,tpch,Q12,Medium,oracle,non-indexed,1,5,1,-1,django,orm,q12s4,2,1.334405,,ok,,client-side:900,1.02,226453,124387198319024,2026-09-06T18:45:54.693-05:00
707d5c5dacdf,campaign-sf1,mado,tpch,Q12,Medium,oracle,non-indexed,1,5,1,-1,sqlalchemy,sql,q12s4,2,1.289584,,ok,,client-side:900,1.02,226453,124387198319024,2026-09-06T18:45:55.982-05:00
707d5c5dacdf,campaign-sf1,mado,tpch,Q12,Medium,oracle,non-indexed,1,5,1,-1,sqlalchemy,orm,q12s4,2,1.245468,,ok,,client-side:900,1.02,226453,124387198319024,2026-09-06T18:45:57.228-05:00
707d5c5dacdf,campaign-sf1,mado,tpch,Q12,Medium,oracle,non-indexed,1,5,1,0,django,orm,q12s4,0,1.334702,2,ok,,client-side:900,1.02,226453,124387198319024,2026-09-06T18:45:58.563-05:00
707d5c5dacdf,campaign-sf1,mado,tpch,Q12,Medium,oracle,non-indexed,1,5,1,1,sqlalchemy,orm,q12s4,0,1.246933,2,ok,,client-side:900,1.02,226453,124387198319024,2026-09-06T18:45:59.810-05:00
707d5c5dacdf,campaign-sf1,mado,tpch,Q12,Medium,oracle,non-indexed,1,5,1,2,django,sql,q12s4,0,1.29819,2,ok,,client-side:900,1.02,226453,124387198319024,2026-09-06T18:46:01.108-05:00
707d5c5dacdf,campaign-sf1,mado,tpch,Q12,Medium,oracle,non-indexed,1,5,1,3,sqlalchemy,sql,q12s4,0,1.282276,2,ok,,client-side:900,1.02,226453,124387198319024,2026-09-06T18:46:02.390-05:00
707d5c5dacdf,campaign-sf1,mado,tpch,Q12,Medium,oracle,non-indexed,1,6,3,-1,django,sql,q12s5,2,1.289969,,ok,,client-side:900,1.01,226453,124387198319024,2026-09-06T18:46:03.685-05:00
707d5c5dacdf,campaign-sf1,mado,tpch,Q12,Medium,oracle,non-indexed,1,6,3,-1,django,orm,q12s5,2,1.337072,,ok,,client-side:900,1.01,226453,124387198319024,2026-09-06T18:46:05.022-05:00
707d5c5dacdf,campaign-sf1,mado,tpch,Q12,Medium,oracle,non-indexed,1,6,3,-1,sqlalchemy,sql,q12s5,2,1.287742,,ok,,client-side:900,1.01,226453,124387198319024,2026-09-06T18:46:06.310-05:00
707d5c5dacdf,campaign-sf1,mado,tpch,Q12,Medium,oracle,non-indexed,1,6,3,-1,sqlalchemy,orm,q12s5,2,1.248918,,ok,,client-side:900,1.01,226453,124387198319024,2026-09-06T18:46:07.559-05:00
707d5c5dacdf,campaign-sf1,mado,tpch,Q12,Medium,oracle,non-indexed,1,6,3,0,sqlalchemy,sql,q12s5,0,1.282271,2,ok,,client-side:900,1.01,226453,124387198319024,2026-09-06T18:46:08.841-05:00
707d5c5dacdf,campaign-sf1,mado,tpch,Q12,Medium,oracle,non-indexed,1,6,3,1,django,sql,q12s5,0,1.281034,2,ok,,client-side:900,1.01,226453,124387198319024,2026-09-06T18:46:10.122-05:00
707d5c5dacdf,campaign-sf1,mado,tpch,Q12,Medium,oracle,non-indexed,1,6,3,2,sqlalchemy,orm,q12s5,0,1.250088,2,ok,,client-side:900,1.01,226453,124387198319024,2026-09-06T18:46:11.373-05:00
707d5c5dacdf,campaign-sf1,mado,tpch,Q12,Medium,oracle,non-indexed,1,6,3,3,django,orm,q12s5,0,1.337028,2,ok,,client-side:900,1.01,226453,124387198319024,2026-09-06T18:46:12.710-05:00
707d5c5dacdf,campaign-sf1,mado,tpch,Q12,Medium,oracle,non-indexed,1,7,0,-1,django,sql,q12s6,2,1.286432,,ok,,client-side:900,1.01,226453,124387198319024,2026-09-06T18:46:14.000-05:00
707d5c5dacdf,campaign-sf1,mado,tpch,Q12,Medium,oracle,non-indexed,1,7,0,-1,django,orm,q12s6,2,1.320399,,ok,,client-side:900,1.01,226453,124387198319024,2026-09-06T18:46:15.321-05:00
707d5c5dacdf,campaign-sf1,mado,tpch,Q12,Medium,oracle,non-indexed,1,7,0,-1,sqlalchemy,sql,q12s6,2,1.322843,,ok,,client-side:900,1.01,226453,124387198319024,2026-09-06T18:46:16.644-05:00
707d5c5dacdf,campaign-sf1,mado,tpch,Q12,Medium,oracle,non-indexed,1,7,0,-1,sqlalchemy,orm,q12s6,2,1.24327,,ok,,client-side:900,1.01,226453,124387198319024,2026-09-06T18:46:17.887-05:00
707d5c5dacdf,campaign-sf1,mado,tpch,Q12,Medium,oracle,non-indexed,1,7,0,0,django,sql,q12s6,0,1.28198,2,ok,,client-side:900,1.01,226453,124387198319024,2026-09-06T18:46:19.169-05:00
707d5c5dacdf,campaign-sf1,mado,tpch,Q12,Medium,oracle,non-indexed,1,7,0,1,django,orm,q12s6,0,1.321573,2,ok,,client-side:900,1.01,226453,124387198319024,2026-09-06T18:46:20.491-05:00
707d5c5dacdf,campaign-sf1,mado,tpch,Q12,Medium,oracle,non-indexed,1,7,0,2,sqlalchemy,sql,q12s6,0,1.291618,2,ok,,client-side:900,1.01,226453,124387198319024,2026-09-06T18:46:21.783-05:00
707d5c5dacdf,campaign-sf1,mado,tpch,Q12,Medium,oracle,non-indexed,1,7,0,3,sqlalchemy,orm,q12s6,0,1.243253,2,ok,,client-side:900,1.01,226453,124387198319024,2026-09-06T18:46:23.026-05:00
707d5c5dacdf,campaign-sf1,mado,tpch,Q12,Medium,oracle,non-indexed,1,8,2,-1,django,sql,q12s7,2,1.027472,,ok,,client-side:900,1.01,226453,124387198319024,2026-09-06T18:46:24.058-05:00
707d5c5dacdf,campaign-sf1,mado,tpch,Q12,Medium,oracle,non-indexed,1,8,2,-1,django,orm,q12s7,2,1.51452,,ok,,client-side:900,1.01,226453,124387198319024,2026-09-06T18:46:25.573-05:00
707d5c5dacdf,campaign-sf1,mado,tpch,Q12,Medium,oracle,non-indexed,1,8,2,-1,sqlalchemy,sql,q12s7,2,1.039466,,ok,,client-side:900,1.01,226453,124387198319024,2026-09-06T18:46:26.612-05:00
707d5c5dacdf,campaign-sf1,mado,tpch,Q12,Medium,oracle,non-indexed,1,8,2,-1,sqlalchemy,orm,q12s7,2,1.40524,,ok,,client-side:900,1.01,226453,124387198319024,2026-09-06T18:46:28.018-05:00
707d5c5dacdf,campaign-sf1,mado,tpch,Q12,Medium,oracle,non-indexed,1,8,2,0,sqlalchemy,orm,q12s7,0,1.409612,2,ok,,client-side:900,1.01,226453,124387198319024,2026-09-06T18:46:29.427-05:00
707d5c5dacdf,campaign-sf1,mado,tpch,Q12,Medium,oracle,non-indexed,1,8,2,1,sqlalchemy,sql,q12s7,0,1.032646,2,ok,,client-side:900,1.01,226453,124387198319024,2026-09-06T18:46:30.460-05:00
707d5c5dacdf,campaign-sf1,mado,tpch,Q12,Medium,oracle,non-indexed,1,8,2,2,django,orm,q12s7,0,1.517876,2,ok,,client-side:900,1.01,226453,124387198319024,2026-09-06T18:46:31.978-05:00
707d5c5dacdf,campaign-sf1,mado,tpch,Q12,Medium,oracle,non-indexed,1,8,2,3,django,sql,q12s7,0,1.022881,2,ok,,client-side:900,1.01,226453,124387198319024,2026-09-06T18:46:33.001-05:00
37497c6e3dd4,campaign-sf1,mado,tpch,Q13,Complex,oracle,non-indexed,1,0,0,0,django,sql,q13warm,1,1.362345,42,ok,,client-side:900,1.01,226497,124314071080720,2026-09-06T18:46:35.578-05:00
37497c6e3dd4,campaign-sf1,mado,tpch,Q13,Complex,oracle,non-indexed,1,0,0,1,django,orm,q13warm,1,1.8e-05,,not_expressible,"Q13NotExpressible: Django ORM cannot express Q13 on Oracle: no derived-table construct, and Oracle raises ORA-22818 for a subquery in a GROUP BY expression. See django_a",client-side:900,1.01,226497,124314071080720,2026-09-06T18:46:35.578-05:00
37497c6e3dd4,campaign-sf1,mado,tpch,Q13,Complex,oracle,non-indexed,1,0,0,2,sqlalchemy,sql,q13warm,1,1.310763,42,ok,,client-side:900,1.01,226497,124314071080720,2026-09-06T18:46:36.889-05:00
37497c6e3dd4,campaign-sf1,mado,tpch,Q13,Complex,oracle,non-indexed,1,0,0,3,sqlalchemy,orm,q13warm,1,1.312188,42,ok,,client-side:900,1.01,226497,124314071080720,2026-09-06T18:46:38.201-05:00
37497c6e3dd4,campaign-sf1,mado,tpch,Q13,Complex,oracle,non-indexed,1,1,0,-1,django,sql,q13s0,2,1.342062,,ok,,client-side:900,1.01,226497,124314071080720,2026-09-06T18:46:39.548-05:00
37497c6e3dd4,campaign-sf1,mado,tpch,Q13,Complex,oracle,non-indexed,1,1,0,-1,sqlalchemy,sql,q13s0,2,1.338213,,ok,,client-side:900,1.01,226497,124314071080720,2026-09-06T18:46:40.886-05:00
37497c6e3dd4,campaign-sf1,mado,tpch,Q13,Complex,oracle,non-indexed,1,1,0,-1,sqlalchemy,orm,q13s0,2,1.301529,,ok,,client-side:900,1.01,226497,124314071080720,2026-09-06T18:46:42.188-05:00
37497c6e3dd4,campaign-sf1,mado,tpch,Q13,Complex,oracle,non-indexed,1,1,0,0,django,sql,q13s0,0,1.338213,42,ok,,client-side:900,1.01,226497,124314071080720,2026-09-06T18:46:43.526-05:00
37497c6e3dd4,campaign-sf1,mado,tpch,Q13,Complex,oracle,non-indexed,1,1,0,2,sqlalchemy,sql,q13s0,0,1.332043,42,ok,,client-side:900,1.01,226497,124314071080720,2026-09-06T18:46:44.858-05:00
37497c6e3dd4,campaign-sf1,mado,tpch,Q13,Complex,oracle,non-indexed,1,1,0,3,sqlalchemy,orm,q13s0,0,1.305835,42,ok,,client-side:900,1.01,226497,124314071080720,2026-09-06T18:46:46.164-05:00
37497c6e3dd4,campaign-sf1,mado,tpch,Q13,Complex,oracle,non-indexed,1,2,3,-1,django,sql,q13s1,2,1.258421,,ok,,client-side:900,1.01,226497,124314071080720,2026-09-06T18:46:47.427-05:00
37497c6e3dd4,campaign-sf1,mado,tpch,Q13,Complex,oracle,non-indexed,1,2,3,-1,sqlalchemy,sql,q13s1,2,1.259912,,ok,,client-side:900,1.0,226497,124314071080720,2026-09-06T18:46:48.687-05:00
37497c6e3dd4,campaign-sf1,mado,tpch,Q13,Complex,oracle,non-indexed,1,2,3,-1,sqlalchemy,orm,q13s1,2,1.220252,,ok,,client-side:900,1.0,226497,124314071080720,2026-09-06T18:46:49.907-05:00
37497c6e3dd4,campaign-sf1,mado,tpch,Q13,Complex,oracle,non-indexed,1,2,3,0,sqlalchemy,sql,q13s1,0,1.250862,41,ok,,client-side:900,1.0,226497,124314071080720,2026-09-06T18:46:51.158-05:00
37497c6e3dd4,campaign-sf1,mado,tpch,Q13,Complex,oracle,non-indexed,1,2,3,1,django,sql,q13s1,0,1.250327,41,ok,,client-side:900,1.0,226497,124314071080720,2026-09-06T18:46:52.409-05:00
37497c6e3dd4,campaign-sf1,mado,tpch,Q13,Complex,oracle,non-indexed,1,2,3,2,sqlalchemy,orm,q13s1,0,1.220471,41,ok,,client-side:900,1.0,226497,124314071080720,2026-09-06T18:46:53.629-05:00
37497c6e3dd4,campaign-sf1,mado,tpch,Q13,Complex,oracle,non-indexed,1,3,2,-1,django,sql,q13s2,2,1.295143,,ok,,client-side:900,1.0,226497,124314071080720,2026-09-06T18:46:54.929-05:00
37497c6e3dd4,campaign-sf1,mado,tpch,Q13,Complex,oracle,non-indexed,1,3,2,-1,sqlalchemy,sql,q13s2,2,1.294984,,ok,,client-side:900,1.0,226497,124314071080720,2026-09-06T18:46:56.224-05:00
37497c6e3dd4,campaign-sf1,mado,tpch,Q13,Complex,oracle,non-indexed,1,3,2,-1,sqlalchemy,orm,q13s2,2,1.25624,,ok,,client-side:900,1.0,226497,124314071080720,2026-09-06T18:46:57.480-05:00
37497c6e3dd4,campaign-sf1,mado,tpch,Q13,Complex,oracle,non-indexed,1,3,2,0,sqlalchemy,orm,q13s2,0,1.257458,42,ok,,client-side:900,1.0,226497,124314071080720,2026-09-06T18:46:58.738-05:00
37497c6e3dd4,campaign-sf1,mado,tpch,Q13,Complex,oracle,non-indexed,1,3,2,1,sqlalchemy,sql,q13s2,0,1.288532,42,ok,,client-side:900,1.0,226497,124314071080720,2026-09-06T18:47:00.027-05:00
37497c6e3dd4,campaign-sf1,mado,tpch,Q13,Complex,oracle,non-indexed,1,3,2,3,django,sql,q13s2,0,1.287964,42,ok,,client-side:900,1.0,226497,124314071080720,2026-09-06T18:47:01.315-05:00
37497c6e3dd4,campaign-sf1,mado,tpch,Q13,Complex,oracle,non-indexed,1,4,1,-1,django,sql,q13s3,2,1.379723,,ok,,client-side:900,1.0,226497,124314071080720,2026-09-06T18:47:02.699-05:00
37497c6e3dd4,campaign-sf1,mado,tpch,Q13,Complex,oracle,non-indexed,1,4,1,-1,sqlalchemy,sql,q13s3,2,1.376579,,ok,,client-side:900,1.0,226497,124314071080720,2026-09-06T18:47:04.076-05:00
37497c6e3dd4,campaign-sf1,mado,tpch,Q13,Complex,oracle,non-indexed,1,4,1,-1,sqlalchemy,orm,q13s3,2,1.341773,,ok,,client-side:900,1.0,226497,124314071080720,2026-09-06T18:47:05.417-05:00
37497c6e3dd4,campaign-sf1,mado,tpch,Q13,Complex,oracle,non-indexed,1,4,1,1,sqlalchemy,orm,q13s3,0,1.341769,41,ok,,client-side:900,1.0,226497,124314071080720,2026-09-06T18:47:06.759-05:00
37497c6e3dd4,campaign-sf1,mado,tpch,Q13,Complex,oracle,non-indexed,1,4,1,2,django,sql,q13s3,0,1.370607,41,ok,,client-side:900,1.0,226497,124314071080720,2026-09-06T18:47:08.130-05:00
37497c6e3dd4,campaign-sf1,mado,tpch,Q13,Complex,oracle,non-indexed,1,4,1,3,sqlalchemy,sql,q13s3,0,1.369531,41,ok,,client-side:900,1.0,226497,124314071080720,2026-09-06T18:47:09.500-05:00
37497c6e3dd4,campaign-sf1,mado,tpch,Q13,Complex,oracle,non-indexed,1,5,2,-1,django,sql,q13s4,2,1.341222,,ok,,client-side:900,1.0,226497,124314071080720,2026-09-06T18:47:10.845-05:00
37497c6e3dd4,campaign-sf1,mado,tpch,Q13,Complex,oracle,non-indexed,1,5,2,-1,sqlalchemy,sql,q13s4,2,1.337089,,ok,,client-side:900,1.0,226497,124314071080720,2026-09-06T18:47:12.183-05:00
37497c6e3dd4,campaign-sf1,mado,tpch,Q13,Complex,oracle,non-indexed,1,5,2,-1,sqlalchemy,orm,q13s4,2,1.300335,,ok,,client-side:900,1.0,226497,124314071080720,2026-09-06T18:47:13.483-05:00
37497c6e3dd4,campaign-sf1,mado,tpch,Q13,Complex,oracle,non-indexed,1,5,2,0,sqlalchemy,orm,q13s4,0,1.299869,42,ok,,client-side:900,1.0,226497,124314071080720,2026-09-06T18:47:14.783-05:00
37497c6e3dd4,campaign-sf1,mado,tpch,Q13,Complex,oracle,non-indexed,1,5,2,1,sqlalchemy,sql,q13s4,0,1.335199,42,ok,,client-side:900,1.0,226497,124314071080720,2026-09-06T18:47:16.118-05:00
37497c6e3dd4,campaign-sf1,mado,tpch,Q13,Complex,oracle,non-indexed,1,5,2,3,django,sql,q13s4,0,1.330735,42,ok,,client-side:900,1.0,226497,124314071080720,2026-09-06T18:47:17.449-05:00
37497c6e3dd4,campaign-sf1,mado,tpch,Q13,Complex,oracle,non-indexed,1,6,0,-1,django,sql,q13s5,2,1.375735,,ok,,client-side:900,1.0,226497,124314071080720,2026-09-06T18:47:18.829-05:00
37497c6e3dd4,campaign-sf1,mado,tpch,Q13,Complex,oracle,non-indexed,1,6,0,-1,sqlalchemy,sql,q13s5,2,1.374797,,ok,,client-side:900,1.0,226497,124314071080720,2026-09-06T18:47:20.204-05:00
37497c6e3dd4,campaign-sf1,mado,tpch,Q13,Complex,oracle,non-indexed,1,6,0,-1,sqlalchemy,orm,q13s5,2,1.340995,,ok,,client-side:900,1.0,226497,124314071080720,2026-09-06T18:47:21.545-05:00
37497c6e3dd4,campaign-sf1,mado,tpch,Q13,Complex,oracle,non-indexed,1,6,0,0,django,sql,q13s5,0,1.367992,42,ok,,client-side:900,1.0,226497,124314071080720,2026-09-06T18:47:22.913-05:00
37497c6e3dd4,campaign-sf1,mado,tpch,Q13,Complex,oracle,non-indexed,1,6,0,2,sqlalchemy,sql,q13s5,0,1.365533,42,ok,,client-side:900,1.0,226497,124314071080720,2026-09-06T18:47:24.279-05:00
37497c6e3dd4,campaign-sf1,mado,tpch,Q13,Complex,oracle,non-indexed,1,6,0,3,sqlalchemy,orm,q13s5,0,1.342124,42,ok,,client-side:900,1.0,226497,124314071080720,2026-09-06T18:47:25.621-05:00
37497c6e3dd4,campaign-sf1,mado,tpch,Q13,Complex,oracle,non-indexed,1,7,3,-1,django,sql,q13s6,2,1.255067,,ok,,client-side:900,1.0,226497,124314071080720,2026-09-06T18:47:26.881-05:00
37497c6e3dd4,campaign-sf1,mado,tpch,Q13,Complex,oracle,non-indexed,1,7,3,-1,sqlalchemy,sql,q13s6,2,1.253362,,ok,,client-side:900,1.0,226497,124314071080720,2026-09-06T18:47:28.134-05:00
37497c6e3dd4,campaign-sf1,mado,tpch,Q13,Complex,oracle,non-indexed,1,7,3,-1,sqlalchemy,orm,q13s6,2,1.217471,,ok,,client-side:900,1.0,226497,124314071080720,2026-09-06T18:47:29.352-05:00
37497c6e3dd4,campaign-sf1,mado,tpch,Q13,Complex,oracle,non-indexed,1,7,3,0,sqlalchemy,sql,q13s6,0,1.247959,42,ok,,client-side:900,1.0,226497,124314071080720,2026-09-06T18:47:30.600-05:00
37497c6e3dd4,campaign-sf1,mado,tpch,Q13,Complex,oracle,non-indexed,1,7,3,1,django,sql,q13s6,0,1.248259,42,ok,,client-side:900,1.0,226497,124314071080720,2026-09-06T18:47:31.848-05:00
37497c6e3dd4,campaign-sf1,mado,tpch,Q13,Complex,oracle,non-indexed,1,7,3,2,sqlalchemy,orm,q13s6,0,1.221799,42,ok,,client-side:900,1.0,226497,124314071080720,2026-09-06T18:47:33.070-05:00
37497c6e3dd4,campaign-sf1,mado,tpch,Q13,Complex,oracle,non-indexed,1,8,1,-1,django,sql,q13s7,2,1.377634,,ok,,client-side:900,1.0,226497,124314071080720,2026-09-06T18:47:34.452-05:00
37497c6e3dd4,campaign-sf1,mado,tpch,Q13,Complex,oracle,non-indexed,1,8,1,-1,sqlalchemy,sql,q13s7,2,1.375986,,ok,,client-side:900,1.0,226497,124314071080720,2026-09-06T18:47:35.828-05:00
37497c6e3dd4,campaign-sf1,mado,tpch,Q13,Complex,oracle,non-indexed,1,8,1,-1,sqlalchemy,orm,q13s7,2,1.341347,,ok,,client-side:900,1.0,226497,124314071080720,2026-09-06T18:47:37.170-05:00
37497c6e3dd4,campaign-sf1,mado,tpch,Q13,Complex,oracle,non-indexed,1,8,1,1,sqlalchemy,orm,q13s7,0,1.3409,42,ok,,client-side:900,1.0,226497,124314071080720,2026-09-06T18:47:38.511-05:00
37497c6e3dd4,campaign-sf1,mado,tpch,Q13,Complex,oracle,non-indexed,1,8,1,2,django,sql,q13s7,0,1.371784,42,ok,,client-side:900,1.0,226497,124314071080720,2026-09-06T18:47:39.883-05:00
37497c6e3dd4,campaign-sf1,mado,tpch,Q13,Complex,oracle,non-indexed,1,8,1,3,sqlalchemy,sql,q13s7,0,1.369191,42,ok,,client-side:900,1.0,226497,124314071080720,2026-09-06T18:47:41.252-05:00
6c81e1b77359,campaign-sf1,mado,tpch,Q14,Simple,oracle,non-indexed,1,0,2,0,sqlalchemy,orm,q14warm,1,1.501486,1,ok,,client-side:900,1.0,226507,133105681209904,2026-09-06T18:47:43.954-05:00
6c81e1b77359,campaign-sf1,mado,tpch,Q14,Simple,oracle,non-indexed,1,0,2,1,sqlalchemy,sql,q14warm,1,0.72981,1,ok,,client-side:900,1.0,226507,133105681209904,2026-09-06T18:47:44.684-05:00
6c81e1b77359,campaign-sf1,mado,tpch,Q14,Simple,oracle,non-indexed,1,0,2,2,django,orm,q14warm,1,1.390352,1,ok,,client-side:900,1.0,226507,133105681209904,2026-09-06T18:47:46.074-05:00
6c81e1b77359,campaign-sf1,mado,tpch,Q14,Simple,oracle,non-indexed,1,0,2,3,django,sql,q14warm,1,0.727799,1,ok,,client-side:900,1.0,226507,133105681209904,2026-09-06T18:47:46.802-05:00
6c81e1b77359,campaign-sf1,mado,tpch,Q14,Simple,oracle,non-indexed,1,1,3,-1,django,sql,q14s0,2,0.753729,,ok,,client-side:900,1.0,226507,133105681209904,2026-09-06T18:47:47.561-05:00
6c81e1b77359,campaign-sf1,mado,tpch,Q14,Simple,oracle,non-indexed,1,1,3,-1,django,orm,q14s0,2,0.757869,,ok,,client-side:900,1.0,226507,133105681209904,2026-09-06T18:47:48.319-05:00
6c81e1b77359,campaign-sf1,mado,tpch,Q14,Simple,oracle,non-indexed,1,1,3,-1,sqlalchemy,sql,q14s0,2,0.759406,,ok,,client-side:900,1.0,226507,133105681209904,2026-09-06T18:47:49.078-05:00
6c81e1b77359,campaign-sf1,mado,tpch,Q14,Simple,oracle,non-indexed,1,1,3,-1,sqlalchemy,orm,q14s0,2,0.75452,,ok,,client-side:900,1.0,226507,133105681209904,2026-09-06T18:47:49.833-05:00
6c81e1b77359,campaign-sf1,mado,tpch,Q14,Simple,oracle,non-indexed,1,1,3,0,sqlalchemy,sql,q14s0,0,0.744165,1,ok,,client-side:900,1.0,226507,133105681209904,2026-09-06T18:47:50.577-05:00
6c81e1b77359,campaign-sf1,mado,tpch,Q14,Simple,oracle,non-indexed,1,1,3,1,django,sql,q14s0,0,0.748227,1,ok,,client-side:900,1.0,226507,133105681209904,2026-09-06T18:47:51.325-05:00
6c81e1b77359,campaign-sf1,mado,tpch,Q14,Simple,oracle,non-indexed,1,1,3,2,sqlalchemy,orm,q14s0,0,0.761346,1,ok,,client-side:900,1.0,226507,133105681209904,2026-09-06T18:47:52.087-05:00
6c81e1b77359,campaign-sf1,mado,tpch,Q14,Simple,oracle,non-indexed,1,1,3,3,django,orm,q14s0,0,0.756452,1,ok,,client-side:900,1.0,226507,133105681209904,2026-09-06T18:47:52.843-05:00
6c81e1b77359,campaign-sf1,mado,tpch,Q14,Simple,oracle,non-indexed,1,2,1,-1,django,sql,q14s1,2,0.754011,,ok,,client-side:900,1.0,226507,133105681209904,2026-09-06T18:47:53.602-05:00
6c81e1b77359,campaign-sf1,mado,tpch,Q14,Simple,oracle,non-indexed,1,2,1,-1,django,orm,q14s1,2,0.754273,,ok,,client-side:900,1.0,226507,133105681209904,2026-09-06T18:47:54.357-05:00
6c81e1b77359,campaign-sf1,mado,tpch,Q14,Simple,oracle,non-indexed,1,2,1,-1,sqlalchemy,sql,q14s1,2,0.760081,,ok,,client-side:900,1.0,226507,133105681209904,2026-09-06T18:47:55.117-05:00
6c81e1b77359,campaign-sf1,mado,tpch,Q14,Simple,oracle,non-indexed,1,2,1,-1,sqlalchemy,orm,q14s1,2,0.750357,,ok,,client-side:900,1.0,226507,133105681209904,2026-09-06T18:47:55.867-05:00
6c81e1b77359,campaign-sf1,mado,tpch,Q14,Simple,oracle,non-indexed,1,2,1,0,django,orm,q14s1,0,0.750498,1,ok,,client-side:900,1.0,226507,133105681209904,2026-09-06T18:47:56.618-05:00
6c81e1b77359,campaign-sf1,mado,tpch,Q14,Simple,oracle,non-indexed,1,2,1,1,sqlalchemy,orm,q14s1,0,0.750264,1,ok,,client-side:900,1.0,226507,133105681209904,2026-09-06T18:47:57.368-05:00
6c81e1b77359,campaign-sf1,mado,tpch,Q14,Simple,oracle,non-indexed,1,2,1,2,django,sql,q14s1,0,0.747075,1,ok,,client-side:900,1.0,226507,133105681209904,2026-09-06T18:47:58.115-05:00
6c81e1b77359,campaign-sf1,mado,tpch,Q14,Simple,oracle,non-indexed,1,2,1,3,sqlalchemy,sql,q14s1,0,0.752096,1,ok,,client-side:900,1.0,226507,133105681209904,2026-09-06T18:47:58.867-05:00
6c81e1b77359,campaign-sf1,mado,tpch,Q14,Simple,oracle,non-indexed,1,3,0,-1,django,sql,q14s2,2,0.715222,,ok,,client-side:900,1.0,226507,133105681209904,2026-09-06T18:47:59.587-05:00
6c81e1b77359,campaign-sf1,mado,tpch,Q14,Simple,oracle,non-indexed,1,3,0,-1,django,orm,q14s2,2,0.758365,,ok,,client-side:900,1.0,226507,133105681209904,2026-09-06T18:48:00.346-05:00
6c81e1b77359,campaign-sf1,mado,tpch,Q14,Simple,oracle,non-indexed,1,3,0,-1,sqlalchemy,sql,q14s2,2,0.718786,,ok,,client-side:900,1.0,226507,133105681209904,2026-09-06T18:48:01.064-05:00
6c81e1b77359,campaign-sf1,mado,tpch,Q14,Simple,oracle,non-indexed,1,3,0,-1,sqlalchemy,orm,q14s2,2,0.751479,,ok,,client-side:900,1.0,226507,133105681209904,2026-09-06T18:48:01.816-05:00
6c81e1b77359,campaign-sf1,mado,tpch,Q14,Simple,oracle,non-indexed,1,3,0,0,django,sql,q14s2,0,0.703766,1,ok,,client-side:900,1.0,226507,133105681209904,2026-09-06T18:48:02.520-05:00
6c81e1b77359,campaign-sf1,mado,tpch,Q14,Simple,oracle,non-indexed,1,3,0,1,django,orm,q14s2,0,0.755859,1,ok,,client-side:900,1.0,226507,133105681209904,2026-09-06T18:48:03.276-05:00
6c81e1b77359,campaign-sf1,mado,tpch,Q14,Simple,oracle,non-indexed,1,3,0,2,sqlalchemy,sql,q14s2,0,0.70578,1,ok,,client-side:900,1.0,226507,133105681209904,2026-09-06T18:48:03.982-05:00
6c81e1b77359,campaign-sf1,mado,tpch,Q14,Simple,oracle,non-indexed,1,3,0,3,sqlalchemy,orm,q14s2,0,0.74994,1,ok,,client-side:900,1.0,226507,133105681209904,2026-09-06T18:48:04.732-05:00
6c81e1b77359,campaign-sf1,mado,tpch,Q14,Simple,oracle,non-indexed,1,4,2,-1,django,sql,q14s3,2,0.753773,,ok,,client-side:900,1.0,226507,133105681209904,2026-09-06T18:48:05.490-05:00
6c81e1b77359,campaign-sf1,mado,tpch,Q14,Simple,oracle,non-indexed,1,4,2,-1,django,orm,q14s3,2,0.759701,,ok,,client-side:900,1.0,226507,133105681209904,2026-09-06T18:48:06.250-05:00
6c81e1b77359,campaign-sf1,mado,tpch,Q14,Simple,oracle,non-indexed,1,4,2,-1,sqlalchemy,sql,q14s3,2,0.760155,,ok,,client-side:900,1.0,226507,133105681209904,2026-09-06T18:48:07.010-05:00
6c81e1b77359,campaign-sf1,mado,tpch,Q14,Simple,oracle,non-indexed,1,4,2,-1,sqlalchemy,orm,q14s3,2,0.754834,,ok,,client-side:900,1.0,226507,133105681209904,2026-09-06T18:48:07.765-05:00
6c81e1b77359,campaign-sf1,mado,tpch,Q14,Simple,oracle,non-indexed,1,4,2,0,sqlalchemy,orm,q14s3,0,0.752029,1,ok,,client-side:900,1.0,226507,133105681209904,2026-09-06T18:48:08.517-05:00
6c81e1b77359,campaign-sf1,mado,tpch,Q14,Simple,oracle,non-indexed,1,4,2,1,sqlalchemy,sql,q14s3,0,0.746962,1,ok,,client-side:900,1.0,226507,133105681209904,2026-09-06T18:48:09.264-05:00
6c81e1b77359,campaign-sf1,mado,tpch,Q14,Simple,oracle,non-indexed,1,4,2,2,django,orm,q14s3,0,0.757073,1,ok,,client-side:900,1.0,226507,133105681209904,2026-09-06T18:48:10.022-05:00
6c81e1b77359,campaign-sf1,mado,tpch,Q14,Simple,oracle,non-indexed,1,4,2,3,django,sql,q14s3,0,0.74689,1,ok,,client-side:900,1.0,226507,133105681209904,2026-09-06T18:48:10.768-05:00
6c81e1b77359,campaign-sf1,mado,tpch,Q14,Simple,oracle,non-indexed,1,5,2,-1,django,sql,q14s4,2,0.74761,,ok,,client-side:900,1.0,226507,133105681209904,2026-09-06T18:48:11.521-05:00
6c81e1b77359,campaign-sf1,mado,tpch,Q14,Simple,oracle,non-indexed,1,5,2,-1,django,orm,q14s4,2,0.744908,,ok,,client-side:900,1.0,226507,133105681209904,2026-09-06T18:48:12.266-05:00
6c81e1b77359,campaign-sf1,mado,tpch,Q14,Simple,oracle,non-indexed,1,5,2,-1,sqlalchemy,sql,q14s4,2,0.74897,,ok,,client-side:900,1.0,226507,133105681209904,2026-09-06T18:48:13.015-05:00
6c81e1b77359,campaign-sf1,mado,tpch,Q14,Simple,oracle,non-indexed,1,5,2,-1,sqlalchemy,orm,q14s4,2,0.738692,,ok,,client-side:900,1.0,226507,133105681209904,2026-09-06T18:48:13.754-05:00
6c81e1b77359,campaign-sf1,mado,tpch,Q14,Simple,oracle,non-indexed,1,5,2,0,sqlalchemy,orm,q14s4,0,0.737022,1,ok,,client-side:900,1.0,226507,133105681209904,2026-09-06T18:48:14.491-05:00
6c81e1b77359,campaign-sf1,mado,tpch,Q14,Simple,oracle,non-indexed,1,5,2,1,sqlalchemy,sql,q14s4,0,0.738276,1,ok,,client-side:900,1.0,226507,133105681209904,2026-09-06T18:48:15.229-05:00
6c81e1b77359,campaign-sf1,mado,tpch,Q14,Simple,oracle,non-indexed,1,5,2,2,django,orm,q14s4,0,0.748283,1,ok,,client-side:900,1.0,226507,133105681209904,2026-09-06T18:48:15.978-05:00
6c81e1b77359,campaign-sf1,mado,tpch,Q14,Simple,oracle,non-indexed,1,5,2,3,django,sql,q14s4,0,0.737963,1,ok,,client-side:900,1.0,226507,133105681209904,2026-09-06T18:48:16.716-05:00
6c81e1b77359,campaign-sf1,mado,tpch,Q14,Simple,oracle,non-indexed,1,6,1,-1,django,sql,q14s5,2,0.761475,,ok,,client-side:900,1.0,226507,133105681209904,2026-09-06T18:48:17.482-05:00
6c81e1b77359,campaign-sf1,mado,tpch,Q14,Simple,oracle,non-indexed,1,6,1,-1,django,orm,q14s5,2,0.758255,,ok,,client-side:900,1.0,226507,133105681209904,2026-09-06T18:48:18.240-05:00
6c81e1b77359,campaign-sf1,mado,tpch,Q14,Simple,oracle,non-indexed,1,6,1,-1,sqlalchemy,sql,q14s5,2,0.759494,,ok,,client-side:900,1.0,226507,133105681209904,2026-09-06T18:48:19.000-05:00
6c81e1b77359,campaign-sf1,mado,tpch,Q14,Simple,oracle,non-indexed,1,6,1,-1,sqlalchemy,orm,q14s5,2,0.750759,,ok,,client-side:900,1.0,226507,133105681209904,2026-09-06T18:48:19.750-05:00
6c81e1b77359,campaign-sf1,mado,tpch,Q14,Simple,oracle,non-indexed,1,6,1,0,django,orm,q14s5,0,0.754348,1,ok,,client-side:900,1.0,226507,133105681209904,2026-09-06T18:48:20.505-05:00
6c81e1b77359,campaign-sf1,mado,tpch,Q14,Simple,oracle,non-indexed,1,6,1,1,sqlalchemy,orm,q14s5,0,0.751254,1,ok,,client-side:900,1.0,226507,133105681209904,2026-09-06T18:48:21.256-05:00
6c81e1b77359,campaign-sf1,mado,tpch,Q14,Simple,oracle,non-indexed,1,6,1,2,django,sql,q14s5,0,0.7492,1,ok,,client-side:900,1.0,226507,133105681209904,2026-09-06T18:48:22.006-05:00
6c81e1b77359,campaign-sf1,mado,tpch,Q14,Simple,oracle,non-indexed,1,6,1,3,sqlalchemy,sql,q14s5,0,0.747339,1,ok,,client-side:900,1.0,226507,133105681209904,2026-09-06T18:48:22.753-05:00
6c81e1b77359,campaign-sf1,mado,tpch,Q14,Simple,oracle,non-indexed,1,7,0,-1,django,sql,q14s6,2,0.748309,,ok,,client-side:900,1.0,226507,133105681209904,2026-09-06T18:48:23.506-05:00
6c81e1b77359,campaign-sf1,mado,tpch,Q14,Simple,oracle,non-indexed,1,7,0,-1,django,orm,q14s6,2,0.756995,,ok,,client-side:900,1.0,226507,133105681209904,2026-09-06T18:48:24.263-05:00
6c81e1b77359,campaign-sf1,mado,tpch,Q14,Simple,oracle,non-indexed,1,7,0,-1,sqlalchemy,sql,q14s6,2,0.739491,,ok,,client-side:900,1.0,226507,133105681209904,2026-09-06T18:48:25.003-05:00
6c81e1b77359,campaign-sf1,mado,tpch,Q14,Simple,oracle,non-indexed,1,7,0,-1,sqlalchemy,orm,q14s6,2,0.750322,,ok,,client-side:900,1.0,226507,133105681209904,2026-09-06T18:48:25.753-05:00
6c81e1b77359,campaign-sf1,mado,tpch,Q14,Simple,oracle,non-indexed,1,7,0,0,django,sql,q14s6,0,0.738474,1,ok,,client-side:900,1.0,226507,133105681209904,2026-09-06T18:48:26.492-05:00
6c81e1b77359,campaign-sf1,mado,tpch,Q14,Simple,oracle,non-indexed,1,7,0,1,django,orm,q14s6,0,0.756403,1,ok,,client-side:900,1.0,226507,133105681209904,2026-09-06T18:48:27.248-05:00
6c81e1b77359,campaign-sf1,mado,tpch,Q14,Simple,oracle,non-indexed,1,7,0,2,sqlalchemy,sql,q14s6,0,0.738054,1,ok,,client-side:900,1.0,226507,133105681209904,2026-09-06T18:48:27.986-05:00
6c81e1b77359,campaign-sf1,mado,tpch,Q14,Simple,oracle,non-indexed,1,7,0,3,sqlalchemy,orm,q14s6,0,0.748726,1,ok,,client-side:900,1.0,226507,133105681209904,2026-09-06T18:48:28.735-05:00
6c81e1b77359,campaign-sf1,mado,tpch,Q14,Simple,oracle,non-indexed,1,8,3,-1,django,sql,q14s7,2,0.746281,,ok,,client-side:900,1.0,226507,133105681209904,2026-09-06T18:48:29.486-05:00
6c81e1b77359,campaign-sf1,mado,tpch,Q14,Simple,oracle,non-indexed,1,8,3,-1,django,orm,q14s7,2,0.743621,,ok,,client-side:900,1.0,226507,133105681209904,2026-09-06T18:48:30.230-05:00
6c81e1b77359,campaign-sf1,mado,tpch,Q14,Simple,oracle,non-indexed,1,8,3,-1,sqlalchemy,sql,q14s7,2,0.747354,,ok,,client-side:900,1.0,226507,133105681209904,2026-09-06T18:48:30.977-05:00
6c81e1b77359,campaign-sf1,mado,tpch,Q14,Simple,oracle,non-indexed,1,8,3,-1,sqlalchemy,orm,q14s7,2,0.739635,,ok,,client-side:900,1.0,226507,133105681209904,2026-09-06T18:48:31.717-05:00
6c81e1b77359,campaign-sf1,mado,tpch,Q14,Simple,oracle,non-indexed,1,8,3,0,sqlalchemy,sql,q14s7,0,0.735122,1,ok,,client-side:900,1.0,226507,133105681209904,2026-09-06T18:48:32.452-05:00
6c81e1b77359,campaign-sf1,mado,tpch,Q14,Simple,oracle,non-indexed,1,8,3,1,django,sql,q14s7,0,0.738713,1,ok,,client-side:900,1.0,226507,133105681209904,2026-09-06T18:48:33.191-05:00
6c81e1b77359,campaign-sf1,mado,tpch,Q14,Simple,oracle,non-indexed,1,8,3,2,sqlalchemy,orm,q14s7,0,0.738404,1,ok,,client-side:900,1.0,226507,133105681209904,2026-09-06T18:48:33.929-05:00
6c81e1b77359,campaign-sf1,mado,tpch,Q14,Simple,oracle,non-indexed,1,8,3,3,django,orm,q14s7,0,0.742565,1,ok,,client-side:900,1.0,226507,133105681209904,2026-09-06T18:48:34.672-05:00
644d61242c3e,campaign-sf1,mado,tpch,Q15,Complex,oracle,non-indexed,1,0,2,0,sqlalchemy,orm,q15warm,1,2.643929,1,ok,,client-side:900,1.0,226515,129821953457568,2026-09-06T18:48:38.522-05:00
644d61242c3e,campaign-sf1,mado,tpch,Q15,Complex,oracle,non-indexed,1,0,2,1,sqlalchemy,sql,q15warm,1,0.790401,1,ok,,client-side:900,1.0,226515,129821953457568,2026-09-06T18:48:39.312-05:00
644d61242c3e,campaign-sf1,mado,tpch,Q15,Complex,oracle,non-indexed,1,0,2,2,django,orm,q15warm,1,2.25764,1,ok,,client-side:900,1.0,226515,129821953457568,2026-09-06T18:48:41.570-05:00
644d61242c3e,campaign-sf1,mado,tpch,Q15,Complex,oracle,non-indexed,1,0,2,3,django,sql,q15warm,1,0.794686,1,ok,,client-side:900,1.0,226515,129821953457568,2026-09-06T18:48:42.365-05:00
644d61242c3e,campaign-sf1,mado,tpch,Q15,Complex,oracle,non-indexed,1,1,0,-1,django,sql,q15s0,2,0.785327,,ok,,client-side:900,1.0,226515,129821953457568,2026-09-06T18:48:43.153-05:00
644d61242c3e,campaign-sf1,mado,tpch,Q15,Complex,oracle,non-indexed,1,1,0,-1,django,orm,q15s0,2,1.590404,,ok,,client-side:900,1.0,226515,129821953457568,2026-09-06T18:48:44.744-05:00
644d61242c3e,campaign-sf1,mado,tpch,Q15,Complex,oracle,non-indexed,1,1,0,-1,sqlalchemy,sql,q15s0,2,0.782143,,ok,,client-side:900,1.0,226515,129821953457568,2026-09-06T18:48:45.526-05:00
644d61242c3e,campaign-sf1,mado,tpch,Q15,Complex,oracle,non-indexed,1,1,0,-1,sqlalchemy,orm,q15s0,2,1.889345,,ok,,client-side:900,1.0,226515,129821953457568,2026-09-06T18:48:47.416-05:00
644d61242c3e,campaign-sf1,mado,tpch,Q15,Complex,oracle,non-indexed,1,1,0,0,django,sql,q15s0,0,0.781234,1,ok,,client-side:900,1.0,226515,129821953457568,2026-09-06T18:48:48.197-05:00
644d61242c3e,campaign-sf1,mado,tpch,Q15,Complex,oracle,non-indexed,1,1,0,1,django,orm,q15s0,0,1.590433,1,ok,,client-side:900,1.0,226515,129821953457568,2026-09-06T18:48:49.787-05:00
644d61242c3e,campaign-sf1,mado,tpch,Q15,Complex,oracle,non-indexed,1,1,0,2,sqlalchemy,sql,q15s0,0,0.776091,1,ok,,client-side:900,1.0,226515,129821953457568,2026-09-06T18:48:50.564-05:00
644d61242c3e,campaign-sf1,mado,tpch,Q15,Complex,oracle,non-indexed,1,1,0,3,sqlalchemy,orm,q15s0,0,1.896413,1,ok,,client-side:900,1.0,226515,129821953457568,2026-09-06T18:48:52.460-05:00
644d61242c3e,campaign-sf1,mado,tpch,Q15,Complex,oracle,non-indexed,1,2,2,-1,django,sql,q15s1,2,0.764085,,ok,,client-side:900,1.0,226515,129821953457568,2026-09-06T18:48:53.229-05:00
644d61242c3e,campaign-sf1,mado,tpch,Q15,Complex,oracle,non-indexed,1,2,2,-1,django,orm,q15s1,2,1.554043,,ok,,client-side:900,1.0,226515,129821953457568,2026-09-06T18:48:54.783-05:00
644d61242c3e,campaign-sf1,mado,tpch,Q15,Complex,oracle,non-indexed,1,2,2,-1,sqlalchemy,sql,q15s1,2,0.765785,,ok,,client-side:900,1.0,226515,129821953457568,2026-09-06T18:48:55.549-05:00
644d61242c3e,campaign-sf1,mado,tpch,Q15,Complex,oracle,non-indexed,1,2,2,-1,sqlalchemy,orm,q15s1,2,1.861833,,ok,,client-side:900,1.0,226515,129821953457568,2026-09-06T18:48:57.411-05:00
644d61242c3e,campaign-sf1,mado,tpch,Q15,Complex,oracle,non-indexed,1,2,2,0,sqlalchemy,orm,q15s1,0,1.861471,1,ok,,client-side:900,1.0,226515,129821953457568,2026-09-06T18:48:59.273-05:00
644d61242c3e,campaign-sf1,mado,tpch,Q15,Complex,oracle,non-indexed,1,2,2,1,sqlalchemy,sql,q15s1,0,0.758226,1,ok,,client-side:900,1.0,226515,129821953457568,2026-09-06T18:49:00.031-05:00
644d61242c3e,campaign-sf1,mado,tpch,Q15,Complex,oracle,non-indexed,1,2,2,2,django,orm,q15s1,0,1.564596,1,ok,,client-side:900,1.0,226515,129821953457568,2026-09-06T18:49:01.596-05:00
644d61242c3e,campaign-sf1,mado,tpch,Q15,Complex,oracle,non-indexed,1,2,2,3,django,sql,q15s1,0,0.755525,1,ok,,client-side:900,1.0,226515,129821953457568,2026-09-06T18:49:02.351-05:00
644d61242c3e,campaign-sf1,mado,tpch,Q15,Complex,oracle,non-indexed,1,3,3,-1,django,sql,q15s2,2,0.783424,,ok,,client-side:900,1.0,226515,129821953457568,2026-09-06T18:49:03.138-05:00
644d61242c3e,campaign-sf1,mado,tpch,Q15,Complex,oracle,non-indexed,1,3,3,-1,django,orm,q15s2,2,1.638837,,ok,,client-side:900,1.0,226515,129821953457568,2026-09-06T18:49:04.777-05:00
644d61242c3e,campaign-sf1,mado,tpch,Q15,Complex,oracle,non-indexed,1,3,3,-1,sqlalchemy,sql,q15s2,2,0.782862,,ok,,client-side:900,1.0,226515,129821953457568,2026-09-06T18:49:05.560-05:00
644d61242c3e,campaign-sf1,mado,tpch,Q15,Complex,oracle,non-indexed,1,3,3,-1,sqlalchemy,orm,q15s2,2,1.942098,,ok,,client-side:900,1.0,226515,129821953457568,2026-09-06T18:49:07.502-05:00
644d61242c3e,campaign-sf1,mado,tpch,Q15,Complex,oracle,non-indexed,1,3,3,0,sqlalchemy,sql,q15s2,0,0.776864,1,ok,,client-side:900,1.0,226515,129821953457568,2026-09-06T18:49:08.279-05:00
644d61242c3e,campaign-sf1,mado,tpch,Q15,Complex,oracle,non-indexed,1,3,3,1,django,sql,q15s2,0,0.774617,1,ok,,client-side:900,1.0,226515,129821953457568,2026-09-06T18:49:09.054-05:00
644d61242c3e,campaign-sf1,mado,tpch,Q15,Complex,oracle,non-indexed,1,3,3,2,sqlalchemy,orm,q15s2,0,1.942497,1,ok,,client-side:900,1.0,226515,129821953457568,2026-09-06T18:49:10.996-05:00
644d61242c3e,campaign-sf1,mado,tpch,Q15,Complex,oracle,non-indexed,1,3,3,3,django,orm,q15s2,0,1.638162,1,ok,,client-side:900,1.0,226515,129821953457568,2026-09-06T18:49:12.635-05:00
644d61242c3e,campaign-sf1,mado,tpch,Q15,Complex,oracle,non-indexed,1,4,1,-1,django,sql,q15s3,2,0.758134,,ok,,client-side:900,1.0,226515,129821953457568,2026-09-06T18:49:13.398-05:00
644d61242c3e,campaign-sf1,mado,tpch,Q15,Complex,oracle,non-indexed,1,4,1,-1,django,orm,q15s3,2,1.624784,,ok,,client-side:900,1.0,226515,129821953457568,2026-09-06T18:49:15.023-05:00
644d61242c3e,campaign-sf1,mado,tpch,Q15,Complex,oracle,non-indexed,1,4,1,-1,sqlalchemy,sql,q15s3,2,0.756363,,ok,,client-side:900,1.0,226515,129821953457568,2026-09-06T18:49:15.779-05:00
644d61242c3e,campaign-sf1,mado,tpch,Q15,Complex,oracle,non-indexed,1,4,1,-1,sqlalchemy,orm,q15s3,2,1.919855,,ok,,client-side:900,1.0,226515,129821953457568,2026-09-06T18:49:17.699-05:00
644d61242c3e,campaign-sf1,mado,tpch,Q15,Complex,oracle,non-indexed,1,4,1,0,django,orm,q15s3,0,1.627442,1,ok,,client-side:900,1.0,226515,129821953457568,2026-09-06T18:49:19.327-05:00
644d61242c3e,campaign-sf1,mado,tpch,Q15,Complex,oracle,non-indexed,1,4,1,1,sqlalchemy,orm,q15s3,0,1.920257,1,ok,,client-side:900,1.0,226515,129821953457568,2026-09-06T18:49:21.247-05:00
644d61242c3e,campaign-sf1,mado,tpch,Q15,Complex,oracle,non-indexed,1,4,1,2,django,sql,q15s3,0,0.750162,1,ok,,client-side:900,1.0,226515,129821953457568,2026-09-06T18:49:21.997-05:00
644d61242c3e,campaign-sf1,mado,tpch,Q15,Complex,oracle,non-indexed,1,4,1,3,sqlalchemy,sql,q15s3,0,0.748687,1,ok,,client-side:900,1.0,226515,129821953457568,2026-09-06T18:49:22.746-05:00
644d61242c3e,campaign-sf1,mado,tpch,Q15,Complex,oracle,non-indexed,1,5,0,-1,django,sql,q15s4,2,0.799438,,ok,,client-side:900,1.0,226515,129821953457568,2026-09-06T18:49:23.550-05:00
644d61242c3e,campaign-sf1,mado,tpch,Q15,Complex,oracle,non-indexed,1,5,0,-1,django,orm,q15s4,2,1.62852,,ok,,client-side:900,1.0,226515,129821953457568,2026-09-06T18:49:25.179-05:00
644d61242c3e,campaign-sf1,mado,tpch,Q15,Complex,oracle,non-indexed,1,5,0,-1,sqlalchemy,sql,q15s4,2,0.798704,,ok,,client-side:900,1.0,226515,129821953457568,2026-09-06T18:49:25.977-05:00
644d61242c3e,campaign-sf1,mado,tpch,Q15,Complex,oracle,non-indexed,1,5,0,-1,sqlalchemy,orm,q15s4,2,1.933441,,ok,,client-side:900,1.0,226515,129821953457568,2026-09-06T18:49:27.911-05:00
644d61242c3e,campaign-sf1,mado,tpch,Q15,Complex,oracle,non-indexed,1,5,0,0,django,sql,q15s4,0,0.795377,1,ok,,client-side:900,1.0,226515,129821953457568,2026-09-06T18:49:28.706-05:00
644d61242c3e,campaign-sf1,mado,tpch,Q15,Complex,oracle,non-indexed,1,5,0,1,django,orm,q15s4,0,1.633138,1,ok,,client-side:900,1.0,226515,129821953457568,2026-09-06T18:49:30.340-05:00
644d61242c3e,campaign-sf1,mado,tpch,Q15,Complex,oracle,non-indexed,1,5,0,2,sqlalchemy,sql,q15s4,0,0.7913,1,ok,,client-side:900,1.0,226515,129821953457568,2026-09-06T18:49:31.131-05:00
644d61242c3e,campaign-sf1,mado,tpch,Q15,Complex,oracle,non-indexed,1,5,0,3,sqlalchemy,orm,q15s4,0,1.934215,1,ok,,client-side:900,1.0,226515,129821953457568,2026-09-06T18:49:33.065-05:00
644d61242c3e,campaign-sf1,mado,tpch,Q15,Complex,oracle,non-indexed,1,6,1,-1,django,sql,q15s5,2,0.799051,,ok,,client-side:900,1.08,226515,129821953457568,2026-09-06T18:49:33.869-05:00
644d61242c3e,campaign-sf1,mado,tpch,Q15,Complex,oracle,non-indexed,1,6,1,-1,django,orm,q15s5,2,1.625604,,ok,,client-side:900,1.08,226515,129821953457568,2026-09-06T18:49:35.495-05:00
644d61242c3e,campaign-sf1,mado,tpch,Q15,Complex,oracle,non-indexed,1,6,1,-1,sqlalchemy,sql,q15s5,2,0.800646,,ok,,client-side:900,1.08,226515,129821953457568,2026-09-06T18:49:36.295-05:00
644d61242c3e,campaign-sf1,mado,tpch,Q15,Complex,oracle,non-indexed,1,6,1,-1,sqlalchemy,orm,q15s5,2,1.922853,,ok,,client-side:900,1.08,226515,129821953457568,2026-09-06T18:49:38.218-05:00
644d61242c3e,campaign-sf1,mado,tpch,Q15,Complex,oracle,non-indexed,1,6,1,0,django,orm,q15s5,0,1.625159,1,ok,,client-side:900,1.07,226515,129821953457568,2026-09-06T18:49:39.843-05:00
644d61242c3e,campaign-sf1,mado,tpch,Q15,Complex,oracle,non-indexed,1,6,1,1,sqlalchemy,orm,q15s5,0,1.920886,1,ok,,client-side:900,1.07,226515,129821953457568,2026-09-06T18:49:41.764-05:00
644d61242c3e,campaign-sf1,mado,tpch,Q15,Complex,oracle,non-indexed,1,6,1,2,django,sql,q15s5,0,0.790379,1,ok,,client-side:900,1.07,226515,129821953457568,2026-09-06T18:49:42.555-05:00
644d61242c3e,campaign-sf1,mado,tpch,Q15,Complex,oracle,non-indexed,1,6,1,3,sqlalchemy,sql,q15s5,0,0.788152,1,ok,,client-side:900,1.07,226515,129821953457568,2026-09-06T18:49:43.343-05:00
644d61242c3e,campaign-sf1,mado,tpch,Q15,Complex,oracle,non-indexed,1,7,2,-1,django,sql,q15s6,2,0.768223,,ok,,client-side:900,1.07,226515,129821953457568,2026-09-06T18:49:44.116-05:00
644d61242c3e,campaign-sf1,mado,tpch,Q15,Complex,oracle,non-indexed,1,7,2,-1,django,orm,q15s6,2,1.633568,,ok,,client-side:900,1.07,226515,129821953457568,2026-09-06T18:49:45.750-05:00
644d61242c3e,campaign-sf1,mado,tpch,Q15,Complex,oracle,non-indexed,1,7,2,-1,sqlalchemy,sql,q15s6,2,0.766211,,ok,,client-side:900,1.07,226515,129821953457568,2026-09-06T18:49:46.516-05:00
644d61242c3e,campaign-sf1,mado,tpch,Q15,Complex,oracle,non-indexed,1,7,2,-1,sqlalchemy,orm,q15s6,2,1.923533,,ok,,client-side:900,1.06,226515,129821953457568,2026-09-06T18:49:48.440-05:00
644d61242c3e,campaign-sf1,mado,tpch,Q15,Complex,oracle,non-indexed,1,7,2,0,sqlalchemy,orm,q15s6,0,1.922521,1,ok,,client-side:900,1.06,226515,129821953457568,2026-09-06T18:49:50.362-05:00
644d61242c3e,campaign-sf1,mado,tpch,Q15,Complex,oracle,non-indexed,1,7,2,1,sqlalchemy,sql,q15s6,0,0.757616,1,ok,,client-side:900,1.06,226515,129821953457568,2026-09-06T18:49:51.120-05:00
644d61242c3e,campaign-sf1,mado,tpch,Q15,Complex,oracle,non-indexed,1,7,2,2,django,orm,q15s6,0,1.633021,1,ok,,client-side:900,1.06,226515,129821953457568,2026-09-06T18:49:52.753-05:00
644d61242c3e,campaign-sf1,mado,tpch,Q15,Complex,oracle,non-indexed,1,7,2,3,django,sql,q15s6,0,0.758122,1,ok,,client-side:900,1.06,226515,129821953457568,2026-09-06T18:49:53.511-05:00
644d61242c3e,campaign-sf1,mado,tpch,Q15,Complex,oracle,non-indexed,1,8,3,-1,django,sql,q15s7,2,0.763755,,ok,,client-side:900,1.06,226515,129821953457568,2026-09-06T18:49:54.278-05:00
644d61242c3e,campaign-sf1,mado,tpch,Q15,Complex,oracle,non-indexed,1,8,3,-1,django,orm,q15s7,2,1.561821,,ok,,client-side:900,1.06,226515,129821953457568,2026-09-06T18:49:55.840-05:00
644d61242c3e,campaign-sf1,mado,tpch,Q15,Complex,oracle,non-indexed,1,8,3,-1,sqlalchemy,sql,q15s7,2,0.758241,,ok,,client-side:900,1.06,226515,129821953457568,2026-09-06T18:49:56.598-05:00
644d61242c3e,campaign-sf1,mado,tpch,Q15,Complex,oracle,non-indexed,1,8,3,-1,sqlalchemy,orm,q15s7,2,1.860281,,ok,,client-side:900,1.05,226515,129821953457568,2026-09-06T18:49:58.459-05:00
644d61242c3e,campaign-sf1,mado,tpch,Q15,Complex,oracle,non-indexed,1,8,3,0,sqlalchemy,sql,q15s7,0,0.769798,1,ok,,client-side:900,1.05,226515,129821953457568,2026-09-06T18:49:59.229-05:00
644d61242c3e,campaign-sf1,mado,tpch,Q15,Complex,oracle,non-indexed,1,8,3,1,django,sql,q15s7,0,0.755902,1,ok,,client-side:900,1.05,226515,129821953457568,2026-09-06T18:49:59.985-05:00
644d61242c3e,campaign-sf1,mado,tpch,Q15,Complex,oracle,non-indexed,1,8,3,2,sqlalchemy,orm,q15s7,0,1.893413,1,ok,,client-side:900,1.05,226515,129821953457568,2026-09-06T18:50:01.878-05:00
644d61242c3e,campaign-sf1,mado,tpch,Q15,Complex,oracle,non-indexed,1,8,3,3,django,orm,q15s7,0,1.560036,1,ok,,client-side:900,1.05,226515,129821953457568,2026-09-06T18:50:03.438-05:00
801a958f40ff,campaign-sf1,mado,tpch,Q16,Medium,oracle,non-indexed,1,0,0,0,django,sql,q16warm,1,0.516251,18259,ok,,client-side:900,1.05,226525,125879586240944,2026-09-06T18:50:05.165-05:00
801a958f40ff,campaign-sf1,mado,tpch,Q16,Medium,oracle,non-indexed,1,0,0,1,django,orm,q16warm,1,0.424652,18259,ok,,client-side:900,1.05,226525,125879586240944,2026-09-06T18:50:05.590-05:00
801a958f40ff,campaign-sf1,mado,tpch,Q16,Medium,oracle,non-indexed,1,0,0,2,sqlalchemy,sql,q16warm,1,0.449434,18259,ok,,client-side:900,1.05,226525,125879586240944,2026-09-06T18:50:06.040-05:00
801a958f40ff,campaign-sf1,mado,tpch,Q16,Medium,oracle,non-indexed,1,0,0,3,sqlalchemy,orm,q16warm,1,0.468903,18259,ok,,client-side:900,1.05,226525,125879586240944,2026-09-06T18:50:06.509-05:00
801a958f40ff,campaign-sf1,mado,tpch,Q16,Medium,oracle,non-indexed,1,1,0,-1,django,sql,q16s0,2,0.39523,,ok,,client-side:900,1.05,226525,125879586240944,2026-09-06T18:50:06.909-05:00
801a958f40ff,campaign-sf1,mado,tpch,Q16,Medium,oracle,non-indexed,1,1,0,-1,django,orm,q16s0,2,0.376525,,ok,,client-side:900,1.05,226525,125879586240944,2026-09-06T18:50:07.285-05:00
801a958f40ff,campaign-sf1,mado,tpch,Q16,Medium,oracle,non-indexed,1,1,0,-1,sqlalchemy,sql,q16s0,2,0.362287,,ok,,client-side:900,1.05,226525,125879586240944,2026-09-06T18:50:07.648-05:00
801a958f40ff,campaign-sf1,mado,tpch,Q16,Medium,oracle,non-indexed,1,1,0,-1,sqlalchemy,orm,q16s0,2,0.418684,,ok,,client-side:900,1.05,226525,125879586240944,2026-09-06T18:50:08.066-05:00
801a958f40ff,campaign-sf1,mado,tpch,Q16,Medium,oracle,non-indexed,1,1,0,0,django,sql,q16s0,0,0.350459,18314,ok,,client-side:900,1.04,226525,125879586240944,2026-09-06T18:50:08.417-05:00
801a958f40ff,campaign-sf1,mado,tpch,Q16,Medium,oracle,non-indexed,1,1,0,1,django,orm,q16s0,0,0.377644,18314,ok,,client-side:900,1.04,226525,125879586240944,2026-09-06T18:50:08.795-05:00
801a958f40ff,campaign-sf1,mado,tpch,Q16,Medium,oracle,non-indexed,1,1,0,2,sqlalchemy,sql,q16s0,0,0.391503,18314,ok,,client-side:900,1.04,226525,125879586240944,2026-09-06T18:50:09.186-05:00
801a958f40ff,campaign-sf1,mado,tpch,Q16,Medium,oracle,non-indexed,1,1,0,3,sqlalchemy,orm,q16s0,0,0.417822,18314,ok,,client-side:900,1.04,226525,125879586240944,2026-09-06T18:50:09.604-05:00
801a958f40ff,campaign-sf1,mado,tpch,Q16,Medium,oracle,non-indexed,1,2,2,-1,django,sql,q16s1,2,0.358663,,ok,,client-side:900,1.04,226525,125879586240944,2026-09-06T18:50:09.968-05:00
801a958f40ff,campaign-sf1,mado,tpch,Q16,Medium,oracle,non-indexed,1,2,2,-1,django,orm,q16s1,2,0.375285,,ok,,client-side:900,1.04,226525,125879586240944,2026-09-06T18:50:10.343-05:00
801a958f40ff,campaign-sf1,mado,tpch,Q16,Medium,oracle,non-indexed,1,2,2,-1,sqlalchemy,sql,q16s1,2,0.363565,,ok,,client-side:900,1.04,226525,125879586240944,2026-09-06T18:50:10.707-05:00
801a958f40ff,campaign-sf1,mado,tpch,Q16,Medium,oracle,non-indexed,1,2,2,-1,sqlalchemy,orm,q16s1,2,0.415012,,ok,,client-side:900,1.04,226525,125879586240944,2026-09-06T18:50:11.122-05:00
801a958f40ff,campaign-sf1,mado,tpch,Q16,Medium,oracle,non-indexed,1,2,2,0,sqlalchemy,orm,q16s1,0,0.414974,18196,ok,,client-side:900,1.04,226525,125879586240944,2026-09-06T18:50:11.537-05:00
801a958f40ff,campaign-sf1,mado,tpch,Q16,Medium,oracle,non-indexed,1,2,2,1,sqlalchemy,sql,q16s1,0,0.392165,18196,ok,,client-side:900,1.04,226525,125879586240944,2026-09-06T18:50:11.930-05:00
801a958f40ff,campaign-sf1,mado,tpch,Q16,Medium,oracle,non-indexed,1,2,2,2,django,orm,q16s1,0,0.376601,18196,ok,,client-side:900,1.04,226525,125879586240944,2026-09-06T18:50:12.306-05:00
801a958f40ff,campaign-sf1,mado,tpch,Q16,Medium,oracle,non-indexed,1,2,2,3,django,sql,q16s1,0,0.350775,18196,ok,,client-side:900,1.04,226525,125879586240944,2026-09-06T18:50:12.657-05:00
801a958f40ff,campaign-sf1,mado,tpch,Q16,Medium,oracle,non-indexed,1,3,1,-1,django,sql,q16s2,2,0.35592,,ok,,client-side:900,1.04,226525,125879586240944,2026-09-06T18:50:13.018-05:00
801a958f40ff,campaign-sf1,mado,tpch,Q16,Medium,oracle,non-indexed,1,3,1,-1,django,orm,q16s2,2,0.375955,,ok,,client-side:900,1.04,226525,125879586240944,2026-09-06T18:50:13.394-05:00
801a958f40ff,campaign-sf1,mado,tpch,Q16,Medium,oracle,non-indexed,1,3,1,-1,sqlalchemy,sql,q16s2,2,0.399008,,ok,,client-side:900,1.04,226525,125879586240944,2026-09-06T18:50:13.793-05:00
801a958f40ff,campaign-sf1,mado,tpch,Q16,Medium,oracle,non-indexed,1,3,1,-1,sqlalchemy,orm,q16s2,2,0.415996,,ok,,client-side:900,1.04,226525,125879586240944,2026-09-06T18:50:14.209-05:00
801a958f40ff,campaign-sf1,mado,tpch,Q16,Medium,oracle,non-indexed,1,3,1,0,django,orm,q16s2,0,0.376672,18263,ok,,client-side:900,1.04,226525,125879586240944,2026-09-06T18:50:14.586-05:00
801a958f40ff,campaign-sf1,mado,tpch,Q16,Medium,oracle,non-indexed,1,3,1,1,sqlalchemy,orm,q16s2,0,0.414484,18263,ok,,client-side:900,1.04,226525,125879586240944,2026-09-06T18:50:15.000-05:00
801a958f40ff,campaign-sf1,mado,tpch,Q16,Medium,oracle,non-indexed,1,3,1,2,django,sql,q16s2,0,0.352809,18263,ok,,client-side:900,1.04,226525,125879586240944,2026-09-06T18:50:15.353-05:00
801a958f40ff,campaign-sf1,mado,tpch,Q16,Medium,oracle,non-indexed,1,3,1,3,sqlalchemy,sql,q16s2,0,0.35534,18263,ok,,client-side:900,1.04,226525,125879586240944,2026-09-06T18:50:15.709-05:00
801a958f40ff,campaign-sf1,mado,tpch,Q16,Medium,oracle,non-indexed,1,4,3,-1,django,sql,q16s3,2,0.364942,,ok,,client-side:900,1.04,226525,125879586240944,2026-09-06T18:50:16.078-05:00
801a958f40ff,campaign-sf1,mado,tpch,Q16,Medium,oracle,non-indexed,1,4,3,-1,django,orm,q16s3,2,0.378788,,ok,,client-side:900,1.04,226525,125879586240944,2026-09-06T18:50:16.457-05:00
801a958f40ff,campaign-sf1,mado,tpch,Q16,Medium,oracle,non-indexed,1,4,3,-1,sqlalchemy,sql,q16s3,2,0.400756,,ok,,client-side:900,1.04,226525,125879586240944,2026-09-06T18:50:16.858-05:00
801a958f40ff,campaign-sf1,mado,tpch,Q16,Medium,oracle,non-indexed,1,4,3,-1,sqlalchemy,orm,q16s3,2,0.41878,,ok,,client-side:900,1.04,226525,125879586240944,2026-09-06T18:50:17.277-05:00
801a958f40ff,campaign-sf1,mado,tpch,Q16,Medium,oracle,non-indexed,1,4,3,0,sqlalchemy,sql,q16s3,0,0.358081,18290,ok,,client-side:900,1.04,226525,125879586240944,2026-09-06T18:50:17.635-05:00
801a958f40ff,campaign-sf1,mado,tpch,Q16,Medium,oracle,non-indexed,1,4,3,1,django,sql,q16s3,0,0.390373,18290,ok,,client-side:900,1.04,226525,125879586240944,2026-09-06T18:50:18.025-05:00
801a958f40ff,campaign-sf1,mado,tpch,Q16,Medium,oracle,non-indexed,1,4,3,2,sqlalchemy,orm,q16s3,0,0.419435,18290,ok,,client-side:900,1.04,226525,125879586240944,2026-09-06T18:50:18.445-05:00
801a958f40ff,campaign-sf1,mado,tpch,Q16,Medium,oracle,non-indexed,1,4,3,3,django,orm,q16s3,0,0.378441,18290,ok,,client-side:900,1.04,226525,125879586240944,2026-09-06T18:50:18.824-05:00
801a958f40ff,campaign-sf1,mado,tpch,Q16,Medium,oracle,non-indexed,1,5,0,-1,django,sql,q16s4,2,0.357653,,ok,,client-side:900,1.04,226525,125879586240944,2026-09-06T18:50:19.186-05:00
801a958f40ff,campaign-sf1,mado,tpch,Q16,Medium,oracle,non-indexed,1,5,0,-1,django,orm,q16s4,2,0.377393,,ok,,client-side:900,1.04,226525,125879586240944,2026-09-06T18:50:19.564-05:00
801a958f40ff,campaign-sf1,mado,tpch,Q16,Medium,oracle,non-indexed,1,5,0,-1,sqlalchemy,sql,q16s4,2,0.364521,,ok,,client-side:900,1.04,226525,125879586240944,2026-09-06T18:50:19.928-05:00
801a958f40ff,campaign-sf1,mado,tpch,Q16,Medium,oracle,non-indexed,1,5,0,-1,sqlalchemy,orm,q16s4,2,0.419808,,ok,,client-side:900,1.04,226525,125879586240944,2026-09-06T18:50:20.348-05:00
801a958f40ff,campaign-sf1,mado,tpch,Q16,Medium,oracle,non-indexed,1,5,0,0,django,sql,q16s4,0,0.353374,18226,ok,,client-side:900,1.04,226525,125879586240944,2026-09-06T18:50:20.702-05:00
801a958f40ff,campaign-sf1,mado,tpch,Q16,Medium,oracle,non-indexed,1,5,0,1,django,orm,q16s4,0,0.37765,18226,ok,,client-side:900,1.04,226525,125879586240944,2026-09-06T18:50:21.079-05:00
801a958f40ff,campaign-sf1,mado,tpch,Q16,Medium,oracle,non-indexed,1,5,0,2,sqlalchemy,sql,q16s4,0,0.395906,18226,ok,,client-side:900,1.04,226525,125879586240944,2026-09-06T18:50:21.475-05:00
801a958f40ff,campaign-sf1,mado,tpch,Q16,Medium,oracle,non-indexed,1,5,0,3,sqlalchemy,orm,q16s4,0,0.418604,18226,ok,,client-side:900,1.04,226525,125879586240944,2026-09-06T18:50:21.894-05:00
801a958f40ff,campaign-sf1,mado,tpch,Q16,Medium,oracle,non-indexed,1,6,1,-1,django,sql,q16s5,2,0.359408,,ok,,client-side:900,1.04,226525,125879586240944,2026-09-06T18:50:22.258-05:00
801a958f40ff,campaign-sf1,mado,tpch,Q16,Medium,oracle,non-indexed,1,6,1,-1,django,orm,q16s5,2,0.380269,,ok,,client-side:900,1.04,226525,125879586240944,2026-09-06T18:50:22.638-05:00
801a958f40ff,campaign-sf1,mado,tpch,Q16,Medium,oracle,non-indexed,1,6,1,-1,sqlalchemy,sql,q16s5,2,0.36648,,ok,,client-side:900,1.04,226525,125879586240944,2026-09-06T18:50:23.005-05:00
801a958f40ff,campaign-sf1,mado,tpch,Q16,Medium,oracle,non-indexed,1,6,1,-1,sqlalchemy,orm,q16s5,2,0.418577,,ok,,client-side:900,1.03,226525,125879586240944,2026-09-06T18:50:23.423-05:00
801a958f40ff,campaign-sf1,mado,tpch,Q16,Medium,oracle,non-indexed,1,6,1,0,django,orm,q16s5,0,0.417819,18374,ok,,client-side:900,1.03,226525,125879586240944,2026-09-06T18:50:23.841-05:00
801a958f40ff,campaign-sf1,mado,tpch,Q16,Medium,oracle,non-indexed,1,6,1,1,sqlalchemy,orm,q16s5,0,0.421083,18374,ok,,client-side:900,1.03,226525,125879586240944,2026-09-06T18:50:24.263-05:00
801a958f40ff,campaign-sf1,mado,tpch,Q16,Medium,oracle,non-indexed,1,6,1,2,django,sql,q16s5,0,0.354845,18374,ok,,client-side:900,1.03,226525,125879586240944,2026-09-06T18:50:24.617-05:00
801a958f40ff,campaign-sf1,mado,tpch,Q16,Medium,oracle,non-indexed,1,6,1,3,sqlalchemy,sql,q16s5,0,0.359424,18374,ok,,client-side:900,1.03,226525,125879586240944,2026-09-06T18:50:24.977-05:00
801a958f40ff,campaign-sf1,mado,tpch,Q16,Medium,oracle,non-indexed,1,7,2,-1,django,sql,q16s6,2,0.361304,,ok,,client-side:900,1.03,226525,125879586240944,2026-09-06T18:50:25.343-05:00
801a958f40ff,campaign-sf1,mado,tpch,Q16,Medium,oracle,non-indexed,1,7,2,-1,django,orm,q16s6,2,0.379923,,ok,,client-side:900,1.03,226525,125879586240944,2026-09-06T18:50:25.723-05:00
801a958f40ff,campaign-sf1,mado,tpch,Q16,Medium,oracle,non-indexed,1,7,2,-1,sqlalchemy,sql,q16s6,2,0.411534,,ok,,client-side:900,1.03,226525,125879586240944,2026-09-06T18:50:26.135-05:00
801a958f40ff,campaign-sf1,mado,tpch,Q16,Medium,oracle,non-indexed,1,7,2,-1,sqlalchemy,orm,q16s6,2,0.421007,,ok,,client-side:900,1.03,226525,125879586240944,2026-09-06T18:50:26.556-05:00
801a958f40ff,campaign-sf1,mado,tpch,Q16,Medium,oracle,non-indexed,1,7,2,0,sqlalchemy,orm,q16s6,0,0.424533,18220,ok,,client-side:900,1.03,226525,125879586240944,2026-09-06T18:50:26.981-05:00
801a958f40ff,campaign-sf1,mado,tpch,Q16,Medium,oracle,non-indexed,1,7,2,1,sqlalchemy,sql,q16s6,0,0.360433,18220,ok,,client-side:900,1.03,226525,125879586240944,2026-09-06T18:50:27.341-05:00
801a958f40ff,campaign-sf1,mado,tpch,Q16,Medium,oracle,non-indexed,1,7,2,2,django,orm,q16s6,0,0.378743,18220,ok,,client-side:900,1.03,226525,125879586240944,2026-09-06T18:50:27.720-05:00
801a958f40ff,campaign-sf1,mado,tpch,Q16,Medium,oracle,non-indexed,1,7,2,3,django,sql,q16s6,0,0.354958,18220,ok,,client-side:900,1.03,226525,125879586240944,2026-09-06T18:50:28.075-05:00
801a958f40ff,campaign-sf1,mado,tpch,Q16,Medium,oracle,non-indexed,1,8,3,-1,django,sql,q16s7,2,0.359424,,ok,,client-side:900,1.03,226525,125879586240944,2026-09-06T18:50:28.439-05:00
801a958f40ff,campaign-sf1,mado,tpch,Q16,Medium,oracle,non-indexed,1,8,3,-1,django,orm,q16s7,2,0.37554,,ok,,client-side:900,1.03,226525,125879586240944,2026-09-06T18:50:28.815-05:00
801a958f40ff,campaign-sf1,mado,tpch,Q16,Medium,oracle,non-indexed,1,8,3,-1,sqlalchemy,sql,q16s7,2,0.401822,,ok,,client-side:900,1.03,226525,125879586240944,2026-09-06T18:50:29.217-05:00
801a958f40ff,campaign-sf1,mado,tpch,Q16,Medium,oracle,non-indexed,1,8,3,-1,sqlalchemy,orm,q16s7,2,0.418968,,ok,,client-side:900,1.03,226525,125879586240944,2026-09-06T18:50:29.636-05:00
801a958f40ff,campaign-sf1,mado,tpch,Q16,Medium,oracle,non-indexed,1,8,3,0,sqlalchemy,sql,q16s7,0,0.358017,18284,ok,,client-side:900,1.03,226525,125879586240944,2026-09-06T18:50:29.994-05:00
801a958f40ff,campaign-sf1,mado,tpch,Q16,Medium,oracle,non-indexed,1,8,3,1,django,sql,q16s7,0,0.353064,18284,ok,,client-side:900,1.03,226525,125879586240944,2026-09-06T18:50:30.347-05:00
801a958f40ff,campaign-sf1,mado,tpch,Q16,Medium,oracle,non-indexed,1,8,3,2,sqlalchemy,orm,q16s7,0,0.418123,18284,ok,,client-side:900,1.03,226525,125879586240944,2026-09-06T18:50:30.766-05:00
801a958f40ff,campaign-sf1,mado,tpch,Q16,Medium,oracle,non-indexed,1,8,3,3,django,orm,q16s7,0,0.377394,18284,ok,,client-side:900,1.03,226525,125879586240944,2026-09-06T18:50:31.143-05:00
50e6a23fc420,campaign-sf1,mado,tpch,Q17,Complex,oracle,non-indexed,1,0,3,0,sqlalchemy,sql,q17warm,1,1.41495,1,ok,,client-side:900,1.03,226533,132679456970544,2026-09-06T18:50:33.763-05:00
50e6a23fc420,campaign-sf1,mado,tpch,Q17,Complex,oracle,non-indexed,1,0,3,1,django,sql,q17warm,1,1.383697,1,ok,,client-side:900,1.03,226533,132679456970544,2026-09-06T18:50:35.147-05:00
50e6a23fc420,campaign-sf1,mado,tpch,Q17,Complex,oracle,non-indexed,1,0,3,2,sqlalchemy,orm,q17warm,1,0.781875,1,ok,,client-side:900,1.03,226533,132679456970544,2026-09-06T18:50:35.929-05:00
50e6a23fc420,campaign-sf1,mado,tpch,Q17,Complex,oracle,non-indexed,1,0,3,3,django,orm,q17warm,1,488.395042,1,ok,,client-side:900,1.0,226533,132679456970544,2026-09-06T18:58:44.324-05:00
50e6a23fc420,campaign-sf1,mado,tpch,Q17,Complex,oracle,non-indexed,1,1,1,-1,django,sql,q17s0,2,0.736218,,ok,,client-side:900,1.0,226533,132679456970544,2026-09-06T18:58:45.065-05:00
50e6a23fc420,campaign-sf1,mado,tpch,Q17,Complex,oracle,non-indexed,1,1,1,-1,django,orm,q17s0,2,469.514412,,ok,,client-side:900,1.08,226533,132679456970544,2026-09-06T19:06:34.579-05:00
50e6a23fc420,campaign-sf1,mado,tpch,Q17,Complex,oracle,non-indexed,1,1,1,-1,sqlalchemy,sql,q17s0,2,0.841754,,ok,,client-side:900,1.08,226533,132679456970544,2026-09-06T19:06:35.421-05:00
50e6a23fc420,campaign-sf1,mado,tpch,Q17,Complex,oracle,non-indexed,1,1,1,-1,sqlalchemy,orm,q17s0,2,0.733036,,ok,,client-side:900,1.08,226533,132679456970544,2026-09-06T19:06:36.154-05:00
50e6a23fc420,campaign-sf1,mado,tpch,Q17,Complex,oracle,non-indexed,1,1,1,0,django,orm,q17s0,0,469.814288,1,ok,,client-side:900,1.0,226533,132679456970544,2026-09-06T19:14:25.969-05:00
50e6a23fc420,campaign-sf1,mado,tpch,Q17,Complex,oracle,non-indexed,1,1,1,1,sqlalchemy,orm,q17s0,0,0.736304,1,ok,,client-side:900,1.0,226533,132679456970544,2026-09-06T19:14:26.705-05:00
50e6a23fc420,campaign-sf1,mado,tpch,Q17,Complex,oracle,non-indexed,1,1,1,2,django,sql,q17s0,0,0.733297,1,ok,,client-side:900,1.0,226533,132679456970544,2026-09-06T19:14:27.438-05:00
50e6a23fc420,campaign-sf1,mado,tpch,Q17,Complex,oracle,non-indexed,1,1,1,3,sqlalchemy,sql,q17s0,0,0.731527,1,ok,,client-side:900,1.0,226533,132679456970544,2026-09-06T19:14:28.170-05:00
50e6a23fc420,campaign-sf1,mado,tpch,Q17,Complex,oracle,non-indexed,1,2,0,-1,django,sql,q17s1,2,0.733715,,ok,,client-side:900,1.0,226533,132679456970544,2026-09-06T19:14:28.908-05:00
50e6a23fc420,campaign-sf1,mado,tpch,Q17,Complex,oracle,non-indexed,1,2,0,-1,django,orm,q17s1,2,589.953791,,ok,,client-side:900,1.0,226533,132679456970544,2026-09-06T19:24:18.862-05:00
50e6a23fc420,campaign-sf1,mado,tpch,Q17,Complex,oracle,non-indexed,1,2,0,-1,sqlalchemy,sql,q17s1,2,0.739102,,ok,,client-side:900,1.0,226533,132679456970544,2026-09-06T19:24:19.602-05:00
50e6a23fc420,campaign-sf1,mado,tpch,Q17,Complex,oracle,non-indexed,1,2,0,-1,sqlalchemy,orm,q17s1,2,0.738129,,ok,,client-side:900,1.0,226533,132679456970544,2026-09-06T19:24:20.340-05:00
50e6a23fc420,campaign-sf1,mado,tpch,Q17,Complex,oracle,non-indexed,1,2,0,0,django,sql,q17s1,0,0.731633,1,ok,,client-side:900,1.0,226533,132679456970544,2026-09-06T19:24:21.071-05:00
50e6a23fc420,campaign-sf1,mado,tpch,Q17,Complex,oracle,non-indexed,1,2,0,1,django,orm,q17s1,0,592.458497,1,ok,,client-side:900,1.01,226533,132679456970544,2026-09-06T19:34:13.530-05:00
50e6a23fc420,campaign-sf1,mado,tpch,Q17,Complex,oracle,non-indexed,1,2,0,2,sqlalchemy,sql,q17s1,0,0.733916,1,ok,,client-side:900,1.01,226533,132679456970544,2026-09-06T19:34:14.264-05:00
50e6a23fc420,campaign-sf1,mado,tpch,Q17,Complex,oracle,non-indexed,1,2,0,3,sqlalchemy,orm,q17s1,0,0.737804,1,ok,,client-side:900,1.01,226533,132679456970544,2026-09-06T19:34:15.002-05:00
50e6a23fc420,campaign-sf1,mado,tpch,Q17,Complex,oracle,non-indexed,1,3,3,-1,django,sql,q17s2,2,0.73618,,ok,,client-side:900,1.01,226533,132679456970544,2026-09-06T19:34:15.743-05:00
50e6a23fc420,campaign-sf1,mado,tpch,Q17,Complex,oracle,non-indexed,1,3,3,-1,django,orm,q17s2,2,345.49081,,ok,,client-side:900,1.0,226533,132679456970544,2026-09-06T19:40:01.234-05:00
50e6a23fc420,campaign-sf1,mado,tpch,Q17,Complex,oracle,non-indexed,1,3,3,-1,sqlalchemy,sql,q17s2,2,0.787416,,ok,,client-side:900,1.0,226533,132679456970544,2026-09-06T19:40:02.021-05:00
50e6a23fc420,campaign-sf1,mado,tpch,Q17,Complex,oracle,non-indexed,1,3,3,-1,sqlalchemy,orm,q17s2,2,0.755041,,ok,,client-side:900,1.0,226533,132679456970544,2026-09-06T19:40:02.776-05:00
50e6a23fc420,campaign-sf1,mado,tpch,Q17,Complex,oracle,non-indexed,1,3,3,0,sqlalchemy,sql,q17s2,0,0.728856,1,ok,,client-side:900,1.0,226533,132679456970544,2026-09-06T19:40:03.505-05:00
50e6a23fc420,campaign-sf1,mado,tpch,Q17,Complex,oracle,non-indexed,1,3,3,1,django,sql,q17s2,0,0.733182,1,ok,,client-side:900,1.0,226533,132679456970544,2026-09-06T19:40:04.238-05:00
50e6a23fc420,campaign-sf1,mado,tpch,Q17,Complex,oracle,non-indexed,1,3,3,2,sqlalchemy,orm,q17s2,0,0.735144,1,ok,,client-side:900,1.0,226533,132679456970544,2026-09-06T19:40:04.974-05:00
50e6a23fc420,campaign-sf1,mado,tpch,Q17,Complex,oracle,non-indexed,1,3,3,3,django,orm,q17s2,0,344.076774,1,ok,,client-side:900,1.09,226533,132679456970544,2026-09-06T19:45:49.051-05:00
50e6a23fc420,campaign-sf1,mado,tpch,Q17,Complex,oracle,non-indexed,1,4,2,-1,django,sql,q17s3,2,0.738876,,ok,,client-side:900,1.08,226533,132679456970544,2026-09-06T19:45:49.794-05:00
50e6a23fc420,campaign-sf1,mado,tpch,Q17,Complex,oracle,non-indexed,1,4,2,-1,django,orm,q17s3,2,671.909809,,ok,,client-side:900,1.03,226533,132679456970544,2026-09-06T19:57:01.704-05:00
50e6a23fc420,campaign-sf1,mado,tpch,Q17,Complex,oracle,non-indexed,1,4,2,-1,sqlalchemy,sql,q17s3,2,0.734151,,ok,,client-side:900,1.03,226533,132679456970544,2026-09-06T19:57:02.438-05:00
50e6a23fc420,campaign-sf1,mado,tpch,Q17,Complex,oracle,non-indexed,1,4,2,-1,sqlalchemy,orm,q17s3,2,0.739754,,ok,,client-side:900,1.03,226533,132679456970544,2026-09-06T19:57:03.178-05:00
50e6a23fc420,campaign-sf1,mado,tpch,Q17,Complex,oracle,non-indexed,1,4,2,0,sqlalchemy,orm,q17s3,0,0.734579,1,ok,,client-side:900,1.03,226533,132679456970544,2026-09-06T19:57:03.913-05:00
50e6a23fc420,campaign-sf1,mado,tpch,Q17,Complex,oracle,non-indexed,1,4,2,1,sqlalchemy,sql,q17s3,0,0.732248,1,ok,,client-side:900,1.03,226533,132679456970544,2026-09-06T19:57:04.645-05:00
50e6a23fc420,campaign-sf1,mado,tpch,Q17,Complex,oracle,non-indexed,1,4,2,2,django,orm,q17s3,0,672.191002,1,ok,,client-side:900,1.04,226533,132679456970544,2026-09-06T20:08:16.836-05:00
50e6a23fc420,campaign-sf1,mado,tpch,Q17,Complex,oracle,non-indexed,1,4,2,3,django,sql,q17s3,0,0.833048,1,ok,,client-side:900,1.04,226533,132679456970544,2026-09-06T20:08:17.669-05:00
50e6a23fc420,campaign-sf1,mado,tpch,Q17,Complex,oracle,non-indexed,1,5,3,-1,django,sql,q17s4,2,0.772904,,ok,,client-side:900,1.04,226533,132679456970544,2026-09-06T20:08:18.447-05:00
50e6a23fc420,campaign-sf1,mado,tpch,Q17,Complex,oracle,non-indexed,1,5,3,-1,django,orm,q17s4,2,544.796067,,ok,,client-side:900,1.05,226533,132679456970544,2026-09-06T20:17:23.243-05:00
50e6a23fc420,campaign-sf1,mado,tpch,Q17,Complex,oracle,non-indexed,1,5,3,-1,sqlalchemy,sql,q17s4,2,0.789905,,ok,,client-side:900,1.05,226533,132679456970544,2026-09-06T20:17:24.033-05:00
50e6a23fc420,campaign-sf1,mado,tpch,Q17,Complex,oracle,non-indexed,1,5,3,-1,sqlalchemy,orm,q17s4,2,0.739547,,ok,,client-side:900,1.04,226533,132679456970544,2026-09-06T20:17:24.772-05:00
50e6a23fc420,campaign-sf1,mado,tpch,Q17,Complex,oracle,non-indexed,1,5,3,0,sqlalchemy,sql,q17s4,0,0.733027,1,ok,,client-side:900,1.04,226533,132679456970544,2026-09-06T20:17:25.506-05:00
50e6a23fc420,campaign-sf1,mado,tpch,Q17,Complex,oracle,non-indexed,1,5,3,1,django,sql,q17s4,0,0.739415,1,ok,,client-side:900,1.04,226533,132679456970544,2026-09-06T20:17:26.245-05:00
50e6a23fc420,campaign-sf1,mado,tpch,Q17,Complex,oracle,non-indexed,1,5,3,2,sqlalchemy,orm,q17s4,0,0.7354,1,ok,,client-side:900,1.04,226533,132679456970544,2026-09-06T20:17:26.981-05:00
50e6a23fc420,campaign-sf1,mado,tpch,Q17,Complex,oracle,non-indexed,1,5,3,3,django,orm,q17s4,0,544.250372,1,ok,,client-side:900,1.0,226533,132679456970544,2026-09-06T20:26:31.231-05:00
50e6a23fc420,campaign-sf1,mado,tpch,Q17,Complex,oracle,non-indexed,1,6,2,-1,django,sql,q17s5,2,0.733718,,ok,,client-side:900,1.0,226533,132679456970544,2026-09-06T20:26:31.969-05:00
50e6a23fc420,campaign-sf1,mado,tpch,Q17,Complex,oracle,non-indexed,1,6,2,-1,django,orm,q17s5,2,431.056636,,ok,,client-side:900,1.01,226533,132679456970544,2026-09-06T20:33:43.026-05:00
50e6a23fc420,campaign-sf1,mado,tpch,Q17,Complex,oracle,non-indexed,1,6,2,-1,sqlalchemy,sql,q17s5,2,0.734093,,ok,,client-side:900,1.01,226533,132679456970544,2026-09-06T20:33:43.760-05:00
50e6a23fc420,campaign-sf1,mado,tpch,Q17,Complex,oracle,non-indexed,1,6,2,-1,sqlalchemy,orm,q17s5,2,0.732565,,ok,,client-side:900,1.01,226533,132679456970544,2026-09-06T20:33:44.493-05:00
50e6a23fc420,campaign-sf1,mado,tpch,Q17,Complex,oracle,non-indexed,1,6,2,0,sqlalchemy,orm,q17s5,0,0.734108,1,ok,,client-side:900,1.01,226533,132679456970544,2026-09-06T20:33:45.227-05:00
50e6a23fc420,campaign-sf1,mado,tpch,Q17,Complex,oracle,non-indexed,1,6,2,1,sqlalchemy,sql,q17s5,0,0.731593,1,ok,,client-side:900,1.01,226533,132679456970544,2026-09-06T20:33:45.959-05:00
50e6a23fc420,campaign-sf1,mado,tpch,Q17,Complex,oracle,non-indexed,1,6,2,2,django,orm,q17s5,0,427.897572,1,ok,,client-side:900,1.01,226533,132679456970544,2026-09-06T20:40:53.856-05:00
50e6a23fc420,campaign-sf1,mado,tpch,Q17,Complex,oracle,non-indexed,1,6,2,3,django,sql,q17s5,0,0.7294,1,ok,,client-side:900,1.01,226533,132679456970544,2026-09-06T20:40:54.586-05:00
50e6a23fc420,campaign-sf1,mado,tpch,Q17,Complex,oracle,non-indexed,1,7,0,-1,django,sql,q17s6,2,0.736649,,ok,,client-side:900,1.01,226533,132679456970544,2026-09-06T20:40:55.327-05:00
50e6a23fc420,campaign-sf1,mado,tpch,Q17,Complex,oracle,non-indexed,1,7,0,-1,django,orm,q17s6,2,603.716854,,ok,,client-side:900,1.05,226533,132679456970544,2026-09-06T20:50:59.044-05:00
50e6a23fc420,campaign-sf1,mado,tpch,Q17,Complex,oracle,non-indexed,1,7,0,-1,sqlalchemy,sql,q17s6,2,0.736673,,ok,,client-side:900,1.05,226533,132679456970544,2026-09-06T20:50:59.781-05:00
50e6a23fc420,campaign-sf1,mado,tpch,Q17,Complex,oracle,non-indexed,1,7,0,-1,sqlalchemy,orm,q17s6,2,0.736053,,ok,,client-side:900,1.05,226533,132679456970544,2026-09-06T20:51:00.517-05:00
50e6a23fc420,campaign-sf1,mado,tpch,Q17,Complex,oracle,non-indexed,1,7,0,0,django,sql,q17s6,0,0.733424,1,ok,,client-side:900,1.05,226533,132679456970544,2026-09-06T20:51:01.251-05:00
50e6a23fc420,campaign-sf1,mado,tpch,Q17,Complex,oracle,non-indexed,1,7,0,1,django,orm,q17s6,0,605.149396,1,ok,,client-side:900,1.02,226533,132679456970544,2026-09-06T21:01:06.400-05:00
50e6a23fc420,campaign-sf1,mado,tpch,Q17,Complex,oracle,non-indexed,1,7,0,2,sqlalchemy,sql,q17s6,0,1.189156,1,ok,,client-side:900,1.02,226533,132679456970544,2026-09-06T21:01:07.589-05:00
50e6a23fc420,campaign-sf1,mado,tpch,Q17,Complex,oracle,non-indexed,1,7,0,3,sqlalchemy,orm,q17s6,0,0.76425,1,ok,,client-side:900,1.02,226533,132679456970544,2026-09-06T21:01:08.354-05:00
50e6a23fc420,campaign-sf1,mado,tpch,Q17,Complex,oracle,non-indexed,1,8,1,-1,django,sql,q17s7,2,0.739909,,ok,,client-side:900,1.02,226533,132679456970544,2026-09-06T21:01:09.098-05:00
50e6a23fc420,campaign-sf1,mado,tpch,Q17,Complex,oracle,non-indexed,1,8,1,-1,django,orm,q17s7,2,577.669563,,ok,,client-side:900,1.04,226533,132679456970544,2026-09-06T21:10:46.768-05:00
50e6a23fc420,campaign-sf1,mado,tpch,Q17,Complex,oracle,non-indexed,1,8,1,-1,sqlalchemy,sql,q17s7,2,0.735122,,ok,,client-side:900,1.04,226533,132679456970544,2026-09-06T21:10:47.503-05:00
50e6a23fc420,campaign-sf1,mado,tpch,Q17,Complex,oracle,non-indexed,1,8,1,-1,sqlalchemy,orm,q17s7,2,0.730364,,ok,,client-side:900,1.04,226533,132679456970544,2026-09-06T21:10:48.234-05:00
50e6a23fc420,campaign-sf1,mado,tpch,Q17,Complex,oracle,non-indexed,1,8,1,0,django,orm,q17s7,0,577.65549,1,ok,,client-side:900,1.2,226533,132679456970544,2026-09-06T21:20:25.889-05:00
50e6a23fc420,campaign-sf1,mado,tpch,Q17,Complex,oracle,non-indexed,1,8,1,1,sqlalchemy,orm,q17s7,0,0.739424,1,ok,,client-side:900,1.2,226533,132679456970544,2026-09-06T21:20:26.629-05:00
50e6a23fc420,campaign-sf1,mado,tpch,Q17,Complex,oracle,non-indexed,1,8,1,2,django,sql,q17s7,0,0.738073,1,ok,,client-side:900,1.2,226533,132679456970544,2026-09-06T21:20:27.367-05:00
50e6a23fc420,campaign-sf1,mado,tpch,Q17,Complex,oracle,non-indexed,1,8,1,3,sqlalchemy,sql,q17s7,0,0.732388,1,ok,,client-side:900,1.2,226533,132679456970544,2026-09-06T21:20:28.099-05:00
11f0cb2baf56,campaign-sf1,mado,tpch,Q18,Complex,oracle,non-indexed,1,0,3,0,sqlalchemy,sql,q18warm,1,3.084934,9,ok,,client-side:900,1.18,229475,136591396746352,2026-09-06T21:20:32.393-05:00
11f0cb2baf56,campaign-sf1,mado,tpch,Q18,Complex,oracle,non-indexed,1,0,3,1,django,sql,q18warm,1,2.974851,9,ok,,client-side:900,1.17,229475,136591396746352,2026-09-06T21:20:35.368-05:00
11f0cb2baf56,campaign-sf1,mado,tpch,Q18,Complex,oracle,non-indexed,1,0,3,2,sqlalchemy,orm,q18warm,1,2.33817,9,ok,,client-side:900,1.17,229475,136591396746352,2026-09-06T21:20:37.706-05:00
11f0cb2baf56,campaign-sf1,mado,tpch,Q18,Complex,oracle,non-indexed,1,0,3,3,django,orm,q18warm,1,2.470836,9,ok,,client-side:900,1.17,229475,136591396746352,2026-09-06T21:20:40.177-05:00
11f0cb2baf56,campaign-sf1,mado,tpch,Q18,Complex,oracle,non-indexed,1,1,2,-1,django,sql,q18s0,2,2.266786,,ok,,client-side:900,1.15,229475,136591396746352,2026-09-06T21:20:42.448-05:00
11f0cb2baf56,campaign-sf1,mado,tpch,Q18,Complex,oracle,non-indexed,1,1,2,-1,django,orm,q18s0,2,2.299429,,ok,,client-side:900,1.15,229475,136591396746352,2026-09-06T21:20:44.748-05:00
11f0cb2baf56,campaign-sf1,mado,tpch,Q18,Complex,oracle,non-indexed,1,1,2,-1,sqlalchemy,sql,q18s0,2,2.283379,,ok,,client-side:900,1.14,229475,136591396746352,2026-09-06T21:20:47.031-05:00
11f0cb2baf56,campaign-sf1,mado,tpch,Q18,Complex,oracle,non-indexed,1,1,2,-1,sqlalchemy,orm,q18s0,2,2.301052,,ok,,client-side:900,1.14,229475,136591396746352,2026-09-06T21:20:49.332-05:00
11f0cb2baf56,campaign-sf1,mado,tpch,Q18,Complex,oracle,non-indexed,1,1,2,0,sqlalchemy,orm,q18s0,0,2.313104,57,ok,,client-side:900,1.13,229475,136591396746352,2026-09-06T21:20:51.646-05:00
11f0cb2baf56,campaign-sf1,mado,tpch,Q18,Complex,oracle,non-indexed,1,1,2,1,sqlalchemy,sql,q18s0,0,2.309818,57,ok,,client-side:900,1.13,229475,136591396746352,2026-09-06T21:20:53.955-05:00
11f0cb2baf56,campaign-sf1,mado,tpch,Q18,Complex,oracle,non-indexed,1,1,2,2,django,orm,q18s0,0,2.283398,57,ok,,client-side:900,1.12,229475,136591396746352,2026-09-06T21:20:56.239-05:00
11f0cb2baf56,campaign-sf1,mado,tpch,Q18,Complex,oracle,non-indexed,1,1,2,3,django,sql,q18s0,0,2.265107,57,ok,,client-side:900,1.12,229475,136591396746352,2026-09-06T21:20:58.504-05:00
11f0cb2baf56,campaign-sf1,mado,tpch,Q18,Complex,oracle,non-indexed,1,2,0,-1,django,sql,q18s1,2,2.252068,,ok,,client-side:900,1.11,229475,136591396746352,2026-09-06T21:21:00.761-05:00
11f0cb2baf56,campaign-sf1,mado,tpch,Q18,Complex,oracle,non-indexed,1,2,0,-1,django,orm,q18s1,2,2.275913,,ok,,client-side:900,1.11,229475,136591396746352,2026-09-06T21:21:03.037-05:00
11f0cb2baf56,campaign-sf1,mado,tpch,Q18,Complex,oracle,non-indexed,1,2,0,-1,sqlalchemy,sql,q18s1,2,2.284118,,ok,,client-side:900,1.1,229475,136591396746352,2026-09-06T21:21:05.321-05:00
11f0cb2baf56,campaign-sf1,mado,tpch,Q18,Complex,oracle,non-indexed,1,2,0,-1,sqlalchemy,orm,q18s1,2,2.308892,,ok,,client-side:900,1.1,229475,136591396746352,2026-09-06T21:21:07.630-05:00
11f0cb2baf56,campaign-sf1,mado,tpch,Q18,Complex,oracle,non-indexed,1,2,0,0,django,sql,q18s1,0,2.26033,9,ok,,client-side:900,1.1,229475,136591396746352,2026-09-06T21:21:09.890-05:00
11f0cb2baf56,campaign-sf1,mado,tpch,Q18,Complex,oracle,non-indexed,1,2,0,1,django,orm,q18s1,0,2.279022,9,ok,,client-side:900,1.09,229475,136591396746352,2026-09-06T21:21:12.169-05:00
11f0cb2baf56,campaign-sf1,mado,tpch,Q18,Complex,oracle,non-indexed,1,2,0,2,sqlalchemy,sql,q18s1,0,2.304568,9,ok,,client-side:900,1.09,229475,136591396746352,2026-09-06T21:21:14.474-05:00
11f0cb2baf56,campaign-sf1,mado,tpch,Q18,Complex,oracle,non-indexed,1,2,0,3,sqlalchemy,orm,q18s1,0,2.305478,9,ok,,client-side:900,1.08,229475,136591396746352,2026-09-06T21:21:16.780-05:00
11f0cb2baf56,campaign-sf1,mado,tpch,Q18,Complex,oracle,non-indexed,1,3,1,-1,django,sql,q18s2,2,2.25846,,ok,,client-side:900,1.08,229475,136591396746352,2026-09-06T21:21:19.043-05:00
11f0cb2baf56,campaign-sf1,mado,tpch,Q18,Complex,oracle,non-indexed,1,3,1,-1,django,orm,q18s2,2,2.292834,,ok,,client-side:900,1.08,229475,136591396746352,2026-09-06T21:21:21.336-05:00
11f0cb2baf56,campaign-sf1,mado,tpch,Q18,Complex,oracle,non-indexed,1,3,1,-1,sqlalchemy,sql,q18s2,2,2.303639,,ok,,client-side:900,1.08,229475,136591396746352,2026-09-06T21:21:23.639-05:00
11f0cb2baf56,campaign-sf1,mado,tpch,Q18,Complex,oracle,non-indexed,1,3,1,-1,sqlalchemy,orm,q18s2,2,2.302559,,ok,,client-side:900,1.07,229475,136591396746352,2026-09-06T21:21:25.942-05:00
11f0cb2baf56,campaign-sf1,mado,tpch,Q18,Complex,oracle,non-indexed,1,3,1,0,django,orm,q18s2,0,2.282969,9,ok,,client-side:900,1.07,229475,136591396746352,2026-09-06T21:21:28.225-05:00
11f0cb2baf56,campaign-sf1,mado,tpch,Q18,Complex,oracle,non-indexed,1,3,1,1,sqlalchemy,orm,q18s2,0,2.286108,9,ok,,client-side:900,1.06,229475,136591396746352,2026-09-06T21:21:30.511-05:00
11f0cb2baf56,campaign-sf1,mado,tpch,Q18,Complex,oracle,non-indexed,1,3,1,2,django,sql,q18s2,0,2.259486,9,ok,,client-side:900,1.06,229475,136591396746352,2026-09-06T21:21:32.771-05:00
11f0cb2baf56,campaign-sf1,mado,tpch,Q18,Complex,oracle,non-indexed,1,3,1,3,sqlalchemy,sql,q18s2,0,2.285387,9,ok,,client-side:900,1.06,229475,136591396746352,2026-09-06T21:21:35.056-05:00
11f0cb2baf56,campaign-sf1,mado,tpch,Q18,Complex,oracle,non-indexed,1,4,3,-1,django,sql,q18s3,2,2.262293,,ok,,client-side:900,1.06,229475,136591396746352,2026-09-06T21:21:37.323-05:00
11f0cb2baf56,campaign-sf1,mado,tpch,Q18,Complex,oracle,non-indexed,1,4,3,-1,django,orm,q18s3,2,2.2889,,ok,,client-side:900,1.06,229475,136591396746352,2026-09-06T21:21:39.612-05:00
11f0cb2baf56,campaign-sf1,mado,tpch,Q18,Complex,oracle,non-indexed,1,4,3,-1,sqlalchemy,sql,q18s3,2,2.272897,,ok,,client-side:900,1.05,229475,136591396746352,2026-09-06T21:21:41.885-05:00
11f0cb2baf56,campaign-sf1,mado,tpch,Q18,Complex,oracle,non-indexed,1,4,3,-1,sqlalchemy,orm,q18s3,2,2.294089,,ok,,client-side:900,1.05,229475,136591396746352,2026-09-06T21:21:44.179-05:00
11f0cb2baf56,campaign-sf1,mado,tpch,Q18,Complex,oracle,non-indexed,1,4,3,0,sqlalchemy,sql,q18s3,0,2.287612,9,ok,,client-side:900,1.05,229475,136591396746352,2026-09-06T21:21:46.467-05:00
11f0cb2baf56,campaign-sf1,mado,tpch,Q18,Complex,oracle,non-indexed,1,4,3,1,django,sql,q18s3,0,2.258765,9,ok,,client-side:900,1.05,229475,136591396746352,2026-09-06T21:21:48.726-05:00
11f0cb2baf56,campaign-sf1,mado,tpch,Q18,Complex,oracle,non-indexed,1,4,3,2,sqlalchemy,orm,q18s3,0,2.301541,9,ok,,client-side:900,1.05,229475,136591396746352,2026-09-06T21:21:51.028-05:00
11f0cb2baf56,campaign-sf1,mado,tpch,Q18,Complex,oracle,non-indexed,1,4,3,3,django,orm,q18s3,0,2.282597,9,ok,,client-side:900,1.05,229475,136591396746352,2026-09-06T21:21:53.310-05:00
11f0cb2baf56,campaign-sf1,mado,tpch,Q18,Complex,oracle,non-indexed,1,5,0,-1,django,sql,q18s4,2,2.262987,,ok,,client-side:900,1.04,229475,136591396746352,2026-09-06T21:21:55.578-05:00
11f0cb2baf56,campaign-sf1,mado,tpch,Q18,Complex,oracle,non-indexed,1,5,0,-1,django,orm,q18s4,2,2.279707,,ok,,client-side:900,1.04,229475,136591396746352,2026-09-06T21:21:57.857-05:00
11f0cb2baf56,campaign-sf1,mado,tpch,Q18,Complex,oracle,non-indexed,1,5,0,-1,sqlalchemy,sql,q18s4,2,2.271196,,ok,,client-side:900,1.04,229475,136591396746352,2026-09-06T21:22:00.129-05:00
11f0cb2baf56,campaign-sf1,mado,tpch,Q18,Complex,oracle,non-indexed,1,5,0,-1,sqlalchemy,orm,q18s4,2,2.280605,,ok,,client-side:900,1.04,229475,136591396746352,2026-09-06T21:22:02.409-05:00
11f0cb2baf56,campaign-sf1,mado,tpch,Q18,Complex,oracle,non-indexed,1,5,0,0,django,sql,q18s4,0,2.262561,10,ok,,client-side:900,1.04,229475,136591396746352,2026-09-06T21:22:04.672-05:00
11f0cb2baf56,campaign-sf1,mado,tpch,Q18,Complex,oracle,non-indexed,1,5,0,1,django,orm,q18s4,0,2.278355,10,ok,,client-side:900,1.03,229475,136591396746352,2026-09-06T21:22:06.951-05:00
11f0cb2baf56,campaign-sf1,mado,tpch,Q18,Complex,oracle,non-indexed,1,5,0,2,sqlalchemy,sql,q18s4,0,2.288727,10,ok,,client-side:900,1.03,229475,136591396746352,2026-09-06T21:22:09.239-05:00
11f0cb2baf56,campaign-sf1,mado,tpch,Q18,Complex,oracle,non-indexed,1,5,0,3,sqlalchemy,orm,q18s4,0,2.284519,10,ok,,client-side:900,1.03,229475,136591396746352,2026-09-06T21:22:11.524-05:00
11f0cb2baf56,campaign-sf1,mado,tpch,Q18,Complex,oracle,non-indexed,1,6,3,-1,django,sql,q18s5,2,2.261827,,ok,,client-side:900,1.03,229475,136591396746352,2026-09-06T21:22:13.790-05:00
11f0cb2baf56,campaign-sf1,mado,tpch,Q18,Complex,oracle,non-indexed,1,6,3,-1,django,orm,q18s5,2,2.280286,,ok,,client-side:900,1.03,229475,136591396746352,2026-09-06T21:22:16.071-05:00
11f0cb2baf56,campaign-sf1,mado,tpch,Q18,Complex,oracle,non-indexed,1,6,3,-1,sqlalchemy,sql,q18s5,2,2.288777,,ok,,client-side:900,1.03,229475,136591396746352,2026-09-06T21:22:18.360-05:00
11f0cb2baf56,campaign-sf1,mado,tpch,Q18,Complex,oracle,non-indexed,1,6,3,-1,sqlalchemy,orm,q18s5,2,2.293315,,ok,,client-side:900,1.03,229475,136591396746352,2026-09-06T21:22:20.653-05:00
11f0cb2baf56,campaign-sf1,mado,tpch,Q18,Complex,oracle,non-indexed,1,6,3,0,sqlalchemy,sql,q18s5,0,2.284615,10,ok,,client-side:900,1.03,229475,136591396746352,2026-09-06T21:22:22.938-05:00
11f0cb2baf56,campaign-sf1,mado,tpch,Q18,Complex,oracle,non-indexed,1,6,3,1,django,sql,q18s5,0,2.255421,10,ok,,client-side:900,1.03,229475,136591396746352,2026-09-06T21:22:25.193-05:00
11f0cb2baf56,campaign-sf1,mado,tpch,Q18,Complex,oracle,non-indexed,1,6,3,2,sqlalchemy,orm,q18s5,0,2.288624,10,ok,,client-side:900,1.02,229475,136591396746352,2026-09-06T21:22:27.482-05:00
11f0cb2baf56,campaign-sf1,mado,tpch,Q18,Complex,oracle,non-indexed,1,6,3,3,django,orm,q18s5,0,2.278034,10,ok,,client-side:900,1.02,229475,136591396746352,2026-09-06T21:22:29.760-05:00
11f0cb2baf56,campaign-sf1,mado,tpch,Q18,Complex,oracle,non-indexed,1,7,1,-1,django,sql,q18s6,2,2.26249,,ok,,client-side:900,1.02,229475,136591396746352,2026-09-06T21:22:32.027-05:00
11f0cb2baf56,campaign-sf1,mado,tpch,Q18,Complex,oracle,non-indexed,1,7,1,-1,django,orm,q18s6,2,2.281443,,ok,,client-side:900,1.02,229475,136591396746352,2026-09-06T21:22:34.309-05:00
11f0cb2baf56,campaign-sf1,mado,tpch,Q18,Complex,oracle,non-indexed,1,7,1,-1,sqlalchemy,sql,q18s6,2,2.295768,,ok,,client-side:900,1.02,229475,136591396746352,2026-09-06T21:22:36.605-05:00
11f0cb2baf56,campaign-sf1,mado,tpch,Q18,Complex,oracle,non-indexed,1,7,1,-1,sqlalchemy,orm,q18s6,2,2.287235,,ok,,client-side:900,1.02,229475,136591396746352,2026-09-06T21:22:38.892-05:00
11f0cb2baf56,campaign-sf1,mado,tpch,Q18,Complex,oracle,non-indexed,1,7,1,0,django,orm,q18s6,0,2.298335,9,ok,,client-side:900,1.02,229475,136591396746352,2026-09-06T21:22:41.190-05:00
11f0cb2baf56,campaign-sf1,mado,tpch,Q18,Complex,oracle,non-indexed,1,7,1,1,sqlalchemy,orm,q18s6,0,2.290837,9,ok,,client-side:900,1.02,229475,136591396746352,2026-09-06T21:22:43.481-05:00
11f0cb2baf56,campaign-sf1,mado,tpch,Q18,Complex,oracle,non-indexed,1,7,1,2,django,sql,q18s6,0,2.278456,9,ok,,client-side:900,1.02,229475,136591396746352,2026-09-06T21:22:45.760-05:00
11f0cb2baf56,campaign-sf1,mado,tpch,Q18,Complex,oracle,non-indexed,1,7,1,3,sqlalchemy,sql,q18s6,0,2.286895,9,ok,,client-side:900,1.02,229475,136591396746352,2026-09-06T21:22:48.047-05:00
11f0cb2baf56,campaign-sf1,mado,tpch,Q18,Complex,oracle,non-indexed,1,8,2,-1,django,sql,q18s7,2,2.268871,,ok,,client-side:900,1.02,229475,136591396746352,2026-09-06T21:22:50.320-05:00
11f0cb2baf56,campaign-sf1,mado,tpch,Q18,Complex,oracle,non-indexed,1,8,2,-1,django,orm,q18s7,2,2.288789,,ok,,client-side:900,1.02,229475,136591396746352,2026-09-06T21:22:52.609-05:00
11f0cb2baf56,campaign-sf1,mado,tpch,Q18,Complex,oracle,non-indexed,1,8,2,-1,sqlalchemy,sql,q18s7,2,2.29596,,ok,,client-side:900,1.02,229475,136591396746352,2026-09-06T21:22:54.905-05:00
11f0cb2baf56,campaign-sf1,mado,tpch,Q18,Complex,oracle,non-indexed,1,8,2,-1,sqlalchemy,orm,q18s7,2,2.29664,,ok,,client-side:900,1.01,229475,136591396746352,2026-09-06T21:22:57.202-05:00
11f0cb2baf56,campaign-sf1,mado,tpch,Q18,Complex,oracle,non-indexed,1,8,2,0,sqlalchemy,orm,q18s7,0,2.288774,9,ok,,client-side:900,1.01,229475,136591396746352,2026-09-06T21:22:59.491-05:00
11f0cb2baf56,campaign-sf1,mado,tpch,Q18,Complex,oracle,non-indexed,1,8,2,1,sqlalchemy,sql,q18s7,0,2.284131,9,ok,,client-side:900,1.01,229475,136591396746352,2026-09-06T21:23:01.775-05:00
11f0cb2baf56,campaign-sf1,mado,tpch,Q18,Complex,oracle,non-indexed,1,8,2,2,django,orm,q18s7,0,2.298291,9,ok,,client-side:900,1.01,229475,136591396746352,2026-09-06T21:23:04.073-05:00
11f0cb2baf56,campaign-sf1,mado,tpch,Q18,Complex,oracle,non-indexed,1,8,2,3,django,sql,q18s7,0,2.264995,9,ok,,client-side:900,1.01,229475,136591396746352,2026-09-06T21:23:06.338-05:00
8200d20451a3,campaign-sf1,mado,tpch,Q19,Simple,oracle,non-indexed,1,0,1,0,django,orm,q19warm,1,2.457119,1,ok,,client-side:900,1.01,229491,136050955977696,2026-09-06T21:23:10.002-05:00
8200d20451a3,campaign-sf1,mado,tpch,Q19,Simple,oracle,non-indexed,1,0,1,1,sqlalchemy,orm,q19warm,1,2.49013,1,ok,,client-side:900,1.01,229491,136050955977696,2026-09-06T21:23:12.492-05:00
8200d20451a3,campaign-sf1,mado,tpch,Q19,Simple,oracle,non-indexed,1,0,1,2,django,sql,q19warm,1,0.960249,1,ok,,client-side:900,1.01,229491,136050955977696,2026-09-06T21:23:13.452-05:00
8200d20451a3,campaign-sf1,mado,tpch,Q19,Simple,oracle,non-indexed,1,0,1,3,sqlalchemy,sql,q19warm,1,0.961046,1,ok,,client-side:900,1.01,229491,136050955977696,2026-09-06T21:23:14.414-05:00
8200d20451a3,campaign-sf1,mado,tpch,Q19,Simple,oracle,non-indexed,1,1,1,-1,django,sql,q19s0,2,0.953706,,ok,,client-side:900,1.01,229491,136050955977696,2026-09-06T21:23:15.372-05:00
8200d20451a3,campaign-sf1,mado,tpch,Q19,Simple,oracle,non-indexed,1,1,1,-1,django,orm,q19s0,2,1.747852,,ok,,client-side:900,1.01,229491,136050955977696,2026-09-06T21:23:17.120-05:00
8200d20451a3,campaign-sf1,mado,tpch,Q19,Simple,oracle,non-indexed,1,1,1,-1,sqlalchemy,sql,q19s0,2,0.955279,,ok,,client-side:900,1.01,229491,136050955977696,2026-09-06T21:23:18.075-05:00
8200d20451a3,campaign-sf1,mado,tpch,Q19,Simple,oracle,non-indexed,1,1,1,-1,sqlalchemy,orm,q19s0,2,1.759631,,ok,,client-side:900,1.01,229491,136050955977696,2026-09-06T21:23:19.835-05:00
8200d20451a3,campaign-sf1,mado,tpch,Q19,Simple,oracle,non-indexed,1,1,1,0,django,orm,q19s0,0,1.723747,1,ok,,client-side:900,1.01,229491,136050955977696,2026-09-06T21:23:21.559-05:00
8200d20451a3,campaign-sf1,mado,tpch,Q19,Simple,oracle,non-indexed,1,1,1,1,sqlalchemy,orm,q19s0,0,1.757661,1,ok,,client-side:900,1.01,229491,136050955977696,2026-09-06T21:23:23.317-05:00
8200d20451a3,campaign-sf1,mado,tpch,Q19,Simple,oracle,non-indexed,1,1,1,2,django,sql,q19s0,0,0.929272,1,ok,,client-side:900,1.01,229491,136050955977696,2026-09-06T21:23:24.246-05:00
8200d20451a3,campaign-sf1,mado,tpch,Q19,Simple,oracle,non-indexed,1,1,1,3,sqlalchemy,sql,q19s0,0,0.929967,1,ok,,client-side:900,1.01,229491,136050955977696,2026-09-06T21:23:25.176-05:00
8200d20451a3,campaign-sf1,mado,tpch,Q19,Simple,oracle,non-indexed,1,2,2,-1,django,sql,q19s1,2,0.959057,,ok,,client-side:900,1.01,229491,136050955977696,2026-09-06T21:23:26.140-05:00
8200d20451a3,campaign-sf1,mado,tpch,Q19,Simple,oracle,non-indexed,1,2,2,-1,django,orm,q19s1,2,1.747265,,ok,,client-side:900,1.01,229491,136050955977696,2026-09-06T21:23:27.887-05:00
8200d20451a3,campaign-sf1,mado,tpch,Q19,Simple,oracle,non-indexed,1,2,2,-1,sqlalchemy,sql,q19s1,2,0.946321,,ok,,client-side:900,1.01,229491,136050955977696,2026-09-06T21:23:28.833-05:00
8200d20451a3,campaign-sf1,mado,tpch,Q19,Simple,oracle,non-indexed,1,2,2,-1,sqlalchemy,orm,q19s1,2,1.762976,,ok,,client-side:900,1.01,229491,136050955977696,2026-09-06T21:23:30.596-05:00
8200d20451a3,campaign-sf1,mado,tpch,Q19,Simple,oracle,non-indexed,1,2,2,0,sqlalchemy,orm,q19s1,0,1.761657,1,ok,,client-side:900,1.01,229491,136050955977696,2026-09-06T21:23:32.358-05:00
8200d20451a3,campaign-sf1,mado,tpch,Q19,Simple,oracle,non-indexed,1,2,2,1,sqlalchemy,sql,q19s1,0,0.936048,1,ok,,client-side:900,1.01,229491,136050955977696,2026-09-06T21:23:33.294-05:00
8200d20451a3,campaign-sf1,mado,tpch,Q19,Simple,oracle,non-indexed,1,2,2,2,django,orm,q19s1,0,1.744002,1,ok,,client-side:900,1.01,229491,136050955977696,2026-09-06T21:23:35.038-05:00
8200d20451a3,campaign-sf1,mado,tpch,Q19,Simple,oracle,non-indexed,1,2,2,3,django,sql,q19s1,0,0.932316,1,ok,,client-side:900,1.01,229491,136050955977696,2026-09-06T21:23:35.971-05:00
8200d20451a3,campaign-sf1,mado,tpch,Q19,Simple,oracle,non-indexed,1,3,3,-1,django,sql,q19s2,2,0.95667,,ok,,client-side:900,1.01,229491,136050955977696,2026-09-06T21:23:36.932-05:00
8200d20451a3,campaign-sf1,mado,tpch,Q19,Simple,oracle,non-indexed,1,3,3,-1,django,orm,q19s2,2,1.79996,,ok,,client-side:900,1.01,229491,136050955977696,2026-09-06T21:23:38.732-05:00
8200d20451a3,campaign-sf1,mado,tpch,Q19,Simple,oracle,non-indexed,1,3,3,-1,sqlalchemy,sql,q19s2,2,0.962873,,ok,,client-side:900,1.01,229491,136050955977696,2026-09-06T21:23:39.695-05:00
8200d20451a3,campaign-sf1,mado,tpch,Q19,Simple,oracle,non-indexed,1,3,3,-1,sqlalchemy,orm,q19s2,2,1.830898,,ok,,client-side:900,1.0,229491,136050955977696,2026-09-06T21:23:41.526-05:00
8200d20451a3,campaign-sf1,mado,tpch,Q19,Simple,oracle,non-indexed,1,3,3,0,sqlalchemy,sql,q19s2,0,0.934468,1,ok,,client-side:900,1.0,229491,136050955977696,2026-09-06T21:23:42.461-05:00
8200d20451a3,campaign-sf1,mado,tpch,Q19,Simple,oracle,non-indexed,1,3,3,1,django,sql,q19s2,0,0.931539,1,ok,,client-side:900,1.0,229491,136050955977696,2026-09-06T21:23:43.392-05:00
8200d20451a3,campaign-sf1,mado,tpch,Q19,Simple,oracle,non-indexed,1,3,3,2,sqlalchemy,orm,q19s2,0,1.832005,1,ok,,client-side:900,1.0,229491,136050955977696,2026-09-06T21:23:45.225-05:00
8200d20451a3,campaign-sf1,mado,tpch,Q19,Simple,oracle,non-indexed,1,3,3,3,django,orm,q19s2,0,1.770249,1,ok,,client-side:900,1.0,229491,136050955977696,2026-09-06T21:23:46.995-05:00
8200d20451a3,campaign-sf1,mado,tpch,Q19,Simple,oracle,non-indexed,1,4,0,-1,django,sql,q19s3,2,0.956463,,ok,,client-side:900,1.0,229491,136050955977696,2026-09-06T21:23:47.956-05:00
8200d20451a3,campaign-sf1,mado,tpch,Q19,Simple,oracle,non-indexed,1,4,0,-1,django,orm,q19s3,2,1.768598,,ok,,client-side:900,1.0,229491,136050955977696,2026-09-06T21:23:49.725-05:00
8200d20451a3,campaign-sf1,mado,tpch,Q19,Simple,oracle,non-indexed,1,4,0,-1,sqlalchemy,sql,q19s3,2,0.958222,,ok,,client-side:900,1.0,229491,136050955977696,2026-09-06T21:23:50.683-05:00
8200d20451a3,campaign-sf1,mado,tpch,Q19,Simple,oracle,non-indexed,1,4,0,-1,sqlalchemy,orm,q19s3,2,1.771604,,ok,,client-side:900,1.0,229491,136050955977696,2026-09-06T21:23:52.455-05:00
8200d20451a3,campaign-sf1,mado,tpch,Q19,Simple,oracle,non-indexed,1,4,0,0,django,sql,q19s3,0,0.94551,1,ok,,client-side:900,1.0,229491,136050955977696,2026-09-06T21:23:53.401-05:00
8200d20451a3,campaign-sf1,mado,tpch,Q19,Simple,oracle,non-indexed,1,4,0,1,django,orm,q19s3,0,1.738949,1,ok,,client-side:900,1.0,229491,136050955977696,2026-09-06T21:23:55.140-05:00
8200d20451a3,campaign-sf1,mado,tpch,Q19,Simple,oracle,non-indexed,1,4,0,2,sqlalchemy,sql,q19s3,0,0.934942,1,ok,,client-side:900,1.0,229491,136050955977696,2026-09-06T21:23:56.075-05:00
8200d20451a3,campaign-sf1,mado,tpch,Q19,Simple,oracle,non-indexed,1,4,0,3,sqlalchemy,orm,q19s3,0,1.773769,1,ok,,client-side:900,1.0,229491,136050955977696,2026-09-06T21:23:57.849-05:00
8200d20451a3,campaign-sf1,mado,tpch,Q19,Simple,oracle,non-indexed,1,5,2,-1,django,sql,q19s4,2,0.960072,,ok,,client-side:900,1.0,229491,136050955977696,2026-09-06T21:23:58.813-05:00
8200d20451a3,campaign-sf1,mado,tpch,Q19,Simple,oracle,non-indexed,1,5,2,-1,django,orm,q19s4,2,1.745942,,ok,,client-side:900,1.0,229491,136050955977696,2026-09-06T21:24:00.559-05:00
8200d20451a3,campaign-sf1,mado,tpch,Q19,Simple,oracle,non-indexed,1,5,2,-1,sqlalchemy,sql,q19s4,2,0.977544,,ok,,client-side:900,1.0,229491,136050955977696,2026-09-06T21:24:01.537-05:00
8200d20451a3,campaign-sf1,mado,tpch,Q19,Simple,oracle,non-indexed,1,5,2,-1,sqlalchemy,orm,q19s4,2,1.761453,,ok,,client-side:900,1.0,229491,136050955977696,2026-09-06T21:24:03.299-05:00
8200d20451a3,campaign-sf1,mado,tpch,Q19,Simple,oracle,non-indexed,1,5,2,0,sqlalchemy,orm,q19s4,0,1.765046,1,ok,,client-side:900,1.0,229491,136050955977696,2026-09-06T21:24:05.064-05:00
8200d20451a3,campaign-sf1,mado,tpch,Q19,Simple,oracle,non-indexed,1,5,2,1,sqlalchemy,sql,q19s4,0,0.938268,1,ok,,client-side:900,1.0,229491,136050955977696,2026-09-06T21:24:06.002-05:00
8200d20451a3,campaign-sf1,mado,tpch,Q19,Simple,oracle,non-indexed,1,5,2,2,django,orm,q19s4,0,1.736188,1,ok,,client-side:900,1.0,229491,136050955977696,2026-09-06T21:24:07.738-05:00
8200d20451a3,campaign-sf1,mado,tpch,Q19,Simple,oracle,non-indexed,1,5,2,3,django,sql,q19s4,0,0.934372,1,ok,,client-side:900,1.0,229491,136050955977696,2026-09-06T21:24:08.673-05:00
8200d20451a3,campaign-sf1,mado,tpch,Q19,Simple,oracle,non-indexed,1,6,3,-1,django,sql,q19s5,2,0.960039,,ok,,client-side:900,1.0,229491,136050955977696,2026-09-06T21:24:09.638-05:00
8200d20451a3,campaign-sf1,mado,tpch,Q19,Simple,oracle,non-indexed,1,6,3,-1,django,orm,q19s5,2,1.806452,,ok,,client-side:900,1.0,229491,136050955977696,2026-09-06T21:24:11.444-05:00
8200d20451a3,campaign-sf1,mado,tpch,Q19,Simple,oracle,non-indexed,1,6,3,-1,sqlalchemy,sql,q19s5,2,0.978919,,ok,,client-side:900,1.0,229491,136050955977696,2026-09-06T21:24:12.423-05:00
8200d20451a3,campaign-sf1,mado,tpch,Q19,Simple,oracle,non-indexed,1,6,3,-1,sqlalchemy,orm,q19s5,2,1.836267,,ok,,client-side:900,1.0,229491,136050955977696,2026-09-06T21:24:14.259-05:00
8200d20451a3,campaign-sf1,mado,tpch,Q19,Simple,oracle,non-indexed,1,6,3,0,sqlalchemy,sql,q19s5,0,0.937442,1,ok,,client-side:900,1.0,229491,136050955977696,2026-09-06T21:24:15.197-05:00
8200d20451a3,campaign-sf1,mado,tpch,Q19,Simple,oracle,non-indexed,1,6,3,1,django,sql,q19s5,0,0.937092,1,ok,,client-side:900,1.0,229491,136050955977696,2026-09-06T21:24:16.134-05:00
8200d20451a3,campaign-sf1,mado,tpch,Q19,Simple,oracle,non-indexed,1,6,3,2,sqlalchemy,orm,q19s5,0,1.83887,1,ok,,client-side:900,1.0,229491,136050955977696,2026-09-06T21:24:17.973-05:00
8200d20451a3,campaign-sf1,mado,tpch,Q19,Simple,oracle,non-indexed,1,6,3,3,django,orm,q19s5,0,1.806364,1,ok,,client-side:900,1.0,229491,136050955977696,2026-09-06T21:24:19.780-05:00
8200d20451a3,campaign-sf1,mado,tpch,Q19,Simple,oracle,non-indexed,1,7,0,-1,django,sql,q19s6,2,0.959337,,ok,,client-side:900,1.0,229491,136050955977696,2026-09-06T21:24:20.744-05:00
8200d20451a3,campaign-sf1,mado,tpch,Q19,Simple,oracle,non-indexed,1,7,0,-1,django,orm,q19s6,2,1.718281,,ok,,client-side:900,1.0,229491,136050955977696,2026-09-06T21:24:22.462-05:00
8200d20451a3,campaign-sf1,mado,tpch,Q19,Simple,oracle,non-indexed,1,7,0,-1,sqlalchemy,sql,q19s6,2,0.95914,,ok,,client-side:900,1.0,229491,136050955977696,2026-09-06T21:24:23.421-05:00
8200d20451a3,campaign-sf1,mado,tpch,Q19,Simple,oracle,non-indexed,1,7,0,-1,sqlalchemy,orm,q19s6,2,1.759833,,ok,,client-side:900,1.0,229491,136050955977696,2026-09-06T21:24:25.181-05:00
8200d20451a3,campaign-sf1,mado,tpch,Q19,Simple,oracle,non-indexed,1,7,0,0,django,sql,q19s6,0,0.935259,1,ok,,client-side:900,1.0,229491,136050955977696,2026-09-06T21:24:26.116-05:00
8200d20451a3,campaign-sf1,mado,tpch,Q19,Simple,oracle,non-indexed,1,7,0,1,django,orm,q19s6,0,1.765714,1,ok,,client-side:900,1.0,229491,136050955977696,2026-09-06T21:24:27.882-05:00
8200d20451a3,campaign-sf1,mado,tpch,Q19,Simple,oracle,non-indexed,1,7,0,2,sqlalchemy,sql,q19s6,0,0.936382,1,ok,,client-side:900,1.0,229491,136050955977696,2026-09-06T21:24:28.819-05:00
8200d20451a3,campaign-sf1,mado,tpch,Q19,Simple,oracle,non-indexed,1,7,0,3,sqlalchemy,orm,q19s6,0,1.758877,1,ok,,client-side:900,1.08,229491,136050955977696,2026-09-06T21:24:30.578-05:00
8200d20451a3,campaign-sf1,mado,tpch,Q19,Simple,oracle,non-indexed,1,8,1,-1,django,sql,q19s7,2,0.949768,,ok,,client-side:900,1.08,229491,136050955977696,2026-09-06T21:24:31.532-05:00
8200d20451a3,campaign-sf1,mado,tpch,Q19,Simple,oracle,non-indexed,1,8,1,-1,django,orm,q19s7,2,1.757801,,ok,,client-side:900,1.08,229491,136050955977696,2026-09-06T21:24:33.290-05:00
8200d20451a3,campaign-sf1,mado,tpch,Q19,Simple,oracle,non-indexed,1,8,1,-1,sqlalchemy,sql,q19s7,2,0.95601,,ok,,client-side:900,1.08,229491,136050955977696,2026-09-06T21:24:34.246-05:00
8200d20451a3,campaign-sf1,mado,tpch,Q19,Simple,oracle,non-indexed,1,8,1,-1,sqlalchemy,orm,q19s7,2,1.808482,,ok,,client-side:900,1.07,229491,136050955977696,2026-09-06T21:24:36.055-05:00
8200d20451a3,campaign-sf1,mado,tpch,Q19,Simple,oracle,non-indexed,1,8,1,0,django,orm,q19s7,0,1.761939,1,ok,,client-side:900,1.07,229491,136050955977696,2026-09-06T21:24:37.817-05:00
8200d20451a3,campaign-sf1,mado,tpch,Q19,Simple,oracle,non-indexed,1,8,1,1,sqlalchemy,orm,q19s7,0,1.805594,1,ok,,client-side:900,1.07,229491,136050955977696,2026-09-06T21:24:39.622-05:00
8200d20451a3,campaign-sf1,mado,tpch,Q19,Simple,oracle,non-indexed,1,8,1,2,django,sql,q19s7,0,0.940993,1,ok,,client-side:900,1.07,229491,136050955977696,2026-09-06T21:24:40.563-05:00
8200d20451a3,campaign-sf1,mado,tpch,Q19,Simple,oracle,non-indexed,1,8,1,3,sqlalchemy,sql,q19s7,0,0.928134,1,ok,,client-side:900,1.07,229491,136050955977696,2026-09-06T21:24:41.492-05:00
fab0a116fe44,campaign-sf1,mado,tpch,Q20,Complex,oracle,non-indexed,1,0,2,0,sqlalchemy,orm,q20warm,1,2.012597,165,ok,,client-side:900,1.07,229499,127219822654528,2026-09-06T21:24:44.712-05:00
fab0a116fe44,campaign-sf1,mado,tpch,Q20,Complex,oracle,non-indexed,1,0,2,1,sqlalchemy,sql,q20warm,1,0.926984,165,ok,,client-side:900,1.06,229499,127219822654528,2026-09-06T21:24:45.639-05:00
fab0a116fe44,campaign-sf1,mado,tpch,Q20,Complex,oracle,non-indexed,1,0,2,2,django,orm,q20warm,1,249.511496,165,ok,,client-side:900,1.05,229499,127219822654528,2026-09-06T21:28:55.151-05:00
fab0a116fe44,campaign-sf1,mado,tpch,Q20,Complex,oracle,non-indexed,1,0,2,3,django,sql,q20warm,1,0.890491,165,ok,,client-side:900,1.04,229499,127219822654528,2026-09-06T21:28:56.042-05:00
fab0a116fe44,campaign-sf1,mado,tpch,Q20,Complex,oracle,non-indexed,1,1,0,-1,django,sql,q20s0,2,0.964003,,ok,,client-side:900,1.04,229499,127219822654528,2026-09-06T21:28:57.009-05:00
fab0a116fe44,campaign-sf1,mado,tpch,Q20,Complex,oracle,non-indexed,1,1,0,-1,django,orm,q20s0,2,273.30034,,ok,,client-side:900,1.06,229499,127219822654528,2026-09-06T21:33:30.309-05:00
fab0a116fe44,campaign-sf1,mado,tpch,Q20,Complex,oracle,non-indexed,1,1,0,-1,sqlalchemy,sql,q20s0,2,1.064624,,ok,,client-side:900,1.06,229499,127219822654528,2026-09-06T21:33:31.374-05:00
fab0a116fe44,campaign-sf1,mado,tpch,Q20,Complex,oracle,non-indexed,1,1,0,-1,sqlalchemy,orm,q20s0,2,0.902809,,ok,,client-side:900,1.06,229499,127219822654528,2026-09-06T21:33:32.277-05:00
fab0a116fe44,campaign-sf1,mado,tpch,Q20,Complex,oracle,non-indexed,1,1,0,0,django,sql,q20s0,0,0.9144,186,ok,,client-side:900,1.06,229499,127219822654528,2026-09-06T21:33:33.191-05:00
fab0a116fe44,campaign-sf1,mado,tpch,Q20,Complex,oracle,non-indexed,1,1,0,1,django,orm,q20s0,0,275.248901,186,ok,,client-side:900,1.01,229499,127219822654528,2026-09-06T21:38:08.440-05:00
fab0a116fe44,campaign-sf1,mado,tpch,Q20,Complex,oracle,non-indexed,1,1,0,2,sqlalchemy,sql,q20s0,0,0.914755,186,ok,,client-side:900,1.01,229499,127219822654528,2026-09-06T21:38:09.355-05:00
fab0a116fe44,campaign-sf1,mado,tpch,Q20,Complex,oracle,non-indexed,1,1,0,3,sqlalchemy,orm,q20s0,0,0.824901,186,ok,,client-side:900,1.01,229499,127219822654528,2026-09-06T21:38:10.180-05:00
fab0a116fe44,campaign-sf1,mado,tpch,Q20,Complex,oracle,non-indexed,1,2,3,-1,django,sql,q20s1,2,0.9449,,ok,,client-side:900,1.01,229499,127219822654528,2026-09-06T21:38:11.130-05:00
fab0a116fe44,campaign-sf1,mado,tpch,Q20,Complex,oracle,non-indexed,1,2,3,-1,django,orm,q20s1,2,299.403374,,ok,,client-side:900,1.12,229499,127219822654528,2026-09-06T21:43:10.533-05:00
fab0a116fe44,campaign-sf1,mado,tpch,Q20,Complex,oracle,non-indexed,1,2,3,-1,sqlalchemy,sql,q20s1,2,0.978753,,ok,,client-side:900,1.12,229499,127219822654528,2026-09-06T21:43:11.512-05:00
fab0a116fe44,campaign-sf1,mado,tpch,Q20,Complex,oracle,non-indexed,1,2,3,-1,sqlalchemy,orm,q20s1,2,0.95991,,ok,,client-side:900,1.12,229499,127219822654528,2026-09-06T21:43:12.472-05:00
fab0a116fe44,campaign-sf1,mado,tpch,Q20,Complex,oracle,non-indexed,1,2,3,0,sqlalchemy,sql,q20s1,0,0.904098,192,ok,,client-side:900,1.12,229499,127219822654528,2026-09-06T21:43:13.376-05:00
fab0a116fe44,campaign-sf1,mado,tpch,Q20,Complex,oracle,non-indexed,1,2,3,1,django,sql,q20s1,0,0.903182,192,ok,,client-side:900,1.12,229499,127219822654528,2026-09-06T21:43:14.279-05:00
fab0a116fe44,campaign-sf1,mado,tpch,Q20,Complex,oracle,non-indexed,1,2,3,2,sqlalchemy,orm,q20s1,0,0.80956,192,ok,,client-side:900,1.12,229499,127219822654528,2026-09-06T21:43:15.089-05:00
fab0a116fe44,campaign-sf1,mado,tpch,Q20,Complex,oracle,non-indexed,1,2,3,3,django,orm,q20s1,0,299.934529,192,ok,,client-side:900,1.02,229499,127219822654528,2026-09-06T21:48:15.024-05:00
fab0a116fe44,campaign-sf1,mado,tpch,Q20,Complex,oracle,non-indexed,1,3,1,-1,django,sql,q20s2,2,0.940886,,ok,,client-side:900,1.02,229499,127219822654528,2026-09-06T21:48:15.969-05:00
fab0a116fe44,campaign-sf1,mado,tpch,Q20,Complex,oracle,non-indexed,1,3,1,-1,django,orm,q20s2,2,292.33226,,ok,,client-side:900,1.03,229499,127219822654528,2026-09-06T21:53:08.302-05:00
fab0a116fe44,campaign-sf1,mado,tpch,Q20,Complex,oracle,non-indexed,1,3,1,-1,sqlalchemy,sql,q20s2,2,0.96711,,ok,,client-side:900,1.03,229499,127219822654528,2026-09-06T21:53:09.269-05:00
fab0a116fe44,campaign-sf1,mado,tpch,Q20,Complex,oracle,non-indexed,1,3,1,-1,sqlalchemy,orm,q20s2,2,0.882455,,ok,,client-side:900,1.03,229499,127219822654528,2026-09-06T21:53:10.151-05:00
fab0a116fe44,campaign-sf1,mado,tpch,Q20,Complex,oracle,non-indexed,1,3,1,0,django,orm,q20s2,0,291.358865,195,ok,,client-side:900,1.27,229499,127219822654528,2026-09-06T21:58:01.510-05:00
fab0a116fe44,campaign-sf1,mado,tpch,Q20,Complex,oracle,non-indexed,1,3,1,1,sqlalchemy,orm,q20s2,0,0.814476,195,ok,,client-side:900,1.27,229499,127219822654528,2026-09-06T21:58:02.325-05:00
fab0a116fe44,campaign-sf1,mado,tpch,Q20,Complex,oracle,non-indexed,1,3,1,2,django,sql,q20s2,0,0.89902,195,ok,,client-side:900,1.27,229499,127219822654528,2026-09-06T21:58:03.224-05:00
fab0a116fe44,campaign-sf1,mado,tpch,Q20,Complex,oracle,non-indexed,1,3,1,3,sqlalchemy,sql,q20s2,0,0.899662,195,ok,,client-side:900,1.27,229499,127219822654528,2026-09-06T21:58:04.124-05:00
fab0a116fe44,campaign-sf1,mado,tpch,Q20,Complex,oracle,non-indexed,1,4,2,-1,django,sql,q20s3,2,0.95323,,ok,,client-side:900,1.27,229499,127219822654528,2026-09-06T21:58:05.082-05:00
fab0a116fe44,campaign-sf1,mado,tpch,Q20,Complex,oracle,non-indexed,1,4,2,-1,django,orm,q20s3,2,230.628701,,ok,,client-side:900,1.2,229499,127219822654528,2026-09-06T22:01:55.711-05:00
fab0a116fe44,campaign-sf1,mado,tpch,Q20,Complex,oracle,non-indexed,1,4,2,-1,sqlalchemy,sql,q20s3,2,1.025975,,ok,,client-side:900,1.2,229499,127219822654528,2026-09-06T22:01:56.737-05:00
fab0a116fe44,campaign-sf1,mado,tpch,Q20,Complex,oracle,non-indexed,1,4,2,-1,sqlalchemy,orm,q20s3,2,0.953434,,ok,,client-side:900,1.2,229499,127219822654528,2026-09-06T22:01:57.690-05:00
fab0a116fe44,campaign-sf1,mado,tpch,Q20,Complex,oracle,non-indexed,1,4,2,0,sqlalchemy,orm,q20s3,0,0.916229,154,ok,,client-side:900,1.2,229499,127219822654528,2026-09-06T22:01:58.607-05:00
fab0a116fe44,campaign-sf1,mado,tpch,Q20,Complex,oracle,non-indexed,1,4,2,1,sqlalchemy,sql,q20s3,0,0.918608,154,ok,,client-side:900,1.2,229499,127219822654528,2026-09-06T22:01:59.525-05:00
fab0a116fe44,campaign-sf1,mado,tpch,Q20,Complex,oracle,non-indexed,1,4,2,2,django,orm,q20s3,0,230.117438,154,ok,,client-side:900,1.0,229499,127219822654528,2026-09-06T22:05:49.643-05:00
fab0a116fe44,campaign-sf1,mado,tpch,Q20,Complex,oracle,non-indexed,1,4,2,3,django,sql,q20s3,0,0.914398,154,ok,,client-side:900,1.0,229499,127219822654528,2026-09-06T22:05:50.557-05:00
fab0a116fe44,campaign-sf1,mado,tpch,Q20,Complex,oracle,non-indexed,1,5,2,-1,django,sql,q20s4,2,0.952993,,ok,,client-side:900,1.0,229499,127219822654528,2026-09-06T22:05:51.515-05:00
fab0a116fe44,campaign-sf1,mado,tpch,Q20,Complex,oracle,non-indexed,1,5,2,-1,django,orm,q20s4,2,266.55231,,ok,,client-side:900,1.12,229499,127219822654528,2026-09-06T22:10:18.067-05:00
fab0a116fe44,campaign-sf1,mado,tpch,Q20,Complex,oracle,non-indexed,1,5,2,-1,sqlalchemy,sql,q20s4,2,0.949152,,ok,,client-side:900,1.12,229499,127219822654528,2026-09-06T22:10:19.016-05:00
fab0a116fe44,campaign-sf1,mado,tpch,Q20,Complex,oracle,non-indexed,1,5,2,-1,sqlalchemy,orm,q20s4,2,0.914043,,ok,,client-side:900,1.12,229499,127219822654528,2026-09-06T22:10:19.931-05:00
fab0a116fe44,campaign-sf1,mado,tpch,Q20,Complex,oracle,non-indexed,1,5,2,0,sqlalchemy,orm,q20s4,0,0.9138,177,ok,,client-side:900,1.11,229499,127219822654528,2026-09-06T22:10:20.844-05:00
fab0a116fe44,campaign-sf1,mado,tpch,Q20,Complex,oracle,non-indexed,1,5,2,1,sqlalchemy,sql,q20s4,0,0.910605,177,ok,,client-side:900,1.11,229499,127219822654528,2026-09-06T22:10:21.755-05:00
fab0a116fe44,campaign-sf1,mado,tpch,Q20,Complex,oracle,non-indexed,1,5,2,2,django,orm,q20s4,0,266.850758,177,ok,,client-side:900,1.06,229499,127219822654528,2026-09-06T22:14:48.606-05:00
fab0a116fe44,campaign-sf1,mado,tpch,Q20,Complex,oracle,non-indexed,1,5,2,3,django,sql,q20s4,0,0.914476,177,ok,,client-side:900,1.06,229499,127219822654528,2026-09-06T22:14:49.521-05:00
fab0a116fe44,campaign-sf1,mado,tpch,Q20,Complex,oracle,non-indexed,1,6,0,-1,django,sql,q20s5,2,1.030251,,ok,,client-side:900,1.06,229499,127219822654528,2026-09-06T22:14:50.555-05:00
fab0a116fe44,campaign-sf1,mado,tpch,Q20,Complex,oracle,non-indexed,1,6,0,-1,django,orm,q20s5,2,264.288349,,ok,,client-side:900,1.01,229499,127219822654528,2026-09-06T22:19:14.844-05:00
fab0a116fe44,campaign-sf1,mado,tpch,Q20,Complex,oracle,non-indexed,1,6,0,-1,sqlalchemy,sql,q20s5,2,0.901053,,ok,,client-side:900,1.01,229499,127219822654528,2026-09-06T22:19:15.745-05:00
fab0a116fe44,campaign-sf1,mado,tpch,Q20,Complex,oracle,non-indexed,1,6,0,-1,sqlalchemy,orm,q20s5,2,0.93383,,ok,,client-side:900,1.01,229499,127219822654528,2026-09-06T22:19:16.679-05:00
fab0a116fe44,campaign-sf1,mado,tpch,Q20,Complex,oracle,non-indexed,1,6,0,0,django,sql,q20s5,0,0.818799,177,ok,,client-side:900,1.01,229499,127219822654528,2026-09-06T22:19:17.498-05:00
fab0a116fe44,campaign-sf1,mado,tpch,Q20,Complex,oracle,non-indexed,1,6,0,1,django,orm,q20s5,0,264.844089,177,ok,,client-side:900,1.13,229499,127219822654528,2026-09-06T22:23:42.342-05:00
fab0a116fe44,campaign-sf1,mado,tpch,Q20,Complex,oracle,non-indexed,1,6,0,2,sqlalchemy,sql,q20s5,0,0.802845,177,ok,,client-side:900,1.13,229499,127219822654528,2026-09-06T22:23:43.145-05:00
fab0a116fe44,campaign-sf1,mado,tpch,Q20,Complex,oracle,non-indexed,1,6,0,3,sqlalchemy,orm,q20s5,0,0.924007,177,ok,,client-side:900,1.13,229499,127219822654528,2026-09-06T22:23:44.069-05:00
fab0a116fe44,campaign-sf1,mado,tpch,Q20,Complex,oracle,non-indexed,1,7,3,-1,django,sql,q20s6,2,0.916338,,ok,,client-side:900,1.13,229499,127219822654528,2026-09-06T22:23:44.990-05:00
fab0a116fe44,campaign-sf1,mado,tpch,Q20,Complex,oracle,non-indexed,1,7,3,-1,django,orm,q20s6,2,237.896443,,ok,,client-side:900,1.07,229499,127219822654528,2026-09-06T22:27:42.886-05:00
fab0a116fe44,campaign-sf1,mado,tpch,Q20,Complex,oracle,non-indexed,1,7,3,-1,sqlalchemy,sql,q20s6,2,0.917602,,ok,,client-side:900,1.07,229499,127219822654528,2026-09-06T22:27:43.804-05:00
fab0a116fe44,campaign-sf1,mado,tpch,Q20,Complex,oracle,non-indexed,1,7,3,-1,sqlalchemy,orm,q20s6,2,0.915482,,ok,,client-side:900,1.07,229499,127219822654528,2026-09-06T22:27:44.720-05:00
fab0a116fe44,campaign-sf1,mado,tpch,Q20,Complex,oracle,non-indexed,1,7,3,0,sqlalchemy,sql,q20s6,0,0.878949,180,ok,,client-side:900,1.07,229499,127219822654528,2026-09-06T22:27:45.599-05:00
fab0a116fe44,campaign-sf1,mado,tpch,Q20,Complex,oracle,non-indexed,1,7,3,1,django,sql,q20s6,0,0.882626,180,ok,,client-side:900,1.06,229499,127219822654528,2026-09-06T22:27:46.481-05:00
fab0a116fe44,campaign-sf1,mado,tpch,Q20,Complex,oracle,non-indexed,1,7,3,2,sqlalchemy,orm,q20s6,0,0.915306,180,ok,,client-side:900,1.06,229499,127219822654528,2026-09-06T22:27:47.397-05:00
fab0a116fe44,campaign-sf1,mado,tpch,Q20,Complex,oracle,non-indexed,1,7,3,3,django,orm,q20s6,0,238.237896,180,ok,,client-side:900,1.05,229499,127219822654528,2026-09-06T22:31:45.635-05:00
fab0a116fe44,campaign-sf1,mado,tpch,Q20,Complex,oracle,non-indexed,1,8,1,-1,django,sql,q20s7,2,0.969253,,ok,,client-side:900,1.05,229499,127219822654528,2026-09-06T22:31:46.609-05:00
fab0a116fe44,campaign-sf1,mado,tpch,Q20,Complex,oracle,non-indexed,1,8,1,-1,django,orm,q20s7,2,293.897757,,ok,,client-side:900,1.1,229499,127219822654528,2026-09-06T22:36:40.507-05:00
fab0a116fe44,campaign-sf1,mado,tpch,Q20,Complex,oracle,non-indexed,1,8,1,-1,sqlalchemy,sql,q20s7,2,0.866604,,ok,,client-side:900,1.09,229499,127219822654528,2026-09-06T22:36:41.373-05:00
fab0a116fe44,campaign-sf1,mado,tpch,Q20,Complex,oracle,non-indexed,1,8,1,-1,sqlalchemy,orm,q20s7,2,0.90048,,ok,,client-side:900,1.09,229499,127219822654528,2026-09-06T22:36:42.274-05:00
fab0a116fe44,campaign-sf1,mado,tpch,Q20,Complex,oracle,non-indexed,1,8,1,0,django,orm,q20s7,0,294.026696,201,ok,,client-side:900,1.06,229499,127219822654528,2026-09-06T22:41:36.301-05:00
fab0a116fe44,campaign-sf1,mado,tpch,Q20,Complex,oracle,non-indexed,1,8,1,1,sqlalchemy,orm,q20s7,0,0.92948,201,ok,,client-side:900,1.06,229499,127219822654528,2026-09-06T22:41:37.230-05:00
fab0a116fe44,campaign-sf1,mado,tpch,Q20,Complex,oracle,non-indexed,1,8,1,2,django,sql,q20s7,0,0.888881,201,ok,,client-side:900,1.06,229499,127219822654528,2026-09-06T22:41:38.119-05:00
fab0a116fe44,campaign-sf1,mado,tpch,Q20,Complex,oracle,non-indexed,1,8,1,3,sqlalchemy,sql,q20s7,0,0.868474,201,ok,,client-side:900,1.06,229499,127219822654528,2026-09-06T22:41:38.988-05:00
e1837dffe972,campaign-sf1,mado,tpch,Q21,Very Complex,oracle,non-indexed,1,0,1,0,django,orm,q21warm,1,7.006322,100,ok,,client-side:900,1.05,230827,128305518054576,2026-09-06T22:41:47.202-05:00
e1837dffe972,campaign-sf1,mado,tpch,Q21,Very Complex,oracle,non-indexed,1,0,1,1,sqlalchemy,orm,q21warm,1,4.809264,100,ok,,client-side:900,1.05,230827,128305518054576,2026-09-06T22:41:52.011-05:00
e1837dffe972,campaign-sf1,mado,tpch,Q21,Very Complex,oracle,non-indexed,1,0,1,2,django,sql,q21warm,1,3.200368,100,ok,,client-side:900,1.05,230827,128305518054576,2026-09-06T22:41:55.211-05:00
e1837dffe972,campaign-sf1,mado,tpch,Q21,Very Complex,oracle,non-indexed,1,0,1,3,sqlalchemy,sql,q21warm,1,3.064191,100,ok,,client-side:900,1.04,230827,128305518054576,2026-09-06T22:41:58.276-05:00
e1837dffe972,campaign-sf1,mado,tpch,Q21,Very Complex,oracle,non-indexed,1,1,1,-1,django,sql,q21s0,2,3.031301,,ok,,client-side:900,1.04,230827,128305518054576,2026-09-06T22:42:01.312-05:00
e1837dffe972,campaign-sf1,mado,tpch,Q21,Very Complex,oracle,non-indexed,1,1,1,-1,django,orm,q21s0,2,4.207611,,ok,,client-side:900,1.04,230827,128305518054576,2026-09-06T22:42:05.519-05:00
e1837dffe972,campaign-sf1,mado,tpch,Q21,Very Complex,oracle,non-indexed,1,1,1,-1,sqlalchemy,sql,q21s0,2,4.01556,,ok,,client-side:900,1.04,230827,128305518054576,2026-09-06T22:42:09.535-05:00
e1837dffe972,campaign-sf1,mado,tpch,Q21,Very Complex,oracle,non-indexed,1,1,1,-1,sqlalchemy,orm,q21s0,2,3.714622,,ok,,client-side:900,1.03,230827,128305518054576,2026-09-06T22:42:13.250-05:00
e1837dffe972,campaign-sf1,mado,tpch,Q21,Very Complex,oracle,non-indexed,1,1,1,0,django,orm,q21s0,0,4.139499,100,ok,,client-side:900,1.03,230827,128305518054576,2026-09-06T22:42:17.389-05:00
e1837dffe972,campaign-sf1,mado,tpch,Q21,Very Complex,oracle,non-indexed,1,1,1,1,sqlalchemy,orm,q21s0,0,4.07943,100,ok,,client-side:900,1.03,230827,128305518054576,2026-09-06T22:42:21.469-05:00
e1837dffe972,campaign-sf1,mado,tpch,Q21,Very Complex,oracle,non-indexed,1,1,1,2,django,sql,q21s0,0,3.259879,100,ok,,client-side:900,1.03,230827,128305518054576,2026-09-06T22:42:24.729-05:00
e1837dffe972,campaign-sf1,mado,tpch,Q21,Very Complex,oracle,non-indexed,1,1,1,3,sqlalchemy,sql,q21s0,0,2.990842,100,ok,,client-side:900,1.02,230827,128305518054576,2026-09-06T22:42:27.720-05:00
e1837dffe972,campaign-sf1,mado,tpch,Q21,Very Complex,oracle,non-indexed,1,2,3,-1,django,sql,q21s1,2,3.008907,,ok,,client-side:900,1.02,230827,128305518054576,2026-09-06T22:42:30.733-05:00
e1837dffe972,campaign-sf1,mado,tpch,Q21,Very Complex,oracle,non-indexed,1,2,3,-1,django,orm,q21s1,2,3.081272,,ok,,client-side:900,1.02,230827,128305518054576,2026-09-06T22:42:33.815-05:00
e1837dffe972,campaign-sf1,mado,tpch,Q21,Very Complex,oracle,non-indexed,1,2,3,-1,sqlalchemy,sql,q21s1,2,4.412691,,ok,,client-side:900,1.1,230827,128305518054576,2026-09-06T22:42:38.227-05:00
e1837dffe972,campaign-sf1,mado,tpch,Q21,Very Complex,oracle,non-indexed,1,2,3,-1,sqlalchemy,orm,q21s1,2,3.802576,,ok,,client-side:900,1.09,230827,128305518054576,2026-09-06T22:42:42.030-05:00
e1837dffe972,campaign-sf1,mado,tpch,Q21,Very Complex,oracle,non-indexed,1,2,3,0,sqlalchemy,sql,q21s1,0,2.928167,100,ok,,client-side:900,1.09,230827,128305518054576,2026-09-06T22:42:44.958-05:00
e1837dffe972,campaign-sf1,mado,tpch,Q21,Very Complex,oracle,non-indexed,1,2,3,1,django,sql,q21s1,0,2.957527,100,ok,,client-side:900,1.08,230827,128305518054576,2026-09-06T22:42:47.916-05:00
e1837dffe972,campaign-sf1,mado,tpch,Q21,Very Complex,oracle,non-indexed,1,2,3,2,sqlalchemy,orm,q21s1,0,2.951824,100,ok,,client-side:900,1.08,230827,128305518054576,2026-09-06T22:42:50.868-05:00
e1837dffe972,campaign-sf1,mado,tpch,Q21,Very Complex,oracle,non-indexed,1,2,3,3,django,orm,q21s1,0,3.759162,100,ok,,client-side:900,1.08,230827,128305518054576,2026-09-06T22:42:54.627-05:00
e1837dffe972,campaign-sf1,mado,tpch,Q21,Very Complex,oracle,non-indexed,1,3,2,-1,django,sql,q21s2,2,4.270808,,ok,,client-side:900,1.07,230827,128305518054576,2026-09-06T22:42:58.901-05:00
e1837dffe972,campaign-sf1,mado,tpch,Q21,Very Complex,oracle,non-indexed,1,3,2,-1,django,orm,q21s2,2,3.662899,,ok,,client-side:900,1.07,230827,128305518054576,2026-09-06T22:43:02.564-05:00
e1837dffe972,campaign-sf1,mado,tpch,Q21,Very Complex,oracle,non-indexed,1,3,2,-1,sqlalchemy,sql,q21s2,2,4.27369,,ok,,client-side:900,1.06,230827,128305518054576,2026-09-06T22:43:06.838-05:00
e1837dffe972,campaign-sf1,mado,tpch,Q21,Very Complex,oracle,non-indexed,1,3,2,-1,sqlalchemy,orm,q21s2,2,3.850076,,ok,,client-side:900,1.06,230827,128305518054576,2026-09-06T22:43:10.688-05:00
e1837dffe972,campaign-sf1,mado,tpch,Q21,Very Complex,oracle,non-indexed,1,3,2,0,sqlalchemy,orm,q21s2,0,2.952809,100,ok,,client-side:900,1.06,230827,128305518054576,2026-09-06T22:43:13.641-05:00
e1837dffe972,campaign-sf1,mado,tpch,Q21,Very Complex,oracle,non-indexed,1,3,2,1,sqlalchemy,sql,q21s2,0,2.962662,100,ok,,client-side:900,1.05,230827,128305518054576,2026-09-06T22:43:16.604-05:00
e1837dffe972,campaign-sf1,mado,tpch,Q21,Very Complex,oracle,non-indexed,1,3,2,2,django,orm,q21s2,0,2.643836,100,ok,,client-side:900,1.05,230827,128305518054576,2026-09-06T22:43:19.248-05:00
e1837dffe972,campaign-sf1,mado,tpch,Q21,Very Complex,oracle,non-indexed,1,3,2,3,django,sql,q21s2,0,4.001628,100,ok,,client-side:900,1.05,230827,128305518054576,2026-09-06T22:43:23.250-05:00
e1837dffe972,campaign-sf1,mado,tpch,Q21,Very Complex,oracle,non-indexed,1,4,0,-1,django,sql,q21s3,2,4.085157,,ok,,client-side:900,1.04,230827,128305518054576,2026-09-06T22:43:27.338-05:00
e1837dffe972,campaign-sf1,mado,tpch,Q21,Very Complex,oracle,non-indexed,1,4,0,-1,django,orm,q21s3,2,2.851114,,ok,,client-side:900,1.04,230827,128305518054576,2026-09-06T22:43:30.189-05:00
e1837dffe972,campaign-sf1,mado,tpch,Q21,Very Complex,oracle,non-indexed,1,4,0,-1,sqlalchemy,sql,q21s3,2,4.339871,,ok,,client-side:900,1.04,230827,128305518054576,2026-09-06T22:43:34.529-05:00
e1837dffe972,campaign-sf1,mado,tpch,Q21,Very Complex,oracle,non-indexed,1,4,0,-1,sqlalchemy,orm,q21s3,2,3.403018,,ok,,client-side:900,1.04,230827,128305518054576,2026-09-06T22:43:37.932-05:00
e1837dffe972,campaign-sf1,mado,tpch,Q21,Very Complex,oracle,non-indexed,1,4,0,0,django,sql,q21s3,0,2.927909,100,ok,,client-side:900,1.04,230827,128305518054576,2026-09-06T22:43:40.860-05:00
e1837dffe972,campaign-sf1,mado,tpch,Q21,Very Complex,oracle,non-indexed,1,4,0,1,django,orm,q21s3,0,2.690919,100,ok,,client-side:900,1.03,230827,128305518054576,2026-09-06T22:43:43.551-05:00
e1837dffe972,campaign-sf1,mado,tpch,Q21,Very Complex,oracle,non-indexed,1,4,0,2,sqlalchemy,sql,q21s3,0,3.841488,100,ok,,client-side:900,1.03,230827,128305518054576,2026-09-06T22:43:47.393-05:00
e1837dffe972,campaign-sf1,mado,tpch,Q21,Very Complex,oracle,non-indexed,1,4,0,3,sqlalchemy,orm,q21s3,0,3.700872,100,ok,,client-side:900,1.03,230827,128305518054576,2026-09-06T22:43:51.094-05:00
e1837dffe972,campaign-sf1,mado,tpch,Q21,Very Complex,oracle,non-indexed,1,5,1,-1,django,sql,q21s4,2,3.003102,,ok,,client-side:900,1.03,230827,128305518054576,2026-09-06T22:43:54.101-05:00
e1837dffe972,campaign-sf1,mado,tpch,Q21,Very Complex,oracle,non-indexed,1,5,1,-1,django,orm,q21s4,2,2.635402,,ok,,client-side:900,1.02,230827,128305518054576,2026-09-06T22:43:56.737-05:00
e1837dffe972,campaign-sf1,mado,tpch,Q21,Very Complex,oracle,non-indexed,1,5,1,-1,sqlalchemy,sql,q21s4,2,3.974681,,ok,,client-side:900,1.02,230827,128305518054576,2026-09-06T22:44:00.712-05:00
e1837dffe972,campaign-sf1,mado,tpch,Q21,Very Complex,oracle,non-indexed,1,5,1,-1,sqlalchemy,orm,q21s4,2,3.80907,,ok,,client-side:900,1.02,230827,128305518054576,2026-09-06T22:44:04.521-05:00
e1837dffe972,campaign-sf1,mado,tpch,Q21,Very Complex,oracle,non-indexed,1,5,1,0,django,orm,q21s4,0,2.606711,100,ok,,client-side:900,1.02,230827,128305518054576,2026-09-06T22:44:07.128-05:00
e1837dffe972,campaign-sf1,mado,tpch,Q21,Very Complex,oracle,non-indexed,1,5,1,1,sqlalchemy,orm,q21s4,0,4.019372,100,ok,,client-side:900,1.02,230827,128305518054576,2026-09-06T22:44:11.147-05:00
e1837dffe972,campaign-sf1,mado,tpch,Q21,Very Complex,oracle,non-indexed,1,5,1,2,django,sql,q21s4,0,3.281166,100,ok,,client-side:900,1.02,230827,128305518054576,2026-09-06T22:44:14.428-05:00
e1837dffe972,campaign-sf1,mado,tpch,Q21,Very Complex,oracle,non-indexed,1,5,1,3,sqlalchemy,sql,q21s4,0,2.931178,100,ok,,client-side:900,1.02,230827,128305518054576,2026-09-06T22:44:17.360-05:00
e1837dffe972,campaign-sf1,mado,tpch,Q21,Very Complex,oracle,non-indexed,1,6,2,-1,django,sql,q21s5,2,2.99882,,ok,,client-side:900,1.02,230827,128305518054576,2026-09-06T22:44:20.363-05:00
e1837dffe972,campaign-sf1,mado,tpch,Q21,Very Complex,oracle,non-indexed,1,6,2,-1,django,orm,q21s5,2,2.652102,,ok,,client-side:900,1.02,230827,128305518054576,2026-09-06T22:44:23.015-05:00
e1837dffe972,campaign-sf1,mado,tpch,Q21,Very Complex,oracle,non-indexed,1,6,2,-1,sqlalchemy,sql,q21s5,2,3.920858,,ok,,client-side:900,1.01,230827,128305518054576,2026-09-06T22:44:26.936-05:00
e1837dffe972,campaign-sf1,mado,tpch,Q21,Very Complex,oracle,non-indexed,1,6,2,-1,sqlalchemy,orm,q21s5,2,4.085437,,ok,,client-side:900,1.01,230827,128305518054576,2026-09-06T22:44:31.021-05:00
e1837dffe972,campaign-sf1,mado,tpch,Q21,Very Complex,oracle,non-indexed,1,6,2,0,sqlalchemy,orm,q21s5,0,2.947828,100,ok,,client-side:900,1.01,230827,128305518054576,2026-09-06T22:44:33.969-05:00
e1837dffe972,campaign-sf1,mado,tpch,Q21,Very Complex,oracle,non-indexed,1,6,2,1,sqlalchemy,sql,q21s5,0,2.952249,100,ok,,client-side:900,1.01,230827,128305518054576,2026-09-06T22:44:36.921-05:00
e1837dffe972,campaign-sf1,mado,tpch,Q21,Very Complex,oracle,non-indexed,1,6,2,2,django,orm,q21s5,0,2.622173,100,ok,,client-side:900,1.01,230827,128305518054576,2026-09-06T22:44:39.544-05:00
e1837dffe972,campaign-sf1,mado,tpch,Q21,Very Complex,oracle,non-indexed,1,6,2,3,django,sql,q21s5,0,4.033519,100,ok,,client-side:900,1.01,230827,128305518054576,2026-09-06T22:44:43.577-05:00
e1837dffe972,campaign-sf1,mado,tpch,Q21,Very Complex,oracle,non-indexed,1,7,3,-1,django,sql,q21s6,2,3.806686,,ok,,client-side:900,1.01,230827,128305518054576,2026-09-06T22:44:47.388-05:00
e1837dffe972,campaign-sf1,mado,tpch,Q21,Very Complex,oracle,non-indexed,1,7,3,-1,django,orm,q21s6,2,2.57367,,ok,,client-side:900,1.01,230827,128305518054576,2026-09-06T22:44:49.962-05:00
e1837dffe972,campaign-sf1,mado,tpch,Q21,Very Complex,oracle,non-indexed,1,7,3,-1,sqlalchemy,sql,q21s6,2,4.096341,,ok,,client-side:900,1.01,230827,128305518054576,2026-09-06T22:44:54.059-05:00
e1837dffe972,campaign-sf1,mado,tpch,Q21,Very Complex,oracle,non-indexed,1,7,3,-1,sqlalchemy,orm,q21s6,2,3.129994,,ok,,client-side:900,1.01,230827,128305518054576,2026-09-06T22:44:57.189-05:00
e1837dffe972,campaign-sf1,mado,tpch,Q21,Very Complex,oracle,non-indexed,1,7,3,0,sqlalchemy,sql,q21s6,0,2.912245,100,ok,,client-side:900,1.01,230827,128305518054576,2026-09-06T22:45:00.101-05:00
e1837dffe972,campaign-sf1,mado,tpch,Q21,Very Complex,oracle,non-indexed,1,7,3,1,django,sql,q21s6,0,2.900476,100,ok,,client-side:900,1.01,230827,128305518054576,2026-09-06T22:45:03.002-05:00
e1837dffe972,campaign-sf1,mado,tpch,Q21,Very Complex,oracle,non-indexed,1,7,3,2,sqlalchemy,orm,q21s6,0,2.92219,100,ok,,client-side:900,1.01,230827,128305518054576,2026-09-06T22:45:05.924-05:00
e1837dffe972,campaign-sf1,mado,tpch,Q21,Very Complex,oracle,non-indexed,1,7,3,3,django,orm,q21s6,0,2.525357,100,ok,,client-side:900,1.01,230827,128305518054576,2026-09-06T22:45:08.449-05:00
e1837dffe972,campaign-sf1,mado,tpch,Q21,Very Complex,oracle,non-indexed,1,8,0,-1,django,sql,q21s7,2,4.146755,,ok,,client-side:900,1.0,230827,128305518054576,2026-09-06T22:45:12.601-05:00
e1837dffe972,campaign-sf1,mado,tpch,Q21,Very Complex,oracle,non-indexed,1,8,0,-1,django,orm,q21s7,2,3.306911,,ok,,client-side:900,1.0,230827,128305518054576,2026-09-06T22:45:15.908-05:00
e1837dffe972,campaign-sf1,mado,tpch,Q21,Very Complex,oracle,non-indexed,1,8,0,-1,sqlalchemy,sql,q21s7,2,3.83352,,ok,,client-side:900,1.0,230827,128305518054576,2026-09-06T22:45:19.741-05:00
e1837dffe972,campaign-sf1,mado,tpch,Q21,Very Complex,oracle,non-indexed,1,8,0,-1,sqlalchemy,orm,q21s7,2,3.556974,,ok,,client-side:900,1.0,230827,128305518054576,2026-09-06T22:45:23.298-05:00
e1837dffe972,campaign-sf1,mado,tpch,Q21,Very Complex,oracle,non-indexed,1,8,0,0,django,sql,q21s7,0,2.957813,100,ok,,client-side:900,1.0,230827,128305518054576,2026-09-06T22:45:26.256-05:00
e1837dffe972,campaign-sf1,mado,tpch,Q21,Very Complex,oracle,non-indexed,1,8,0,1,django,orm,q21s7,0,2.645673,100,ok,,client-side:900,1.0,230827,128305518054576,2026-09-06T22:45:28.902-05:00
e1837dffe972,campaign-sf1,mado,tpch,Q21,Very Complex,oracle,non-indexed,1,8,0,2,sqlalchemy,sql,q21s7,0,3.427221,100,ok,,client-side:900,1.0,230827,128305518054576,2026-09-06T22:45:32.329-05:00
e1837dffe972,campaign-sf1,mado,tpch,Q21,Very Complex,oracle,non-indexed,1,8,0,3,sqlalchemy,orm,q21s7,0,3.571892,100,ok,,client-side:900,1.0,230827,128305518054576,2026-09-06T22:45:35.901-05:00
748ce0c2ef70,campaign-sf1,mado,tpch,Q22,Very Complex,oracle,non-indexed,1,0,1,0,django,orm,q22warm,1,0.432987,7,ok,,client-side:900,1.0,230852,129505139578864,2026-09-06T22:45:37.558-05:00
748ce0c2ef70,campaign-sf1,mado,tpch,Q22,Very Complex,oracle,non-indexed,1,0,1,1,sqlalchemy,orm,q22warm,1,0.354698,7,ok,,client-side:900,1.0,230852,129505139578864,2026-09-06T22:45:37.913-05:00
748ce0c2ef70,campaign-sf1,mado,tpch,Q22,Very Complex,oracle,non-indexed,1,0,1,2,django,sql,q22warm,1,0.244994,7,ok,,client-side:900,1.0,230852,129505139578864,2026-09-06T22:45:38.158-05:00
748ce0c2ef70,campaign-sf1,mado,tpch,Q22,Very Complex,oracle,non-indexed,1,0,1,3,sqlalchemy,sql,q22warm,1,0.245966,7,ok,,client-side:900,1.0,230852,129505139578864,2026-09-06T22:45:38.404-05:00
748ce0c2ef70,campaign-sf1,mado,tpch,Q22,Very Complex,oracle,non-indexed,1,1,0,-1,django,sql,q22s0,2,0.243906,,ok,,client-side:900,1.0,230852,129505139578864,2026-09-06T22:45:38.653-05:00
748ce0c2ef70,campaign-sf1,mado,tpch,Q22,Very Complex,oracle,non-indexed,1,1,0,-1,django,orm,q22s0,2,0.317843,,ok,,client-side:900,1.0,230852,129505139578864,2026-09-06T22:45:38.971-05:00
748ce0c2ef70,campaign-sf1,mado,tpch,Q22,Very Complex,oracle,non-indexed,1,1,0,-1,sqlalchemy,sql,q22s0,2,0.243265,,ok,,client-side:900,1.0,230852,129505139578864,2026-09-06T22:45:39.214-05:00
748ce0c2ef70,campaign-sf1,mado,tpch,Q22,Very Complex,oracle,non-indexed,1,1,0,-1,sqlalchemy,orm,q22s0,2,0.241581,,ok,,client-side:900,1.0,230852,129505139578864,2026-09-06T22:45:39.456-05:00
748ce0c2ef70,campaign-sf1,mado,tpch,Q22,Very Complex,oracle,non-indexed,1,1,0,0,django,sql,q22s0,0,0.238146,7,ok,,client-side:900,1.0,230852,129505139578864,2026-09-06T22:45:39.694-05:00
748ce0c2ef70,campaign-sf1,mado,tpch,Q22,Very Complex,oracle,non-indexed,1,1,0,1,django,orm,q22s0,0,0.317628,7,ok,,client-side:900,1.0,230852,129505139578864,2026-09-06T22:45:40.012-05:00
748ce0c2ef70,campaign-sf1,mado,tpch,Q22,Very Complex,oracle,non-indexed,1,1,0,2,sqlalchemy,sql,q22s0,0,0.238998,7,ok,,client-side:900,1.0,230852,129505139578864,2026-09-06T22:45:40.251-05:00
748ce0c2ef70,campaign-sf1,mado,tpch,Q22,Very Complex,oracle,non-indexed,1,1,0,3,sqlalchemy,orm,q22s0,0,0.241565,7,ok,,client-side:900,1.0,230852,129505139578864,2026-09-06T22:45:40.492-05:00
748ce0c2ef70,campaign-sf1,mado,tpch,Q22,Very Complex,oracle,non-indexed,1,2,2,-1,django,sql,q22s1,2,0.243957,,ok,,client-side:900,1.0,230852,129505139578864,2026-09-06T22:45:40.741-05:00
748ce0c2ef70,campaign-sf1,mado,tpch,Q22,Very Complex,oracle,non-indexed,1,2,2,-1,django,orm,q22s1,2,0.318304,,ok,,client-side:900,1.0,230852,129505139578864,2026-09-06T22:45:41.059-05:00
748ce0c2ef70,campaign-sf1,mado,tpch,Q22,Very Complex,oracle,non-indexed,1,2,2,-1,sqlalchemy,sql,q22s1,2,0.243952,,ok,,client-side:900,1.0,230852,129505139578864,2026-09-06T22:45:41.303-05:00
748ce0c2ef70,campaign-sf1,mado,tpch,Q22,Very Complex,oracle,non-indexed,1,2,2,-1,sqlalchemy,orm,q22s1,2,0.241918,,ok,,client-side:900,1.0,230852,129505139578864,2026-09-06T22:45:41.545-05:00
748ce0c2ef70,campaign-sf1,mado,tpch,Q22,Very Complex,oracle,non-indexed,1,2,2,0,sqlalchemy,orm,q22s1,0,0.242168,7,ok,,client-side:900,1.0,230852,129505139578864,2026-09-06T22:45:41.788-05:00
748ce0c2ef70,campaign-sf1,mado,tpch,Q22,Very Complex,oracle,non-indexed,1,2,2,1,sqlalchemy,sql,q22s1,0,0.239083,7,ok,,client-side:900,1.0,230852,129505139578864,2026-09-06T22:45:42.027-05:00
748ce0c2ef70,campaign-sf1,mado,tpch,Q22,Very Complex,oracle,non-indexed,1,2,2,2,django,orm,q22s1,0,0.318795,7,ok,,client-side:900,1.0,230852,129505139578864,2026-09-06T22:45:42.346-05:00
748ce0c2ef70,campaign-sf1,mado,tpch,Q22,Very Complex,oracle,non-indexed,1,2,2,3,django,sql,q22s1,0,0.238697,7,ok,,client-side:900,1.0,230852,129505139578864,2026-09-06T22:45:42.584-05:00
748ce0c2ef70,campaign-sf1,mado,tpch,Q22,Very Complex,oracle,non-indexed,1,3,3,-1,django,sql,q22s2,2,0.244557,,ok,,client-side:900,1.0,230852,129505139578864,2026-09-06T22:45:42.833-05:00
748ce0c2ef70,campaign-sf1,mado,tpch,Q22,Very Complex,oracle,non-indexed,1,3,3,-1,django,orm,q22s2,2,0.317782,,ok,,client-side:900,1.0,230852,129505139578864,2026-09-06T22:45:43.151-05:00
748ce0c2ef70,campaign-sf1,mado,tpch,Q22,Very Complex,oracle,non-indexed,1,3,3,-1,sqlalchemy,sql,q22s2,2,0.244072,,ok,,client-side:900,1.0,230852,129505139578864,2026-09-06T22:45:43.395-05:00
748ce0c2ef70,campaign-sf1,mado,tpch,Q22,Very Complex,oracle,non-indexed,1,3,3,-1,sqlalchemy,orm,q22s2,2,0.241849,,ok,,client-side:900,1.0,230852,129505139578864,2026-09-06T22:45:43.637-05:00
748ce0c2ef70,campaign-sf1,mado,tpch,Q22,Very Complex,oracle,non-indexed,1,3,3,0,sqlalchemy,sql,q22s2,0,0.239318,7,ok,,client-side:900,1.0,230852,129505139578864,2026-09-06T22:45:43.877-05:00
748ce0c2ef70,campaign-sf1,mado,tpch,Q22,Very Complex,oracle,non-indexed,1,3,3,1,django,sql,q22s2,0,0.238675,7,ok,,client-side:900,1.0,230852,129505139578864,2026-09-06T22:45:44.116-05:00
748ce0c2ef70,campaign-sf1,mado,tpch,Q22,Very Complex,oracle,non-indexed,1,3,3,2,sqlalchemy,orm,q22s2,0,0.242095,7,ok,,client-side:900,1.0,230852,129505139578864,2026-09-06T22:45:44.358-05:00
748ce0c2ef70,campaign-sf1,mado,tpch,Q22,Very Complex,oracle,non-indexed,1,3,3,3,django,orm,q22s2,0,0.318871,7,ok,,client-side:900,1.0,230852,129505139578864,2026-09-06T22:45:44.677-05:00
748ce0c2ef70,campaign-sf1,mado,tpch,Q22,Very Complex,oracle,non-indexed,1,4,1,-1,django,sql,q22s3,2,0.244868,,ok,,client-side:900,1.0,230852,129505139578864,2026-09-06T22:45:44.925-05:00
748ce0c2ef70,campaign-sf1,mado,tpch,Q22,Very Complex,oracle,non-indexed,1,4,1,-1,django,orm,q22s3,2,0.318498,,ok,,client-side:900,1.0,230852,129505139578864,2026-09-06T22:45:45.243-05:00
748ce0c2ef70,campaign-sf1,mado,tpch,Q22,Very Complex,oracle,non-indexed,1,4,1,-1,sqlalchemy,sql,q22s3,2,0.244148,,ok,,client-side:900,1.0,230852,129505139578864,2026-09-06T22:45:45.488-05:00
748ce0c2ef70,campaign-sf1,mado,tpch,Q22,Very Complex,oracle,non-indexed,1,4,1,-1,sqlalchemy,orm,q22s3,2,0.242351,,ok,,client-side:900,1.0,230852,129505139578864,2026-09-06T22:45:45.730-05:00
748ce0c2ef70,campaign-sf1,mado,tpch,Q22,Very Complex,oracle,non-indexed,1,4,1,0,django,orm,q22s3,0,0.318981,7,ok,,client-side:900,1.0,230852,129505139578864,2026-09-06T22:45:46.049-05:00
748ce0c2ef70,campaign-sf1,mado,tpch,Q22,Very Complex,oracle,non-indexed,1,4,1,1,sqlalchemy,orm,q22s3,0,0.24215,7,ok,,client-side:900,1.0,230852,129505139578864,2026-09-06T22:45:46.291-05:00
748ce0c2ef70,campaign-sf1,mado,tpch,Q22,Very Complex,oracle,non-indexed,1,4,1,2,django,sql,q22s3,0,0.238983,7,ok,,client-side:900,1.0,230852,129505139578864,2026-09-06T22:45:46.530-05:00
748ce0c2ef70,campaign-sf1,mado,tpch,Q22,Very Complex,oracle,non-indexed,1,4,1,3,sqlalchemy,sql,q22s3,0,0.239339,7,ok,,client-side:900,1.0,230852,129505139578864,2026-09-06T22:45:46.770-05:00
748ce0c2ef70,campaign-sf1,mado,tpch,Q22,Very Complex,oracle,non-indexed,1,5,2,-1,django,sql,q22s4,2,0.244327,,ok,,client-side:900,1.0,230852,129505139578864,2026-09-06T22:45:47.019-05:00
748ce0c2ef70,campaign-sf1,mado,tpch,Q22,Very Complex,oracle,non-indexed,1,5,2,-1,django,orm,q22s4,2,0.314946,,ok,,client-side:900,1.0,230852,129505139578864,2026-09-06T22:45:47.334-05:00
748ce0c2ef70,campaign-sf1,mado,tpch,Q22,Very Complex,oracle,non-indexed,1,5,2,-1,sqlalchemy,sql,q22s4,2,0.243724,,ok,,client-side:900,1.0,230852,129505139578864,2026-09-06T22:45:47.578-05:00
748ce0c2ef70,campaign-sf1,mado,tpch,Q22,Very Complex,oracle,non-indexed,1,5,2,-1,sqlalchemy,orm,q22s4,2,0.242378,,ok,,client-side:900,1.0,230852,129505139578864,2026-09-06T22:45:47.820-05:00
748ce0c2ef70,campaign-sf1,mado,tpch,Q22,Very Complex,oracle,non-indexed,1,5,2,0,sqlalchemy,orm,q22s4,0,0.242272,7,ok,,client-side:900,1.0,230852,129505139578864,2026-09-06T22:45:48.063-05:00
748ce0c2ef70,campaign-sf1,mado,tpch,Q22,Very Complex,oracle,non-indexed,1,5,2,1,sqlalchemy,sql,q22s4,0,0.239469,7,ok,,client-side:900,1.0,230852,129505139578864,2026-09-06T22:45:48.302-05:00
748ce0c2ef70,campaign-sf1,mado,tpch,Q22,Very Complex,oracle,non-indexed,1,5,2,2,django,orm,q22s4,0,0.314772,7,ok,,client-side:900,1.0,230852,129505139578864,2026-09-06T22:45:48.617-05:00
748ce0c2ef70,campaign-sf1,mado,tpch,Q22,Very Complex,oracle,non-indexed,1,5,2,3,django,sql,q22s4,0,0.237943,7,ok,,client-side:900,1.0,230852,129505139578864,2026-09-06T22:45:48.855-05:00
748ce0c2ef70,campaign-sf1,mado,tpch,Q22,Very Complex,oracle,non-indexed,1,6,0,-1,django,sql,q22s5,2,0.244329,,ok,,client-side:900,1.0,230852,129505139578864,2026-09-06T22:45:49.104-05:00
748ce0c2ef70,campaign-sf1,mado,tpch,Q22,Very Complex,oracle,non-indexed,1,6,0,-1,django,orm,q22s5,2,0.317048,,ok,,client-side:900,1.0,230852,129505139578864,2026-09-06T22:45:49.421-05:00
748ce0c2ef70,campaign-sf1,mado,tpch,Q22,Very Complex,oracle,non-indexed,1,6,0,-1,sqlalchemy,sql,q22s5,2,0.244869,,ok,,client-side:900,1.0,230852,129505139578864,2026-09-06T22:45:49.666-05:00
748ce0c2ef70,campaign-sf1,mado,tpch,Q22,Very Complex,oracle,non-indexed,1,6,0,-1,sqlalchemy,orm,q22s5,2,0.243529,,ok,,client-side:900,1.0,230852,129505139578864,2026-09-06T22:45:49.910-05:00
748ce0c2ef70,campaign-sf1,mado,tpch,Q22,Very Complex,oracle,non-indexed,1,6,0,0,django,sql,q22s5,0,0.238434,7,ok,,client-side:900,1.0,230852,129505139578864,2026-09-06T22:45:50.148-05:00
748ce0c2ef70,campaign-sf1,mado,tpch,Q22,Very Complex,oracle,non-indexed,1,6,0,1,django,orm,q22s5,0,0.317401,7,ok,,client-side:900,1.0,230852,129505139578864,2026-09-06T22:45:50.466-05:00
748ce0c2ef70,campaign-sf1,mado,tpch,Q22,Very Complex,oracle,non-indexed,1,6,0,2,sqlalchemy,sql,q22s5,0,0.239349,7,ok,,client-side:900,1.0,230852,129505139578864,2026-09-06T22:45:50.705-05:00
748ce0c2ef70,campaign-sf1,mado,tpch,Q22,Very Complex,oracle,non-indexed,1,6,0,3,sqlalchemy,orm,q22s5,0,0.242413,7,ok,,client-side:900,1.0,230852,129505139578864,2026-09-06T22:45:50.948-05:00
748ce0c2ef70,campaign-sf1,mado,tpch,Q22,Very Complex,oracle,non-indexed,1,7,3,-1,django,sql,q22s6,2,0.24461,,ok,,client-side:900,1.0,230852,129505139578864,2026-09-06T22:45:51.197-05:00
748ce0c2ef70,campaign-sf1,mado,tpch,Q22,Very Complex,oracle,non-indexed,1,7,3,-1,django,orm,q22s6,2,0.317641,,ok,,client-side:900,1.0,230852,129505139578864,2026-09-06T22:45:51.514-05:00
748ce0c2ef70,campaign-sf1,mado,tpch,Q22,Very Complex,oracle,non-indexed,1,7,3,-1,sqlalchemy,sql,q22s6,2,0.246116,,ok,,client-side:900,1.0,230852,129505139578864,2026-09-06T22:45:51.761-05:00
748ce0c2ef70,campaign-sf1,mado,tpch,Q22,Very Complex,oracle,non-indexed,1,7,3,-1,sqlalchemy,orm,q22s6,2,0.241821,,ok,,client-side:900,1.0,230852,129505139578864,2026-09-06T22:45:52.003-05:00
748ce0c2ef70,campaign-sf1,mado,tpch,Q22,Very Complex,oracle,non-indexed,1,7,3,0,sqlalchemy,sql,q22s6,0,0.239324,7,ok,,client-side:900,1.0,230852,129505139578864,2026-09-06T22:45:52.242-05:00
748ce0c2ef70,campaign-sf1,mado,tpch,Q22,Very Complex,oracle,non-indexed,1,7,3,1,django,sql,q22s6,0,0.238809,7,ok,,client-side:900,1.0,230852,129505139578864,2026-09-06T22:45:52.481-05:00
748ce0c2ef70,campaign-sf1,mado,tpch,Q22,Very Complex,oracle,non-indexed,1,7,3,2,sqlalchemy,orm,q22s6,0,0.242131,7,ok,,client-side:900,1.0,230852,129505139578864,2026-09-06T22:45:52.723-05:00
748ce0c2ef70,campaign-sf1,mado,tpch,Q22,Very Complex,oracle,non-indexed,1,7,3,3,django,orm,q22s6,0,0.317712,7,ok,,client-side:900,1.0,230852,129505139578864,2026-09-06T22:45:53.041-05:00
748ce0c2ef70,campaign-sf1,mado,tpch,Q22,Very Complex,oracle,non-indexed,1,8,1,-1,django,sql,q22s7,2,0.245387,,ok,,client-side:900,1.0,230852,129505139578864,2026-09-06T22:45:53.291-05:00
748ce0c2ef70,campaign-sf1,mado,tpch,Q22,Very Complex,oracle,non-indexed,1,8,1,-1,django,orm,q22s7,2,0.317994,,ok,,client-side:900,1.0,230852,129505139578864,2026-09-06T22:45:53.609-05:00
748ce0c2ef70,campaign-sf1,mado,tpch,Q22,Very Complex,oracle,non-indexed,1,8,1,-1,sqlalchemy,sql,q22s7,2,0.244372,,ok,,client-side:900,1.0,230852,129505139578864,2026-09-06T22:45:53.853-05:00
748ce0c2ef70,campaign-sf1,mado,tpch,Q22,Very Complex,oracle,non-indexed,1,8,1,-1,sqlalchemy,orm,q22s7,2,0.242059,,ok,,client-side:900,1.0,230852,129505139578864,2026-09-06T22:45:54.096-05:00
748ce0c2ef70,campaign-sf1,mado,tpch,Q22,Very Complex,oracle,non-indexed,1,8,1,0,django,orm,q22s7,0,0.318074,7,ok,,client-side:900,1.0,230852,129505139578864,2026-09-06T22:45:54.414-05:00
748ce0c2ef70,campaign-sf1,mado,tpch,Q22,Very Complex,oracle,non-indexed,1,8,1,1,sqlalchemy,orm,q22s7,0,0.244648,7,ok,,client-side:900,1.0,230852,129505139578864,2026-09-06T22:45:54.658-05:00
748ce0c2ef70,campaign-sf1,mado,tpch,Q22,Very Complex,oracle,non-indexed,1,8,1,2,django,sql,q22s7,0,0.238564,7,ok,,client-side:900,1.0,230852,129505139578864,2026-09-06T22:45:54.897-05:00
748ce0c2ef70,campaign-sf1,mado,tpch,Q22,Very Complex,oracle,non-indexed,1,8,1,3,sqlalchemy,sql,q22s7,0,0.239362,7,ok,,client-side:900,1.0,230852,129505139578864,2026-09-06T22:45:55.137-05:00
