run_id,campaign_id,host,benchmark,query_id,band,dbms,schema_config,scale_factor,block,sequence_id,position,framework,path,param_set_id,is_warmup,elapsed_s,rows_returned,status,note,ceiling_s,load1,pid,session_id,timestamp
d60d9d6f7200,campaign-sf1,mado,tpch,Q01,Medium,oracle,indexed,1,0,1,0,django,orm,q01warm,1,4.85747,4,ok,,client-side:900,1.06,217518,127196910041424,2026-09-06T15:33:08.950-05:00
d60d9d6f7200,campaign-sf1,mado,tpch,Q01,Medium,oracle,indexed,1,0,1,1,sqlalchemy,orm,q01warm,1,4.85249,4,ok,,client-side:900,1.05,217518,127196910041424,2026-09-06T15:33:13.802-05:00
d60d9d6f7200,campaign-sf1,mado,tpch,Q01,Medium,oracle,indexed,1,0,1,2,django,sql,q01warm,1,4.248345,4,ok,,client-side:900,1.13,217518,127196910041424,2026-09-06T15:33:18.051-05:00
d60d9d6f7200,campaign-sf1,mado,tpch,Q01,Medium,oracle,indexed,1,0,1,3,sqlalchemy,sql,q01warm,1,4.154739,4,ok,,client-side:900,1.12,217518,127196910041424,2026-09-06T15:33:22.206-05:00
d60d9d6f7200,campaign-sf1,mado,tpch,Q01,Medium,oracle,indexed,1,1,1,-1,django,sql,q01s0,2,4.215016,,ok,,client-side:900,1.11,217518,127196910041424,2026-09-06T15:33:26.426-05:00
d60d9d6f7200,campaign-sf1,mado,tpch,Q01,Medium,oracle,indexed,1,1,1,-1,django,orm,q01s0,2,4.771293,,ok,,client-side:900,1.1,217518,127196910041424,2026-09-06T15:33:31.197-05:00
d60d9d6f7200,campaign-sf1,mado,tpch,Q01,Medium,oracle,indexed,1,1,1,-1,sqlalchemy,sql,q01s0,2,4.113074,,ok,,client-side:900,1.1,217518,127196910041424,2026-09-06T15:33:35.310-05:00
d60d9d6f7200,campaign-sf1,mado,tpch,Q01,Medium,oracle,indexed,1,1,1,-1,sqlalchemy,orm,q01s0,2,4.767244,,ok,,client-side:900,1.09,217518,127196910041424,2026-09-06T15:33:40.078-05:00
d60d9d6f7200,campaign-sf1,mado,tpch,Q01,Medium,oracle,indexed,1,1,1,0,django,orm,q01s0,0,4.759503,4,ok,,client-side:900,1.08,217518,127196910041424,2026-09-06T15:33:44.837-05:00
d60d9d6f7200,campaign-sf1,mado,tpch,Q01,Medium,oracle,indexed,1,1,1,1,sqlalchemy,orm,q01s0,0,4.799904,4,ok,,client-side:900,1.08,217518,127196910041424,2026-09-06T15:33:49.637-05:00
d60d9d6f7200,campaign-sf1,mado,tpch,Q01,Medium,oracle,indexed,1,1,1,2,django,sql,q01s0,0,4.156574,4,ok,,client-side:900,1.15,217518,127196910041424,2026-09-06T15:33:53.794-05:00
d60d9d6f7200,campaign-sf1,mado,tpch,Q01,Medium,oracle,indexed,1,1,1,3,sqlalchemy,sql,q01s0,0,4.146498,4,ok,,client-side:900,1.14,217518,127196910041424,2026-09-06T15:33:57.940-05:00
d60d9d6f7200,campaign-sf1,mado,tpch,Q01,Medium,oracle,indexed,1,2,3,-1,django,sql,q01s1,2,4.27451,,ok,,client-side:900,1.13,217518,127196910041424,2026-09-06T15:34:02.220-05:00
d60d9d6f7200,campaign-sf1,mado,tpch,Q01,Medium,oracle,indexed,1,2,3,-1,django,orm,q01s1,2,4.769229,,ok,,client-side:900,1.28,217518,127196910041424,2026-09-06T15:34:06.989-05:00
d60d9d6f7200,campaign-sf1,mado,tpch,Q01,Medium,oracle,indexed,1,2,3,-1,sqlalchemy,sql,q01s1,2,4.055207,,ok,,client-side:900,1.49,217518,127196910041424,2026-09-06T15:34:11.044-05:00
d60d9d6f7200,campaign-sf1,mado,tpch,Q01,Medium,oracle,indexed,1,2,3,-1,sqlalchemy,orm,q01s1,2,4.901007,,ok,,client-side:900,1.49,217518,127196910041424,2026-09-06T15:34:15.945-05:00
d60d9d6f7200,campaign-sf1,mado,tpch,Q01,Medium,oracle,indexed,1,2,3,0,sqlalchemy,sql,q01s1,0,4.108956,4,ok,,client-side:900,1.62,217518,127196910041424,2026-09-06T15:34:20.054-05:00
d60d9d6f7200,campaign-sf1,mado,tpch,Q01,Medium,oracle,indexed,1,2,3,1,django,sql,q01s1,0,4.186516,4,ok,,client-side:900,1.57,217518,127196910041424,2026-09-06T15:34:24.241-05:00
d60d9d6f7200,campaign-sf1,mado,tpch,Q01,Medium,oracle,indexed,1,2,3,2,sqlalchemy,orm,q01s1,0,4.799973,4,ok,,client-side:900,1.52,217518,127196910041424,2026-09-06T15:34:29.041-05:00
d60d9d6f7200,campaign-sf1,mado,tpch,Q01,Medium,oracle,indexed,1,2,3,3,django,orm,q01s1,0,4.733069,4,ok,,client-side:900,1.48,217518,127196910041424,2026-09-06T15:34:33.774-05:00
d60d9d6f7200,campaign-sf1,mado,tpch,Q01,Medium,oracle,indexed,1,3,0,-1,django,sql,q01s2,2,4.24799,,ok,,client-side:900,1.44,217518,127196910041424,2026-09-06T15:34:38.027-05:00
d60d9d6f7200,campaign-sf1,mado,tpch,Q01,Medium,oracle,indexed,1,3,0,-1,django,orm,q01s2,2,4.702124,,ok,,client-side:900,1.4,217518,127196910041424,2026-09-06T15:34:42.729-05:00
d60d9d6f7200,campaign-sf1,mado,tpch,Q01,Medium,oracle,indexed,1,3,0,-1,sqlalchemy,sql,q01s2,2,4.126426,,ok,,client-side:900,1.37,217518,127196910041424,2026-09-06T15:34:46.856-05:00
d60d9d6f7200,campaign-sf1,mado,tpch,Q01,Medium,oracle,indexed,1,3,0,-1,sqlalchemy,orm,q01s2,2,4.79645,,ok,,client-side:900,1.34,217518,127196910041424,2026-09-06T15:34:51.652-05:00
d60d9d6f7200,campaign-sf1,mado,tpch,Q01,Medium,oracle,indexed,1,3,0,0,django,sql,q01s2,0,4.149453,4,ok,,client-side:900,1.34,217518,127196910041424,2026-09-06T15:34:55.802-05:00
d60d9d6f7200,campaign-sf1,mado,tpch,Q01,Medium,oracle,indexed,1,3,0,1,django,orm,q01s2,0,4.701084,4,ok,,client-side:900,1.31,217518,127196910041424,2026-09-06T15:35:00.503-05:00
d60d9d6f7200,campaign-sf1,mado,tpch,Q01,Medium,oracle,indexed,1,3,0,2,sqlalchemy,sql,q01s2,0,4.059685,4,ok,,client-side:900,1.29,217518,127196910041424,2026-09-06T15:35:04.563-05:00
d60d9d6f7200,campaign-sf1,mado,tpch,Q01,Medium,oracle,indexed,1,3,0,3,sqlalchemy,orm,q01s2,0,4.712625,4,ok,,client-side:900,1.27,217518,127196910041424,2026-09-06T15:35:09.275-05:00
d60d9d6f7200,campaign-sf1,mado,tpch,Q01,Medium,oracle,indexed,1,4,2,-1,django,sql,q01s3,2,4.201499,,ok,,client-side:900,1.24,217518,127196910041424,2026-09-06T15:35:13.482-05:00
d60d9d6f7200,campaign-sf1,mado,tpch,Q01,Medium,oracle,indexed,1,4,2,-1,django,orm,q01s3,2,4.702335,,ok,,client-side:900,1.22,217518,127196910041424,2026-09-06T15:35:18.184-05:00
d60d9d6f7200,campaign-sf1,mado,tpch,Q01,Medium,oracle,indexed,1,4,2,-1,sqlalchemy,sql,q01s3,2,4.085762,,ok,,client-side:900,1.21,217518,127196910041424,2026-09-06T15:35:22.270-05:00
d60d9d6f7200,campaign-sf1,mado,tpch,Q01,Medium,oracle,indexed,1,4,2,-1,sqlalchemy,orm,q01s3,2,4.796886,,ok,,client-side:900,1.19,217518,127196910041424,2026-09-06T15:35:27.067-05:00
d60d9d6f7200,campaign-sf1,mado,tpch,Q01,Medium,oracle,indexed,1,4,2,0,sqlalchemy,orm,q01s3,0,4.776107,4,ok,,client-side:900,1.17,217518,127196910041424,2026-09-06T15:35:31.843-05:00
d60d9d6f7200,campaign-sf1,mado,tpch,Q01,Medium,oracle,indexed,1,4,2,1,sqlalchemy,sql,q01s3,0,4.122133,4,ok,,client-side:900,1.17,217518,127196910041424,2026-09-06T15:35:35.965-05:00
d60d9d6f7200,campaign-sf1,mado,tpch,Q01,Medium,oracle,indexed,1,4,2,2,django,orm,q01s3,0,4.661228,4,ok,,client-side:900,1.16,217518,127196910041424,2026-09-06T15:35:40.627-05:00
d60d9d6f7200,campaign-sf1,mado,tpch,Q01,Medium,oracle,indexed,1,4,2,3,django,sql,q01s3,0,4.162035,4,ok,,client-side:900,1.15,217518,127196910041424,2026-09-06T15:35:44.789-05:00
d60d9d6f7200,campaign-sf1,mado,tpch,Q01,Medium,oracle,indexed,1,5,3,-1,django,sql,q01s4,2,4.244873,,ok,,client-side:900,1.13,217518,127196910041424,2026-09-06T15:35:49.038-05:00
d60d9d6f7200,campaign-sf1,mado,tpch,Q01,Medium,oracle,indexed,1,5,3,-1,django,orm,q01s4,2,4.748844,,ok,,client-side:900,1.12,217518,127196910041424,2026-09-06T15:35:53.787-05:00
d60d9d6f7200,campaign-sf1,mado,tpch,Q01,Medium,oracle,indexed,1,5,3,-1,sqlalchemy,sql,q01s4,2,4.111323,,ok,,client-side:900,1.11,217518,127196910041424,2026-09-06T15:35:57.899-05:00
d60d9d6f7200,campaign-sf1,mado,tpch,Q01,Medium,oracle,indexed,1,5,3,-1,sqlalchemy,orm,q01s4,2,4.805373,,ok,,client-side:900,1.18,217518,127196910041424,2026-09-06T15:36:02.704-05:00
d60d9d6f7200,campaign-sf1,mado,tpch,Q01,Medium,oracle,indexed,1,5,3,0,sqlalchemy,sql,q01s4,0,4.087917,4,ok,,client-side:900,1.17,217518,127196910041424,2026-09-06T15:36:06.792-05:00
d60d9d6f7200,campaign-sf1,mado,tpch,Q01,Medium,oracle,indexed,1,5,3,1,django,sql,q01s4,0,4.16281,4,ok,,client-side:900,1.17,217518,127196910041424,2026-09-06T15:36:10.955-05:00
d60d9d6f7200,campaign-sf1,mado,tpch,Q01,Medium,oracle,indexed,1,5,3,2,sqlalchemy,orm,q01s4,0,4.891948,4,ok,,client-side:900,1.16,217518,127196910041424,2026-09-06T15:36:15.847-05:00
d60d9d6f7200,campaign-sf1,mado,tpch,Q01,Medium,oracle,indexed,1,5,3,3,django,orm,q01s4,0,4.706325,4,ok,,client-side:900,1.14,217518,127196910041424,2026-09-06T15:36:20.554-05:00
d60d9d6f7200,campaign-sf1,mado,tpch,Q01,Medium,oracle,indexed,1,6,2,-1,django,sql,q01s5,2,4.224491,,ok,,client-side:900,1.13,217518,127196910041424,2026-09-06T15:36:24.783-05:00
d60d9d6f7200,campaign-sf1,mado,tpch,Q01,Medium,oracle,indexed,1,6,2,-1,django,orm,q01s5,2,4.70451,,ok,,client-side:900,1.12,217518,127196910041424,2026-09-06T15:36:29.488-05:00
d60d9d6f7200,campaign-sf1,mado,tpch,Q01,Medium,oracle,indexed,1,6,2,-1,sqlalchemy,sql,q01s5,2,4.07337,,ok,,client-side:900,1.11,217518,127196910041424,2026-09-06T15:36:33.561-05:00
d60d9d6f7200,campaign-sf1,mado,tpch,Q01,Medium,oracle,indexed,1,6,2,-1,sqlalchemy,orm,q01s5,2,4.816606,,ok,,client-side:900,1.1,217518,127196910041424,2026-09-06T15:36:38.378-05:00
d60d9d6f7200,campaign-sf1,mado,tpch,Q01,Medium,oracle,indexed,1,6,2,0,sqlalchemy,orm,q01s5,0,4.750246,4,ok,,client-side:900,1.09,217518,127196910041424,2026-09-06T15:36:43.128-05:00
d60d9d6f7200,campaign-sf1,mado,tpch,Q01,Medium,oracle,indexed,1,6,2,1,sqlalchemy,sql,q01s5,0,4.105754,4,ok,,client-side:900,1.08,217518,127196910041424,2026-09-06T15:36:47.234-05:00
d60d9d6f7200,campaign-sf1,mado,tpch,Q01,Medium,oracle,indexed,1,6,2,2,django,orm,q01s5,0,4.684537,4,ok,,client-side:900,1.08,217518,127196910041424,2026-09-06T15:36:51.918-05:00
d60d9d6f7200,campaign-sf1,mado,tpch,Q01,Medium,oracle,indexed,1,6,2,3,django,sql,q01s5,0,4.235863,4,ok,,client-side:900,1.07,217518,127196910041424,2026-09-06T15:36:56.154-05:00
d60d9d6f7200,campaign-sf1,mado,tpch,Q01,Medium,oracle,indexed,1,7,1,-1,django,sql,q01s6,2,4.211037,,ok,,client-side:900,1.07,217518,127196910041424,2026-09-06T15:37:00.371-05:00
d60d9d6f7200,campaign-sf1,mado,tpch,Q01,Medium,oracle,indexed,1,7,1,-1,django,orm,q01s6,2,4.66867,,ok,,client-side:900,1.07,217518,127196910041424,2026-09-06T15:37:05.040-05:00
d60d9d6f7200,campaign-sf1,mado,tpch,Q01,Medium,oracle,indexed,1,7,1,-1,sqlalchemy,sql,q01s6,2,4.032547,,ok,,client-side:900,1.06,217518,127196910041424,2026-09-06T15:37:09.072-05:00
d60d9d6f7200,campaign-sf1,mado,tpch,Q01,Medium,oracle,indexed,1,7,1,-1,sqlalchemy,orm,q01s6,2,4.771192,,ok,,client-side:900,1.06,217518,127196910041424,2026-09-06T15:37:13.843-05:00
d60d9d6f7200,campaign-sf1,mado,tpch,Q01,Medium,oracle,indexed,1,7,1,0,django,orm,q01s6,0,4.691591,4,ok,,client-side:900,1.05,217518,127196910041424,2026-09-06T15:37:18.535-05:00
d60d9d6f7200,campaign-sf1,mado,tpch,Q01,Medium,oracle,indexed,1,7,1,1,sqlalchemy,orm,q01s6,0,4.733269,4,ok,,client-side:900,1.05,217518,127196910041424,2026-09-06T15:37:23.269-05:00
d60d9d6f7200,campaign-sf1,mado,tpch,Q01,Medium,oracle,indexed,1,7,1,2,django,sql,q01s6,0,4.142967,4,ok,,client-side:900,1.04,217518,127196910041424,2026-09-06T15:37:27.412-05:00
d60d9d6f7200,campaign-sf1,mado,tpch,Q01,Medium,oracle,indexed,1,7,1,3,sqlalchemy,sql,q01s6,0,4.092621,4,ok,,client-side:900,1.04,217518,127196910041424,2026-09-06T15:37:31.504-05:00
d60d9d6f7200,campaign-sf1,mado,tpch,Q01,Medium,oracle,indexed,1,8,0,-1,django,sql,q01s7,2,4.175257,,ok,,client-side:900,1.04,217518,127196910041424,2026-09-06T15:37:35.684-05:00
d60d9d6f7200,campaign-sf1,mado,tpch,Q01,Medium,oracle,indexed,1,8,0,-1,django,orm,q01s7,2,4.635364,,ok,,client-side:900,1.04,217518,127196910041424,2026-09-06T15:37:40.320-05:00
d60d9d6f7200,campaign-sf1,mado,tpch,Q01,Medium,oracle,indexed,1,8,0,-1,sqlalchemy,sql,q01s7,2,4.087815,,ok,,client-side:900,1.03,217518,127196910041424,2026-09-06T15:37:44.408-05:00
d60d9d6f7200,campaign-sf1,mado,tpch,Q01,Medium,oracle,indexed,1,8,0,-1,sqlalchemy,orm,q01s7,2,4.727663,,ok,,client-side:900,1.03,217518,127196910041424,2026-09-06T15:37:49.136-05:00
d60d9d6f7200,campaign-sf1,mado,tpch,Q01,Medium,oracle,indexed,1,8,0,0,django,sql,q01s7,0,4.16958,4,ok,,client-side:900,1.03,217518,127196910041424,2026-09-06T15:37:53.305-05:00
d60d9d6f7200,campaign-sf1,mado,tpch,Q01,Medium,oracle,indexed,1,8,0,1,django,orm,q01s7,0,4.653328,4,ok,,client-side:900,1.02,217518,127196910041424,2026-09-06T15:37:57.959-05:00
d60d9d6f7200,campaign-sf1,mado,tpch,Q01,Medium,oracle,indexed,1,8,0,2,sqlalchemy,sql,q01s7,0,4.127827,4,ok,,client-side:900,1.02,217518,127196910041424,2026-09-06T15:38:02.087-05:00
d60d9d6f7200,campaign-sf1,mado,tpch,Q01,Medium,oracle,indexed,1,8,0,3,sqlalchemy,orm,q01s7,0,4.786978,4,ok,,client-side:900,1.02,217518,127196910041424,2026-09-06T15:38:06.874-05:00
a4992362fe5d,campaign-sf1,mado,tpch,Q02,Complex,oracle,indexed,1,0,1,0,django,orm,q02warm,1,0.245783,100,ok,,client-side:900,1.02,217594,135815725946336,2026-09-06T15:38:08.327-05:00
a4992362fe5d,campaign-sf1,mado,tpch,Q02,Complex,oracle,indexed,1,0,1,1,sqlalchemy,orm,q02warm,1,0.262161,100,ok,,client-side:900,1.02,217594,135815725946336,2026-09-06T15:38:08.589-05:00
a4992362fe5d,campaign-sf1,mado,tpch,Q02,Complex,oracle,indexed,1,0,1,2,django,sql,q02warm,1,0.054475,100,ok,,client-side:900,1.02,217594,135815725946336,2026-09-06T15:38:08.644-05:00
a4992362fe5d,campaign-sf1,mado,tpch,Q02,Complex,oracle,indexed,1,0,1,3,sqlalchemy,sql,q02warm,1,0.055077,100,ok,,client-side:900,1.02,217594,135815725946336,2026-09-06T15:38:08.699-05:00
a4992362fe5d,campaign-sf1,mado,tpch,Q02,Complex,oracle,indexed,1,1,2,-1,django,sql,q02s0,2,0.111002,,ok,,client-side:900,1.02,217594,135815725946336,2026-09-06T15:38:08.815-05:00
a4992362fe5d,campaign-sf1,mado,tpch,Q02,Complex,oracle,indexed,1,1,2,-1,django,orm,q02s0,2,0.091812,,ok,,client-side:900,1.02,217594,135815725946336,2026-09-06T15:38:08.907-05:00
a4992362fe5d,campaign-sf1,mado,tpch,Q02,Complex,oracle,indexed,1,1,2,-1,sqlalchemy,sql,q02s0,2,0.062709,,ok,,client-side:900,1.02,217594,135815725946336,2026-09-06T15:38:08.969-05:00
a4992362fe5d,campaign-sf1,mado,tpch,Q02,Complex,oracle,indexed,1,1,2,-1,sqlalchemy,orm,q02s0,2,0.052691,,ok,,client-side:900,1.02,217594,135815725946336,2026-09-06T15:38:09.022-05:00
a4992362fe5d,campaign-sf1,mado,tpch,Q02,Complex,oracle,indexed,1,1,2,0,sqlalchemy,orm,q02s0,0,0.052346,100,ok,,client-side:900,1.02,217594,135815725946336,2026-09-06T15:38:09.075-05:00
a4992362fe5d,campaign-sf1,mado,tpch,Q02,Complex,oracle,indexed,1,1,2,1,sqlalchemy,sql,q02s0,0,0.030938,100,ok,,client-side:900,1.02,217594,135815725946336,2026-09-06T15:38:09.106-05:00
a4992362fe5d,campaign-sf1,mado,tpch,Q02,Complex,oracle,indexed,1,1,2,2,django,orm,q02s0,0,0.091707,100,ok,,client-side:900,1.02,217594,135815725946336,2026-09-06T15:38:09.198-05:00
a4992362fe5d,campaign-sf1,mado,tpch,Q02,Complex,oracle,indexed,1,1,2,3,django,sql,q02s0,0,0.030193,100,ok,,client-side:900,1.02,217594,135815725946336,2026-09-06T15:38:09.228-05:00
a4992362fe5d,campaign-sf1,mado,tpch,Q02,Complex,oracle,indexed,1,2,1,-1,django,sql,q02s1,2,0.114357,,ok,,client-side:900,1.02,217594,135815725946336,2026-09-06T15:38:09.347-05:00
a4992362fe5d,campaign-sf1,mado,tpch,Q02,Complex,oracle,indexed,1,2,1,-1,django,orm,q02s1,2,0.093334,,ok,,client-side:900,1.02,217594,135815725946336,2026-09-06T15:38:09.440-05:00
a4992362fe5d,campaign-sf1,mado,tpch,Q02,Complex,oracle,indexed,1,2,1,-1,sqlalchemy,sql,q02s1,2,0.062362,,ok,,client-side:900,1.02,217594,135815725946336,2026-09-06T15:38:09.503-05:00
a4992362fe5d,campaign-sf1,mado,tpch,Q02,Complex,oracle,indexed,1,2,1,-1,sqlalchemy,orm,q02s1,2,0.053513,,ok,,client-side:900,1.02,217594,135815725946336,2026-09-06T15:38:09.556-05:00
a4992362fe5d,campaign-sf1,mado,tpch,Q02,Complex,oracle,indexed,1,2,1,0,django,orm,q02s1,0,0.094294,100,ok,,client-side:900,1.02,217594,135815725946336,2026-09-06T15:38:09.651-05:00
a4992362fe5d,campaign-sf1,mado,tpch,Q02,Complex,oracle,indexed,1,2,1,1,sqlalchemy,orm,q02s1,0,0.053794,100,ok,,client-side:900,1.02,217594,135815725946336,2026-09-06T15:38:09.705-05:00
a4992362fe5d,campaign-sf1,mado,tpch,Q02,Complex,oracle,indexed,1,2,1,2,django,sql,q02s1,0,0.031369,100,ok,,client-side:900,1.02,217594,135815725946336,2026-09-06T15:38:09.736-05:00
a4992362fe5d,campaign-sf1,mado,tpch,Q02,Complex,oracle,indexed,1,2,1,3,sqlalchemy,sql,q02s1,0,0.032129,100,ok,,client-side:900,1.02,217594,135815725946336,2026-09-06T15:38:09.768-05:00
a4992362fe5d,campaign-sf1,mado,tpch,Q02,Complex,oracle,indexed,1,3,3,-1,django,sql,q02s2,2,0.098301,,ok,,client-side:900,1.02,217594,135815725946336,2026-09-06T15:38:09.871-05:00
a4992362fe5d,campaign-sf1,mado,tpch,Q02,Complex,oracle,indexed,1,3,3,-1,django,orm,q02s2,2,0.130309,,ok,,client-side:900,1.02,217594,135815725946336,2026-09-06T15:38:10.001-05:00
a4992362fe5d,campaign-sf1,mado,tpch,Q02,Complex,oracle,indexed,1,3,3,-1,sqlalchemy,sql,q02s2,2,0.060312,,ok,,client-side:900,1.02,217594,135815725946336,2026-09-06T15:38:10.062-05:00
a4992362fe5d,campaign-sf1,mado,tpch,Q02,Complex,oracle,indexed,1,3,3,-1,sqlalchemy,orm,q02s2,2,0.141373,,ok,,client-side:900,1.02,217594,135815725946336,2026-09-06T15:38:10.203-05:00
a4992362fe5d,campaign-sf1,mado,tpch,Q02,Complex,oracle,indexed,1,3,3,0,sqlalchemy,sql,q02s2,0,0.031622,100,ok,,client-side:900,1.02,217594,135815725946336,2026-09-06T15:38:10.235-05:00
a4992362fe5d,campaign-sf1,mado,tpch,Q02,Complex,oracle,indexed,1,3,3,1,django,sql,q02s2,0,0.031217,100,ok,,client-side:900,1.02,217594,135815725946336,2026-09-06T15:38:10.266-05:00
a4992362fe5d,campaign-sf1,mado,tpch,Q02,Complex,oracle,indexed,1,3,3,2,sqlalchemy,orm,q02s2,0,0.053868,100,ok,,client-side:900,1.02,217594,135815725946336,2026-09-06T15:38:10.320-05:00
a4992362fe5d,campaign-sf1,mado,tpch,Q02,Complex,oracle,indexed,1,3,3,3,django,orm,q02s2,0,0.092127,100,ok,,client-side:900,1.02,217594,135815725946336,2026-09-06T15:38:10.413-05:00
a4992362fe5d,campaign-sf1,mado,tpch,Q02,Complex,oracle,indexed,1,4,0,-1,django,sql,q02s3,2,0.105765,,ok,,client-side:900,1.02,217594,135815725946336,2026-09-06T15:38:10.523-05:00
a4992362fe5d,campaign-sf1,mado,tpch,Q02,Complex,oracle,indexed,1,4,0,-1,django,orm,q02s3,2,0.097714,,ok,,client-side:900,1.02,217594,135815725946336,2026-09-06T15:38:10.621-05:00
a4992362fe5d,campaign-sf1,mado,tpch,Q02,Complex,oracle,indexed,1,4,0,-1,sqlalchemy,sql,q02s3,2,0.061268,,ok,,client-side:900,1.02,217594,135815725946336,2026-09-06T15:38:10.682-05:00
a4992362fe5d,campaign-sf1,mado,tpch,Q02,Complex,oracle,indexed,1,4,0,-1,sqlalchemy,orm,q02s3,2,0.056308,,ok,,client-side:900,1.02,217594,135815725946336,2026-09-06T15:38:10.739-05:00
a4992362fe5d,campaign-sf1,mado,tpch,Q02,Complex,oracle,indexed,1,4,0,0,django,sql,q02s3,0,0.031967,100,ok,,client-side:900,1.02,217594,135815725946336,2026-09-06T15:38:10.771-05:00
a4992362fe5d,campaign-sf1,mado,tpch,Q02,Complex,oracle,indexed,1,4,0,1,django,orm,q02s3,0,0.098737,100,ok,,client-side:900,1.02,217594,135815725946336,2026-09-06T15:38:10.869-05:00
a4992362fe5d,campaign-sf1,mado,tpch,Q02,Complex,oracle,indexed,1,4,0,2,sqlalchemy,sql,q02s3,0,0.032777,100,ok,,client-side:900,1.02,217594,135815725946336,2026-09-06T15:38:10.902-05:00
a4992362fe5d,campaign-sf1,mado,tpch,Q02,Complex,oracle,indexed,1,4,0,3,sqlalchemy,orm,q02s3,0,0.053336,100,ok,,client-side:900,1.02,217594,135815725946336,2026-09-06T15:38:10.956-05:00
a4992362fe5d,campaign-sf1,mado,tpch,Q02,Complex,oracle,indexed,1,5,0,-1,django,sql,q02s4,2,0.101013,,ok,,client-side:900,1.02,217594,135815725946336,2026-09-06T15:38:11.061-05:00
a4992362fe5d,campaign-sf1,mado,tpch,Q02,Complex,oracle,indexed,1,5,0,-1,django,orm,q02s4,2,0.087242,,ok,,client-side:900,1.1,217594,135815725946336,2026-09-06T15:38:11.149-05:00
a4992362fe5d,campaign-sf1,mado,tpch,Q02,Complex,oracle,indexed,1,5,0,-1,sqlalchemy,sql,q02s4,2,0.058822,,ok,,client-side:900,1.1,217594,135815725946336,2026-09-06T15:38:11.208-05:00
a4992362fe5d,campaign-sf1,mado,tpch,Q02,Complex,oracle,indexed,1,5,0,-1,sqlalchemy,orm,q02s4,2,0.051843,,ok,,client-side:900,1.1,217594,135815725946336,2026-09-06T15:38:11.260-05:00
a4992362fe5d,campaign-sf1,mado,tpch,Q02,Complex,oracle,indexed,1,5,0,0,django,sql,q02s4,0,0.031056,100,ok,,client-side:900,1.1,217594,135815725946336,2026-09-06T15:38:11.291-05:00
a4992362fe5d,campaign-sf1,mado,tpch,Q02,Complex,oracle,indexed,1,5,0,1,django,orm,q02s4,0,0.087271,100,ok,,client-side:900,1.1,217594,135815725946336,2026-09-06T15:38:11.378-05:00
a4992362fe5d,campaign-sf1,mado,tpch,Q02,Complex,oracle,indexed,1,5,0,2,sqlalchemy,sql,q02s4,0,0.031324,100,ok,,client-side:900,1.1,217594,135815725946336,2026-09-06T15:38:11.410-05:00
a4992362fe5d,campaign-sf1,mado,tpch,Q02,Complex,oracle,indexed,1,5,0,3,sqlalchemy,orm,q02s4,0,0.051982,100,ok,,client-side:900,1.1,217594,135815725946336,2026-09-06T15:38:11.462-05:00
a4992362fe5d,campaign-sf1,mado,tpch,Q02,Complex,oracle,indexed,1,6,2,-1,django,sql,q02s5,2,0.095938,,ok,,client-side:900,1.1,217594,135815725946336,2026-09-06T15:38:11.562-05:00
a4992362fe5d,campaign-sf1,mado,tpch,Q02,Complex,oracle,indexed,1,6,2,-1,django,orm,q02s5,2,0.096004,,ok,,client-side:900,1.1,217594,135815725946336,2026-09-06T15:38:11.658-05:00
a4992362fe5d,campaign-sf1,mado,tpch,Q02,Complex,oracle,indexed,1,6,2,-1,sqlalchemy,sql,q02s5,2,0.059381,,ok,,client-side:900,1.1,217594,135815725946336,2026-09-06T15:38:11.718-05:00
a4992362fe5d,campaign-sf1,mado,tpch,Q02,Complex,oracle,indexed,1,6,2,-1,sqlalchemy,orm,q02s5,2,0.052974,,ok,,client-side:900,1.1,217594,135815725946336,2026-09-06T15:38:11.771-05:00
a4992362fe5d,campaign-sf1,mado,tpch,Q02,Complex,oracle,indexed,1,6,2,0,sqlalchemy,orm,q02s5,0,0.052852,100,ok,,client-side:900,1.1,217594,135815725946336,2026-09-06T15:38:11.824-05:00
a4992362fe5d,campaign-sf1,mado,tpch,Q02,Complex,oracle,indexed,1,6,2,1,sqlalchemy,sql,q02s5,0,0.032024,100,ok,,client-side:900,1.1,217594,135815725946336,2026-09-06T15:38:11.856-05:00
a4992362fe5d,campaign-sf1,mado,tpch,Q02,Complex,oracle,indexed,1,6,2,2,django,orm,q02s5,0,0.096296,100,ok,,client-side:900,1.1,217594,135815725946336,2026-09-06T15:38:11.952-05:00
a4992362fe5d,campaign-sf1,mado,tpch,Q02,Complex,oracle,indexed,1,6,2,3,django,sql,q02s5,0,0.031259,100,ok,,client-side:900,1.1,217594,135815725946336,2026-09-06T15:38:11.984-05:00
a4992362fe5d,campaign-sf1,mado,tpch,Q02,Complex,oracle,indexed,1,7,1,-1,django,sql,q02s6,2,0.091565,,ok,,client-side:900,1.1,217594,135815725946336,2026-09-06T15:38:12.080-05:00
a4992362fe5d,campaign-sf1,mado,tpch,Q02,Complex,oracle,indexed,1,7,1,-1,django,orm,q02s6,2,0.092443,,ok,,client-side:900,1.1,217594,135815725946336,2026-09-06T15:38:12.172-05:00
a4992362fe5d,campaign-sf1,mado,tpch,Q02,Complex,oracle,indexed,1,7,1,-1,sqlalchemy,sql,q02s6,2,0.059215,,ok,,client-side:900,1.1,217594,135815725946336,2026-09-06T15:38:12.232-05:00
a4992362fe5d,campaign-sf1,mado,tpch,Q02,Complex,oracle,indexed,1,7,1,-1,sqlalchemy,orm,q02s6,2,0.053479,,ok,,client-side:900,1.1,217594,135815725946336,2026-09-06T15:38:12.285-05:00
a4992362fe5d,campaign-sf1,mado,tpch,Q02,Complex,oracle,indexed,1,7,1,0,django,orm,q02s6,0,0.093125,100,ok,,client-side:900,1.1,217594,135815725946336,2026-09-06T15:38:12.378-05:00
a4992362fe5d,campaign-sf1,mado,tpch,Q02,Complex,oracle,indexed,1,7,1,1,sqlalchemy,orm,q02s6,0,0.053749,100,ok,,client-side:900,1.1,217594,135815725946336,2026-09-06T15:38:12.432-05:00
a4992362fe5d,campaign-sf1,mado,tpch,Q02,Complex,oracle,indexed,1,7,1,2,django,sql,q02s6,0,0.031685,100,ok,,client-side:900,1.1,217594,135815725946336,2026-09-06T15:38:12.464-05:00
a4992362fe5d,campaign-sf1,mado,tpch,Q02,Complex,oracle,indexed,1,7,1,3,sqlalchemy,sql,q02s6,0,0.032506,100,ok,,client-side:900,1.1,217594,135815725946336,2026-09-06T15:38:12.497-05:00
a4992362fe5d,campaign-sf1,mado,tpch,Q02,Complex,oracle,indexed,1,8,3,-1,django,sql,q02s7,2,0.087547,,ok,,client-side:900,1.1,217594,135815725946336,2026-09-06T15:38:12.588-05:00
a4992362fe5d,campaign-sf1,mado,tpch,Q02,Complex,oracle,indexed,1,8,3,-1,django,orm,q02s7,2,0.091369,,ok,,client-side:900,1.1,217594,135815725946336,2026-09-06T15:38:12.680-05:00
a4992362fe5d,campaign-sf1,mado,tpch,Q02,Complex,oracle,indexed,1,8,3,-1,sqlalchemy,sql,q02s7,2,0.059551,,ok,,client-side:900,1.1,217594,135815725946336,2026-09-06T15:38:12.740-05:00
a4992362fe5d,campaign-sf1,mado,tpch,Q02,Complex,oracle,indexed,1,8,3,-1,sqlalchemy,orm,q02s7,2,0.053112,,ok,,client-side:900,1.1,217594,135815725946336,2026-09-06T15:38:12.793-05:00
a4992362fe5d,campaign-sf1,mado,tpch,Q02,Complex,oracle,indexed,1,8,3,0,sqlalchemy,sql,q02s7,0,0.03226,100,ok,,client-side:900,1.1,217594,135815725946336,2026-09-06T15:38:12.825-05:00
a4992362fe5d,campaign-sf1,mado,tpch,Q02,Complex,oracle,indexed,1,8,3,1,django,sql,q02s7,0,0.03189,100,ok,,client-side:900,1.1,217594,135815725946336,2026-09-06T15:38:12.857-05:00
a4992362fe5d,campaign-sf1,mado,tpch,Q02,Complex,oracle,indexed,1,8,3,2,sqlalchemy,orm,q02s7,0,0.052971,100,ok,,client-side:900,1.1,217594,135815725946336,2026-09-06T15:38:12.910-05:00
a4992362fe5d,campaign-sf1,mado,tpch,Q02,Complex,oracle,indexed,1,8,3,3,django,orm,q02s7,0,0.091707,100,ok,,client-side:900,1.1,217594,135815725946336,2026-09-06T15:38:13.002-05:00
00ccf239c11d,campaign-sf1,mado,tpch,Q03,Medium,oracle,indexed,1,0,0,0,django,sql,q03warm,1,1.360719,10,ok,,client-side:900,1.1,217600,139239244592816,2026-09-06T15:38:15.565-05:00
00ccf239c11d,campaign-sf1,mado,tpch,Q03,Medium,oracle,indexed,1,0,0,1,django,orm,q03warm,1,1.17036,10,ok,,client-side:900,1.09,217600,139239244592816,2026-09-06T15:38:16.735-05:00
00ccf239c11d,campaign-sf1,mado,tpch,Q03,Medium,oracle,indexed,1,0,0,2,sqlalchemy,sql,q03warm,1,1.180292,10,ok,,client-side:900,1.09,217600,139239244592816,2026-09-06T15:38:17.916-05:00
00ccf239c11d,campaign-sf1,mado,tpch,Q03,Medium,oracle,indexed,1,0,0,3,sqlalchemy,orm,q03warm,1,1.241745,10,ok,,client-side:900,1.09,217600,139239244592816,2026-09-06T15:38:19.158-05:00
00ccf239c11d,campaign-sf1,mado,tpch,Q03,Medium,oracle,indexed,1,1,1,-1,django,sql,q03s0,2,1.297059,,ok,,client-side:900,1.09,217600,139239244592816,2026-09-06T15:38:20.459-05:00
00ccf239c11d,campaign-sf1,mado,tpch,Q03,Medium,oracle,indexed,1,1,1,-1,django,orm,q03s0,2,1.114858,,ok,,client-side:900,1.08,217600,139239244592816,2026-09-06T15:38:21.574-05:00
00ccf239c11d,campaign-sf1,mado,tpch,Q03,Medium,oracle,indexed,1,1,1,-1,sqlalchemy,sql,q03s0,2,1.168236,,ok,,client-side:900,1.08,217600,139239244592816,2026-09-06T15:38:22.743-05:00
00ccf239c11d,campaign-sf1,mado,tpch,Q03,Medium,oracle,indexed,1,1,1,-1,sqlalchemy,orm,q03s0,2,1.150057,,ok,,client-side:900,1.08,217600,139239244592816,2026-09-06T15:38:23.893-05:00
00ccf239c11d,campaign-sf1,mado,tpch,Q03,Medium,oracle,indexed,1,1,1,0,django,orm,q03s0,0,1.118034,10,ok,,client-side:900,1.08,217600,139239244592816,2026-09-06T15:38:25.011-05:00
00ccf239c11d,campaign-sf1,mado,tpch,Q03,Medium,oracle,indexed,1,1,1,1,sqlalchemy,orm,q03s0,0,1.148226,10,ok,,client-side:900,1.08,217600,139239244592816,2026-09-06T15:38:26.159-05:00
00ccf239c11d,campaign-sf1,mado,tpch,Q03,Medium,oracle,indexed,1,1,1,2,django,sql,q03s0,0,1.242003,10,ok,,client-side:900,1.08,217600,139239244592816,2026-09-06T15:38:27.401-05:00
00ccf239c11d,campaign-sf1,mado,tpch,Q03,Medium,oracle,indexed,1,1,1,3,sqlalchemy,sql,q03s0,0,1.11663,10,ok,,client-side:900,1.08,217600,139239244592816,2026-09-06T15:38:28.518-05:00
00ccf239c11d,campaign-sf1,mado,tpch,Q03,Medium,oracle,indexed,1,2,0,-1,django,sql,q03s1,2,1.296912,,ok,,client-side:900,1.08,217600,139239244592816,2026-09-06T15:38:29.820-05:00
00ccf239c11d,campaign-sf1,mado,tpch,Q03,Medium,oracle,indexed,1,2,0,-1,django,orm,q03s1,2,1.122304,,ok,,client-side:900,1.08,217600,139239244592816,2026-09-06T15:38:30.942-05:00
00ccf239c11d,campaign-sf1,mado,tpch,Q03,Medium,oracle,indexed,1,2,0,-1,sqlalchemy,sql,q03s1,2,1.163896,,ok,,client-side:900,1.07,217600,139239244592816,2026-09-06T15:38:32.106-05:00
00ccf239c11d,campaign-sf1,mado,tpch,Q03,Medium,oracle,indexed,1,2,0,-1,sqlalchemy,orm,q03s1,2,1.144151,,ok,,client-side:900,1.07,217600,139239244592816,2026-09-06T15:38:33.250-05:00
00ccf239c11d,campaign-sf1,mado,tpch,Q03,Medium,oracle,indexed,1,2,0,0,django,sql,q03s1,0,1.247917,10,ok,,client-side:900,1.07,217600,139239244592816,2026-09-06T15:38:34.498-05:00
00ccf239c11d,campaign-sf1,mado,tpch,Q03,Medium,oracle,indexed,1,2,0,1,django,orm,q03s1,0,1.114791,10,ok,,client-side:900,1.07,217600,139239244592816,2026-09-06T15:38:35.613-05:00
00ccf239c11d,campaign-sf1,mado,tpch,Q03,Medium,oracle,indexed,1,2,0,2,sqlalchemy,sql,q03s1,0,1.114235,10,ok,,client-side:900,1.06,217600,139239244592816,2026-09-06T15:38:36.727-05:00
00ccf239c11d,campaign-sf1,mado,tpch,Q03,Medium,oracle,indexed,1,2,0,3,sqlalchemy,orm,q03s1,0,1.146652,10,ok,,client-side:900,1.06,217600,139239244592816,2026-09-06T15:38:37.874-05:00
00ccf239c11d,campaign-sf1,mado,tpch,Q03,Medium,oracle,indexed,1,3,2,-1,django,sql,q03s2,2,1.301041,,ok,,client-side:900,1.06,217600,139239244592816,2026-09-06T15:38:39.180-05:00
00ccf239c11d,campaign-sf1,mado,tpch,Q03,Medium,oracle,indexed,1,3,2,-1,django,orm,q03s2,2,1.118271,,ok,,client-side:900,1.06,217600,139239244592816,2026-09-06T15:38:40.298-05:00
00ccf239c11d,campaign-sf1,mado,tpch,Q03,Medium,oracle,indexed,1,3,2,-1,sqlalchemy,sql,q03s2,2,1.170679,,ok,,client-side:900,1.06,217600,139239244592816,2026-09-06T15:38:41.469-05:00
00ccf239c11d,campaign-sf1,mado,tpch,Q03,Medium,oracle,indexed,1,3,2,-1,sqlalchemy,orm,q03s2,2,1.143144,,ok,,client-side:900,1.06,217600,139239244592816,2026-09-06T15:38:42.612-05:00
00ccf239c11d,campaign-sf1,mado,tpch,Q03,Medium,oracle,indexed,1,3,2,0,sqlalchemy,orm,q03s2,0,1.145944,10,ok,,client-side:900,1.06,217600,139239244592816,2026-09-06T15:38:43.758-05:00
00ccf239c11d,campaign-sf1,mado,tpch,Q03,Medium,oracle,indexed,1,3,2,1,sqlalchemy,sql,q03s2,0,1.113308,10,ok,,client-side:900,1.06,217600,139239244592816,2026-09-06T15:38:44.872-05:00
00ccf239c11d,campaign-sf1,mado,tpch,Q03,Medium,oracle,indexed,1,3,2,2,django,orm,q03s2,0,1.112668,10,ok,,client-side:900,1.06,217600,139239244592816,2026-09-06T15:38:45.984-05:00
00ccf239c11d,campaign-sf1,mado,tpch,Q03,Medium,oracle,indexed,1,3,2,3,django,sql,q03s2,0,1.238383,10,ok,,client-side:900,1.05,217600,139239244592816,2026-09-06T15:38:47.223-05:00
00ccf239c11d,campaign-sf1,mado,tpch,Q03,Medium,oracle,indexed,1,4,3,-1,django,sql,q03s3,2,1.304233,,ok,,client-side:900,1.05,217600,139239244592816,2026-09-06T15:38:48.532-05:00
00ccf239c11d,campaign-sf1,mado,tpch,Q03,Medium,oracle,indexed,1,4,3,-1,django,orm,q03s3,2,1.119464,,ok,,client-side:900,1.05,217600,139239244592816,2026-09-06T15:38:49.651-05:00
00ccf239c11d,campaign-sf1,mado,tpch,Q03,Medium,oracle,indexed,1,4,3,-1,sqlalchemy,sql,q03s3,2,1.17317,,ok,,client-side:900,1.05,217600,139239244592816,2026-09-06T15:38:50.825-05:00
00ccf239c11d,campaign-sf1,mado,tpch,Q03,Medium,oracle,indexed,1,4,3,-1,sqlalchemy,orm,q03s3,2,1.145452,,ok,,client-side:900,1.05,217600,139239244592816,2026-09-06T15:38:51.970-05:00
00ccf239c11d,campaign-sf1,mado,tpch,Q03,Medium,oracle,indexed,1,4,3,0,sqlalchemy,sql,q03s3,0,1.113768,10,ok,,client-side:900,1.05,217600,139239244592816,2026-09-06T15:38:53.084-05:00
00ccf239c11d,campaign-sf1,mado,tpch,Q03,Medium,oracle,indexed,1,4,3,1,django,sql,q03s3,0,1.246515,10,ok,,client-side:900,1.05,217600,139239244592816,2026-09-06T15:38:54.331-05:00
00ccf239c11d,campaign-sf1,mado,tpch,Q03,Medium,oracle,indexed,1,4,3,2,sqlalchemy,orm,q03s3,0,1.145852,10,ok,,client-side:900,1.05,217600,139239244592816,2026-09-06T15:38:55.477-05:00
00ccf239c11d,campaign-sf1,mado,tpch,Q03,Medium,oracle,indexed,1,4,3,3,django,orm,q03s3,0,1.111497,10,ok,,client-side:900,1.05,217600,139239244592816,2026-09-06T15:38:56.588-05:00
00ccf239c11d,campaign-sf1,mado,tpch,Q03,Medium,oracle,indexed,1,5,2,-1,django,sql,q03s4,2,1.295416,,ok,,client-side:900,1.05,217600,139239244592816,2026-09-06T15:38:57.888-05:00
00ccf239c11d,campaign-sf1,mado,tpch,Q03,Medium,oracle,indexed,1,5,2,-1,django,orm,q03s4,2,1.113131,,ok,,client-side:900,1.05,217600,139239244592816,2026-09-06T15:38:59.001-05:00
00ccf239c11d,campaign-sf1,mado,tpch,Q03,Medium,oracle,indexed,1,5,2,-1,sqlalchemy,sql,q03s4,2,1.168604,,ok,,client-side:900,1.05,217600,139239244592816,2026-09-06T15:39:00.170-05:00
00ccf239c11d,campaign-sf1,mado,tpch,Q03,Medium,oracle,indexed,1,5,2,-1,sqlalchemy,orm,q03s4,2,1.146754,,ok,,client-side:900,1.04,217600,139239244592816,2026-09-06T15:39:01.317-05:00
00ccf239c11d,campaign-sf1,mado,tpch,Q03,Medium,oracle,indexed,1,5,2,0,sqlalchemy,orm,q03s4,0,1.148037,10,ok,,client-side:900,1.04,217600,139239244592816,2026-09-06T15:39:02.465-05:00
00ccf239c11d,campaign-sf1,mado,tpch,Q03,Medium,oracle,indexed,1,5,2,1,sqlalchemy,sql,q03s4,0,1.133391,10,ok,,client-side:900,1.04,217600,139239244592816,2026-09-06T15:39:03.599-05:00
00ccf239c11d,campaign-sf1,mado,tpch,Q03,Medium,oracle,indexed,1,5,2,2,django,orm,q03s4,0,1.115566,10,ok,,client-side:900,1.04,217600,139239244592816,2026-09-06T15:39:04.714-05:00
00ccf239c11d,campaign-sf1,mado,tpch,Q03,Medium,oracle,indexed,1,5,2,3,django,sql,q03s4,0,1.238878,10,ok,,client-side:900,1.04,217600,139239244592816,2026-09-06T15:39:05.953-05:00
00ccf239c11d,campaign-sf1,mado,tpch,Q03,Medium,oracle,indexed,1,6,1,-1,django,sql,q03s5,2,1.294349,,ok,,client-side:900,1.04,217600,139239244592816,2026-09-06T15:39:07.251-05:00
00ccf239c11d,campaign-sf1,mado,tpch,Q03,Medium,oracle,indexed,1,6,1,-1,django,orm,q03s5,2,1.109849,,ok,,client-side:900,1.04,217600,139239244592816,2026-09-06T15:39:08.361-05:00
00ccf239c11d,campaign-sf1,mado,tpch,Q03,Medium,oracle,indexed,1,6,1,-1,sqlalchemy,sql,q03s5,2,1.172962,,ok,,client-side:900,1.04,217600,139239244592816,2026-09-06T15:39:09.534-05:00
00ccf239c11d,campaign-sf1,mado,tpch,Q03,Medium,oracle,indexed,1,6,1,-1,sqlalchemy,orm,q03s5,2,1.14626,,ok,,client-side:900,1.04,217600,139239244592816,2026-09-06T15:39:10.681-05:00
00ccf239c11d,campaign-sf1,mado,tpch,Q03,Medium,oracle,indexed,1,6,1,0,django,orm,q03s5,0,1.114615,10,ok,,client-side:900,1.03,217600,139239244592816,2026-09-06T15:39:11.796-05:00
00ccf239c11d,campaign-sf1,mado,tpch,Q03,Medium,oracle,indexed,1,6,1,1,sqlalchemy,orm,q03s5,0,1.14715,10,ok,,client-side:900,1.03,217600,139239244592816,2026-09-06T15:39:12.943-05:00
00ccf239c11d,campaign-sf1,mado,tpch,Q03,Medium,oracle,indexed,1,6,1,2,django,sql,q03s5,0,1.239762,10,ok,,client-side:900,1.03,217600,139239244592816,2026-09-06T15:39:14.183-05:00
00ccf239c11d,campaign-sf1,mado,tpch,Q03,Medium,oracle,indexed,1,6,1,3,sqlalchemy,sql,q03s5,0,1.112259,10,ok,,client-side:900,1.03,217600,139239244592816,2026-09-06T15:39:15.295-05:00
00ccf239c11d,campaign-sf1,mado,tpch,Q03,Medium,oracle,indexed,1,7,3,-1,django,sql,q03s6,2,1.295704,,ok,,client-side:900,1.03,217600,139239244592816,2026-09-06T15:39:16.594-05:00
00ccf239c11d,campaign-sf1,mado,tpch,Q03,Medium,oracle,indexed,1,7,3,-1,django,orm,q03s6,2,1.113776,,ok,,client-side:900,1.03,217600,139239244592816,2026-09-06T15:39:17.708-05:00
00ccf239c11d,campaign-sf1,mado,tpch,Q03,Medium,oracle,indexed,1,7,3,-1,sqlalchemy,sql,q03s6,2,1.174923,,ok,,client-side:900,1.03,217600,139239244592816,2026-09-06T15:39:18.883-05:00
00ccf239c11d,campaign-sf1,mado,tpch,Q03,Medium,oracle,indexed,1,7,3,-1,sqlalchemy,orm,q03s6,2,1.148276,,ok,,client-side:900,1.03,217600,139239244592816,2026-09-06T15:39:20.031-05:00
00ccf239c11d,campaign-sf1,mado,tpch,Q03,Medium,oracle,indexed,1,7,3,0,sqlalchemy,sql,q03s6,0,1.115789,10,ok,,client-side:900,1.03,217600,139239244592816,2026-09-06T15:39:21.147-05:00
00ccf239c11d,campaign-sf1,mado,tpch,Q03,Medium,oracle,indexed,1,7,3,1,django,sql,q03s6,0,1.246681,10,ok,,client-side:900,1.03,217600,139239244592816,2026-09-06T15:39:22.394-05:00
00ccf239c11d,campaign-sf1,mado,tpch,Q03,Medium,oracle,indexed,1,7,3,2,sqlalchemy,orm,q03s6,0,1.146001,10,ok,,client-side:900,1.03,217600,139239244592816,2026-09-06T15:39:23.540-05:00
00ccf239c11d,campaign-sf1,mado,tpch,Q03,Medium,oracle,indexed,1,7,3,3,django,orm,q03s6,0,1.114511,10,ok,,client-side:900,1.03,217600,139239244592816,2026-09-06T15:39:24.655-05:00
00ccf239c11d,campaign-sf1,mado,tpch,Q03,Medium,oracle,indexed,1,8,0,-1,django,sql,q03s7,2,1.29446,,ok,,client-side:900,1.03,217600,139239244592816,2026-09-06T15:39:25.954-05:00
00ccf239c11d,campaign-sf1,mado,tpch,Q03,Medium,oracle,indexed,1,8,0,-1,django,orm,q03s7,2,1.115895,,ok,,client-side:900,1.03,217600,139239244592816,2026-09-06T15:39:27.070-05:00
00ccf239c11d,campaign-sf1,mado,tpch,Q03,Medium,oracle,indexed,1,8,0,-1,sqlalchemy,sql,q03s7,2,1.163619,,ok,,client-side:900,1.03,217600,139239244592816,2026-09-06T15:39:28.233-05:00
00ccf239c11d,campaign-sf1,mado,tpch,Q03,Medium,oracle,indexed,1,8,0,-1,sqlalchemy,orm,q03s7,2,1.145496,,ok,,client-side:900,1.03,217600,139239244592816,2026-09-06T15:39:29.379-05:00
00ccf239c11d,campaign-sf1,mado,tpch,Q03,Medium,oracle,indexed,1,8,0,0,django,sql,q03s7,0,1.245759,10,ok,,client-side:900,1.03,217600,139239244592816,2026-09-06T15:39:30.625-05:00
00ccf239c11d,campaign-sf1,mado,tpch,Q03,Medium,oracle,indexed,1,8,0,1,django,orm,q03s7,0,1.111288,10,ok,,client-side:900,1.02,217600,139239244592816,2026-09-06T15:39:31.736-05:00
00ccf239c11d,campaign-sf1,mado,tpch,Q03,Medium,oracle,indexed,1,8,0,2,sqlalchemy,sql,q03s7,0,1.110761,10,ok,,client-side:900,1.02,217600,139239244592816,2026-09-06T15:39:32.847-05:00
00ccf239c11d,campaign-sf1,mado,tpch,Q03,Medium,oracle,indexed,1,8,0,3,sqlalchemy,orm,q03s7,0,1.143921,10,ok,,client-side:900,1.02,217600,139239244592816,2026-09-06T15:39:33.991-05:00
86237d5ff9d3,campaign-sf1,mado,tpch,Q04,Medium,oracle,indexed,1,0,1,0,django,orm,q04warm,1,3.771026,5,ok,,client-side:900,1.02,217864,134262301513904,2026-09-06T15:39:38.957-05:00
86237d5ff9d3,campaign-sf1,mado,tpch,Q04,Medium,oracle,indexed,1,0,1,1,sqlalchemy,orm,q04warm,1,1.165817,5,ok,,client-side:900,1.02,217864,134262301513904,2026-09-06T15:39:40.122-05:00
86237d5ff9d3,campaign-sf1,mado,tpch,Q04,Medium,oracle,indexed,1,0,1,2,django,sql,q04warm,1,1.088384,5,ok,,client-side:900,1.02,217864,134262301513904,2026-09-06T15:39:41.211-05:00
86237d5ff9d3,campaign-sf1,mado,tpch,Q04,Medium,oracle,indexed,1,0,1,3,sqlalchemy,sql,q04warm,1,1.100432,5,ok,,client-side:900,1.02,217864,134262301513904,2026-09-06T15:39:42.311-05:00
86237d5ff9d3,campaign-sf1,mado,tpch,Q04,Medium,oracle,indexed,1,1,1,-1,django,sql,q04s0,2,1.088409,,ok,,client-side:900,1.02,217864,134262301513904,2026-09-06T15:39:43.404-05:00
86237d5ff9d3,campaign-sf1,mado,tpch,Q04,Medium,oracle,indexed,1,1,1,-1,django,orm,q04s0,2,1.140936,,ok,,client-side:900,1.02,217864,134262301513904,2026-09-06T15:39:44.545-05:00
86237d5ff9d3,campaign-sf1,mado,tpch,Q04,Medium,oracle,indexed,1,1,1,-1,sqlalchemy,sql,q04s0,2,1.094778,,ok,,client-side:900,1.02,217864,134262301513904,2026-09-06T15:39:45.640-05:00
86237d5ff9d3,campaign-sf1,mado,tpch,Q04,Medium,oracle,indexed,1,1,1,-1,sqlalchemy,orm,q04s0,2,1.093334,,ok,,client-side:900,1.02,217864,134262301513904,2026-09-06T15:39:46.734-05:00
86237d5ff9d3,campaign-sf1,mado,tpch,Q04,Medium,oracle,indexed,1,1,1,0,django,orm,q04s0,0,0.565969,5,ok,,client-side:900,1.02,217864,134262301513904,2026-09-06T15:39:47.300-05:00
86237d5ff9d3,campaign-sf1,mado,tpch,Q04,Medium,oracle,indexed,1,1,1,1,sqlalchemy,orm,q04s0,0,1.10241,5,ok,,client-side:900,1.02,217864,134262301513904,2026-09-06T15:39:48.402-05:00
86237d5ff9d3,campaign-sf1,mado,tpch,Q04,Medium,oracle,indexed,1,1,1,2,django,sql,q04s0,0,1.071493,5,ok,,client-side:900,1.02,217864,134262301513904,2026-09-06T15:39:49.474-05:00
86237d5ff9d3,campaign-sf1,mado,tpch,Q04,Medium,oracle,indexed,1,1,1,3,sqlalchemy,sql,q04s0,0,1.084916,5,ok,,client-side:900,1.02,217864,134262301513904,2026-09-06T15:39:50.559-05:00
86237d5ff9d3,campaign-sf1,mado,tpch,Q04,Medium,oracle,indexed,1,2,0,-1,django,sql,q04s1,2,1.093455,,ok,,client-side:900,1.02,217864,134262301513904,2026-09-06T15:39:51.657-05:00
86237d5ff9d3,campaign-sf1,mado,tpch,Q04,Medium,oracle,indexed,1,2,0,-1,django,orm,q04s1,2,0.901667,,ok,,client-side:900,1.02,217864,134262301513904,2026-09-06T15:39:52.559-05:00
86237d5ff9d3,campaign-sf1,mado,tpch,Q04,Medium,oracle,indexed,1,2,0,-1,sqlalchemy,sql,q04s1,2,1.170578,,ok,,client-side:900,1.02,217864,134262301513904,2026-09-06T15:39:53.729-05:00
86237d5ff9d3,campaign-sf1,mado,tpch,Q04,Medium,oracle,indexed,1,2,0,-1,sqlalchemy,orm,q04s1,2,1.145007,,ok,,client-side:900,1.02,217864,134262301513904,2026-09-06T15:39:54.875-05:00
86237d5ff9d3,campaign-sf1,mado,tpch,Q04,Medium,oracle,indexed,1,2,0,0,django,sql,q04s1,0,1.113665,5,ok,,client-side:900,1.02,217864,134262301513904,2026-09-06T15:39:55.988-05:00
86237d5ff9d3,campaign-sf1,mado,tpch,Q04,Medium,oracle,indexed,1,2,0,1,django,orm,q04s1,0,0.60634,5,ok,,client-side:900,1.1,217864,134262301513904,2026-09-06T15:39:56.595-05:00
86237d5ff9d3,campaign-sf1,mado,tpch,Q04,Medium,oracle,indexed,1,2,0,2,sqlalchemy,sql,q04s1,0,1.094718,5,ok,,client-side:900,1.1,217864,134262301513904,2026-09-06T15:39:57.690-05:00
86237d5ff9d3,campaign-sf1,mado,tpch,Q04,Medium,oracle,indexed,1,2,0,3,sqlalchemy,orm,q04s1,0,1.100066,5,ok,,client-side:900,1.1,217864,134262301513904,2026-09-06T15:39:58.790-05:00
86237d5ff9d3,campaign-sf1,mado,tpch,Q04,Medium,oracle,indexed,1,3,3,-1,django,sql,q04s2,2,1.083837,,ok,,client-side:900,1.1,217864,134262301513904,2026-09-06T15:39:59.886-05:00
86237d5ff9d3,campaign-sf1,mado,tpch,Q04,Medium,oracle,indexed,1,3,3,-1,django,orm,q04s2,2,0.855489,,ok,,client-side:900,1.1,217864,134262301513904,2026-09-06T15:40:00.741-05:00
86237d5ff9d3,campaign-sf1,mado,tpch,Q04,Medium,oracle,indexed,1,3,3,-1,sqlalchemy,sql,q04s2,2,1.084617,,ok,,client-side:900,1.09,217864,134262301513904,2026-09-06T15:40:01.826-05:00
86237d5ff9d3,campaign-sf1,mado,tpch,Q04,Medium,oracle,indexed,1,3,3,-1,sqlalchemy,orm,q04s2,2,1.08953,,ok,,client-side:900,1.09,217864,134262301513904,2026-09-06T15:40:02.916-05:00
86237d5ff9d3,campaign-sf1,mado,tpch,Q04,Medium,oracle,indexed,1,3,3,0,sqlalchemy,sql,q04s2,0,1.082864,5,ok,,client-side:900,1.09,217864,134262301513904,2026-09-06T15:40:03.999-05:00
86237d5ff9d3,campaign-sf1,mado,tpch,Q04,Medium,oracle,indexed,1,3,3,1,django,sql,q04s2,0,1.072475,5,ok,,client-side:900,1.09,217864,134262301513904,2026-09-06T15:40:05.071-05:00
86237d5ff9d3,campaign-sf1,mado,tpch,Q04,Medium,oracle,indexed,1,3,3,2,sqlalchemy,orm,q04s2,0,1.09095,5,ok,,client-side:900,1.08,217864,134262301513904,2026-09-06T15:40:06.162-05:00
86237d5ff9d3,campaign-sf1,mado,tpch,Q04,Medium,oracle,indexed,1,3,3,3,django,orm,q04s2,0,0.567868,5,ok,,client-side:900,1.08,217864,134262301513904,2026-09-06T15:40:06.730-05:00
86237d5ff9d3,campaign-sf1,mado,tpch,Q04,Medium,oracle,indexed,1,4,2,-1,django,sql,q04s3,2,1.093373,,ok,,client-side:900,1.08,217864,134262301513904,2026-09-06T15:40:07.829-05:00
86237d5ff9d3,campaign-sf1,mado,tpch,Q04,Medium,oracle,indexed,1,4,2,-1,django,orm,q04s3,2,0.785173,,ok,,client-side:900,1.08,217864,134262301513904,2026-09-06T15:40:08.614-05:00
86237d5ff9d3,campaign-sf1,mado,tpch,Q04,Medium,oracle,indexed,1,4,2,-1,sqlalchemy,sql,q04s3,2,1.092001,,ok,,client-side:900,1.08,217864,134262301513904,2026-09-06T15:40:09.706-05:00
86237d5ff9d3,campaign-sf1,mado,tpch,Q04,Medium,oracle,indexed,1,4,2,-1,sqlalchemy,orm,q04s3,2,1.101881,,ok,,client-side:900,1.08,217864,134262301513904,2026-09-06T15:40:10.808-05:00
86237d5ff9d3,campaign-sf1,mado,tpch,Q04,Medium,oracle,indexed,1,4,2,0,sqlalchemy,orm,q04s3,0,1.102293,5,ok,,client-side:900,1.15,217864,134262301513904,2026-09-06T15:40:11.910-05:00
86237d5ff9d3,campaign-sf1,mado,tpch,Q04,Medium,oracle,indexed,1,4,2,1,sqlalchemy,sql,q04s3,0,1.096346,5,ok,,client-side:900,1.15,217864,134262301513904,2026-09-06T15:40:13.007-05:00
86237d5ff9d3,campaign-sf1,mado,tpch,Q04,Medium,oracle,indexed,1,4,2,2,django,orm,q04s3,0,0.59122,5,ok,,client-side:900,1.15,217864,134262301513904,2026-09-06T15:40:13.598-05:00
86237d5ff9d3,campaign-sf1,mado,tpch,Q04,Medium,oracle,indexed,1,4,2,3,django,sql,q04s3,0,1.08412,5,ok,,client-side:900,1.15,217864,134262301513904,2026-09-06T15:40:14.682-05:00
86237d5ff9d3,campaign-sf1,mado,tpch,Q04,Medium,oracle,indexed,1,5,1,-1,django,sql,q04s4,2,1.092924,,ok,,client-side:900,1.15,217864,134262301513904,2026-09-06T15:40:15.780-05:00
86237d5ff9d3,campaign-sf1,mado,tpch,Q04,Medium,oracle,indexed,1,5,1,-1,django,orm,q04s4,2,0.715519,,ok,,client-side:900,1.14,217864,134262301513904,2026-09-06T15:40:16.495-05:00
86237d5ff9d3,campaign-sf1,mado,tpch,Q04,Medium,oracle,indexed,1,5,1,-1,sqlalchemy,sql,q04s4,2,1.880183,,ok,,client-side:900,1.14,217864,134262301513904,2026-09-06T15:40:18.376-05:00
86237d5ff9d3,campaign-sf1,mado,tpch,Q04,Medium,oracle,indexed,1,5,1,-1,sqlalchemy,orm,q04s4,2,1.26131,,ok,,client-side:900,1.14,217864,134262301513904,2026-09-06T15:40:19.637-05:00
86237d5ff9d3,campaign-sf1,mado,tpch,Q04,Medium,oracle,indexed,1,5,1,0,django,orm,q04s4,0,0.624288,5,ok,,client-side:900,1.14,217864,134262301513904,2026-09-06T15:40:20.262-05:00
86237d5ff9d3,campaign-sf1,mado,tpch,Q04,Medium,oracle,indexed,1,5,1,1,sqlalchemy,orm,q04s4,0,1.277035,5,ok,,client-side:900,1.13,217864,134262301513904,2026-09-06T15:40:21.539-05:00
86237d5ff9d3,campaign-sf1,mado,tpch,Q04,Medium,oracle,indexed,1,5,1,2,django,sql,q04s4,0,1.153172,5,ok,,client-side:900,1.13,217864,134262301513904,2026-09-06T15:40:22.692-05:00
86237d5ff9d3,campaign-sf1,mado,tpch,Q04,Medium,oracle,indexed,1,5,1,3,sqlalchemy,sql,q04s4,0,1.134733,5,ok,,client-side:900,1.13,217864,134262301513904,2026-09-06T15:40:23.827-05:00
86237d5ff9d3,campaign-sf1,mado,tpch,Q04,Medium,oracle,indexed,1,6,0,-1,django,sql,q04s5,2,1.124686,,ok,,client-side:900,1.13,217864,134262301513904,2026-09-06T15:40:24.956-05:00
86237d5ff9d3,campaign-sf1,mado,tpch,Q04,Medium,oracle,indexed,1,6,0,-1,django,orm,q04s5,2,1.138826,,ok,,client-side:900,1.13,217864,134262301513904,2026-09-06T15:40:26.095-05:00
86237d5ff9d3,campaign-sf1,mado,tpch,Q04,Medium,oracle,indexed,1,6,0,-1,sqlalchemy,sql,q04s5,2,1.248877,,ok,,client-side:900,1.12,217864,134262301513904,2026-09-06T15:40:27.344-05:00
86237d5ff9d3,campaign-sf1,mado,tpch,Q04,Medium,oracle,indexed,1,6,0,-1,sqlalchemy,orm,q04s5,2,1.223873,,ok,,client-side:900,1.12,217864,134262301513904,2026-09-06T15:40:28.568-05:00
86237d5ff9d3,campaign-sf1,mado,tpch,Q04,Medium,oracle,indexed,1,6,0,0,django,sql,q04s5,0,1.210548,5,ok,,client-side:900,1.12,217864,134262301513904,2026-09-06T15:40:29.779-05:00
86237d5ff9d3,campaign-sf1,mado,tpch,Q04,Medium,oracle,indexed,1,6,0,1,django,orm,q04s5,0,0.679906,5,ok,,client-side:900,1.12,217864,134262301513904,2026-09-06T15:40:30.459-05:00
86237d5ff9d3,campaign-sf1,mado,tpch,Q04,Medium,oracle,indexed,1,6,0,2,sqlalchemy,sql,q04s5,0,1.33716,5,ok,,client-side:900,1.11,217864,134262301513904,2026-09-06T15:40:31.796-05:00
86237d5ff9d3,campaign-sf1,mado,tpch,Q04,Medium,oracle,indexed,1,6,0,3,sqlalchemy,orm,q04s5,0,1.284547,5,ok,,client-side:900,1.11,217864,134262301513904,2026-09-06T15:40:33.081-05:00
86237d5ff9d3,campaign-sf1,mado,tpch,Q04,Medium,oracle,indexed,1,7,2,-1,django,sql,q04s6,2,1.228621,,ok,,client-side:900,1.11,217864,134262301513904,2026-09-06T15:40:34.314-05:00
86237d5ff9d3,campaign-sf1,mado,tpch,Q04,Medium,oracle,indexed,1,7,2,-1,django,orm,q04s6,2,0.677251,,ok,,client-side:900,1.11,217864,134262301513904,2026-09-06T15:40:34.991-05:00
86237d5ff9d3,campaign-sf1,mado,tpch,Q04,Medium,oracle,indexed,1,7,2,-1,sqlalchemy,sql,q04s6,2,1.266101,,ok,,client-side:900,1.1,217864,134262301513904,2026-09-06T15:40:36.257-05:00
86237d5ff9d3,campaign-sf1,mado,tpch,Q04,Medium,oracle,indexed,1,7,2,-1,sqlalchemy,orm,q04s6,2,1.159289,,ok,,client-side:900,1.1,217864,134262301513904,2026-09-06T15:40:37.417-05:00
86237d5ff9d3,campaign-sf1,mado,tpch,Q04,Medium,oracle,indexed,1,7,2,0,sqlalchemy,orm,q04s6,0,1.134132,5,ok,,client-side:900,1.1,217864,134262301513904,2026-09-06T15:40:38.551-05:00
86237d5ff9d3,campaign-sf1,mado,tpch,Q04,Medium,oracle,indexed,1,7,2,1,sqlalchemy,sql,q04s6,0,1.116955,5,ok,,client-side:900,1.1,217864,134262301513904,2026-09-06T15:40:39.668-05:00
86237d5ff9d3,campaign-sf1,mado,tpch,Q04,Medium,oracle,indexed,1,7,2,2,django,orm,q04s6,0,0.839371,5,ok,,client-side:900,1.1,217864,134262301513904,2026-09-06T15:40:40.507-05:00
86237d5ff9d3,campaign-sf1,mado,tpch,Q04,Medium,oracle,indexed,1,7,2,3,django,sql,q04s6,0,1.224224,5,ok,,client-side:900,1.09,217864,134262301513904,2026-09-06T15:40:41.732-05:00
86237d5ff9d3,campaign-sf1,mado,tpch,Q04,Medium,oracle,indexed,1,8,3,-1,django,sql,q04s7,2,1.252154,,ok,,client-side:900,1.09,217864,134262301513904,2026-09-06T15:40:42.989-05:00
86237d5ff9d3,campaign-sf1,mado,tpch,Q04,Medium,oracle,indexed,1,8,3,-1,django,orm,q04s7,2,0.666909,,ok,,client-side:900,1.09,217864,134262301513904,2026-09-06T15:40:43.656-05:00
86237d5ff9d3,campaign-sf1,mado,tpch,Q04,Medium,oracle,indexed,1,8,3,-1,sqlalchemy,sql,q04s7,2,1.36715,,ok,,client-side:900,1.09,217864,134262301513904,2026-09-06T15:40:45.023-05:00
86237d5ff9d3,campaign-sf1,mado,tpch,Q04,Medium,oracle,indexed,1,8,3,-1,sqlalchemy,orm,q04s7,2,1.316846,,ok,,client-side:900,1.17,217864,134262301513904,2026-09-06T15:40:46.340-05:00
86237d5ff9d3,campaign-sf1,mado,tpch,Q04,Medium,oracle,indexed,1,8,3,0,sqlalchemy,sql,q04s7,0,1.17384,5,ok,,client-side:900,1.17,217864,134262301513904,2026-09-06T15:40:47.514-05:00
86237d5ff9d3,campaign-sf1,mado,tpch,Q04,Medium,oracle,indexed,1,8,3,1,django,sql,q04s7,0,1.145015,5,ok,,client-side:900,1.17,217864,134262301513904,2026-09-06T15:40:48.659-05:00
86237d5ff9d3,campaign-sf1,mado,tpch,Q04,Medium,oracle,indexed,1,8,3,2,sqlalchemy,orm,q04s7,0,1.247895,5,ok,,client-side:900,1.17,217864,134262301513904,2026-09-06T15:40:49.907-05:00
86237d5ff9d3,campaign-sf1,mado,tpch,Q04,Medium,oracle,indexed,1,8,3,3,django,orm,q04s7,0,1.952804,5,ok,,client-side:900,1.31,217864,134262301513904,2026-09-06T15:40:51.860-05:00
5bdd49870e66,campaign-sf1,mado,tpch,Q05,Complex,oracle,indexed,1,0,2,0,sqlalchemy,orm,q05warm,1,2.912907,5,ok,,client-side:900,1.31,217923,123847302478064,2026-09-06T15:40:56.037-05:00
5bdd49870e66,campaign-sf1,mado,tpch,Q05,Complex,oracle,indexed,1,0,2,1,sqlalchemy,sql,q05warm,1,1.840717,5,ok,,client-side:900,1.29,217923,123847302478064,2026-09-06T15:40:57.877-05:00
5bdd49870e66,campaign-sf1,mado,tpch,Q05,Complex,oracle,indexed,1,0,2,2,django,orm,q05warm,1,2.33934,5,ok,,client-side:900,1.29,217923,123847302478064,2026-09-06T15:41:00.217-05:00
5bdd49870e66,campaign-sf1,mado,tpch,Q05,Complex,oracle,indexed,1,0,2,3,django,sql,q05warm,1,1.865987,5,ok,,client-side:900,1.26,217923,123847302478064,2026-09-06T15:41:02.083-05:00
5bdd49870e66,campaign-sf1,mado,tpch,Q05,Complex,oracle,indexed,1,1,0,-1,django,sql,q05s0,2,1.863901,,ok,,client-side:900,1.26,217923,123847302478064,2026-09-06T15:41:03.952-05:00
5bdd49870e66,campaign-sf1,mado,tpch,Q05,Complex,oracle,indexed,1,1,0,-1,django,orm,q05s0,2,1.085596,,ok,,client-side:900,1.26,217923,123847302478064,2026-09-06T15:41:05.037-05:00
5bdd49870e66,campaign-sf1,mado,tpch,Q05,Complex,oracle,indexed,1,1,0,-1,sqlalchemy,sql,q05s0,2,1.860288,,ok,,client-side:900,1.24,217923,123847302478064,2026-09-06T15:41:06.898-05:00
5bdd49870e66,campaign-sf1,mado,tpch,Q05,Complex,oracle,indexed,1,1,0,-1,sqlalchemy,orm,q05s0,2,1.535606,,ok,,client-side:900,1.24,217923,123847302478064,2026-09-06T15:41:08.433-05:00
5bdd49870e66,campaign-sf1,mado,tpch,Q05,Complex,oracle,indexed,1,1,0,0,django,sql,q05s0,0,1.544804,5,ok,,client-side:900,1.24,217923,123847302478064,2026-09-06T15:41:09.978-05:00
5bdd49870e66,campaign-sf1,mado,tpch,Q05,Complex,oracle,indexed,1,1,0,1,django,orm,q05s0,0,1.083023,5,ok,,client-side:900,1.24,217923,123847302478064,2026-09-06T15:41:11.061-05:00
5bdd49870e66,campaign-sf1,mado,tpch,Q05,Complex,oracle,indexed,1,1,0,2,sqlalchemy,sql,q05s0,0,1.527952,5,ok,,client-side:900,1.22,217923,123847302478064,2026-09-06T15:41:12.589-05:00
5bdd49870e66,campaign-sf1,mado,tpch,Q05,Complex,oracle,indexed,1,1,0,3,sqlalchemy,orm,q05s0,0,1.545162,5,ok,,client-side:900,1.22,217923,123847302478064,2026-09-06T15:41:14.135-05:00
5bdd49870e66,campaign-sf1,mado,tpch,Q05,Complex,oracle,indexed,1,2,2,-1,django,sql,q05s1,2,1.851773,,ok,,client-side:900,1.22,217923,123847302478064,2026-09-06T15:41:15.991-05:00
5bdd49870e66,campaign-sf1,mado,tpch,Q05,Complex,oracle,indexed,1,2,2,-1,django,orm,q05s1,2,1.067703,,ok,,client-side:900,1.2,217923,123847302478064,2026-09-06T15:41:17.059-05:00
5bdd49870e66,campaign-sf1,mado,tpch,Q05,Complex,oracle,indexed,1,2,2,-1,sqlalchemy,sql,q05s1,2,1.823598,,ok,,client-side:900,1.2,217923,123847302478064,2026-09-06T15:41:18.882-05:00
5bdd49870e66,campaign-sf1,mado,tpch,Q05,Complex,oracle,indexed,1,2,2,-1,sqlalchemy,orm,q05s1,2,1.513218,,ok,,client-side:900,1.2,217923,123847302478064,2026-09-06T15:41:20.396-05:00
5bdd49870e66,campaign-sf1,mado,tpch,Q05,Complex,oracle,indexed,1,2,2,0,sqlalchemy,orm,q05s1,0,1.521334,5,ok,,client-side:900,1.19,217923,123847302478064,2026-09-06T15:41:21.917-05:00
5bdd49870e66,campaign-sf1,mado,tpch,Q05,Complex,oracle,indexed,1,2,2,1,sqlalchemy,sql,q05s1,0,1.487795,5,ok,,client-side:900,1.19,217923,123847302478064,2026-09-06T15:41:23.405-05:00
5bdd49870e66,campaign-sf1,mado,tpch,Q05,Complex,oracle,indexed,1,2,2,2,django,orm,q05s1,0,1.071531,5,ok,,client-side:900,1.19,217923,123847302478064,2026-09-06T15:41:24.477-05:00
5bdd49870e66,campaign-sf1,mado,tpch,Q05,Complex,oracle,indexed,1,2,2,3,django,sql,q05s1,0,1.511037,5,ok,,client-side:900,1.19,217923,123847302478064,2026-09-06T15:41:25.988-05:00
5bdd49870e66,campaign-sf1,mado,tpch,Q05,Complex,oracle,indexed,1,3,3,-1,django,sql,q05s2,2,1.861066,,ok,,client-side:900,1.17,217923,123847302478064,2026-09-06T15:41:27.853-05:00
5bdd49870e66,campaign-sf1,mado,tpch,Q05,Complex,oracle,indexed,1,3,3,-1,django,orm,q05s2,2,1.081865,,ok,,client-side:900,1.17,217923,123847302478064,2026-09-06T15:41:28.935-05:00
5bdd49870e66,campaign-sf1,mado,tpch,Q05,Complex,oracle,indexed,1,3,3,-1,sqlalchemy,sql,q05s2,2,1.872843,,ok,,client-side:900,1.17,217923,123847302478064,2026-09-06T15:41:30.808-05:00
5bdd49870e66,campaign-sf1,mado,tpch,Q05,Complex,oracle,indexed,1,3,3,-1,sqlalchemy,orm,q05s2,2,1.542631,,ok,,client-side:900,1.16,217923,123847302478064,2026-09-06T15:41:32.351-05:00
5bdd49870e66,campaign-sf1,mado,tpch,Q05,Complex,oracle,indexed,1,3,3,0,sqlalchemy,sql,q05s2,0,1.547954,5,ok,,client-side:900,1.16,217923,123847302478064,2026-09-06T15:41:33.899-05:00
5bdd49870e66,campaign-sf1,mado,tpch,Q05,Complex,oracle,indexed,1,3,3,1,django,sql,q05s2,0,1.539688,5,ok,,client-side:900,1.16,217923,123847302478064,2026-09-06T15:41:35.439-05:00
5bdd49870e66,campaign-sf1,mado,tpch,Q05,Complex,oracle,indexed,1,3,3,2,sqlalchemy,orm,q05s2,0,1.544758,5,ok,,client-side:900,1.23,217923,123847302478064,2026-09-06T15:41:36.984-05:00
5bdd49870e66,campaign-sf1,mado,tpch,Q05,Complex,oracle,indexed,1,3,3,3,django,orm,q05s2,0,1.081579,5,ok,,client-side:900,1.23,217923,123847302478064,2026-09-06T15:41:38.065-05:00
5bdd49870e66,campaign-sf1,mado,tpch,Q05,Complex,oracle,indexed,1,4,1,-1,django,sql,q05s3,2,1.851199,,ok,,client-side:900,1.23,217923,123847302478064,2026-09-06T15:41:39.921-05:00
5bdd49870e66,campaign-sf1,mado,tpch,Q05,Complex,oracle,indexed,1,4,1,-1,django,orm,q05s3,2,1.076461,,ok,,client-side:900,1.23,217923,123847302478064,2026-09-06T15:41:40.998-05:00
5bdd49870e66,campaign-sf1,mado,tpch,Q05,Complex,oracle,indexed,1,4,1,-1,sqlalchemy,sql,q05s3,2,1.836253,,ok,,client-side:900,1.21,217923,123847302478064,2026-09-06T15:41:42.834-05:00
5bdd49870e66,campaign-sf1,mado,tpch,Q05,Complex,oracle,indexed,1,4,1,-1,sqlalchemy,orm,q05s3,2,1.525037,,ok,,client-side:900,1.21,217923,123847302478064,2026-09-06T15:41:44.359-05:00
5bdd49870e66,campaign-sf1,mado,tpch,Q05,Complex,oracle,indexed,1,4,1,0,django,orm,q05s3,0,1.083427,5,ok,,client-side:900,1.21,217923,123847302478064,2026-09-06T15:41:45.443-05:00
5bdd49870e66,campaign-sf1,mado,tpch,Q05,Complex,oracle,indexed,1,4,1,1,sqlalchemy,orm,q05s3,0,1.526277,5,ok,,client-side:900,1.19,217923,123847302478064,2026-09-06T15:41:46.969-05:00
5bdd49870e66,campaign-sf1,mado,tpch,Q05,Complex,oracle,indexed,1,4,1,2,django,sql,q05s3,0,1.533865,5,ok,,client-side:900,1.19,217923,123847302478064,2026-09-06T15:41:48.503-05:00
5bdd49870e66,campaign-sf1,mado,tpch,Q05,Complex,oracle,indexed,1,4,1,3,sqlalchemy,sql,q05s3,0,1.506135,5,ok,,client-side:900,1.19,217923,123847302478064,2026-09-06T15:41:50.009-05:00
5bdd49870e66,campaign-sf1,mado,tpch,Q05,Complex,oracle,indexed,1,5,3,-1,django,sql,q05s4,2,1.856238,,ok,,client-side:900,1.17,217923,123847302478064,2026-09-06T15:41:51.870-05:00
5bdd49870e66,campaign-sf1,mado,tpch,Q05,Complex,oracle,indexed,1,5,3,-1,django,orm,q05s4,2,1.087918,,ok,,client-side:900,1.17,217923,123847302478064,2026-09-06T15:41:52.958-05:00
5bdd49870e66,campaign-sf1,mado,tpch,Q05,Complex,oracle,indexed,1,5,3,-1,sqlalchemy,sql,q05s4,2,1.875432,,ok,,client-side:900,1.17,217923,123847302478064,2026-09-06T15:41:54.834-05:00
5bdd49870e66,campaign-sf1,mado,tpch,Q05,Complex,oracle,indexed,1,5,3,-1,sqlalchemy,orm,q05s4,2,1.537151,,ok,,client-side:900,1.16,217923,123847302478064,2026-09-06T15:41:56.371-05:00
5bdd49870e66,campaign-sf1,mado,tpch,Q05,Complex,oracle,indexed,1,5,3,0,sqlalchemy,sql,q05s4,0,1.538831,5,ok,,client-side:900,1.16,217923,123847302478064,2026-09-06T15:41:57.910-05:00
5bdd49870e66,campaign-sf1,mado,tpch,Q05,Complex,oracle,indexed,1,5,3,1,django,sql,q05s4,0,1.548128,5,ok,,client-side:900,1.16,217923,123847302478064,2026-09-06T15:41:59.458-05:00
5bdd49870e66,campaign-sf1,mado,tpch,Q05,Complex,oracle,indexed,1,5,3,2,sqlalchemy,orm,q05s4,0,1.549098,5,ok,,client-side:900,1.16,217923,123847302478064,2026-09-06T15:42:01.007-05:00
5bdd49870e66,campaign-sf1,mado,tpch,Q05,Complex,oracle,indexed,1,5,3,3,django,orm,q05s4,0,1.090341,5,ok,,client-side:900,1.15,217923,123847302478064,2026-09-06T15:42:02.098-05:00
5bdd49870e66,campaign-sf1,mado,tpch,Q05,Complex,oracle,indexed,1,6,2,-1,django,sql,q05s5,2,1.86798,,ok,,client-side:900,1.15,217923,123847302478064,2026-09-06T15:42:03.970-05:00
5bdd49870e66,campaign-sf1,mado,tpch,Q05,Complex,oracle,indexed,1,6,2,-1,django,orm,q05s5,2,1.086845,,ok,,client-side:900,1.15,217923,123847302478064,2026-09-06T15:42:05.057-05:00
5bdd49870e66,campaign-sf1,mado,tpch,Q05,Complex,oracle,indexed,1,6,2,-1,sqlalchemy,sql,q05s5,2,1.856369,,ok,,client-side:900,1.14,217923,123847302478064,2026-09-06T15:42:06.914-05:00
5bdd49870e66,campaign-sf1,mado,tpch,Q05,Complex,oracle,indexed,1,6,2,-1,sqlalchemy,orm,q05s5,2,1.544884,,ok,,client-side:900,1.14,217923,123847302478064,2026-09-06T15:42:08.459-05:00
5bdd49870e66,campaign-sf1,mado,tpch,Q05,Complex,oracle,indexed,1,6,2,0,sqlalchemy,orm,q05s5,0,1.54589,5,ok,,client-side:900,1.14,217923,123847302478064,2026-09-06T15:42:10.005-05:00
5bdd49870e66,campaign-sf1,mado,tpch,Q05,Complex,oracle,indexed,1,6,2,1,sqlalchemy,sql,q05s5,0,1.527711,5,ok,,client-side:900,1.12,217923,123847302478064,2026-09-06T15:42:11.532-05:00
5bdd49870e66,campaign-sf1,mado,tpch,Q05,Complex,oracle,indexed,1,6,2,2,django,orm,q05s5,0,1.086076,5,ok,,client-side:900,1.12,217923,123847302478064,2026-09-06T15:42:12.619-05:00
5bdd49870e66,campaign-sf1,mado,tpch,Q05,Complex,oracle,indexed,1,6,2,3,django,sql,q05s5,0,1.556843,5,ok,,client-side:900,1.12,217923,123847302478064,2026-09-06T15:42:14.175-05:00
5bdd49870e66,campaign-sf1,mado,tpch,Q05,Complex,oracle,indexed,1,7,0,-1,django,sql,q05s6,2,1.85331,,ok,,client-side:900,1.12,217923,123847302478064,2026-09-06T15:42:16.033-05:00
5bdd49870e66,campaign-sf1,mado,tpch,Q05,Complex,oracle,indexed,1,7,0,-1,django,orm,q05s6,2,1.083117,,ok,,client-side:900,1.11,217923,123847302478064,2026-09-06T15:42:17.117-05:00
5bdd49870e66,campaign-sf1,mado,tpch,Q05,Complex,oracle,indexed,1,7,0,-1,sqlalchemy,sql,q05s6,2,1.851756,,ok,,client-side:900,1.11,217923,123847302478064,2026-09-06T15:42:18.968-05:00
5bdd49870e66,campaign-sf1,mado,tpch,Q05,Complex,oracle,indexed,1,7,0,-1,sqlalchemy,orm,q05s6,2,1.529212,,ok,,client-side:900,1.11,217923,123847302478064,2026-09-06T15:42:20.498-05:00
5bdd49870e66,campaign-sf1,mado,tpch,Q05,Complex,oracle,indexed,1,7,0,0,django,sql,q05s6,0,1.535075,5,ok,,client-side:900,1.1,217923,123847302478064,2026-09-06T15:42:22.033-05:00
5bdd49870e66,campaign-sf1,mado,tpch,Q05,Complex,oracle,indexed,1,7,0,1,django,orm,q05s6,0,1.084476,5,ok,,client-side:900,1.1,217923,123847302478064,2026-09-06T15:42:23.117-05:00
5bdd49870e66,campaign-sf1,mado,tpch,Q05,Complex,oracle,indexed,1,7,0,2,sqlalchemy,sql,q05s6,0,1.51728,5,ok,,client-side:900,1.1,217923,123847302478064,2026-09-06T15:42:24.635-05:00
5bdd49870e66,campaign-sf1,mado,tpch,Q05,Complex,oracle,indexed,1,7,0,3,sqlalchemy,orm,q05s6,0,1.52828,5,ok,,client-side:900,1.1,217923,123847302478064,2026-09-06T15:42:26.163-05:00
5bdd49870e66,campaign-sf1,mado,tpch,Q05,Complex,oracle,indexed,1,8,1,-1,django,sql,q05s7,2,1.856211,,ok,,client-side:900,1.1,217923,123847302478064,2026-09-06T15:42:28.024-05:00
5bdd49870e66,campaign-sf1,mado,tpch,Q05,Complex,oracle,indexed,1,8,1,-1,django,orm,q05s7,2,1.067995,,ok,,client-side:900,1.1,217923,123847302478064,2026-09-06T15:42:29.092-05:00
5bdd49870e66,campaign-sf1,mado,tpch,Q05,Complex,oracle,indexed,1,8,1,-1,sqlalchemy,sql,q05s7,2,1.830791,,ok,,client-side:900,1.1,217923,123847302478064,2026-09-06T15:42:30.923-05:00
5bdd49870e66,campaign-sf1,mado,tpch,Q05,Complex,oracle,indexed,1,8,1,-1,sqlalchemy,orm,q05s7,2,1.514138,,ok,,client-side:900,1.09,217923,123847302478064,2026-09-06T15:42:32.437-05:00
5bdd49870e66,campaign-sf1,mado,tpch,Q05,Complex,oracle,indexed,1,8,1,0,django,orm,q05s7,0,1.070219,5,ok,,client-side:900,1.09,217923,123847302478064,2026-09-06T15:42:33.508-05:00
5bdd49870e66,campaign-sf1,mado,tpch,Q05,Complex,oracle,indexed,1,8,1,1,sqlalchemy,orm,q05s7,0,1.520918,5,ok,,client-side:900,1.09,217923,123847302478064,2026-09-06T15:42:35.029-05:00
5bdd49870e66,campaign-sf1,mado,tpch,Q05,Complex,oracle,indexed,1,8,1,2,django,sql,q05s7,0,1.523913,5,ok,,client-side:900,1.08,217923,123847302478064,2026-09-06T15:42:36.553-05:00
5bdd49870e66,campaign-sf1,mado,tpch,Q05,Complex,oracle,indexed,1,8,1,3,sqlalchemy,sql,q05s7,0,1.498182,5,ok,,client-side:900,1.08,217923,123847302478064,2026-09-06T15:42:38.051-05:00
c7b57a6cb758,campaign-sf1,mado,tpch,Q06,Simple,oracle,indexed,1,0,0,0,django,sql,q06warm,1,1.365113,1,ok,,client-side:900,1.08,217935,139750687601728,2026-09-06T15:42:40.609-05:00
c7b57a6cb758,campaign-sf1,mado,tpch,Q06,Simple,oracle,indexed,1,0,0,1,django,orm,q06warm,1,0.68865,1,ok,,client-side:900,1.07,217935,139750687601728,2026-09-06T15:42:41.298-05:00
c7b57a6cb758,campaign-sf1,mado,tpch,Q06,Simple,oracle,indexed,1,0,0,2,sqlalchemy,sql,q06warm,1,1.301949,1,ok,,client-side:900,1.07,217935,139750687601728,2026-09-06T15:42:42.600-05:00
c7b57a6cb758,campaign-sf1,mado,tpch,Q06,Simple,oracle,indexed,1,0,0,3,sqlalchemy,orm,q06warm,1,0.725715,1,ok,,client-side:900,1.07,217935,139750687601728,2026-09-06T15:42:43.326-05:00
c7b57a6cb758,campaign-sf1,mado,tpch,Q06,Simple,oracle,indexed,1,1,2,-1,django,sql,q06s0,2,0.738996,,ok,,client-side:900,1.07,217935,139750687601728,2026-09-06T15:42:44.069-05:00
c7b57a6cb758,campaign-sf1,mado,tpch,Q06,Simple,oracle,indexed,1,1,2,-1,django,orm,q06s0,2,0.705018,,ok,,client-side:900,1.07,217935,139750687601728,2026-09-06T15:42:44.774-05:00
c7b57a6cb758,campaign-sf1,mado,tpch,Q06,Simple,oracle,indexed,1,1,2,-1,sqlalchemy,sql,q06s0,2,0.695886,,ok,,client-side:900,1.07,217935,139750687601728,2026-09-06T15:42:45.470-05:00
c7b57a6cb758,campaign-sf1,mado,tpch,Q06,Simple,oracle,indexed,1,1,2,-1,sqlalchemy,orm,q06s0,2,0.69992,,ok,,client-side:900,1.07,217935,139750687601728,2026-09-06T15:42:46.170-05:00
c7b57a6cb758,campaign-sf1,mado,tpch,Q06,Simple,oracle,indexed,1,1,2,0,sqlalchemy,orm,q06s0,0,0.701615,1,ok,,client-side:900,1.07,217935,139750687601728,2026-09-06T15:42:46.872-05:00
c7b57a6cb758,campaign-sf1,mado,tpch,Q06,Simple,oracle,indexed,1,1,2,1,sqlalchemy,sql,q06s0,0,0.69607,1,ok,,client-side:900,1.07,217935,139750687601728,2026-09-06T15:42:47.568-05:00
c7b57a6cb758,campaign-sf1,mado,tpch,Q06,Simple,oracle,indexed,1,1,2,2,django,orm,q06s0,0,0.701841,1,ok,,client-side:900,1.07,217935,139750687601728,2026-09-06T15:42:48.270-05:00
c7b57a6cb758,campaign-sf1,mado,tpch,Q06,Simple,oracle,indexed,1,1,2,3,django,sql,q06s0,0,0.743956,1,ok,,client-side:900,1.07,217935,139750687601728,2026-09-06T15:42:49.014-05:00
c7b57a6cb758,campaign-sf1,mado,tpch,Q06,Simple,oracle,indexed,1,2,0,-1,django,sql,q06s1,2,0.742796,,ok,,client-side:900,1.07,217935,139750687601728,2026-09-06T15:42:49.762-05:00
c7b57a6cb758,campaign-sf1,mado,tpch,Q06,Simple,oracle,indexed,1,2,0,-1,django,orm,q06s1,2,0.701202,,ok,,client-side:900,1.07,217935,139750687601728,2026-09-06T15:42:50.463-05:00
c7b57a6cb758,campaign-sf1,mado,tpch,Q06,Simple,oracle,indexed,1,2,0,-1,sqlalchemy,sql,q06s1,2,0.692526,,ok,,client-side:900,1.06,217935,139750687601728,2026-09-06T15:42:51.156-05:00
c7b57a6cb758,campaign-sf1,mado,tpch,Q06,Simple,oracle,indexed,1,2,0,-1,sqlalchemy,orm,q06s1,2,0.697688,,ok,,client-side:900,1.06,217935,139750687601728,2026-09-06T15:42:51.853-05:00
c7b57a6cb758,campaign-sf1,mado,tpch,Q06,Simple,oracle,indexed,1,2,0,0,django,sql,q06s1,0,0.745795,1,ok,,client-side:900,1.06,217935,139750687601728,2026-09-06T15:42:52.599-05:00
c7b57a6cb758,campaign-sf1,mado,tpch,Q06,Simple,oracle,indexed,1,2,0,1,django,orm,q06s1,0,0.697849,1,ok,,client-side:900,1.06,217935,139750687601728,2026-09-06T15:42:53.297-05:00
c7b57a6cb758,campaign-sf1,mado,tpch,Q06,Simple,oracle,indexed,1,2,0,2,sqlalchemy,sql,q06s1,0,0.696987,1,ok,,client-side:900,1.06,217935,139750687601728,2026-09-06T15:42:53.994-05:00
c7b57a6cb758,campaign-sf1,mado,tpch,Q06,Simple,oracle,indexed,1,2,0,3,sqlalchemy,orm,q06s1,0,0.697082,1,ok,,client-side:900,1.06,217935,139750687601728,2026-09-06T15:42:54.692-05:00
c7b57a6cb758,campaign-sf1,mado,tpch,Q06,Simple,oracle,indexed,1,3,1,-1,django,sql,q06s2,2,0.740871,,ok,,client-side:900,1.06,217935,139750687601728,2026-09-06T15:42:55.438-05:00
c7b57a6cb758,campaign-sf1,mado,tpch,Q06,Simple,oracle,indexed,1,3,1,-1,django,orm,q06s2,2,0.696935,,ok,,client-side:900,1.06,217935,139750687601728,2026-09-06T15:42:56.135-05:00
c7b57a6cb758,campaign-sf1,mado,tpch,Q06,Simple,oracle,indexed,1,3,1,-1,sqlalchemy,sql,q06s2,2,0.691491,,ok,,client-side:900,1.06,217935,139750687601728,2026-09-06T15:42:56.826-05:00
c7b57a6cb758,campaign-sf1,mado,tpch,Q06,Simple,oracle,indexed,1,3,1,-1,sqlalchemy,orm,q06s2,2,0.696481,,ok,,client-side:900,1.06,217935,139750687601728,2026-09-06T15:42:57.523-05:00
c7b57a6cb758,campaign-sf1,mado,tpch,Q06,Simple,oracle,indexed,1,3,1,0,django,orm,q06s2,0,0.696737,1,ok,,client-side:900,1.06,217935,139750687601728,2026-09-06T15:42:58.220-05:00
c7b57a6cb758,campaign-sf1,mado,tpch,Q06,Simple,oracle,indexed,1,3,1,1,sqlalchemy,orm,q06s2,0,0.69397,1,ok,,client-side:900,1.06,217935,139750687601728,2026-09-06T15:42:58.914-05:00
c7b57a6cb758,campaign-sf1,mado,tpch,Q06,Simple,oracle,indexed,1,3,1,2,django,sql,q06s2,0,0.739976,1,ok,,client-side:900,1.06,217935,139750687601728,2026-09-06T15:42:59.654-05:00
c7b57a6cb758,campaign-sf1,mado,tpch,Q06,Simple,oracle,indexed,1,3,1,3,sqlalchemy,sql,q06s2,0,0.70043,1,ok,,client-side:900,1.06,217935,139750687601728,2026-09-06T15:43:00.354-05:00
c7b57a6cb758,campaign-sf1,mado,tpch,Q06,Simple,oracle,indexed,1,4,3,-1,django,sql,q06s3,2,0.750146,,ok,,client-side:900,1.06,217935,139750687601728,2026-09-06T15:43:01.109-05:00
c7b57a6cb758,campaign-sf1,mado,tpch,Q06,Simple,oracle,indexed,1,4,3,-1,django,orm,q06s3,2,0.704645,,ok,,client-side:900,1.05,217935,139750687601728,2026-09-06T15:43:01.814-05:00
c7b57a6cb758,campaign-sf1,mado,tpch,Q06,Simple,oracle,indexed,1,4,3,-1,sqlalchemy,sql,q06s3,2,0.702062,,ok,,client-side:900,1.05,217935,139750687601728,2026-09-06T15:43:02.516-05:00
c7b57a6cb758,campaign-sf1,mado,tpch,Q06,Simple,oracle,indexed,1,4,3,-1,sqlalchemy,orm,q06s3,2,0.705198,,ok,,client-side:900,1.05,217935,139750687601728,2026-09-06T15:43:03.221-05:00
c7b57a6cb758,campaign-sf1,mado,tpch,Q06,Simple,oracle,indexed,1,4,3,0,sqlalchemy,sql,q06s3,0,0.702087,1,ok,,client-side:900,1.05,217935,139750687601728,2026-09-06T15:43:03.923-05:00
c7b57a6cb758,campaign-sf1,mado,tpch,Q06,Simple,oracle,indexed,1,4,3,1,django,sql,q06s3,0,0.748398,1,ok,,client-side:900,1.05,217935,139750687601728,2026-09-06T15:43:04.672-05:00
c7b57a6cb758,campaign-sf1,mado,tpch,Q06,Simple,oracle,indexed,1,4,3,2,sqlalchemy,orm,q06s3,0,0.706461,1,ok,,client-side:900,1.05,217935,139750687601728,2026-09-06T15:43:05.379-05:00
c7b57a6cb758,campaign-sf1,mado,tpch,Q06,Simple,oracle,indexed,1,4,3,3,django,orm,q06s3,0,0.706415,1,ok,,client-side:900,1.05,217935,139750687601728,2026-09-06T15:43:06.085-05:00
c7b57a6cb758,campaign-sf1,mado,tpch,Q06,Simple,oracle,indexed,1,5,1,-1,django,sql,q06s4,2,0.727806,,ok,,client-side:900,1.05,217935,139750687601728,2026-09-06T15:43:06.816-05:00
c7b57a6cb758,campaign-sf1,mado,tpch,Q06,Simple,oracle,indexed,1,5,1,-1,django,orm,q06s4,2,0.693305,,ok,,client-side:900,1.05,217935,139750687601728,2026-09-06T15:43:07.510-05:00
c7b57a6cb758,campaign-sf1,mado,tpch,Q06,Simple,oracle,indexed,1,5,1,-1,sqlalchemy,sql,q06s4,2,0.684539,,ok,,client-side:900,1.05,217935,139750687601728,2026-09-06T15:43:08.194-05:00
c7b57a6cb758,campaign-sf1,mado,tpch,Q06,Simple,oracle,indexed,1,5,1,-1,sqlalchemy,orm,q06s4,2,0.694468,,ok,,client-side:900,1.05,217935,139750687601728,2026-09-06T15:43:08.889-05:00
c7b57a6cb758,campaign-sf1,mado,tpch,Q06,Simple,oracle,indexed,1,5,1,0,django,orm,q06s4,0,0.691971,1,ok,,client-side:900,1.05,217935,139750687601728,2026-09-06T15:43:09.581-05:00
c7b57a6cb758,campaign-sf1,mado,tpch,Q06,Simple,oracle,indexed,1,5,1,1,sqlalchemy,orm,q06s4,0,0.691416,1,ok,,client-side:900,1.05,217935,139750687601728,2026-09-06T15:43:10.272-05:00
c7b57a6cb758,campaign-sf1,mado,tpch,Q06,Simple,oracle,indexed,1,5,1,2,django,sql,q06s4,0,0.730533,1,ok,,client-side:900,1.05,217935,139750687601728,2026-09-06T15:43:11.003-05:00
c7b57a6cb758,campaign-sf1,mado,tpch,Q06,Simple,oracle,indexed,1,5,1,3,sqlalchemy,sql,q06s4,0,0.688658,1,ok,,client-side:900,1.04,217935,139750687601728,2026-09-06T15:43:11.692-05:00
c7b57a6cb758,campaign-sf1,mado,tpch,Q06,Simple,oracle,indexed,1,6,3,-1,django,sql,q06s5,2,0.707056,,ok,,client-side:900,1.04,217935,139750687601728,2026-09-06T15:43:12.406-05:00
c7b57a6cb758,campaign-sf1,mado,tpch,Q06,Simple,oracle,indexed,1,6,3,-1,django,orm,q06s5,2,0.67915,,ok,,client-side:900,1.04,217935,139750687601728,2026-09-06T15:43:13.085-05:00
c7b57a6cb758,campaign-sf1,mado,tpch,Q06,Simple,oracle,indexed,1,6,3,-1,sqlalchemy,sql,q06s5,2,0.671175,,ok,,client-side:900,1.04,217935,139750687601728,2026-09-06T15:43:13.757-05:00
c7b57a6cb758,campaign-sf1,mado,tpch,Q06,Simple,oracle,indexed,1,6,3,-1,sqlalchemy,orm,q06s5,2,0.686802,,ok,,client-side:900,1.04,217935,139750687601728,2026-09-06T15:43:14.443-05:00
c7b57a6cb758,campaign-sf1,mado,tpch,Q06,Simple,oracle,indexed,1,6,3,0,sqlalchemy,sql,q06s5,0,0.673845,1,ok,,client-side:900,1.04,217935,139750687601728,2026-09-06T15:43:15.117-05:00
c7b57a6cb758,campaign-sf1,mado,tpch,Q06,Simple,oracle,indexed,1,6,3,1,django,sql,q06s5,0,0.706263,1,ok,,client-side:900,1.04,217935,139750687601728,2026-09-06T15:43:15.824-05:00
c7b57a6cb758,campaign-sf1,mado,tpch,Q06,Simple,oracle,indexed,1,6,3,2,sqlalchemy,orm,q06s5,0,0.679046,1,ok,,client-side:900,1.04,217935,139750687601728,2026-09-06T15:43:16.503-05:00
c7b57a6cb758,campaign-sf1,mado,tpch,Q06,Simple,oracle,indexed,1,6,3,3,django,orm,q06s5,0,0.678514,1,ok,,client-side:900,1.04,217935,139750687601728,2026-09-06T15:43:17.182-05:00
c7b57a6cb758,campaign-sf1,mado,tpch,Q06,Simple,oracle,indexed,1,7,2,-1,django,sql,q06s6,2,0.749076,,ok,,client-side:900,1.04,217935,139750687601728,2026-09-06T15:43:17.936-05:00
c7b57a6cb758,campaign-sf1,mado,tpch,Q06,Simple,oracle,indexed,1,7,2,-1,django,orm,q06s6,2,0.704472,,ok,,client-side:900,1.04,217935,139750687601728,2026-09-06T15:43:18.640-05:00
c7b57a6cb758,campaign-sf1,mado,tpch,Q06,Simple,oracle,indexed,1,7,2,-1,sqlalchemy,sql,q06s6,2,0.701909,,ok,,client-side:900,1.04,217935,139750687601728,2026-09-06T15:43:19.342-05:00
c7b57a6cb758,campaign-sf1,mado,tpch,Q06,Simple,oracle,indexed,1,7,2,-1,sqlalchemy,orm,q06s6,2,0.705362,,ok,,client-side:900,1.04,217935,139750687601728,2026-09-06T15:43:20.048-05:00
c7b57a6cb758,campaign-sf1,mado,tpch,Q06,Simple,oracle,indexed,1,7,2,0,sqlalchemy,orm,q06s6,0,0.708438,1,ok,,client-side:900,1.04,217935,139750687601728,2026-09-06T15:43:20.756-05:00
c7b57a6cb758,campaign-sf1,mado,tpch,Q06,Simple,oracle,indexed,1,7,2,1,sqlalchemy,sql,q06s6,0,0.700294,1,ok,,client-side:900,1.04,217935,139750687601728,2026-09-06T15:43:21.456-05:00
c7b57a6cb758,campaign-sf1,mado,tpch,Q06,Simple,oracle,indexed,1,7,2,2,django,orm,q06s6,0,0.70681,1,ok,,client-side:900,1.04,217935,139750687601728,2026-09-06T15:43:22.163-05:00
c7b57a6cb758,campaign-sf1,mado,tpch,Q06,Simple,oracle,indexed,1,7,2,3,django,sql,q06s6,0,0.746908,1,ok,,client-side:900,1.04,217935,139750687601728,2026-09-06T15:43:22.910-05:00
c7b57a6cb758,campaign-sf1,mado,tpch,Q06,Simple,oracle,indexed,1,8,0,-1,django,sql,q06s7,2,0.738531,,ok,,client-side:900,1.04,217935,139750687601728,2026-09-06T15:43:23.654-05:00
c7b57a6cb758,campaign-sf1,mado,tpch,Q06,Simple,oracle,indexed,1,8,0,-1,django,orm,q06s7,2,0.689954,,ok,,client-side:900,1.04,217935,139750687601728,2026-09-06T15:43:24.344-05:00
c7b57a6cb758,campaign-sf1,mado,tpch,Q06,Simple,oracle,indexed,1,8,0,-1,sqlalchemy,sql,q06s7,2,0.685083,,ok,,client-side:900,1.04,217935,139750687601728,2026-09-06T15:43:25.029-05:00
c7b57a6cb758,campaign-sf1,mado,tpch,Q06,Simple,oracle,indexed,1,8,0,-1,sqlalchemy,orm,q06s7,2,0.688295,,ok,,client-side:900,1.04,217935,139750687601728,2026-09-06T15:43:25.717-05:00
c7b57a6cb758,campaign-sf1,mado,tpch,Q06,Simple,oracle,indexed,1,8,0,0,django,sql,q06s7,0,0.734823,1,ok,,client-side:900,1.03,217935,139750687601728,2026-09-06T15:43:26.452-05:00
c7b57a6cb758,campaign-sf1,mado,tpch,Q06,Simple,oracle,indexed,1,8,0,1,django,orm,q06s7,0,0.688086,1,ok,,client-side:900,1.03,217935,139750687601728,2026-09-06T15:43:27.140-05:00
c7b57a6cb758,campaign-sf1,mado,tpch,Q06,Simple,oracle,indexed,1,8,0,2,sqlalchemy,sql,q06s7,0,0.684894,1,ok,,client-side:900,1.03,217935,139750687601728,2026-09-06T15:43:27.825-05:00
c7b57a6cb758,campaign-sf1,mado,tpch,Q06,Simple,oracle,indexed,1,8,0,3,sqlalchemy,orm,q06s7,0,0.688429,1,ok,,client-side:900,1.03,217935,139750687601728,2026-09-06T15:43:28.514-05:00
ebebc55aaa4a,campaign-sf1,mado,tpch,Q07,Complex,oracle,indexed,1,0,3,0,sqlalchemy,sql,q07warm,1,2.036443,4,ok,,client-side:900,1.03,217943,127035020400720,2026-09-06T15:43:31.752-05:00
ebebc55aaa4a,campaign-sf1,mado,tpch,Q07,Complex,oracle,indexed,1,0,3,1,django,sql,q07warm,1,2.005603,4,ok,,client-side:900,1.03,217943,127035020400720,2026-09-06T15:43:33.758-05:00
ebebc55aaa4a,campaign-sf1,mado,tpch,Q07,Complex,oracle,indexed,1,0,3,2,sqlalchemy,orm,q07warm,1,1.4191,4,ok,,client-side:900,1.03,217943,127035020400720,2026-09-06T15:43:35.177-05:00
ebebc55aaa4a,campaign-sf1,mado,tpch,Q07,Complex,oracle,indexed,1,0,3,3,django,orm,q07warm,1,1.374449,4,ok,,client-side:900,1.03,217943,127035020400720,2026-09-06T15:43:36.551-05:00
ebebc55aaa4a,campaign-sf1,mado,tpch,Q07,Complex,oracle,indexed,1,1,3,-1,django,sql,q07s0,2,1.361693,,ok,,client-side:900,1.03,217943,127035020400720,2026-09-06T15:43:37.918-05:00
ebebc55aaa4a,campaign-sf1,mado,tpch,Q07,Complex,oracle,indexed,1,1,3,-1,django,orm,q07s0,2,1.272529,,ok,,client-side:900,1.03,217943,127035020400720,2026-09-06T15:43:39.190-05:00
ebebc55aaa4a,campaign-sf1,mado,tpch,Q07,Complex,oracle,indexed,1,1,3,-1,sqlalchemy,sql,q07s0,2,1.367305,,ok,,client-side:900,1.03,217943,127035020400720,2026-09-06T15:43:40.558-05:00
ebebc55aaa4a,campaign-sf1,mado,tpch,Q07,Complex,oracle,indexed,1,1,3,-1,sqlalchemy,orm,q07s0,2,1.275764,,ok,,client-side:900,1.02,217943,127035020400720,2026-09-06T15:43:41.834-05:00
ebebc55aaa4a,campaign-sf1,mado,tpch,Q07,Complex,oracle,indexed,1,1,3,0,sqlalchemy,sql,q07s0,0,1.272336,4,ok,,client-side:900,1.02,217943,127035020400720,2026-09-06T15:43:43.106-05:00
ebebc55aaa4a,campaign-sf1,mado,tpch,Q07,Complex,oracle,indexed,1,1,3,1,django,sql,q07s0,0,1.26356,4,ok,,client-side:900,1.02,217943,127035020400720,2026-09-06T15:43:44.370-05:00
ebebc55aaa4a,campaign-sf1,mado,tpch,Q07,Complex,oracle,indexed,1,1,3,2,sqlalchemy,orm,q07s0,0,1.278809,4,ok,,client-side:900,1.02,217943,127035020400720,2026-09-06T15:43:45.648-05:00
ebebc55aaa4a,campaign-sf1,mado,tpch,Q07,Complex,oracle,indexed,1,1,3,3,django,orm,q07s0,0,1.269029,4,ok,,client-side:900,1.02,217943,127035020400720,2026-09-06T15:43:46.918-05:00
ebebc55aaa4a,campaign-sf1,mado,tpch,Q07,Complex,oracle,indexed,1,2,1,-1,django,sql,q07s1,2,1.368462,,ok,,client-side:900,1.02,217943,127035020400720,2026-09-06T15:43:48.291-05:00
ebebc55aaa4a,campaign-sf1,mado,tpch,Q07,Complex,oracle,indexed,1,2,1,-1,django,orm,q07s1,2,1.407274,,ok,,client-side:900,1.02,217943,127035020400720,2026-09-06T15:43:49.698-05:00
ebebc55aaa4a,campaign-sf1,mado,tpch,Q07,Complex,oracle,indexed,1,2,1,-1,sqlalchemy,sql,q07s1,2,1.412115,,ok,,client-side:900,1.02,217943,127035020400720,2026-09-06T15:43:51.110-05:00
ebebc55aaa4a,campaign-sf1,mado,tpch,Q07,Complex,oracle,indexed,1,2,1,-1,sqlalchemy,orm,q07s1,2,1.408331,,ok,,client-side:900,1.1,217943,127035020400720,2026-09-06T15:43:52.519-05:00
ebebc55aaa4a,campaign-sf1,mado,tpch,Q07,Complex,oracle,indexed,1,2,1,0,django,orm,q07s1,0,1.280043,4,ok,,client-side:900,1.1,217943,127035020400720,2026-09-06T15:43:53.799-05:00
ebebc55aaa4a,campaign-sf1,mado,tpch,Q07,Complex,oracle,indexed,1,2,1,1,sqlalchemy,orm,q07s1,0,1.277231,4,ok,,client-side:900,1.1,217943,127035020400720,2026-09-06T15:43:55.076-05:00
ebebc55aaa4a,campaign-sf1,mado,tpch,Q07,Complex,oracle,indexed,1,2,1,2,django,sql,q07s1,0,1.26544,4,ok,,client-side:900,1.09,217943,127035020400720,2026-09-06T15:43:56.342-05:00
ebebc55aaa4a,campaign-sf1,mado,tpch,Q07,Complex,oracle,indexed,1,2,1,3,sqlalchemy,sql,q07s1,0,1.274507,4,ok,,client-side:900,1.09,217943,127035020400720,2026-09-06T15:43:57.616-05:00
ebebc55aaa4a,campaign-sf1,mado,tpch,Q07,Complex,oracle,indexed,1,3,2,-1,django,sql,q07s2,2,1.349671,,ok,,client-side:900,1.09,217943,127035020400720,2026-09-06T15:43:58.970-05:00
ebebc55aaa4a,campaign-sf1,mado,tpch,Q07,Complex,oracle,indexed,1,3,2,-1,django,orm,q07s2,2,1.268736,,ok,,client-side:900,1.09,217943,127035020400720,2026-09-06T15:44:00.239-05:00
ebebc55aaa4a,campaign-sf1,mado,tpch,Q07,Complex,oracle,indexed,1,3,2,-1,sqlalchemy,sql,q07s2,2,1.355536,,ok,,client-side:900,1.08,217943,127035020400720,2026-09-06T15:44:01.595-05:00
ebebc55aaa4a,campaign-sf1,mado,tpch,Q07,Complex,oracle,indexed,1,3,2,-1,sqlalchemy,orm,q07s2,2,1.263046,,ok,,client-side:900,1.08,217943,127035020400720,2026-09-06T15:44:02.858-05:00
ebebc55aaa4a,campaign-sf1,mado,tpch,Q07,Complex,oracle,indexed,1,3,2,0,sqlalchemy,orm,q07s2,0,1.260585,4,ok,,client-side:900,1.08,217943,127035020400720,2026-09-06T15:44:04.119-05:00
ebebc55aaa4a,campaign-sf1,mado,tpch,Q07,Complex,oracle,indexed,1,3,2,1,sqlalchemy,sql,q07s2,0,1.256519,4,ok,,client-side:900,1.08,217943,127035020400720,2026-09-06T15:44:05.375-05:00
ebebc55aaa4a,campaign-sf1,mado,tpch,Q07,Complex,oracle,indexed,1,3,2,2,django,orm,q07s2,0,1.268118,4,ok,,client-side:900,1.08,217943,127035020400720,2026-09-06T15:44:06.644-05:00
ebebc55aaa4a,campaign-sf1,mado,tpch,Q07,Complex,oracle,indexed,1,3,2,3,django,sql,q07s2,0,1.260385,4,ok,,client-side:900,1.08,217943,127035020400720,2026-09-06T15:44:07.904-05:00
ebebc55aaa4a,campaign-sf1,mado,tpch,Q07,Complex,oracle,indexed,1,4,0,-1,django,sql,q07s3,2,1.364399,,ok,,client-side:900,1.08,217943,127035020400720,2026-09-06T15:44:09.273-05:00
ebebc55aaa4a,campaign-sf1,mado,tpch,Q07,Complex,oracle,indexed,1,4,0,-1,django,orm,q07s3,2,1.278081,,ok,,client-side:900,1.08,217943,127035020400720,2026-09-06T15:44:10.551-05:00
ebebc55aaa4a,campaign-sf1,mado,tpch,Q07,Complex,oracle,indexed,1,4,0,-1,sqlalchemy,sql,q07s3,2,1.35677,,ok,,client-side:900,1.07,217943,127035020400720,2026-09-06T15:44:11.908-05:00
ebebc55aaa4a,campaign-sf1,mado,tpch,Q07,Complex,oracle,indexed,1,4,0,-1,sqlalchemy,orm,q07s3,2,1.272829,,ok,,client-side:900,1.07,217943,127035020400720,2026-09-06T15:44:13.181-05:00
ebebc55aaa4a,campaign-sf1,mado,tpch,Q07,Complex,oracle,indexed,1,4,0,0,django,sql,q07s3,0,1.270327,4,ok,,client-side:900,1.07,217943,127035020400720,2026-09-06T15:44:14.451-05:00
ebebc55aaa4a,campaign-sf1,mado,tpch,Q07,Complex,oracle,indexed,1,4,0,1,django,orm,q07s3,0,1.274528,4,ok,,client-side:900,1.07,217943,127035020400720,2026-09-06T15:44:15.726-05:00
ebebc55aaa4a,campaign-sf1,mado,tpch,Q07,Complex,oracle,indexed,1,4,0,2,sqlalchemy,sql,q07s3,0,1.269014,4,ok,,client-side:900,1.07,217943,127035020400720,2026-09-06T15:44:16.995-05:00
ebebc55aaa4a,campaign-sf1,mado,tpch,Q07,Complex,oracle,indexed,1,4,0,3,sqlalchemy,orm,q07s3,0,1.271522,4,ok,,client-side:900,1.07,217943,127035020400720,2026-09-06T15:44:18.267-05:00
ebebc55aaa4a,campaign-sf1,mado,tpch,Q07,Complex,oracle,indexed,1,5,3,-1,django,sql,q07s4,2,1.354983,,ok,,client-side:900,1.07,217943,127035020400720,2026-09-06T15:44:19.626-05:00
ebebc55aaa4a,campaign-sf1,mado,tpch,Q07,Complex,oracle,indexed,1,5,3,-1,django,orm,q07s4,2,1.266978,,ok,,client-side:900,1.07,217943,127035020400720,2026-09-06T15:44:20.894-05:00
ebebc55aaa4a,campaign-sf1,mado,tpch,Q07,Complex,oracle,indexed,1,5,3,-1,sqlalchemy,sql,q07s4,2,1.350808,,ok,,client-side:900,1.06,217943,127035020400720,2026-09-06T15:44:22.244-05:00
ebebc55aaa4a,campaign-sf1,mado,tpch,Q07,Complex,oracle,indexed,1,5,3,-1,sqlalchemy,orm,q07s4,2,1.260657,,ok,,client-side:900,1.06,217943,127035020400720,2026-09-06T15:44:23.505-05:00
ebebc55aaa4a,campaign-sf1,mado,tpch,Q07,Complex,oracle,indexed,1,5,3,0,sqlalchemy,sql,q07s4,0,1.265082,4,ok,,client-side:900,1.06,217943,127035020400720,2026-09-06T15:44:24.770-05:00
ebebc55aaa4a,campaign-sf1,mado,tpch,Q07,Complex,oracle,indexed,1,5,3,1,django,sql,q07s4,0,1.258739,4,ok,,client-side:900,1.06,217943,127035020400720,2026-09-06T15:44:26.029-05:00
ebebc55aaa4a,campaign-sf1,mado,tpch,Q07,Complex,oracle,indexed,1,5,3,2,sqlalchemy,orm,q07s4,0,1.2658,4,ok,,client-side:900,1.06,217943,127035020400720,2026-09-06T15:44:27.295-05:00
ebebc55aaa4a,campaign-sf1,mado,tpch,Q07,Complex,oracle,indexed,1,5,3,3,django,orm,q07s4,0,1.267238,4,ok,,client-side:900,1.06,217943,127035020400720,2026-09-06T15:44:28.562-05:00
ebebc55aaa4a,campaign-sf1,mado,tpch,Q07,Complex,oracle,indexed,1,6,0,-1,django,sql,q07s5,2,1.36284,,ok,,client-side:900,1.06,217943,127035020400720,2026-09-06T15:44:29.930-05:00
ebebc55aaa4a,campaign-sf1,mado,tpch,Q07,Complex,oracle,indexed,1,6,0,-1,django,orm,q07s5,2,1.275501,,ok,,client-side:900,1.05,217943,127035020400720,2026-09-06T15:44:31.206-05:00
ebebc55aaa4a,campaign-sf1,mado,tpch,Q07,Complex,oracle,indexed,1,6,0,-1,sqlalchemy,sql,q07s5,2,1.366097,,ok,,client-side:900,1.05,217943,127035020400720,2026-09-06T15:44:32.572-05:00
ebebc55aaa4a,campaign-sf1,mado,tpch,Q07,Complex,oracle,indexed,1,6,0,-1,sqlalchemy,orm,q07s5,2,1.276007,,ok,,client-side:900,1.05,217943,127035020400720,2026-09-06T15:44:33.848-05:00
ebebc55aaa4a,campaign-sf1,mado,tpch,Q07,Complex,oracle,indexed,1,6,0,0,django,sql,q07s5,0,1.268669,4,ok,,client-side:900,1.05,217943,127035020400720,2026-09-06T15:44:35.117-05:00
ebebc55aaa4a,campaign-sf1,mado,tpch,Q07,Complex,oracle,indexed,1,6,0,1,django,orm,q07s5,0,1.273625,4,ok,,client-side:900,1.05,217943,127035020400720,2026-09-06T15:44:36.390-05:00
ebebc55aaa4a,campaign-sf1,mado,tpch,Q07,Complex,oracle,indexed,1,6,0,2,sqlalchemy,sql,q07s5,0,1.271512,4,ok,,client-side:900,1.05,217943,127035020400720,2026-09-06T15:44:37.662-05:00
ebebc55aaa4a,campaign-sf1,mado,tpch,Q07,Complex,oracle,indexed,1,6,0,3,sqlalchemy,orm,q07s5,0,1.275479,4,ok,,client-side:900,1.05,217943,127035020400720,2026-09-06T15:44:38.938-05:00
ebebc55aaa4a,campaign-sf1,mado,tpch,Q07,Complex,oracle,indexed,1,7,2,-1,django,sql,q07s6,2,1.364164,,ok,,client-side:900,1.05,217943,127035020400720,2026-09-06T15:44:40.306-05:00
ebebc55aaa4a,campaign-sf1,mado,tpch,Q07,Complex,oracle,indexed,1,7,2,-1,django,orm,q07s6,2,1.275539,,ok,,client-side:900,1.04,217943,127035020400720,2026-09-06T15:44:41.582-05:00
ebebc55aaa4a,campaign-sf1,mado,tpch,Q07,Complex,oracle,indexed,1,7,2,-1,sqlalchemy,sql,q07s6,2,1.363479,,ok,,client-side:900,1.04,217943,127035020400720,2026-09-06T15:44:42.946-05:00
ebebc55aaa4a,campaign-sf1,mado,tpch,Q07,Complex,oracle,indexed,1,7,2,-1,sqlalchemy,orm,q07s6,2,1.277087,,ok,,client-side:900,1.04,217943,127035020400720,2026-09-06T15:44:44.223-05:00
ebebc55aaa4a,campaign-sf1,mado,tpch,Q07,Complex,oracle,indexed,1,7,2,0,sqlalchemy,orm,q07s6,0,1.272259,4,ok,,client-side:900,1.04,217943,127035020400720,2026-09-06T15:44:45.495-05:00
ebebc55aaa4a,campaign-sf1,mado,tpch,Q07,Complex,oracle,indexed,1,7,2,1,sqlalchemy,sql,q07s6,0,1.268336,4,ok,,client-side:900,1.04,217943,127035020400720,2026-09-06T15:44:46.764-05:00
ebebc55aaa4a,campaign-sf1,mado,tpch,Q07,Complex,oracle,indexed,1,7,2,2,django,orm,q07s6,0,1.278744,4,ok,,client-side:900,1.04,217943,127035020400720,2026-09-06T15:44:48.042-05:00
ebebc55aaa4a,campaign-sf1,mado,tpch,Q07,Complex,oracle,indexed,1,7,2,3,django,sql,q07s6,0,1.291979,4,ok,,client-side:900,1.04,217943,127035020400720,2026-09-06T15:44:49.334-05:00
ebebc55aaa4a,campaign-sf1,mado,tpch,Q07,Complex,oracle,indexed,1,8,1,-1,django,sql,q07s7,2,1.390724,,ok,,client-side:900,1.04,217943,127035020400720,2026-09-06T15:44:50.729-05:00
ebebc55aaa4a,campaign-sf1,mado,tpch,Q07,Complex,oracle,indexed,1,8,1,-1,django,orm,q07s7,2,1.282102,,ok,,client-side:900,1.04,217943,127035020400720,2026-09-06T15:44:52.011-05:00
ebebc55aaa4a,campaign-sf1,mado,tpch,Q07,Complex,oracle,indexed,1,8,1,-1,sqlalchemy,sql,q07s7,2,1.369666,,ok,,client-side:900,1.04,217943,127035020400720,2026-09-06T15:44:53.381-05:00
ebebc55aaa4a,campaign-sf1,mado,tpch,Q07,Complex,oracle,indexed,1,8,1,-1,sqlalchemy,orm,q07s7,2,1.348638,,ok,,client-side:900,1.04,217943,127035020400720,2026-09-06T15:44:54.729-05:00
ebebc55aaa4a,campaign-sf1,mado,tpch,Q07,Complex,oracle,indexed,1,8,1,0,django,orm,q07s7,0,1.337995,4,ok,,client-side:900,1.04,217943,127035020400720,2026-09-06T15:44:56.067-05:00
ebebc55aaa4a,campaign-sf1,mado,tpch,Q07,Complex,oracle,indexed,1,8,1,1,sqlalchemy,orm,q07s7,0,1.323861,4,ok,,client-side:900,1.19,217943,127035020400720,2026-09-06T15:44:57.391-05:00
ebebc55aaa4a,campaign-sf1,mado,tpch,Q07,Complex,oracle,indexed,1,8,1,2,django,sql,q07s7,0,1.283508,4,ok,,client-side:900,1.19,217943,127035020400720,2026-09-06T15:44:58.675-05:00
ebebc55aaa4a,campaign-sf1,mado,tpch,Q07,Complex,oracle,indexed,1,8,1,3,sqlalchemy,sql,q07s7,0,1.278515,4,ok,,client-side:900,1.19,217943,127035020400720,2026-09-06T15:44:59.953-05:00
58684e82cdc9,campaign-sf1,mado,tpch,Q08,Very Complex,oracle,indexed,1,0,3,0,sqlalchemy,sql,q08warm,1,1.895954,2,ok,,client-side:900,1.18,217974,125834542790128,2026-09-06T15:45:03.063-05:00
58684e82cdc9,campaign-sf1,mado,tpch,Q08,Very Complex,oracle,indexed,1,0,3,1,django,sql,q08warm,1,1.868516,2,ok,,client-side:900,1.18,217974,125834542790128,2026-09-06T15:45:04.932-05:00
58684e82cdc9,campaign-sf1,mado,tpch,Q08,Very Complex,oracle,indexed,1,0,3,2,sqlalchemy,orm,q08warm,1,1.217571,2,ok,,client-side:900,1.18,217974,125834542790128,2026-09-06T15:45:06.150-05:00
58684e82cdc9,campaign-sf1,mado,tpch,Q08,Very Complex,oracle,indexed,1,0,3,3,django,orm,q08warm,1,1.157708,2,ok,,client-side:900,1.16,217974,125834542790128,2026-09-06T15:45:07.307-05:00
58684e82cdc9,campaign-sf1,mado,tpch,Q08,Very Complex,oracle,indexed,1,1,3,-1,django,sql,q08s0,2,1.153546,,ok,,client-side:900,1.16,217974,125834542790128,2026-09-06T15:45:08.465-05:00
58684e82cdc9,campaign-sf1,mado,tpch,Q08,Very Complex,oracle,indexed,1,1,3,-1,django,orm,q08s0,2,1.135316,,ok,,client-side:900,1.16,217974,125834542790128,2026-09-06T15:45:09.601-05:00
58684e82cdc9,campaign-sf1,mado,tpch,Q08,Very Complex,oracle,indexed,1,1,3,-1,sqlalchemy,sql,q08s0,2,1.148564,,ok,,client-side:900,1.16,217974,125834542790128,2026-09-06T15:45:10.749-05:00
58684e82cdc9,campaign-sf1,mado,tpch,Q08,Very Complex,oracle,indexed,1,1,3,-1,sqlalchemy,orm,q08s0,2,1.131937,,ok,,client-side:900,1.15,217974,125834542790128,2026-09-06T15:45:11.881-05:00
58684e82cdc9,campaign-sf1,mado,tpch,Q08,Very Complex,oracle,indexed,1,1,3,0,sqlalchemy,sql,q08s0,0,1.129406,2,ok,,client-side:900,1.15,217974,125834542790128,2026-09-06T15:45:13.011-05:00
58684e82cdc9,campaign-sf1,mado,tpch,Q08,Very Complex,oracle,indexed,1,1,3,1,django,sql,q08s0,0,1.117785,2,ok,,client-side:900,1.15,217974,125834542790128,2026-09-06T15:45:14.129-05:00
58684e82cdc9,campaign-sf1,mado,tpch,Q08,Very Complex,oracle,indexed,1,1,3,2,sqlalchemy,orm,q08s0,0,1.12812,2,ok,,client-side:900,1.15,217974,125834542790128,2026-09-06T15:45:15.257-05:00
58684e82cdc9,campaign-sf1,mado,tpch,Q08,Very Complex,oracle,indexed,1,1,3,3,django,orm,q08s0,0,1.136335,2,ok,,client-side:900,1.14,217974,125834542790128,2026-09-06T15:45:16.394-05:00
58684e82cdc9,campaign-sf1,mado,tpch,Q08,Very Complex,oracle,indexed,1,2,0,-1,django,sql,q08s1,2,1.147839,,ok,,client-side:900,1.14,217974,125834542790128,2026-09-06T15:45:17.546-05:00
58684e82cdc9,campaign-sf1,mado,tpch,Q08,Very Complex,oracle,indexed,1,2,0,-1,django,orm,q08s1,2,1.125952,,ok,,client-side:900,1.14,217974,125834542790128,2026-09-06T15:45:18.672-05:00
58684e82cdc9,campaign-sf1,mado,tpch,Q08,Very Complex,oracle,indexed,1,2,0,-1,sqlalchemy,sql,q08s1,2,1.145888,,ok,,client-side:900,1.14,217974,125834542790128,2026-09-06T15:45:19.818-05:00
58684e82cdc9,campaign-sf1,mado,tpch,Q08,Very Complex,oracle,indexed,1,2,0,-1,sqlalchemy,orm,q08s1,2,1.12639,,ok,,client-side:900,1.14,217974,125834542790128,2026-09-06T15:45:20.944-05:00
58684e82cdc9,campaign-sf1,mado,tpch,Q08,Very Complex,oracle,indexed,1,2,0,0,django,sql,q08s1,0,1.129854,2,ok,,client-side:900,1.13,217974,125834542790128,2026-09-06T15:45:22.074-05:00
58684e82cdc9,campaign-sf1,mado,tpch,Q08,Very Complex,oracle,indexed,1,2,0,1,django,orm,q08s1,0,1.12731,2,ok,,client-side:900,1.13,217974,125834542790128,2026-09-06T15:45:23.202-05:00
58684e82cdc9,campaign-sf1,mado,tpch,Q08,Very Complex,oracle,indexed,1,2,0,2,sqlalchemy,sql,q08s1,0,1.141044,2,ok,,client-side:900,1.13,217974,125834542790128,2026-09-06T15:45:24.343-05:00
58684e82cdc9,campaign-sf1,mado,tpch,Q08,Very Complex,oracle,indexed,1,2,0,3,sqlalchemy,orm,q08s1,0,1.128943,2,ok,,client-side:900,1.13,217974,125834542790128,2026-09-06T15:45:25.472-05:00
58684e82cdc9,campaign-sf1,mado,tpch,Q08,Very Complex,oracle,indexed,1,3,2,-1,django,sql,q08s2,2,1.142858,,ok,,client-side:900,1.12,217974,125834542790128,2026-09-06T15:45:26.620-05:00
58684e82cdc9,campaign-sf1,mado,tpch,Q08,Very Complex,oracle,indexed,1,3,2,-1,django,orm,q08s2,2,1.122091,,ok,,client-side:900,1.12,217974,125834542790128,2026-09-06T15:45:27.742-05:00
58684e82cdc9,campaign-sf1,mado,tpch,Q08,Very Complex,oracle,indexed,1,3,2,-1,sqlalchemy,sql,q08s2,2,1.14821,,ok,,client-side:900,1.12,217974,125834542790128,2026-09-06T15:45:28.890-05:00
58684e82cdc9,campaign-sf1,mado,tpch,Q08,Very Complex,oracle,indexed,1,3,2,-1,sqlalchemy,orm,q08s2,2,1.127861,,ok,,client-side:900,1.12,217974,125834542790128,2026-09-06T15:45:30.018-05:00
58684e82cdc9,campaign-sf1,mado,tpch,Q08,Very Complex,oracle,indexed,1,3,2,0,sqlalchemy,orm,q08s2,0,1.126638,2,ok,,client-side:900,1.12,217974,125834542790128,2026-09-06T15:45:31.145-05:00
58684e82cdc9,campaign-sf1,mado,tpch,Q08,Very Complex,oracle,indexed,1,3,2,1,sqlalchemy,sql,q08s2,0,1.124406,2,ok,,client-side:900,1.11,217974,125834542790128,2026-09-06T15:45:32.269-05:00
58684e82cdc9,campaign-sf1,mado,tpch,Q08,Very Complex,oracle,indexed,1,3,2,2,django,orm,q08s2,0,1.127413,2,ok,,client-side:900,1.11,217974,125834542790128,2026-09-06T15:45:33.397-05:00
58684e82cdc9,campaign-sf1,mado,tpch,Q08,Very Complex,oracle,indexed,1,3,2,3,django,sql,q08s2,0,1.123518,2,ok,,client-side:900,1.11,217974,125834542790128,2026-09-06T15:45:34.521-05:00
58684e82cdc9,campaign-sf1,mado,tpch,Q08,Very Complex,oracle,indexed,1,4,1,-1,django,sql,q08s3,2,1.141432,,ok,,client-side:900,1.11,217974,125834542790128,2026-09-06T15:45:35.676-05:00
58684e82cdc9,campaign-sf1,mado,tpch,Q08,Very Complex,oracle,indexed,1,4,1,-1,django,orm,q08s3,2,1.144626,,ok,,client-side:900,1.1,217974,125834542790128,2026-09-06T15:45:36.820-05:00
58684e82cdc9,campaign-sf1,mado,tpch,Q08,Very Complex,oracle,indexed,1,4,1,-1,sqlalchemy,sql,q08s3,2,1.143445,,ok,,client-side:900,1.1,217974,125834542790128,2026-09-06T15:45:37.964-05:00
58684e82cdc9,campaign-sf1,mado,tpch,Q08,Very Complex,oracle,indexed,1,4,1,-1,sqlalchemy,orm,q08s3,2,1.143798,,ok,,client-side:900,1.1,217974,125834542790128,2026-09-06T15:45:39.108-05:00
58684e82cdc9,campaign-sf1,mado,tpch,Q08,Very Complex,oracle,indexed,1,4,1,0,django,orm,q08s3,0,1.119227,2,ok,,client-side:900,1.1,217974,125834542790128,2026-09-06T15:45:40.227-05:00
58684e82cdc9,campaign-sf1,mado,tpch,Q08,Very Complex,oracle,indexed,1,4,1,1,sqlalchemy,orm,q08s3,0,1.119598,2,ok,,client-side:900,1.09,217974,125834542790128,2026-09-06T15:45:41.347-05:00
58684e82cdc9,campaign-sf1,mado,tpch,Q08,Very Complex,oracle,indexed,1,4,1,2,django,sql,q08s3,0,1.120939,2,ok,,client-side:900,1.09,217974,125834542790128,2026-09-06T15:45:42.468-05:00
58684e82cdc9,campaign-sf1,mado,tpch,Q08,Very Complex,oracle,indexed,1,4,1,3,sqlalchemy,sql,q08s3,0,1.125054,2,ok,,client-side:900,1.09,217974,125834542790128,2026-09-06T15:45:43.593-05:00
58684e82cdc9,campaign-sf1,mado,tpch,Q08,Very Complex,oracle,indexed,1,5,2,-1,django,sql,q08s4,2,1.148175,,ok,,client-side:900,1.09,217974,125834542790128,2026-09-06T15:45:44.746-05:00
58684e82cdc9,campaign-sf1,mado,tpch,Q08,Very Complex,oracle,indexed,1,5,2,-1,django,orm,q08s4,2,1.124114,,ok,,client-side:900,1.09,217974,125834542790128,2026-09-06T15:45:45.870-05:00
58684e82cdc9,campaign-sf1,mado,tpch,Q08,Very Complex,oracle,indexed,1,5,2,-1,sqlalchemy,sql,q08s4,2,1.146542,,ok,,client-side:900,1.08,217974,125834542790128,2026-09-06T15:45:47.016-05:00
58684e82cdc9,campaign-sf1,mado,tpch,Q08,Very Complex,oracle,indexed,1,5,2,-1,sqlalchemy,orm,q08s4,2,1.125772,,ok,,client-side:900,1.08,217974,125834542790128,2026-09-06T15:45:48.142-05:00
58684e82cdc9,campaign-sf1,mado,tpch,Q08,Very Complex,oracle,indexed,1,5,2,0,sqlalchemy,orm,q08s4,0,1.123284,2,ok,,client-side:900,1.08,217974,125834542790128,2026-09-06T15:45:49.266-05:00
58684e82cdc9,campaign-sf1,mado,tpch,Q08,Very Complex,oracle,indexed,1,5,2,1,sqlalchemy,sql,q08s4,0,1.127567,2,ok,,client-side:900,1.08,217974,125834542790128,2026-09-06T15:45:50.393-05:00
58684e82cdc9,campaign-sf1,mado,tpch,Q08,Very Complex,oracle,indexed,1,5,2,2,django,orm,q08s4,0,1.131559,2,ok,,client-side:900,1.08,217974,125834542790128,2026-09-06T15:45:51.525-05:00
58684e82cdc9,campaign-sf1,mado,tpch,Q08,Very Complex,oracle,indexed,1,5,2,3,django,sql,q08s4,0,1.124157,2,ok,,client-side:900,1.08,217974,125834542790128,2026-09-06T15:45:52.649-05:00
58684e82cdc9,campaign-sf1,mado,tpch,Q08,Very Complex,oracle,indexed,1,6,1,-1,django,sql,q08s5,2,1.145411,,ok,,client-side:900,1.08,217974,125834542790128,2026-09-06T15:45:53.799-05:00
58684e82cdc9,campaign-sf1,mado,tpch,Q08,Very Complex,oracle,indexed,1,6,1,-1,django,orm,q08s5,2,1.144178,,ok,,client-side:900,1.08,217974,125834542790128,2026-09-06T15:45:54.943-05:00
58684e82cdc9,campaign-sf1,mado,tpch,Q08,Very Complex,oracle,indexed,1,6,1,-1,sqlalchemy,sql,q08s5,2,1.187845,,ok,,client-side:900,1.08,217974,125834542790128,2026-09-06T15:45:56.131-05:00
58684e82cdc9,campaign-sf1,mado,tpch,Q08,Very Complex,oracle,indexed,1,6,1,-1,sqlalchemy,orm,q08s5,2,1.163284,,ok,,client-side:900,1.15,217974,125834542790128,2026-09-06T15:45:57.295-05:00
58684e82cdc9,campaign-sf1,mado,tpch,Q08,Very Complex,oracle,indexed,1,6,1,0,django,orm,q08s5,0,1.150934,2,ok,,client-side:900,1.15,217974,125834542790128,2026-09-06T15:45:58.446-05:00
58684e82cdc9,campaign-sf1,mado,tpch,Q08,Very Complex,oracle,indexed,1,6,1,1,sqlalchemy,orm,q08s5,0,1.128886,2,ok,,client-side:900,1.15,217974,125834542790128,2026-09-06T15:45:59.575-05:00
58684e82cdc9,campaign-sf1,mado,tpch,Q08,Very Complex,oracle,indexed,1,6,1,2,django,sql,q08s5,0,1.13105,2,ok,,client-side:900,1.15,217974,125834542790128,2026-09-06T15:46:00.706-05:00
58684e82cdc9,campaign-sf1,mado,tpch,Q08,Very Complex,oracle,indexed,1,6,1,3,sqlalchemy,sql,q08s5,0,1.128803,2,ok,,client-side:900,1.14,217974,125834542790128,2026-09-06T15:46:01.835-05:00
58684e82cdc9,campaign-sf1,mado,tpch,Q08,Very Complex,oracle,indexed,1,7,3,-1,django,sql,q08s6,2,1.144874,,ok,,client-side:900,1.14,217974,125834542790128,2026-09-06T15:46:02.984-05:00
58684e82cdc9,campaign-sf1,mado,tpch,Q08,Very Complex,oracle,indexed,1,7,3,-1,django,orm,q08s6,2,1.14739,,ok,,client-side:900,1.14,217974,125834542790128,2026-09-06T15:46:04.132-05:00
58684e82cdc9,campaign-sf1,mado,tpch,Q08,Very Complex,oracle,indexed,1,7,3,-1,sqlalchemy,sql,q08s6,2,1.148592,,ok,,client-side:900,1.14,217974,125834542790128,2026-09-06T15:46:05.281-05:00
58684e82cdc9,campaign-sf1,mado,tpch,Q08,Very Complex,oracle,indexed,1,7,3,-1,sqlalchemy,orm,q08s6,2,1.147694,,ok,,client-side:900,1.13,217974,125834542790128,2026-09-06T15:46:06.428-05:00
58684e82cdc9,campaign-sf1,mado,tpch,Q08,Very Complex,oracle,indexed,1,7,3,0,sqlalchemy,sql,q08s6,0,1.124558,2,ok,,client-side:900,1.13,217974,125834542790128,2026-09-06T15:46:07.553-05:00
58684e82cdc9,campaign-sf1,mado,tpch,Q08,Very Complex,oracle,indexed,1,7,3,1,django,sql,q08s6,0,1.12316,2,ok,,client-side:900,1.13,217974,125834542790128,2026-09-06T15:46:08.676-05:00
58684e82cdc9,campaign-sf1,mado,tpch,Q08,Very Complex,oracle,indexed,1,7,3,2,sqlalchemy,orm,q08s6,0,1.127744,2,ok,,client-side:900,1.13,217974,125834542790128,2026-09-06T15:46:09.804-05:00
58684e82cdc9,campaign-sf1,mado,tpch,Q08,Very Complex,oracle,indexed,1,7,3,3,django,orm,q08s6,0,1.131747,2,ok,,client-side:900,1.13,217974,125834542790128,2026-09-06T15:46:10.936-05:00
58684e82cdc9,campaign-sf1,mado,tpch,Q08,Very Complex,oracle,indexed,1,8,0,-1,django,sql,q08s7,2,1.160504,,ok,,client-side:900,1.28,217974,125834542790128,2026-09-06T15:46:12.101-05:00
58684e82cdc9,campaign-sf1,mado,tpch,Q08,Very Complex,oracle,indexed,1,8,0,-1,django,orm,q08s7,2,1.126044,,ok,,client-side:900,1.28,217974,125834542790128,2026-09-06T15:46:13.227-05:00
58684e82cdc9,campaign-sf1,mado,tpch,Q08,Very Complex,oracle,indexed,1,8,0,-1,sqlalchemy,sql,q08s7,2,1.152684,,ok,,client-side:900,1.28,217974,125834542790128,2026-09-06T15:46:14.380-05:00
58684e82cdc9,campaign-sf1,mado,tpch,Q08,Very Complex,oracle,indexed,1,8,0,-1,sqlalchemy,orm,q08s7,2,1.130838,,ok,,client-side:900,1.28,217974,125834542790128,2026-09-06T15:46:15.511-05:00
58684e82cdc9,campaign-sf1,mado,tpch,Q08,Very Complex,oracle,indexed,1,8,0,0,django,sql,q08s7,0,1.124831,2,ok,,client-side:900,1.25,217974,125834542790128,2026-09-06T15:46:16.636-05:00
58684e82cdc9,campaign-sf1,mado,tpch,Q08,Very Complex,oracle,indexed,1,8,0,1,django,orm,q08s7,0,1.126816,2,ok,,client-side:900,1.25,217974,125834542790128,2026-09-06T15:46:17.763-05:00
58684e82cdc9,campaign-sf1,mado,tpch,Q08,Very Complex,oracle,indexed,1,8,0,2,sqlalchemy,sql,q08s7,0,1.128772,2,ok,,client-side:900,1.25,217974,125834542790128,2026-09-06T15:46:18.892-05:00
58684e82cdc9,campaign-sf1,mado,tpch,Q08,Very Complex,oracle,indexed,1,8,0,3,sqlalchemy,orm,q08s7,0,1.13365,2,ok,,client-side:900,1.25,217974,125834542790128,2026-09-06T15:46:20.025-05:00
066ea116929b,campaign-sf1,mado,tpch,Q09,Very Complex,oracle,indexed,1,0,0,0,django,sql,q09warm,1,3.033321,175,ok,,client-side:900,1.23,218003,131420495435616,2026-09-06T15:46:24.257-05:00
066ea116929b,campaign-sf1,mado,tpch,Q09,Very Complex,oracle,indexed,1,0,0,1,django,orm,q09warm,1,4.627371,175,ok,,client-side:900,1.21,218003,131420495435616,2026-09-06T15:46:28.885-05:00
066ea116929b,campaign-sf1,mado,tpch,Q09,Very Complex,oracle,indexed,1,0,0,2,sqlalchemy,sql,q09warm,1,3.094295,175,ok,,client-side:900,1.2,218003,131420495435616,2026-09-06T15:46:31.979-05:00
066ea116929b,campaign-sf1,mado,tpch,Q09,Very Complex,oracle,indexed,1,0,0,3,sqlalchemy,orm,q09warm,1,2.49065,175,ok,,client-side:900,1.2,218003,131420495435616,2026-09-06T15:46:34.470-05:00
066ea116929b,campaign-sf1,mado,tpch,Q09,Very Complex,oracle,indexed,1,1,0,-1,django,sql,q09s0,2,2.366292,,ok,,client-side:900,1.18,218003,131420495435616,2026-09-06T15:46:36.841-05:00
066ea116929b,campaign-sf1,mado,tpch,Q09,Very Complex,oracle,indexed,1,1,0,-1,django,orm,q09s0,2,3.84979,,ok,,client-side:900,1.18,218003,131420495435616,2026-09-06T15:46:40.691-05:00
066ea116929b,campaign-sf1,mado,tpch,Q09,Very Complex,oracle,indexed,1,1,0,-1,sqlalchemy,sql,q09s0,2,2.700326,,ok,,client-side:900,1.17,218003,131420495435616,2026-09-06T15:46:43.391-05:00
066ea116929b,campaign-sf1,mado,tpch,Q09,Very Complex,oracle,indexed,1,1,0,-1,sqlalchemy,orm,q09s0,2,2.320314,,ok,,client-side:900,1.17,218003,131420495435616,2026-09-06T15:46:45.711-05:00
066ea116929b,campaign-sf1,mado,tpch,Q09,Very Complex,oracle,indexed,1,1,0,0,django,sql,q09s0,0,2.188949,175,ok,,client-side:900,1.15,218003,131420495435616,2026-09-06T15:46:47.901-05:00
066ea116929b,campaign-sf1,mado,tpch,Q09,Very Complex,oracle,indexed,1,1,0,1,django,orm,q09s0,0,3.889302,175,ok,,client-side:900,1.14,218003,131420495435616,2026-09-06T15:46:51.790-05:00
066ea116929b,campaign-sf1,mado,tpch,Q09,Very Complex,oracle,indexed,1,1,0,2,sqlalchemy,sql,q09s0,0,2.531778,175,ok,,client-side:900,1.14,218003,131420495435616,2026-09-06T15:46:54.322-05:00
066ea116929b,campaign-sf1,mado,tpch,Q09,Very Complex,oracle,indexed,1,1,0,3,sqlalchemy,orm,q09s0,0,2.297952,175,ok,,client-side:900,1.13,218003,131420495435616,2026-09-06T15:46:56.620-05:00
066ea116929b,campaign-sf1,mado,tpch,Q09,Very Complex,oracle,indexed,1,2,3,-1,django,sql,q09s1,2,2.371803,,ok,,client-side:900,1.13,218003,131420495435616,2026-09-06T15:46:58.996-05:00
066ea116929b,campaign-sf1,mado,tpch,Q09,Very Complex,oracle,indexed,1,2,3,-1,django,orm,q09s1,2,3.973115,,ok,,client-side:900,1.12,218003,131420495435616,2026-09-06T15:47:02.970-05:00
066ea116929b,campaign-sf1,mado,tpch,Q09,Very Complex,oracle,indexed,1,2,3,-1,sqlalchemy,sql,q09s1,2,2.464514,,ok,,client-side:900,1.12,218003,131420495435616,2026-09-06T15:47:05.434-05:00
066ea116929b,campaign-sf1,mado,tpch,Q09,Very Complex,oracle,indexed,1,2,3,-1,sqlalchemy,orm,q09s1,2,2.370713,,ok,,client-side:900,1.11,218003,131420495435616,2026-09-06T15:47:07.805-05:00
066ea116929b,campaign-sf1,mado,tpch,Q09,Very Complex,oracle,indexed,1,2,3,0,sqlalchemy,sql,q09s1,0,2.426353,175,ok,,client-side:900,1.11,218003,131420495435616,2026-09-06T15:47:10.231-05:00
066ea116929b,campaign-sf1,mado,tpch,Q09,Very Complex,oracle,indexed,1,2,3,1,django,sql,q09s1,0,2.197375,175,ok,,client-side:900,1.1,218003,131420495435616,2026-09-06T15:47:12.429-05:00
066ea116929b,campaign-sf1,mado,tpch,Q09,Very Complex,oracle,indexed,1,2,3,2,sqlalchemy,orm,q09s1,0,2.175229,175,ok,,client-side:900,1.1,218003,131420495435616,2026-09-06T15:47:14.604-05:00
066ea116929b,campaign-sf1,mado,tpch,Q09,Very Complex,oracle,indexed,1,2,3,3,django,orm,q09s1,0,3.959575,175,ok,,client-side:900,1.09,218003,131420495435616,2026-09-06T15:47:18.564-05:00
066ea116929b,campaign-sf1,mado,tpch,Q09,Very Complex,oracle,indexed,1,3,1,-1,django,sql,q09s2,2,2.465365,,ok,,client-side:900,1.09,218003,131420495435616,2026-09-06T15:47:21.034-05:00
066ea116929b,campaign-sf1,mado,tpch,Q09,Very Complex,oracle,indexed,1,3,1,-1,django,orm,q09s2,2,4.053735,,ok,,client-side:900,1.16,218003,131420495435616,2026-09-06T15:47:25.087-05:00
066ea116929b,campaign-sf1,mado,tpch,Q09,Very Complex,oracle,indexed,1,3,1,-1,sqlalchemy,sql,q09s2,2,2.60796,,ok,,client-side:900,1.15,218003,131420495435616,2026-09-06T15:47:27.695-05:00
066ea116929b,campaign-sf1,mado,tpch,Q09,Very Complex,oracle,indexed,1,3,1,-1,sqlalchemy,orm,q09s2,2,2.233601,,ok,,client-side:900,1.15,218003,131420495435616,2026-09-06T15:47:29.929-05:00
066ea116929b,campaign-sf1,mado,tpch,Q09,Very Complex,oracle,indexed,1,3,1,0,django,orm,q09s2,0,3.915279,175,ok,,client-side:900,1.14,218003,131420495435616,2026-09-06T15:47:33.844-05:00
066ea116929b,campaign-sf1,mado,tpch,Q09,Very Complex,oracle,indexed,1,3,1,1,sqlalchemy,orm,q09s2,0,2.637029,175,ok,,client-side:900,1.13,218003,131420495435616,2026-09-06T15:47:36.482-05:00
066ea116929b,campaign-sf1,mado,tpch,Q09,Very Complex,oracle,indexed,1,3,1,2,django,sql,q09s2,0,2.25555,175,ok,,client-side:900,1.13,218003,131420495435616,2026-09-06T15:47:38.737-05:00
066ea116929b,campaign-sf1,mado,tpch,Q09,Very Complex,oracle,indexed,1,3,1,3,sqlalchemy,sql,q09s2,0,2.245267,175,ok,,client-side:900,1.13,218003,131420495435616,2026-09-06T15:47:40.983-05:00
066ea116929b,campaign-sf1,mado,tpch,Q09,Very Complex,oracle,indexed,1,4,2,-1,django,sql,q09s3,2,2.224395,,ok,,client-side:900,1.12,218003,131420495435616,2026-09-06T15:47:43.212-05:00
066ea116929b,campaign-sf1,mado,tpch,Q09,Very Complex,oracle,indexed,1,4,2,-1,django,orm,q09s3,2,3.936486,,ok,,client-side:900,1.11,218003,131420495435616,2026-09-06T15:47:47.148-05:00
066ea116929b,campaign-sf1,mado,tpch,Q09,Very Complex,oracle,indexed,1,4,2,-1,sqlalchemy,sql,q09s3,2,2.419996,,ok,,client-side:900,1.11,218003,131420495435616,2026-09-06T15:47:49.568-05:00
066ea116929b,campaign-sf1,mado,tpch,Q09,Very Complex,oracle,indexed,1,4,2,-1,sqlalchemy,orm,q09s3,2,2.354206,,ok,,client-side:900,1.1,218003,131420495435616,2026-09-06T15:47:51.923-05:00
066ea116929b,campaign-sf1,mado,tpch,Q09,Very Complex,oracle,indexed,1,4,2,0,sqlalchemy,orm,q09s3,0,2.371751,175,ok,,client-side:900,1.1,218003,131420495435616,2026-09-06T15:47:54.295-05:00
066ea116929b,campaign-sf1,mado,tpch,Q09,Very Complex,oracle,indexed,1,4,2,1,sqlalchemy,sql,q09s3,0,2.185814,175,ok,,client-side:900,1.09,218003,131420495435616,2026-09-06T15:47:56.480-05:00
066ea116929b,campaign-sf1,mado,tpch,Q09,Very Complex,oracle,indexed,1,4,2,2,django,orm,q09s3,0,3.932789,175,ok,,client-side:900,1.09,218003,131420495435616,2026-09-06T15:48:00.413-05:00
066ea116929b,campaign-sf1,mado,tpch,Q09,Very Complex,oracle,indexed,1,4,2,3,django,sql,q09s3,0,2.489383,175,ok,,client-side:900,1.08,218003,131420495435616,2026-09-06T15:48:02.903-05:00
066ea116929b,campaign-sf1,mado,tpch,Q09,Very Complex,oracle,indexed,1,5,3,-1,django,sql,q09s4,2,2.381604,,ok,,client-side:900,1.08,218003,131420495435616,2026-09-06T15:48:05.289-05:00
066ea116929b,campaign-sf1,mado,tpch,Q09,Very Complex,oracle,indexed,1,5,3,-1,django,orm,q09s4,2,3.917888,,ok,,client-side:900,1.08,218003,131420495435616,2026-09-06T15:48:09.207-05:00
066ea116929b,campaign-sf1,mado,tpch,Q09,Very Complex,oracle,indexed,1,5,3,-1,sqlalchemy,sql,q09s4,2,2.746043,,ok,,client-side:900,1.07,218003,131420495435616,2026-09-06T15:48:11.953-05:00
066ea116929b,campaign-sf1,mado,tpch,Q09,Very Complex,oracle,indexed,1,5,3,-1,sqlalchemy,orm,q09s4,2,2.17843,,ok,,client-side:900,1.07,218003,131420495435616,2026-09-06T15:48:14.132-05:00
066ea116929b,campaign-sf1,mado,tpch,Q09,Very Complex,oracle,indexed,1,5,3,0,sqlalchemy,sql,q09s4,0,2.194852,175,ok,,client-side:900,1.06,218003,131420495435616,2026-09-06T15:48:16.327-05:00
066ea116929b,campaign-sf1,mado,tpch,Q09,Very Complex,oracle,indexed,1,5,3,1,django,sql,q09s4,0,2.17721,175,ok,,client-side:900,1.06,218003,131420495435616,2026-09-06T15:48:18.504-05:00
066ea116929b,campaign-sf1,mado,tpch,Q09,Very Complex,oracle,indexed,1,5,3,2,sqlalchemy,orm,q09s4,0,2.177214,175,ok,,client-side:900,1.06,218003,131420495435616,2026-09-06T15:48:20.681-05:00
066ea116929b,campaign-sf1,mado,tpch,Q09,Very Complex,oracle,indexed,1,5,3,3,django,orm,q09s4,0,3.954314,175,ok,,client-side:900,1.06,218003,131420495435616,2026-09-06T15:48:24.636-05:00
066ea116929b,campaign-sf1,mado,tpch,Q09,Very Complex,oracle,indexed,1,6,0,-1,django,sql,q09s5,2,2.381732,,ok,,client-side:900,1.05,218003,131420495435616,2026-09-06T15:48:27.022-05:00
066ea116929b,campaign-sf1,mado,tpch,Q09,Very Complex,oracle,indexed,1,6,0,-1,django,orm,q09s5,2,4.056237,,ok,,client-side:900,1.05,218003,131420495435616,2026-09-06T15:48:31.078-05:00
066ea116929b,campaign-sf1,mado,tpch,Q09,Very Complex,oracle,indexed,1,6,0,-1,sqlalchemy,sql,q09s5,2,2.815035,,ok,,client-side:900,1.05,218003,131420495435616,2026-09-06T15:48:33.893-05:00
066ea116929b,campaign-sf1,mado,tpch,Q09,Very Complex,oracle,indexed,1,6,0,-1,sqlalchemy,orm,q09s5,2,2.322689,,ok,,client-side:900,1.05,218003,131420495435616,2026-09-06T15:48:36.216-05:00
066ea116929b,campaign-sf1,mado,tpch,Q09,Very Complex,oracle,indexed,1,6,0,0,django,sql,q09s5,0,2.332983,175,ok,,client-side:900,1.05,218003,131420495435616,2026-09-06T15:48:38.549-05:00
066ea116929b,campaign-sf1,mado,tpch,Q09,Very Complex,oracle,indexed,1,6,0,1,django,orm,q09s5,0,4.000745,175,ok,,client-side:900,1.04,218003,131420495435616,2026-09-06T15:48:42.550-05:00
066ea116929b,campaign-sf1,mado,tpch,Q09,Very Complex,oracle,indexed,1,6,0,2,sqlalchemy,sql,q09s5,0,2.385835,175,ok,,client-side:900,1.04,218003,131420495435616,2026-09-06T15:48:44.936-05:00
066ea116929b,campaign-sf1,mado,tpch,Q09,Very Complex,oracle,indexed,1,6,0,3,sqlalchemy,orm,q09s5,0,2.434236,175,ok,,client-side:900,1.04,218003,131420495435616,2026-09-06T15:48:47.370-05:00
066ea116929b,campaign-sf1,mado,tpch,Q09,Very Complex,oracle,indexed,1,7,1,-1,django,sql,q09s6,2,2.406477,,ok,,client-side:900,1.04,218003,131420495435616,2026-09-06T15:48:49.781-05:00
066ea116929b,campaign-sf1,mado,tpch,Q09,Very Complex,oracle,indexed,1,7,1,-1,django,orm,q09s6,2,4.121327,,ok,,client-side:900,1.03,218003,131420495435616,2026-09-06T15:48:53.903-05:00
066ea116929b,campaign-sf1,mado,tpch,Q09,Very Complex,oracle,indexed,1,7,1,-1,sqlalchemy,sql,q09s6,2,2.582194,,ok,,client-side:900,1.03,218003,131420495435616,2026-09-06T15:48:56.485-05:00
066ea116929b,campaign-sf1,mado,tpch,Q09,Very Complex,oracle,indexed,1,7,1,-1,sqlalchemy,orm,q09s6,2,2.339562,,ok,,client-side:900,1.03,218003,131420495435616,2026-09-06T15:48:58.824-05:00
066ea116929b,campaign-sf1,mado,tpch,Q09,Very Complex,oracle,indexed,1,7,1,0,django,orm,q09s6,0,4.151969,175,ok,,client-side:900,1.03,218003,131420495435616,2026-09-06T15:49:02.977-05:00
066ea116929b,campaign-sf1,mado,tpch,Q09,Very Complex,oracle,indexed,1,7,1,1,sqlalchemy,orm,q09s6,0,2.479471,175,ok,,client-side:900,1.03,218003,131420495435616,2026-09-06T15:49:05.456-05:00
066ea116929b,campaign-sf1,mado,tpch,Q09,Very Complex,oracle,indexed,1,7,1,2,django,sql,q09s6,0,2.298254,175,ok,,client-side:900,1.03,218003,131420495435616,2026-09-06T15:49:07.754-05:00
066ea116929b,campaign-sf1,mado,tpch,Q09,Very Complex,oracle,indexed,1,7,1,3,sqlalchemy,sql,q09s6,0,2.442589,175,ok,,client-side:900,1.03,218003,131420495435616,2026-09-06T15:49:10.197-05:00
066ea116929b,campaign-sf1,mado,tpch,Q09,Very Complex,oracle,indexed,1,8,2,-1,django,sql,q09s7,2,2.221795,,ok,,client-side:900,1.02,218003,131420495435616,2026-09-06T15:49:12.424-05:00
066ea116929b,campaign-sf1,mado,tpch,Q09,Very Complex,oracle,indexed,1,8,2,-1,django,orm,q09s7,2,3.925203,,ok,,client-side:900,1.02,218003,131420495435616,2026-09-06T15:49:16.349-05:00
066ea116929b,campaign-sf1,mado,tpch,Q09,Very Complex,oracle,indexed,1,8,2,-1,sqlalchemy,sql,q09s7,2,2.454724,,ok,,client-side:900,1.02,218003,131420495435616,2026-09-06T15:49:18.804-05:00
066ea116929b,campaign-sf1,mado,tpch,Q09,Very Complex,oracle,indexed,1,8,2,-1,sqlalchemy,orm,q09s7,2,2.326352,,ok,,client-side:900,1.02,218003,131420495435616,2026-09-06T15:49:21.130-05:00
066ea116929b,campaign-sf1,mado,tpch,Q09,Very Complex,oracle,indexed,1,8,2,0,sqlalchemy,orm,q09s7,0,2.338794,175,ok,,client-side:900,1.02,218003,131420495435616,2026-09-06T15:49:23.469-05:00
066ea116929b,campaign-sf1,mado,tpch,Q09,Very Complex,oracle,indexed,1,8,2,1,sqlalchemy,sql,q09s7,0,2.186827,175,ok,,client-side:900,1.02,218003,131420495435616,2026-09-06T15:49:25.656-05:00
066ea116929b,campaign-sf1,mado,tpch,Q09,Very Complex,oracle,indexed,1,8,2,2,django,orm,q09s7,0,3.903142,175,ok,,client-side:900,1.02,218003,131420495435616,2026-09-06T15:49:29.559-05:00
066ea116929b,campaign-sf1,mado,tpch,Q09,Very Complex,oracle,indexed,1,8,2,3,django,sql,q09s7,0,2.527376,175,ok,,client-side:900,1.02,218003,131420495435616,2026-09-06T15:49:32.087-05:00
ed953a55c44d,campaign-sf1,mado,tpch,Q10,Complex,oracle,indexed,1,0,2,0,sqlalchemy,orm,q10warm,1,1.940174,20,ok,,client-side:900,1.02,218015,131859368892304,2026-09-06T15:49:35.238-05:00
ed953a55c44d,campaign-sf1,mado,tpch,Q10,Complex,oracle,indexed,1,0,2,1,sqlalchemy,sql,q10warm,1,1.06617,20,ok,,client-side:900,1.02,218015,131859368892304,2026-09-06T15:49:36.304-05:00
ed953a55c44d,campaign-sf1,mado,tpch,Q10,Complex,oracle,indexed,1,0,2,2,django,orm,q10warm,1,1.815747,20,ok,,client-side:900,1.02,218015,131859368892304,2026-09-06T15:49:38.120-05:00
ed953a55c44d,campaign-sf1,mado,tpch,Q10,Complex,oracle,indexed,1,0,2,3,django,sql,q10warm,1,1.003982,20,ok,,client-side:900,1.02,218015,131859368892304,2026-09-06T15:49:39.124-05:00
ed953a55c44d,campaign-sf1,mado,tpch,Q10,Complex,oracle,indexed,1,1,1,-1,django,sql,q10s0,2,1.00167,,ok,,client-side:900,1.02,218015,131859368892304,2026-09-06T15:49:40.131-05:00
ed953a55c44d,campaign-sf1,mado,tpch,Q10,Complex,oracle,indexed,1,1,1,-1,django,orm,q10s0,2,0.959786,,ok,,client-side:900,1.02,218015,131859368892304,2026-09-06T15:49:41.091-05:00
ed953a55c44d,campaign-sf1,mado,tpch,Q10,Complex,oracle,indexed,1,1,1,-1,sqlalchemy,sql,q10s0,2,1.015094,,ok,,client-side:900,1.09,218015,131859368892304,2026-09-06T15:49:42.106-05:00
ed953a55c44d,campaign-sf1,mado,tpch,Q10,Complex,oracle,indexed,1,1,1,-1,sqlalchemy,orm,q10s0,2,0.986228,,ok,,client-side:900,1.09,218015,131859368892304,2026-09-06T15:49:43.092-05:00
ed953a55c44d,campaign-sf1,mado,tpch,Q10,Complex,oracle,indexed,1,1,1,0,django,orm,q10s0,0,0.957516,20,ok,,client-side:900,1.09,218015,131859368892304,2026-09-06T15:49:44.050-05:00
ed953a55c44d,campaign-sf1,mado,tpch,Q10,Complex,oracle,indexed,1,1,1,1,sqlalchemy,orm,q10s0,0,0.980902,20,ok,,client-side:900,1.09,218015,131859368892304,2026-09-06T15:49:45.031-05:00
ed953a55c44d,campaign-sf1,mado,tpch,Q10,Complex,oracle,indexed,1,1,1,2,django,sql,q10s0,0,0.9597,20,ok,,client-side:900,1.09,218015,131859368892304,2026-09-06T15:49:45.990-05:00
ed953a55c44d,campaign-sf1,mado,tpch,Q10,Complex,oracle,indexed,1,1,1,3,sqlalchemy,sql,q10s0,0,0.94889,20,ok,,client-side:900,1.09,218015,131859368892304,2026-09-06T15:49:46.939-05:00
ed953a55c44d,campaign-sf1,mado,tpch,Q10,Complex,oracle,indexed,1,2,2,-1,django,sql,q10s1,2,0.991209,,ok,,client-side:900,1.09,218015,131859368892304,2026-09-06T15:49:47.935-05:00
ed953a55c44d,campaign-sf1,mado,tpch,Q10,Complex,oracle,indexed,1,2,2,-1,django,orm,q10s1,2,0.948701,,ok,,client-side:900,1.09,218015,131859368892304,2026-09-06T15:49:48.884-05:00
ed953a55c44d,campaign-sf1,mado,tpch,Q10,Complex,oracle,indexed,1,2,2,-1,sqlalchemy,sql,q10s1,2,1.013955,,ok,,client-side:900,1.09,218015,131859368892304,2026-09-06T15:49:49.898-05:00
ed953a55c44d,campaign-sf1,mado,tpch,Q10,Complex,oracle,indexed,1,2,2,-1,sqlalchemy,orm,q10s1,2,0.968559,,ok,,client-side:900,1.09,218015,131859368892304,2026-09-06T15:49:50.867-05:00
ed953a55c44d,campaign-sf1,mado,tpch,Q10,Complex,oracle,indexed,1,2,2,0,sqlalchemy,orm,q10s1,0,0.985714,20,ok,,client-side:900,1.08,218015,131859368892304,2026-09-06T15:49:51.852-05:00
ed953a55c44d,campaign-sf1,mado,tpch,Q10,Complex,oracle,indexed,1,2,2,1,sqlalchemy,sql,q10s1,0,0.935626,20,ok,,client-side:900,1.08,218015,131859368892304,2026-09-06T15:49:52.788-05:00
ed953a55c44d,campaign-sf1,mado,tpch,Q10,Complex,oracle,indexed,1,2,2,2,django,orm,q10s1,0,0.947814,20,ok,,client-side:900,1.08,218015,131859368892304,2026-09-06T15:49:53.736-05:00
ed953a55c44d,campaign-sf1,mado,tpch,Q10,Complex,oracle,indexed,1,2,2,3,django,sql,q10s1,0,0.946815,20,ok,,client-side:900,1.08,218015,131859368892304,2026-09-06T15:49:54.683-05:00
ed953a55c44d,campaign-sf1,mado,tpch,Q10,Complex,oracle,indexed,1,3,3,-1,django,sql,q10s2,2,1.036215,,ok,,client-side:900,1.08,218015,131859368892304,2026-09-06T15:49:55.724-05:00
ed953a55c44d,campaign-sf1,mado,tpch,Q10,Complex,oracle,indexed,1,3,3,-1,django,orm,q10s2,2,1.016682,,ok,,client-side:900,1.31,218015,131859368892304,2026-09-06T15:49:56.740-05:00
ed953a55c44d,campaign-sf1,mado,tpch,Q10,Complex,oracle,indexed,1,3,3,-1,sqlalchemy,sql,q10s2,2,1.051154,,ok,,client-side:900,1.31,218015,131859368892304,2026-09-06T15:49:57.792-05:00
ed953a55c44d,campaign-sf1,mado,tpch,Q10,Complex,oracle,indexed,1,3,3,-1,sqlalchemy,orm,q10s2,2,1.023937,,ok,,client-side:900,1.31,218015,131859368892304,2026-09-06T15:49:58.816-05:00
ed953a55c44d,campaign-sf1,mado,tpch,Q10,Complex,oracle,indexed,1,3,3,0,sqlalchemy,sql,q10s2,0,0.978117,20,ok,,client-side:900,1.31,218015,131859368892304,2026-09-06T15:49:59.794-05:00
ed953a55c44d,campaign-sf1,mado,tpch,Q10,Complex,oracle,indexed,1,3,3,1,django,sql,q10s2,0,0.955732,20,ok,,client-side:900,1.31,218015,131859368892304,2026-09-06T15:50:00.750-05:00
ed953a55c44d,campaign-sf1,mado,tpch,Q10,Complex,oracle,indexed,1,3,3,2,sqlalchemy,orm,q10s2,0,0.989488,20,ok,,client-side:900,1.29,218015,131859368892304,2026-09-06T15:50:01.739-05:00
ed953a55c44d,campaign-sf1,mado,tpch,Q10,Complex,oracle,indexed,1,3,3,3,django,orm,q10s2,0,0.961633,20,ok,,client-side:900,1.29,218015,131859368892304,2026-09-06T15:50:02.701-05:00
ed953a55c44d,campaign-sf1,mado,tpch,Q10,Complex,oracle,indexed,1,4,0,-1,django,sql,q10s3,2,0.994503,,ok,,client-side:900,1.29,218015,131859368892304,2026-09-06T15:50:03.700-05:00
ed953a55c44d,campaign-sf1,mado,tpch,Q10,Complex,oracle,indexed,1,4,0,-1,django,orm,q10s3,2,0.956781,,ok,,client-side:900,1.29,218015,131859368892304,2026-09-06T15:50:04.657-05:00
ed953a55c44d,campaign-sf1,mado,tpch,Q10,Complex,oracle,indexed,1,4,0,-1,sqlalchemy,sql,q10s3,2,0.996008,,ok,,client-side:900,1.29,218015,131859368892304,2026-09-06T15:50:05.653-05:00
ed953a55c44d,campaign-sf1,mado,tpch,Q10,Complex,oracle,indexed,1,4,0,-1,sqlalchemy,orm,q10s3,2,0.982131,,ok,,client-side:900,1.26,218015,131859368892304,2026-09-06T15:50:06.635-05:00
ed953a55c44d,campaign-sf1,mado,tpch,Q10,Complex,oracle,indexed,1,4,0,0,django,sql,q10s3,0,0.948131,20,ok,,client-side:900,1.26,218015,131859368892304,2026-09-06T15:50:07.583-05:00
ed953a55c44d,campaign-sf1,mado,tpch,Q10,Complex,oracle,indexed,1,4,0,1,django,orm,q10s3,0,0.954743,20,ok,,client-side:900,1.26,218015,131859368892304,2026-09-06T15:50:08.538-05:00
ed953a55c44d,campaign-sf1,mado,tpch,Q10,Complex,oracle,indexed,1,4,0,2,sqlalchemy,sql,q10s3,0,0.948423,20,ok,,client-side:900,1.26,218015,131859368892304,2026-09-06T15:50:09.487-05:00
ed953a55c44d,campaign-sf1,mado,tpch,Q10,Complex,oracle,indexed,1,4,0,3,sqlalchemy,orm,q10s3,0,0.982588,20,ok,,client-side:900,1.26,218015,131859368892304,2026-09-06T15:50:10.470-05:00
ed953a55c44d,campaign-sf1,mado,tpch,Q10,Complex,oracle,indexed,1,5,0,-1,django,sql,q10s4,2,1.003464,,ok,,client-side:900,1.24,218015,131859368892304,2026-09-06T15:50:11.477-05:00
ed953a55c44d,campaign-sf1,mado,tpch,Q10,Complex,oracle,indexed,1,5,0,-1,django,orm,q10s4,2,0.958734,,ok,,client-side:900,1.24,218015,131859368892304,2026-09-06T15:50:12.436-05:00
ed953a55c44d,campaign-sf1,mado,tpch,Q10,Complex,oracle,indexed,1,5,0,-1,sqlalchemy,sql,q10s4,2,1.001988,,ok,,client-side:900,1.24,218015,131859368892304,2026-09-06T15:50:13.438-05:00
ed953a55c44d,campaign-sf1,mado,tpch,Q10,Complex,oracle,indexed,1,5,0,-1,sqlalchemy,orm,q10s4,2,0.987237,,ok,,client-side:900,1.24,218015,131859368892304,2026-09-06T15:50:14.425-05:00
ed953a55c44d,campaign-sf1,mado,tpch,Q10,Complex,oracle,indexed,1,5,0,0,django,sql,q10s4,0,0.952716,20,ok,,client-side:900,1.24,218015,131859368892304,2026-09-06T15:50:15.378-05:00
ed953a55c44d,campaign-sf1,mado,tpch,Q10,Complex,oracle,indexed,1,5,0,1,django,orm,q10s4,0,0.961421,20,ok,,client-side:900,1.22,218015,131859368892304,2026-09-06T15:50:16.340-05:00
ed953a55c44d,campaign-sf1,mado,tpch,Q10,Complex,oracle,indexed,1,5,0,2,sqlalchemy,sql,q10s4,0,0.952778,20,ok,,client-side:900,1.22,218015,131859368892304,2026-09-06T15:50:17.293-05:00
ed953a55c44d,campaign-sf1,mado,tpch,Q10,Complex,oracle,indexed,1,5,0,3,sqlalchemy,orm,q10s4,0,0.986515,20,ok,,client-side:900,1.22,218015,131859368892304,2026-09-06T15:50:18.279-05:00
ed953a55c44d,campaign-sf1,mado,tpch,Q10,Complex,oracle,indexed,1,6,1,-1,django,sql,q10s5,2,0.998347,,ok,,client-side:900,1.22,218015,131859368892304,2026-09-06T15:50:19.282-05:00
ed953a55c44d,campaign-sf1,mado,tpch,Q10,Complex,oracle,indexed,1,6,1,-1,django,orm,q10s5,2,0.959567,,ok,,client-side:900,1.22,218015,131859368892304,2026-09-06T15:50:20.242-05:00
ed953a55c44d,campaign-sf1,mado,tpch,Q10,Complex,oracle,indexed,1,6,1,-1,sqlalchemy,sql,q10s5,2,1.001095,,ok,,client-side:900,1.21,218015,131859368892304,2026-09-06T15:50:21.243-05:00
ed953a55c44d,campaign-sf1,mado,tpch,Q10,Complex,oracle,indexed,1,6,1,-1,sqlalchemy,orm,q10s5,2,0.986395,,ok,,client-side:900,1.21,218015,131859368892304,2026-09-06T15:50:22.230-05:00
ed953a55c44d,campaign-sf1,mado,tpch,Q10,Complex,oracle,indexed,1,6,1,0,django,orm,q10s5,0,0.956519,20,ok,,client-side:900,1.21,218015,131859368892304,2026-09-06T15:50:23.186-05:00
ed953a55c44d,campaign-sf1,mado,tpch,Q10,Complex,oracle,indexed,1,6,1,1,sqlalchemy,orm,q10s5,0,0.98436,20,ok,,client-side:900,1.21,218015,131859368892304,2026-09-06T15:50:24.171-05:00
ed953a55c44d,campaign-sf1,mado,tpch,Q10,Complex,oracle,indexed,1,6,1,2,django,sql,q10s5,0,0.955617,20,ok,,client-side:900,1.21,218015,131859368892304,2026-09-06T15:50:25.126-05:00
ed953a55c44d,campaign-sf1,mado,tpch,Q10,Complex,oracle,indexed,1,6,1,3,sqlalchemy,sql,q10s5,0,0.955008,20,ok,,client-side:900,1.21,218015,131859368892304,2026-09-06T15:50:26.081-05:00
ed953a55c44d,campaign-sf1,mado,tpch,Q10,Complex,oracle,indexed,1,7,2,-1,django,sql,q10s6,2,1.001372,,ok,,client-side:900,1.27,218015,131859368892304,2026-09-06T15:50:27.087-05:00
ed953a55c44d,campaign-sf1,mado,tpch,Q10,Complex,oracle,indexed,1,7,2,-1,django,orm,q10s6,2,0.950626,,ok,,client-side:900,1.27,218015,131859368892304,2026-09-06T15:50:28.038-05:00
ed953a55c44d,campaign-sf1,mado,tpch,Q10,Complex,oracle,indexed,1,7,2,-1,sqlalchemy,sql,q10s6,2,0.992851,,ok,,client-side:900,1.27,218015,131859368892304,2026-09-06T15:50:29.031-05:00
ed953a55c44d,campaign-sf1,mado,tpch,Q10,Complex,oracle,indexed,1,7,2,-1,sqlalchemy,orm,q10s6,2,0.97917,,ok,,client-side:900,1.27,218015,131859368892304,2026-09-06T15:50:30.010-05:00
ed953a55c44d,campaign-sf1,mado,tpch,Q10,Complex,oracle,indexed,1,7,2,0,sqlalchemy,orm,q10s6,0,0.978341,20,ok,,client-side:900,1.27,218015,131859368892304,2026-09-06T15:50:30.989-05:00
ed953a55c44d,campaign-sf1,mado,tpch,Q10,Complex,oracle,indexed,1,7,2,1,sqlalchemy,sql,q10s6,0,0.94619,20,ok,,client-side:900,1.25,218015,131859368892304,2026-09-06T15:50:31.935-05:00
ed953a55c44d,campaign-sf1,mado,tpch,Q10,Complex,oracle,indexed,1,7,2,2,django,orm,q10s6,0,0.948544,20,ok,,client-side:900,1.25,218015,131859368892304,2026-09-06T15:50:32.883-05:00
ed953a55c44d,campaign-sf1,mado,tpch,Q10,Complex,oracle,indexed,1,7,2,3,django,sql,q10s6,0,0.949745,20,ok,,client-side:900,1.25,218015,131859368892304,2026-09-06T15:50:33.833-05:00
ed953a55c44d,campaign-sf1,mado,tpch,Q10,Complex,oracle,indexed,1,8,3,-1,django,sql,q10s7,2,1.004293,,ok,,client-side:900,1.25,218015,131859368892304,2026-09-06T15:50:34.842-05:00
ed953a55c44d,campaign-sf1,mado,tpch,Q10,Complex,oracle,indexed,1,8,3,-1,django,orm,q10s7,2,0.964598,,ok,,client-side:900,1.25,218015,131859368892304,2026-09-06T15:50:35.807-05:00
ed953a55c44d,campaign-sf1,mado,tpch,Q10,Complex,oracle,indexed,1,8,3,-1,sqlalchemy,sql,q10s7,2,1.004,,ok,,client-side:900,1.23,218015,131859368892304,2026-09-06T15:50:36.811-05:00
ed953a55c44d,campaign-sf1,mado,tpch,Q10,Complex,oracle,indexed,1,8,3,-1,sqlalchemy,orm,q10s7,2,0.988352,,ok,,client-side:900,1.23,218015,131859368892304,2026-09-06T15:50:37.799-05:00
ed953a55c44d,campaign-sf1,mado,tpch,Q10,Complex,oracle,indexed,1,8,3,0,sqlalchemy,sql,q10s7,0,0.956346,20,ok,,client-side:900,1.23,218015,131859368892304,2026-09-06T15:50:38.756-05:00
ed953a55c44d,campaign-sf1,mado,tpch,Q10,Complex,oracle,indexed,1,8,3,1,django,sql,q10s7,0,0.950218,20,ok,,client-side:900,1.23,218015,131859368892304,2026-09-06T15:50:39.706-05:00
ed953a55c44d,campaign-sf1,mado,tpch,Q10,Complex,oracle,indexed,1,8,3,2,sqlalchemy,orm,q10s7,0,0.988037,20,ok,,client-side:900,1.23,218015,131859368892304,2026-09-06T15:50:40.694-05:00
ed953a55c44d,campaign-sf1,mado,tpch,Q10,Complex,oracle,indexed,1,8,3,3,django,orm,q10s7,0,0.95731,20,ok,,client-side:900,1.21,218015,131859368892304,2026-09-06T15:50:41.652-05:00
d4810f0d6e7a,campaign-sf1,mado,tpch,Q11,Medium,oracle,indexed,1,0,1,0,django,orm,q11warm,1,0.548549,753,ok,,client-side:900,1.21,218075,130015259290720,2026-09-06T15:50:43.403-05:00
d4810f0d6e7a,campaign-sf1,mado,tpch,Q11,Medium,oracle,indexed,1,0,1,1,sqlalchemy,orm,q11warm,1,0.562681,753,ok,,client-side:900,1.21,218075,130015259290720,2026-09-06T15:50:43.966-05:00
d4810f0d6e7a,campaign-sf1,mado,tpch,Q11,Medium,oracle,indexed,1,0,1,2,django,sql,q11warm,1,0.290652,753,ok,,client-side:900,1.21,218075,130015259290720,2026-09-06T15:50:44.257-05:00
d4810f0d6e7a,campaign-sf1,mado,tpch,Q11,Medium,oracle,indexed,1,0,1,3,sqlalchemy,sql,q11warm,1,0.28869,753,ok,,client-side:900,1.21,218075,130015259290720,2026-09-06T15:50:44.546-05:00
d4810f0d6e7a,campaign-sf1,mado,tpch,Q11,Medium,oracle,indexed,1,1,1,-1,django,sql,q11s0,2,0.287655,,ok,,client-side:900,1.21,218075,130015259290720,2026-09-06T15:50:44.838-05:00
d4810f0d6e7a,campaign-sf1,mado,tpch,Q11,Medium,oracle,indexed,1,1,1,-1,django,orm,q11s0,2,0.502152,,ok,,client-side:900,1.21,218075,130015259290720,2026-09-06T15:50:45.340-05:00
d4810f0d6e7a,campaign-sf1,mado,tpch,Q11,Medium,oracle,indexed,1,1,1,-1,sqlalchemy,sql,q11s0,2,0.285771,,ok,,client-side:900,1.21,218075,130015259290720,2026-09-06T15:50:45.626-05:00
d4810f0d6e7a,campaign-sf1,mado,tpch,Q11,Medium,oracle,indexed,1,1,1,-1,sqlalchemy,orm,q11s0,2,0.512808,,ok,,client-side:900,1.21,218075,130015259290720,2026-09-06T15:50:46.139-05:00
d4810f0d6e7a,campaign-sf1,mado,tpch,Q11,Medium,oracle,indexed,1,1,1,0,django,orm,q11s0,0,0.50029,1048,ok,,client-side:900,1.19,218075,130015259290720,2026-09-06T15:50:46.639-05:00
d4810f0d6e7a,campaign-sf1,mado,tpch,Q11,Medium,oracle,indexed,1,1,1,1,sqlalchemy,orm,q11s0,0,0.5034,1048,ok,,client-side:900,1.19,218075,130015259290720,2026-09-06T15:50:47.142-05:00
d4810f0d6e7a,campaign-sf1,mado,tpch,Q11,Medium,oracle,indexed,1,1,1,2,django,sql,q11s0,0,0.282869,1048,ok,,client-side:900,1.19,218075,130015259290720,2026-09-06T15:50:47.425-05:00
d4810f0d6e7a,campaign-sf1,mado,tpch,Q11,Medium,oracle,indexed,1,1,1,3,sqlalchemy,sql,q11s0,0,0.280553,1048,ok,,client-side:900,1.19,218075,130015259290720,2026-09-06T15:50:47.706-05:00
d4810f0d6e7a,campaign-sf1,mado,tpch,Q11,Medium,oracle,indexed,1,2,0,-1,django,sql,q11s1,2,0.290724,,ok,,client-side:900,1.19,218075,130015259290720,2026-09-06T15:50:48.001-05:00
d4810f0d6e7a,campaign-sf1,mado,tpch,Q11,Medium,oracle,indexed,1,2,0,-1,django,orm,q11s1,2,0.499816,,ok,,client-side:900,1.19,218075,130015259290720,2026-09-06T15:50:48.501-05:00
d4810f0d6e7a,campaign-sf1,mado,tpch,Q11,Medium,oracle,indexed,1,2,0,-1,sqlalchemy,sql,q11s1,2,0.286531,,ok,,client-side:900,1.19,218075,130015259290720,2026-09-06T15:50:48.788-05:00
d4810f0d6e7a,campaign-sf1,mado,tpch,Q11,Medium,oracle,indexed,1,2,0,-1,sqlalchemy,orm,q11s1,2,0.504994,,ok,,client-side:900,1.19,218075,130015259290720,2026-09-06T15:50:49.293-05:00
d4810f0d6e7a,campaign-sf1,mado,tpch,Q11,Medium,oracle,indexed,1,2,0,0,django,sql,q11s1,0,0.284916,819,ok,,client-side:900,1.19,218075,130015259290720,2026-09-06T15:50:49.578-05:00
d4810f0d6e7a,campaign-sf1,mado,tpch,Q11,Medium,oracle,indexed,1,2,0,1,django,orm,q11s1,0,0.496661,819,ok,,client-side:900,1.19,218075,130015259290720,2026-09-06T15:50:50.075-05:00
d4810f0d6e7a,campaign-sf1,mado,tpch,Q11,Medium,oracle,indexed,1,2,0,2,sqlalchemy,sql,q11s1,0,0.283342,819,ok,,client-side:900,1.19,218075,130015259290720,2026-09-06T15:50:50.358-05:00
d4810f0d6e7a,campaign-sf1,mado,tpch,Q11,Medium,oracle,indexed,1,2,0,3,sqlalchemy,orm,q11s1,0,0.506163,819,ok,,client-side:900,1.19,218075,130015259290720,2026-09-06T15:50:50.864-05:00
d4810f0d6e7a,campaign-sf1,mado,tpch,Q11,Medium,oracle,indexed,1,3,3,-1,django,sql,q11s2,2,0.288023,,ok,,client-side:900,1.19,218075,130015259290720,2026-09-06T15:50:51.157-05:00
d4810f0d6e7a,campaign-sf1,mado,tpch,Q11,Medium,oracle,indexed,1,3,3,-1,django,orm,q11s2,2,0.499078,,ok,,client-side:900,1.26,218075,130015259290720,2026-09-06T15:50:51.656-05:00
d4810f0d6e7a,campaign-sf1,mado,tpch,Q11,Medium,oracle,indexed,1,3,3,-1,sqlalchemy,sql,q11s2,2,0.329176,,ok,,client-side:900,1.26,218075,130015259290720,2026-09-06T15:50:51.986-05:00
d4810f0d6e7a,campaign-sf1,mado,tpch,Q11,Medium,oracle,indexed,1,3,3,-1,sqlalchemy,orm,q11s2,2,0.506355,,ok,,client-side:900,1.26,218075,130015259290720,2026-09-06T15:50:52.492-05:00
d4810f0d6e7a,campaign-sf1,mado,tpch,Q11,Medium,oracle,indexed,1,3,3,0,sqlalchemy,sql,q11s2,0,0.280543,911,ok,,client-side:900,1.26,218075,130015259290720,2026-09-06T15:50:52.773-05:00
d4810f0d6e7a,campaign-sf1,mado,tpch,Q11,Medium,oracle,indexed,1,3,3,1,django,sql,q11s2,0,0.283748,911,ok,,client-side:900,1.26,218075,130015259290720,2026-09-06T15:50:53.057-05:00
d4810f0d6e7a,campaign-sf1,mado,tpch,Q11,Medium,oracle,indexed,1,3,3,2,sqlalchemy,orm,q11s2,0,0.505142,911,ok,,client-side:900,1.26,218075,130015259290720,2026-09-06T15:50:53.562-05:00
d4810f0d6e7a,campaign-sf1,mado,tpch,Q11,Medium,oracle,indexed,1,3,3,3,django,orm,q11s2,0,0.499645,911,ok,,client-side:900,1.26,218075,130015259290720,2026-09-06T15:50:54.062-05:00
d4810f0d6e7a,campaign-sf1,mado,tpch,Q11,Medium,oracle,indexed,1,4,2,-1,django,sql,q11s3,2,0.288366,,ok,,client-side:900,1.26,218075,130015259290720,2026-09-06T15:50:54.354-05:00
d4810f0d6e7a,campaign-sf1,mado,tpch,Q11,Medium,oracle,indexed,1,4,2,-1,django,orm,q11s3,2,0.498719,,ok,,client-side:900,1.26,218075,130015259290720,2026-09-06T15:50:54.853-05:00
d4810f0d6e7a,campaign-sf1,mado,tpch,Q11,Medium,oracle,indexed,1,4,2,-1,sqlalchemy,sql,q11s3,2,0.285902,,ok,,client-side:900,1.26,218075,130015259290720,2026-09-06T15:50:55.139-05:00
d4810f0d6e7a,campaign-sf1,mado,tpch,Q11,Medium,oracle,indexed,1,4,2,-1,sqlalchemy,orm,q11s3,2,0.500455,,ok,,client-side:900,1.26,218075,130015259290720,2026-09-06T15:50:55.640-05:00
d4810f0d6e7a,campaign-sf1,mado,tpch,Q11,Medium,oracle,indexed,1,4,2,0,sqlalchemy,orm,q11s3,0,0.506491,1217,ok,,client-side:900,1.26,218075,130015259290720,2026-09-06T15:50:56.146-05:00
d4810f0d6e7a,campaign-sf1,mado,tpch,Q11,Medium,oracle,indexed,1,4,2,1,sqlalchemy,sql,q11s3,0,0.287846,1217,ok,,client-side:900,1.24,218075,130015259290720,2026-09-06T15:50:56.434-05:00
d4810f0d6e7a,campaign-sf1,mado,tpch,Q11,Medium,oracle,indexed,1,4,2,2,django,orm,q11s3,0,0.524624,1217,ok,,client-side:900,1.24,218075,130015259290720,2026-09-06T15:50:56.959-05:00
d4810f0d6e7a,campaign-sf1,mado,tpch,Q11,Medium,oracle,indexed,1,4,2,3,django,sql,q11s3,0,0.308189,1217,ok,,client-side:900,1.24,218075,130015259290720,2026-09-06T15:50:57.267-05:00
d4810f0d6e7a,campaign-sf1,mado,tpch,Q11,Medium,oracle,indexed,1,5,3,-1,django,sql,q11s4,2,0.312255,,ok,,client-side:900,1.24,218075,130015259290720,2026-09-06T15:50:57.584-05:00
d4810f0d6e7a,campaign-sf1,mado,tpch,Q11,Medium,oracle,indexed,1,5,3,-1,django,orm,q11s4,2,0.53254,,ok,,client-side:900,1.24,218075,130015259290720,2026-09-06T15:50:58.117-05:00
d4810f0d6e7a,campaign-sf1,mado,tpch,Q11,Medium,oracle,indexed,1,5,3,-1,sqlalchemy,sql,q11s4,2,0.296909,,ok,,client-side:900,1.24,218075,130015259290720,2026-09-06T15:50:58.414-05:00
d4810f0d6e7a,campaign-sf1,mado,tpch,Q11,Medium,oracle,indexed,1,5,3,-1,sqlalchemy,orm,q11s4,2,0.548506,,ok,,client-side:900,1.24,218075,130015259290720,2026-09-06T15:50:58.963-05:00
d4810f0d6e7a,campaign-sf1,mado,tpch,Q11,Medium,oracle,indexed,1,5,3,0,sqlalchemy,sql,q11s4,0,0.301354,699,ok,,client-side:900,1.24,218075,130015259290720,2026-09-06T15:50:59.264-05:00
d4810f0d6e7a,campaign-sf1,mado,tpch,Q11,Medium,oracle,indexed,1,5,3,1,django,sql,q11s4,0,0.293449,699,ok,,client-side:900,1.24,218075,130015259290720,2026-09-06T15:50:59.558-05:00
d4810f0d6e7a,campaign-sf1,mado,tpch,Q11,Medium,oracle,indexed,1,5,3,2,sqlalchemy,orm,q11s4,0,0.517785,699,ok,,client-side:900,1.24,218075,130015259290720,2026-09-06T15:51:00.075-05:00
d4810f0d6e7a,campaign-sf1,mado,tpch,Q11,Medium,oracle,indexed,1,5,3,3,django,orm,q11s4,0,0.514634,699,ok,,client-side:900,1.24,218075,130015259290720,2026-09-06T15:51:00.590-05:00
d4810f0d6e7a,campaign-sf1,mado,tpch,Q11,Medium,oracle,indexed,1,6,2,-1,django,sql,q11s5,2,0.292228,,ok,,client-side:900,1.24,218075,130015259290720,2026-09-06T15:51:00.887-05:00
d4810f0d6e7a,campaign-sf1,mado,tpch,Q11,Medium,oracle,indexed,1,6,2,-1,django,orm,q11s5,2,0.498938,,ok,,client-side:900,1.22,218075,130015259290720,2026-09-06T15:51:01.386-05:00
d4810f0d6e7a,campaign-sf1,mado,tpch,Q11,Medium,oracle,indexed,1,6,2,-1,sqlalchemy,sql,q11s5,2,0.285562,,ok,,client-side:900,1.22,218075,130015259290720,2026-09-06T15:51:01.672-05:00
d4810f0d6e7a,campaign-sf1,mado,tpch,Q11,Medium,oracle,indexed,1,6,2,-1,sqlalchemy,orm,q11s5,2,0.502085,,ok,,client-side:900,1.22,218075,130015259290720,2026-09-06T15:51:02.174-05:00
d4810f0d6e7a,campaign-sf1,mado,tpch,Q11,Medium,oracle,indexed,1,6,2,0,sqlalchemy,orm,q11s5,0,0.508085,925,ok,,client-side:900,1.22,218075,130015259290720,2026-09-06T15:51:02.682-05:00
d4810f0d6e7a,campaign-sf1,mado,tpch,Q11,Medium,oracle,indexed,1,6,2,1,sqlalchemy,sql,q11s5,0,0.280612,925,ok,,client-side:900,1.22,218075,130015259290720,2026-09-06T15:51:02.963-05:00
d4810f0d6e7a,campaign-sf1,mado,tpch,Q11,Medium,oracle,indexed,1,6,2,2,django,orm,q11s5,0,0.498975,925,ok,,client-side:900,1.22,218075,130015259290720,2026-09-06T15:51:03.462-05:00
d4810f0d6e7a,campaign-sf1,mado,tpch,Q11,Medium,oracle,indexed,1,6,2,3,django,sql,q11s5,0,0.281614,925,ok,,client-side:900,1.22,218075,130015259290720,2026-09-06T15:51:03.744-05:00
d4810f0d6e7a,campaign-sf1,mado,tpch,Q11,Medium,oracle,indexed,1,7,0,-1,django,sql,q11s6,2,0.286694,,ok,,client-side:900,1.22,218075,130015259290720,2026-09-06T15:51:04.035-05:00
d4810f0d6e7a,campaign-sf1,mado,tpch,Q11,Medium,oracle,indexed,1,7,0,-1,django,orm,q11s6,2,0.504958,,ok,,client-side:900,1.22,218075,130015259290720,2026-09-06T15:51:04.540-05:00
d4810f0d6e7a,campaign-sf1,mado,tpch,Q11,Medium,oracle,indexed,1,7,0,-1,sqlalchemy,sql,q11s6,2,0.288346,,ok,,client-side:900,1.22,218075,130015259290720,2026-09-06T15:51:04.829-05:00
d4810f0d6e7a,campaign-sf1,mado,tpch,Q11,Medium,oracle,indexed,1,7,0,-1,sqlalchemy,orm,q11s6,2,0.501999,,ok,,client-side:900,1.22,218075,130015259290720,2026-09-06T15:51:05.331-05:00
d4810f0d6e7a,campaign-sf1,mado,tpch,Q11,Medium,oracle,indexed,1,7,0,0,django,sql,q11s6,0,0.283338,1469,ok,,client-side:900,1.22,218075,130015259290720,2026-09-06T15:51:05.614-05:00
d4810f0d6e7a,campaign-sf1,mado,tpch,Q11,Medium,oracle,indexed,1,7,0,1,django,orm,q11s6,0,0.499309,1469,ok,,client-side:900,1.22,218075,130015259290720,2026-09-06T15:51:06.113-05:00
d4810f0d6e7a,campaign-sf1,mado,tpch,Q11,Medium,oracle,indexed,1,7,0,2,sqlalchemy,sql,q11s6,0,0.280541,1469,ok,,client-side:900,1.2,218075,130015259290720,2026-09-06T15:51:06.394-05:00
d4810f0d6e7a,campaign-sf1,mado,tpch,Q11,Medium,oracle,indexed,1,7,0,3,sqlalchemy,orm,q11s6,0,0.505872,1469,ok,,client-side:900,1.2,218075,130015259290720,2026-09-06T15:51:06.900-05:00
d4810f0d6e7a,campaign-sf1,mado,tpch,Q11,Medium,oracle,indexed,1,8,1,-1,django,sql,q11s7,2,0.287346,,ok,,client-side:900,1.2,218075,130015259290720,2026-09-06T15:51:07.192-05:00
d4810f0d6e7a,campaign-sf1,mado,tpch,Q11,Medium,oracle,indexed,1,8,1,-1,django,orm,q11s7,2,0.508854,,ok,,client-side:900,1.2,218075,130015259290720,2026-09-06T15:51:07.701-05:00
d4810f0d6e7a,campaign-sf1,mado,tpch,Q11,Medium,oracle,indexed,1,8,1,-1,sqlalchemy,sql,q11s7,2,0.292149,,ok,,client-side:900,1.2,218075,130015259290720,2026-09-06T15:51:07.993-05:00
d4810f0d6e7a,campaign-sf1,mado,tpch,Q11,Medium,oracle,indexed,1,8,1,-1,sqlalchemy,orm,q11s7,2,0.50522,,ok,,client-side:900,1.2,218075,130015259290720,2026-09-06T15:51:08.498-05:00
d4810f0d6e7a,campaign-sf1,mado,tpch,Q11,Medium,oracle,indexed,1,8,1,0,django,orm,q11s7,0,0.494456,786,ok,,client-side:900,1.2,218075,130015259290720,2026-09-06T15:51:08.993-05:00
d4810f0d6e7a,campaign-sf1,mado,tpch,Q11,Medium,oracle,indexed,1,8,1,1,sqlalchemy,orm,q11s7,0,0.501745,786,ok,,client-side:900,1.2,218075,130015259290720,2026-09-06T15:51:09.495-05:00
d4810f0d6e7a,campaign-sf1,mado,tpch,Q11,Medium,oracle,indexed,1,8,1,2,django,sql,q11s7,0,0.280892,786,ok,,client-side:900,1.2,218075,130015259290720,2026-09-06T15:51:09.776-05:00
d4810f0d6e7a,campaign-sf1,mado,tpch,Q11,Medium,oracle,indexed,1,8,1,3,sqlalchemy,sql,q11s7,0,0.280583,786,ok,,client-side:900,1.2,218075,130015259290720,2026-09-06T15:51:10.057-05:00
f132343ed89a,campaign-sf1,mado,tpch,Q12,Medium,oracle,indexed,1,0,2,0,sqlalchemy,orm,q12warm,1,0.734757,2,ok,,client-side:900,1.18,218098,134585305757312,2026-09-06T15:51:11.996-05:00
f132343ed89a,campaign-sf1,mado,tpch,Q12,Medium,oracle,indexed,1,0,2,1,sqlalchemy,sql,q12warm,1,0.400482,2,ok,,client-side:900,1.18,218098,134585305757312,2026-09-06T15:51:12.396-05:00
f132343ed89a,campaign-sf1,mado,tpch,Q12,Medium,oracle,indexed,1,0,2,2,django,orm,q12warm,1,0.610603,2,ok,,client-side:900,1.18,218098,134585305757312,2026-09-06T15:51:13.007-05:00
f132343ed89a,campaign-sf1,mado,tpch,Q12,Medium,oracle,indexed,1,0,2,3,django,sql,q12warm,1,0.401875,2,ok,,client-side:900,1.18,218098,134585305757312,2026-09-06T15:51:13.409-05:00
f132343ed89a,campaign-sf1,mado,tpch,Q12,Medium,oracle,indexed,1,1,2,-1,django,sql,q12s0,2,0.5533,,ok,,client-side:900,1.18,218098,134585305757312,2026-09-06T15:51:13.967-05:00
f132343ed89a,campaign-sf1,mado,tpch,Q12,Medium,oracle,indexed,1,1,2,-1,django,orm,q12s0,2,0.412566,,ok,,client-side:900,1.18,218098,134585305757312,2026-09-06T15:51:14.380-05:00
f132343ed89a,campaign-sf1,mado,tpch,Q12,Medium,oracle,indexed,1,1,2,-1,sqlalchemy,sql,q12s0,2,0.502822,,ok,,client-side:900,1.18,218098,134585305757312,2026-09-06T15:51:14.883-05:00
f132343ed89a,campaign-sf1,mado,tpch,Q12,Medium,oracle,indexed,1,1,2,-1,sqlalchemy,orm,q12s0,2,0.401316,,ok,,client-side:900,1.18,218098,134585305757312,2026-09-06T15:51:15.284-05:00
f132343ed89a,campaign-sf1,mado,tpch,Q12,Medium,oracle,indexed,1,1,2,0,sqlalchemy,orm,q12s0,0,0.399304,2,ok,,client-side:900,1.18,218098,134585305757312,2026-09-06T15:51:15.684-05:00
f132343ed89a,campaign-sf1,mado,tpch,Q12,Medium,oracle,indexed,1,1,2,1,sqlalchemy,sql,q12s0,0,0.390859,2,ok,,client-side:900,1.18,218098,134585305757312,2026-09-06T15:51:16.074-05:00
f132343ed89a,campaign-sf1,mado,tpch,Q12,Medium,oracle,indexed,1,1,2,2,django,orm,q12s0,0,0.411597,2,ok,,client-side:900,1.17,218098,134585305757312,2026-09-06T15:51:16.486-05:00
f132343ed89a,campaign-sf1,mado,tpch,Q12,Medium,oracle,indexed,1,1,2,3,django,sql,q12s0,0,0.393315,2,ok,,client-side:900,1.17,218098,134585305757312,2026-09-06T15:51:16.880-05:00
f132343ed89a,campaign-sf1,mado,tpch,Q12,Medium,oracle,indexed,1,2,0,-1,django,sql,q12s1,2,1.482587,,ok,,client-side:900,1.17,218098,134585305757312,2026-09-06T15:51:18.367-05:00
f132343ed89a,campaign-sf1,mado,tpch,Q12,Medium,oracle,indexed,1,2,0,-1,django,orm,q12s1,2,0.465686,,ok,,client-side:900,1.17,218098,134585305757312,2026-09-06T15:51:18.833-05:00
f132343ed89a,campaign-sf1,mado,tpch,Q12,Medium,oracle,indexed,1,2,0,-1,sqlalchemy,sql,q12s1,2,1.455426,,ok,,client-side:900,1.17,218098,134585305757312,2026-09-06T15:51:20.288-05:00
f132343ed89a,campaign-sf1,mado,tpch,Q12,Medium,oracle,indexed,1,2,0,-1,sqlalchemy,orm,q12s1,2,0.411385,,ok,,client-side:900,1.17,218098,134585305757312,2026-09-06T15:51:20.700-05:00
f132343ed89a,campaign-sf1,mado,tpch,Q12,Medium,oracle,indexed,1,2,0,0,django,sql,q12s1,0,1.07978,2,ok,,client-side:900,1.15,218098,134585305757312,2026-09-06T15:51:21.779-05:00
f132343ed89a,campaign-sf1,mado,tpch,Q12,Medium,oracle,indexed,1,2,0,1,django,orm,q12s1,0,0.408292,2,ok,,client-side:900,1.15,218098,134585305757312,2026-09-06T15:51:22.188-05:00
f132343ed89a,campaign-sf1,mado,tpch,Q12,Medium,oracle,indexed,1,2,0,2,sqlalchemy,sql,q12s1,0,1.075463,2,ok,,client-side:900,1.15,218098,134585305757312,2026-09-06T15:51:23.263-05:00
f132343ed89a,campaign-sf1,mado,tpch,Q12,Medium,oracle,indexed,1,2,0,3,sqlalchemy,orm,q12s1,0,0.399959,2,ok,,client-side:900,1.15,218098,134585305757312,2026-09-06T15:51:23.663-05:00
f132343ed89a,campaign-sf1,mado,tpch,Q12,Medium,oracle,indexed,1,3,3,-1,django,sql,q12s2,2,0.472656,,ok,,client-side:900,1.15,218098,134585305757312,2026-09-06T15:51:24.141-05:00
f132343ed89a,campaign-sf1,mado,tpch,Q12,Medium,oracle,indexed,1,3,3,-1,django,orm,q12s2,2,0.408194,,ok,,client-side:900,1.15,218098,134585305757312,2026-09-06T15:51:24.549-05:00
f132343ed89a,campaign-sf1,mado,tpch,Q12,Medium,oracle,indexed,1,3,3,-1,sqlalchemy,sql,q12s2,2,0.40889,,ok,,client-side:900,1.15,218098,134585305757312,2026-09-06T15:51:24.958-05:00
f132343ed89a,campaign-sf1,mado,tpch,Q12,Medium,oracle,indexed,1,3,3,-1,sqlalchemy,orm,q12s2,2,0.399383,,ok,,client-side:900,1.15,218098,134585305757312,2026-09-06T15:51:25.358-05:00
f132343ed89a,campaign-sf1,mado,tpch,Q12,Medium,oracle,indexed,1,3,3,0,sqlalchemy,sql,q12s2,0,0.389722,2,ok,,client-side:900,1.15,218098,134585305757312,2026-09-06T15:51:25.748-05:00
f132343ed89a,campaign-sf1,mado,tpch,Q12,Medium,oracle,indexed,1,3,3,1,django,sql,q12s2,0,0.389431,2,ok,,client-side:900,1.15,218098,134585305757312,2026-09-06T15:51:26.137-05:00
f132343ed89a,campaign-sf1,mado,tpch,Q12,Medium,oracle,indexed,1,3,3,2,sqlalchemy,orm,q12s2,0,0.400036,2,ok,,client-side:900,1.14,218098,134585305757312,2026-09-06T15:51:26.537-05:00
f132343ed89a,campaign-sf1,mado,tpch,Q12,Medium,oracle,indexed,1,3,3,3,django,orm,q12s2,0,0.408385,2,ok,,client-side:900,1.14,218098,134585305757312,2026-09-06T15:51:26.946-05:00
f132343ed89a,campaign-sf1,mado,tpch,Q12,Medium,oracle,indexed,1,4,1,-1,django,sql,q12s3,2,0.426665,,ok,,client-side:900,1.14,218098,134585305757312,2026-09-06T15:51:27.377-05:00
f132343ed89a,campaign-sf1,mado,tpch,Q12,Medium,oracle,indexed,1,4,1,-1,django,orm,q12s3,2,0.40648,,ok,,client-side:900,1.14,218098,134585305757312,2026-09-06T15:51:27.784-05:00
f132343ed89a,campaign-sf1,mado,tpch,Q12,Medium,oracle,indexed,1,4,1,-1,sqlalchemy,sql,q12s3,2,0.403833,,ok,,client-side:900,1.14,218098,134585305757312,2026-09-06T15:51:28.187-05:00
f132343ed89a,campaign-sf1,mado,tpch,Q12,Medium,oracle,indexed,1,4,1,-1,sqlalchemy,orm,q12s3,2,0.397974,,ok,,client-side:900,1.14,218098,134585305757312,2026-09-06T15:51:28.586-05:00
f132343ed89a,campaign-sf1,mado,tpch,Q12,Medium,oracle,indexed,1,4,1,0,django,orm,q12s3,0,0.405936,2,ok,,client-side:900,1.14,218098,134585305757312,2026-09-06T15:51:28.992-05:00
f132343ed89a,campaign-sf1,mado,tpch,Q12,Medium,oracle,indexed,1,4,1,1,sqlalchemy,orm,q12s3,0,0.399079,2,ok,,client-side:900,1.14,218098,134585305757312,2026-09-06T15:51:29.391-05:00
f132343ed89a,campaign-sf1,mado,tpch,Q12,Medium,oracle,indexed,1,4,1,2,django,sql,q12s3,0,0.390052,2,ok,,client-side:900,1.14,218098,134585305757312,2026-09-06T15:51:29.781-05:00
f132343ed89a,campaign-sf1,mado,tpch,Q12,Medium,oracle,indexed,1,4,1,3,sqlalchemy,sql,q12s3,0,0.390399,2,ok,,client-side:900,1.14,218098,134585305757312,2026-09-06T15:51:30.171-05:00
f132343ed89a,campaign-sf1,mado,tpch,Q12,Medium,oracle,indexed,1,5,2,-1,django,sql,q12s4,2,1.359784,,ok,,client-side:900,1.13,218098,134585305757312,2026-09-06T15:51:31.536-05:00
f132343ed89a,campaign-sf1,mado,tpch,Q12,Medium,oracle,indexed,1,5,2,-1,django,orm,q12s4,2,0.468495,,ok,,client-side:900,1.13,218098,134585305757312,2026-09-06T15:51:32.005-05:00
f132343ed89a,campaign-sf1,mado,tpch,Q12,Medium,oracle,indexed,1,5,2,-1,sqlalchemy,sql,q12s4,2,1.374659,,ok,,client-side:900,1.13,218098,134585305757312,2026-09-06T15:51:33.379-05:00
f132343ed89a,campaign-sf1,mado,tpch,Q12,Medium,oracle,indexed,1,5,2,-1,sqlalchemy,orm,q12s4,2,0.410168,,ok,,client-side:900,1.13,218098,134585305757312,2026-09-06T15:51:33.790-05:00
f132343ed89a,campaign-sf1,mado,tpch,Q12,Medium,oracle,indexed,1,5,2,0,sqlalchemy,orm,q12s4,0,0.399348,2,ok,,client-side:900,1.13,218098,134585305757312,2026-09-06T15:51:34.189-05:00
f132343ed89a,campaign-sf1,mado,tpch,Q12,Medium,oracle,indexed,1,5,2,1,sqlalchemy,sql,q12s4,0,1.350374,2,ok,,client-side:900,1.13,218098,134585305757312,2026-09-06T15:51:35.540-05:00
f132343ed89a,campaign-sf1,mado,tpch,Q12,Medium,oracle,indexed,1,5,2,2,django,orm,q12s4,0,0.407956,2,ok,,client-side:900,1.13,218098,134585305757312,2026-09-06T15:51:35.948-05:00
f132343ed89a,campaign-sf1,mado,tpch,Q12,Medium,oracle,indexed,1,5,2,3,django,sql,q12s4,0,1.340332,2,ok,,client-side:900,1.12,218098,134585305757312,2026-09-06T15:51:37.288-05:00
f132343ed89a,campaign-sf1,mado,tpch,Q12,Medium,oracle,indexed,1,6,1,-1,django,sql,q12s5,2,1.35002,,ok,,client-side:900,1.12,218098,134585305757312,2026-09-06T15:51:38.643-05:00
f132343ed89a,campaign-sf1,mado,tpch,Q12,Medium,oracle,indexed,1,6,1,-1,django,orm,q12s5,2,0.50142,,ok,,client-side:900,1.12,218098,134585305757312,2026-09-06T15:51:39.144-05:00
f132343ed89a,campaign-sf1,mado,tpch,Q12,Medium,oracle,indexed,1,6,1,-1,sqlalchemy,sql,q12s5,2,1.375035,,ok,,client-side:900,1.12,218098,134585305757312,2026-09-06T15:51:40.519-05:00
f132343ed89a,campaign-sf1,mado,tpch,Q12,Medium,oracle,indexed,1,6,1,-1,sqlalchemy,orm,q12s5,2,0.405546,,ok,,client-side:900,1.12,218098,134585305757312,2026-09-06T15:51:40.925-05:00
f132343ed89a,campaign-sf1,mado,tpch,Q12,Medium,oracle,indexed,1,6,1,0,django,orm,q12s5,0,0.409495,2,ok,,client-side:900,1.11,218098,134585305757312,2026-09-06T15:51:41.334-05:00
f132343ed89a,campaign-sf1,mado,tpch,Q12,Medium,oracle,indexed,1,6,1,1,sqlalchemy,orm,q12s5,0,0.401072,2,ok,,client-side:900,1.11,218098,134585305757312,2026-09-06T15:51:41.736-05:00
f132343ed89a,campaign-sf1,mado,tpch,Q12,Medium,oracle,indexed,1,6,1,2,django,sql,q12s5,0,1.357711,2,ok,,client-side:900,1.11,218098,134585305757312,2026-09-06T15:51:43.093-05:00
f132343ed89a,campaign-sf1,mado,tpch,Q12,Medium,oracle,indexed,1,6,1,3,sqlalchemy,sql,q12s5,0,1.354336,2,ok,,client-side:900,1.11,218098,134585305757312,2026-09-06T15:51:44.448-05:00
f132343ed89a,campaign-sf1,mado,tpch,Q12,Medium,oracle,indexed,1,7,3,-1,django,sql,q12s6,2,1.34782,,ok,,client-side:900,1.11,218098,134585305757312,2026-09-06T15:51:45.800-05:00
f132343ed89a,campaign-sf1,mado,tpch,Q12,Medium,oracle,indexed,1,7,3,-1,django,orm,q12s6,2,0.437517,,ok,,client-side:900,1.11,218098,134585305757312,2026-09-06T15:51:46.238-05:00
f132343ed89a,campaign-sf1,mado,tpch,Q12,Medium,oracle,indexed,1,7,3,-1,sqlalchemy,sql,q12s6,2,1.368165,,ok,,client-side:900,1.1,218098,134585305757312,2026-09-06T15:51:47.606-05:00
f132343ed89a,campaign-sf1,mado,tpch,Q12,Medium,oracle,indexed,1,7,3,-1,sqlalchemy,orm,q12s6,2,0.404022,,ok,,client-side:900,1.1,218098,134585305757312,2026-09-06T15:51:48.010-05:00
f132343ed89a,campaign-sf1,mado,tpch,Q12,Medium,oracle,indexed,1,7,3,0,sqlalchemy,sql,q12s6,0,1.350834,2,ok,,client-side:900,1.1,218098,134585305757312,2026-09-06T15:51:49.361-05:00
f132343ed89a,campaign-sf1,mado,tpch,Q12,Medium,oracle,indexed,1,7,3,1,django,sql,q12s6,0,1.336854,2,ok,,client-side:900,1.1,218098,134585305757312,2026-09-06T15:51:50.698-05:00
f132343ed89a,campaign-sf1,mado,tpch,Q12,Medium,oracle,indexed,1,7,3,2,sqlalchemy,orm,q12s6,0,0.400642,2,ok,,client-side:900,1.1,218098,134585305757312,2026-09-06T15:51:51.099-05:00
f132343ed89a,campaign-sf1,mado,tpch,Q12,Medium,oracle,indexed,1,7,3,3,django,orm,q12s6,0,0.40942,2,ok,,client-side:900,1.09,218098,134585305757312,2026-09-06T15:51:51.508-05:00
f132343ed89a,campaign-sf1,mado,tpch,Q12,Medium,oracle,indexed,1,8,0,-1,django,sql,q12s7,2,1.077086,,ok,,client-side:900,1.09,218098,134585305757312,2026-09-06T15:51:52.590-05:00
f132343ed89a,campaign-sf1,mado,tpch,Q12,Medium,oracle,indexed,1,8,0,-1,django,orm,q12s7,2,0.439205,,ok,,client-side:900,1.09,218098,134585305757312,2026-09-06T15:51:53.029-05:00
f132343ed89a,campaign-sf1,mado,tpch,Q12,Medium,oracle,indexed,1,8,0,-1,sqlalchemy,sql,q12s7,2,1.077795,,ok,,client-side:900,1.09,218098,134585305757312,2026-09-06T15:51:54.107-05:00
f132343ed89a,campaign-sf1,mado,tpch,Q12,Medium,oracle,indexed,1,8,0,-1,sqlalchemy,orm,q12s7,2,0.41384,,ok,,client-side:900,1.09,218098,134585305757312,2026-09-06T15:51:54.521-05:00
f132343ed89a,campaign-sf1,mado,tpch,Q12,Medium,oracle,indexed,1,8,0,0,django,sql,q12s7,0,1.067132,2,ok,,client-side:900,1.09,218098,134585305757312,2026-09-06T15:51:55.588-05:00
f132343ed89a,campaign-sf1,mado,tpch,Q12,Medium,oracle,indexed,1,8,0,1,django,orm,q12s7,0,0.410485,2,ok,,client-side:900,1.09,218098,134585305757312,2026-09-06T15:51:55.999-05:00
f132343ed89a,campaign-sf1,mado,tpch,Q12,Medium,oracle,indexed,1,8,0,2,sqlalchemy,sql,q12s7,0,1.070414,2,ok,,client-side:900,1.08,218098,134585305757312,2026-09-06T15:51:57.069-05:00
f132343ed89a,campaign-sf1,mado,tpch,Q12,Medium,oracle,indexed,1,8,0,3,sqlalchemy,orm,q12s7,0,0.400525,2,ok,,client-side:900,1.08,218098,134585305757312,2026-09-06T15:51:57.470-05:00
a200d36687cc,campaign-sf1,mado,tpch,Q13,Complex,oracle,indexed,1,0,0,0,django,sql,q13warm,1,1.371123,42,ok,,client-side:900,1.08,218106,135410172319536,2026-09-06T15:52:00.048-05:00
a200d36687cc,campaign-sf1,mado,tpch,Q13,Complex,oracle,indexed,1,0,0,1,django,orm,q13warm,1,1.9e-05,,not_expressible,"Q13NotExpressible: Django ORM cannot express Q13 on Oracle: no derived-table construct, and Oracle raises ORA-22818 for a subquery in a GROUP BY expression. See django_a",client-side:900,1.08,218106,135410172319536,2026-09-06T15:52:00.048-05:00
a200d36687cc,campaign-sf1,mado,tpch,Q13,Complex,oracle,indexed,1,0,0,2,sqlalchemy,sql,q13warm,1,1.32137,42,ok,,client-side:900,1.08,218106,135410172319536,2026-09-06T15:52:01.369-05:00
a200d36687cc,campaign-sf1,mado,tpch,Q13,Complex,oracle,indexed,1,0,0,3,sqlalchemy,orm,q13warm,1,1.31585,42,ok,,client-side:900,1.08,218106,135410172319536,2026-09-06T15:52:02.685-05:00
a200d36687cc,campaign-sf1,mado,tpch,Q13,Complex,oracle,indexed,1,1,2,-1,django,sql,q13s0,2,1.345768,,ok,,client-side:900,1.08,218106,135410172319536,2026-09-06T15:52:04.036-05:00
a200d36687cc,campaign-sf1,mado,tpch,Q13,Complex,oracle,indexed,1,1,2,-1,sqlalchemy,sql,q13s0,2,1.351382,,ok,,client-side:900,1.08,218106,135410172319536,2026-09-06T15:52:05.387-05:00
a200d36687cc,campaign-sf1,mado,tpch,Q13,Complex,oracle,indexed,1,1,2,-1,sqlalchemy,orm,q13s0,2,1.307357,,ok,,client-side:900,1.07,218106,135410172319536,2026-09-06T15:52:06.694-05:00
a200d36687cc,campaign-sf1,mado,tpch,Q13,Complex,oracle,indexed,1,1,2,0,sqlalchemy,orm,q13s0,0,1.30778,42,ok,,client-side:900,1.07,218106,135410172319536,2026-09-06T15:52:08.002-05:00
a200d36687cc,campaign-sf1,mado,tpch,Q13,Complex,oracle,indexed,1,1,2,1,sqlalchemy,sql,q13s0,0,1.336677,42,ok,,client-side:900,1.07,218106,135410172319536,2026-09-06T15:52:09.339-05:00
a200d36687cc,campaign-sf1,mado,tpch,Q13,Complex,oracle,indexed,1,1,2,3,django,sql,q13s0,0,1.344734,42,ok,,client-side:900,1.07,218106,135410172319536,2026-09-06T15:52:10.684-05:00
a200d36687cc,campaign-sf1,mado,tpch,Q13,Complex,oracle,indexed,1,2,0,-1,django,sql,q13s1,2,1.262968,,ok,,client-side:900,1.07,218106,135410172319536,2026-09-06T15:52:11.951-05:00
a200d36687cc,campaign-sf1,mado,tpch,Q13,Complex,oracle,indexed,1,2,0,-1,sqlalchemy,sql,q13s1,2,1.269736,,ok,,client-side:900,1.07,218106,135410172319536,2026-09-06T15:52:13.221-05:00
a200d36687cc,campaign-sf1,mado,tpch,Q13,Complex,oracle,indexed,1,2,0,-1,sqlalchemy,orm,q13s1,2,1.22466,,ok,,client-side:900,1.07,218106,135410172319536,2026-09-06T15:52:14.446-05:00
a200d36687cc,campaign-sf1,mado,tpch,Q13,Complex,oracle,indexed,1,2,0,0,django,sql,q13s1,0,1.26049,41,ok,,client-side:900,1.07,218106,135410172319536,2026-09-06T15:52:15.707-05:00
a200d36687cc,campaign-sf1,mado,tpch,Q13,Complex,oracle,indexed,1,2,0,2,sqlalchemy,sql,q13s1,0,1.253878,41,ok,,client-side:900,1.06,218106,135410172319536,2026-09-06T15:52:16.961-05:00
a200d36687cc,campaign-sf1,mado,tpch,Q13,Complex,oracle,indexed,1,2,0,3,sqlalchemy,orm,q13s1,0,1.225882,41,ok,,client-side:900,1.06,218106,135410172319536,2026-09-06T15:52:18.187-05:00
a200d36687cc,campaign-sf1,mado,tpch,Q13,Complex,oracle,indexed,1,3,3,-1,django,sql,q13s2,2,1.294066,,ok,,client-side:900,1.06,218106,135410172319536,2026-09-06T15:52:19.488-05:00
a200d36687cc,campaign-sf1,mado,tpch,Q13,Complex,oracle,indexed,1,3,3,-1,sqlalchemy,sql,q13s2,2,1.303423,,ok,,client-side:900,1.06,218106,135410172319536,2026-09-06T15:52:20.791-05:00
a200d36687cc,campaign-sf1,mado,tpch,Q13,Complex,oracle,indexed,1,3,3,-1,sqlalchemy,orm,q13s2,2,1.26361,,ok,,client-side:900,1.06,218106,135410172319536,2026-09-06T15:52:22.055-05:00
a200d36687cc,campaign-sf1,mado,tpch,Q13,Complex,oracle,indexed,1,3,3,0,sqlalchemy,sql,q13s2,0,1.291147,42,ok,,client-side:900,1.06,218106,135410172319536,2026-09-06T15:52:23.346-05:00
a200d36687cc,campaign-sf1,mado,tpch,Q13,Complex,oracle,indexed,1,3,3,1,django,sql,q13s2,0,1.293759,42,ok,,client-side:900,1.06,218106,135410172319536,2026-09-06T15:52:24.640-05:00
a200d36687cc,campaign-sf1,mado,tpch,Q13,Complex,oracle,indexed,1,3,3,2,sqlalchemy,orm,q13s2,0,1.265007,42,ok,,client-side:900,1.06,218106,135410172319536,2026-09-06T15:52:25.905-05:00
a200d36687cc,campaign-sf1,mado,tpch,Q13,Complex,oracle,indexed,1,4,1,-1,django,sql,q13s3,2,1.376731,,ok,,client-side:900,1.05,218106,135410172319536,2026-09-06T15:52:27.286-05:00
a200d36687cc,campaign-sf1,mado,tpch,Q13,Complex,oracle,indexed,1,4,1,-1,sqlalchemy,sql,q13s3,2,1.387624,,ok,,client-side:900,1.05,218106,135410172319536,2026-09-06T15:52:28.674-05:00
a200d36687cc,campaign-sf1,mado,tpch,Q13,Complex,oracle,indexed,1,4,1,-1,sqlalchemy,orm,q13s3,2,1.348665,,ok,,client-side:900,1.05,218106,135410172319536,2026-09-06T15:52:30.023-05:00
a200d36687cc,campaign-sf1,mado,tpch,Q13,Complex,oracle,indexed,1,4,1,1,sqlalchemy,orm,q13s3,0,1.348177,41,ok,,client-side:900,1.05,218106,135410172319536,2026-09-06T15:52:31.371-05:00
a200d36687cc,campaign-sf1,mado,tpch,Q13,Complex,oracle,indexed,1,4,1,2,django,sql,q13s3,0,1.380155,41,ok,,client-side:900,1.05,218106,135410172319536,2026-09-06T15:52:32.751-05:00
a200d36687cc,campaign-sf1,mado,tpch,Q13,Complex,oracle,indexed,1,4,1,3,sqlalchemy,sql,q13s3,0,1.375023,41,ok,,client-side:900,1.05,218106,135410172319536,2026-09-06T15:52:34.126-05:00
a200d36687cc,campaign-sf1,mado,tpch,Q13,Complex,oracle,indexed,1,5,3,-1,django,sql,q13s4,2,1.338131,,ok,,client-side:900,1.05,218106,135410172319536,2026-09-06T15:52:35.469-05:00
a200d36687cc,campaign-sf1,mado,tpch,Q13,Complex,oracle,indexed,1,5,3,-1,sqlalchemy,sql,q13s4,2,1.350552,,ok,,client-side:900,1.04,218106,135410172319536,2026-09-06T15:52:36.819-05:00
a200d36687cc,campaign-sf1,mado,tpch,Q13,Complex,oracle,indexed,1,5,3,-1,sqlalchemy,orm,q13s4,2,1.306621,,ok,,client-side:900,1.04,218106,135410172319536,2026-09-06T15:52:38.126-05:00
a200d36687cc,campaign-sf1,mado,tpch,Q13,Complex,oracle,indexed,1,5,3,0,sqlalchemy,sql,q13s4,0,1.335451,42,ok,,client-side:900,1.04,218106,135410172319536,2026-09-06T15:52:39.462-05:00
a200d36687cc,campaign-sf1,mado,tpch,Q13,Complex,oracle,indexed,1,5,3,1,django,sql,q13s4,0,1.338033,42,ok,,client-side:900,1.04,218106,135410172319536,2026-09-06T15:52:40.800-05:00
a200d36687cc,campaign-sf1,mado,tpch,Q13,Complex,oracle,indexed,1,5,3,2,sqlalchemy,orm,q13s4,0,1.305624,42,ok,,client-side:900,1.04,218106,135410172319536,2026-09-06T15:52:42.106-05:00
a200d36687cc,campaign-sf1,mado,tpch,Q13,Complex,oracle,indexed,1,6,1,-1,django,sql,q13s5,2,1.374388,,ok,,client-side:900,1.04,218106,135410172319536,2026-09-06T15:52:43.484-05:00
a200d36687cc,campaign-sf1,mado,tpch,Q13,Complex,oracle,indexed,1,6,1,-1,sqlalchemy,sql,q13s5,2,1.384983,,ok,,client-side:900,1.04,218106,135410172319536,2026-09-06T15:52:44.869-05:00
a200d36687cc,campaign-sf1,mado,tpch,Q13,Complex,oracle,indexed,1,6,1,-1,sqlalchemy,orm,q13s5,2,1.343847,,ok,,client-side:900,1.04,218106,135410172319536,2026-09-06T15:52:46.213-05:00
a200d36687cc,campaign-sf1,mado,tpch,Q13,Complex,oracle,indexed,1,6,1,1,sqlalchemy,orm,q13s5,0,1.346261,42,ok,,client-side:900,1.04,218106,135410172319536,2026-09-06T15:52:47.560-05:00
a200d36687cc,campaign-sf1,mado,tpch,Q13,Complex,oracle,indexed,1,6,1,2,django,sql,q13s5,0,1.372417,42,ok,,client-side:900,1.04,218106,135410172319536,2026-09-06T15:52:48.932-05:00
a200d36687cc,campaign-sf1,mado,tpch,Q13,Complex,oracle,indexed,1,6,1,3,sqlalchemy,sql,q13s5,0,1.373319,42,ok,,client-side:900,1.04,218106,135410172319536,2026-09-06T15:52:50.305-05:00
a200d36687cc,campaign-sf1,mado,tpch,Q13,Complex,oracle,indexed,1,7,2,-1,django,sql,q13s6,2,1.255349,,ok,,client-side:900,1.03,218106,135410172319536,2026-09-06T15:52:51.564-05:00
a200d36687cc,campaign-sf1,mado,tpch,Q13,Complex,oracle,indexed,1,7,2,-1,sqlalchemy,sql,q13s6,2,1.265049,,ok,,client-side:900,1.03,218106,135410172319536,2026-09-06T15:52:52.829-05:00
a200d36687cc,campaign-sf1,mado,tpch,Q13,Complex,oracle,indexed,1,7,2,-1,sqlalchemy,orm,q13s6,2,1.222585,,ok,,client-side:900,1.03,218106,135410172319536,2026-09-06T15:52:54.052-05:00
a200d36687cc,campaign-sf1,mado,tpch,Q13,Complex,oracle,indexed,1,7,2,0,sqlalchemy,orm,q13s6,0,1.224588,42,ok,,client-side:900,1.03,218106,135410172319536,2026-09-06T15:52:55.277-05:00
a200d36687cc,campaign-sf1,mado,tpch,Q13,Complex,oracle,indexed,1,7,2,1,sqlalchemy,sql,q13s6,0,1.252191,42,ok,,client-side:900,1.03,218106,135410172319536,2026-09-06T15:52:56.529-05:00
a200d36687cc,campaign-sf1,mado,tpch,Q13,Complex,oracle,indexed,1,7,2,3,django,sql,q13s6,0,1.257934,42,ok,,client-side:900,1.03,218106,135410172319536,2026-09-06T15:52:57.787-05:00
a200d36687cc,campaign-sf1,mado,tpch,Q13,Complex,oracle,indexed,1,8,0,-1,django,sql,q13s7,2,1.37783,,ok,,client-side:900,1.03,218106,135410172319536,2026-09-06T15:52:59.169-05:00
a200d36687cc,campaign-sf1,mado,tpch,Q13,Complex,oracle,indexed,1,8,0,-1,sqlalchemy,sql,q13s7,2,1.388098,,ok,,client-side:900,1.03,218106,135410172319536,2026-09-06T15:53:00.558-05:00
a200d36687cc,campaign-sf1,mado,tpch,Q13,Complex,oracle,indexed,1,8,0,-1,sqlalchemy,orm,q13s7,2,1.345531,,ok,,client-side:900,1.03,218106,135410172319536,2026-09-06T15:53:01.903-05:00
a200d36687cc,campaign-sf1,mado,tpch,Q13,Complex,oracle,indexed,1,8,0,0,django,sql,q13s7,0,1.376584,42,ok,,client-side:900,1.03,218106,135410172319536,2026-09-06T15:53:03.280-05:00
a200d36687cc,campaign-sf1,mado,tpch,Q13,Complex,oracle,indexed,1,8,0,2,sqlalchemy,sql,q13s7,0,1.375188,42,ok,,client-side:900,1.03,218106,135410172319536,2026-09-06T15:53:04.655-05:00
a200d36687cc,campaign-sf1,mado,tpch,Q13,Complex,oracle,indexed,1,8,0,3,sqlalchemy,orm,q13s7,0,1.345598,42,ok,,client-side:900,1.03,218106,135410172319536,2026-09-06T15:53:06.001-05:00
45e606808ace,campaign-sf1,mado,tpch,Q14,Simple,oracle,indexed,1,0,0,0,django,sql,q14warm,1,1.456619,1,ok,,client-side:900,1.02,218116,128702067906784,2026-09-06T15:53:08.662-05:00
45e606808ace,campaign-sf1,mado,tpch,Q14,Simple,oracle,indexed,1,0,0,1,django,orm,q14warm,1,0.739711,1,ok,,client-side:900,1.02,218116,128702067906784,2026-09-06T15:53:09.402-05:00
45e606808ace,campaign-sf1,mado,tpch,Q14,Simple,oracle,indexed,1,0,0,2,sqlalchemy,sql,q14warm,1,1.37757,1,ok,,client-side:900,1.02,218116,128702067906784,2026-09-06T15:53:10.779-05:00
45e606808ace,campaign-sf1,mado,tpch,Q14,Simple,oracle,indexed,1,0,0,3,sqlalchemy,orm,q14warm,1,0.773305,1,ok,,client-side:900,1.02,218116,128702067906784,2026-09-06T15:53:11.553-05:00
45e606808ace,campaign-sf1,mado,tpch,Q14,Simple,oracle,indexed,1,1,1,-1,django,sql,q14s0,2,0.759846,,ok,,client-side:900,1.02,218116,128702067906784,2026-09-06T15:53:12.317-05:00
45e606808ace,campaign-sf1,mado,tpch,Q14,Simple,oracle,indexed,1,1,1,-1,django,orm,q14s0,2,0.761261,,ok,,client-side:900,1.02,218116,128702067906784,2026-09-06T15:53:13.079-05:00
45e606808ace,campaign-sf1,mado,tpch,Q14,Simple,oracle,indexed,1,1,1,-1,sqlalchemy,sql,q14s0,2,0.756992,,ok,,client-side:900,1.02,218116,128702067906784,2026-09-06T15:53:13.836-05:00
45e606808ace,campaign-sf1,mado,tpch,Q14,Simple,oracle,indexed,1,1,1,-1,sqlalchemy,orm,q14s0,2,0.75484,,ok,,client-side:900,1.02,218116,128702067906784,2026-09-06T15:53:14.591-05:00
45e606808ace,campaign-sf1,mado,tpch,Q14,Simple,oracle,indexed,1,1,1,0,django,orm,q14s0,0,0.759791,1,ok,,client-side:900,1.02,218116,128702067906784,2026-09-06T15:53:15.350-05:00
45e606808ace,campaign-sf1,mado,tpch,Q14,Simple,oracle,indexed,1,1,1,1,sqlalchemy,orm,q14s0,0,0.755049,1,ok,,client-side:900,1.02,218116,128702067906784,2026-09-06T15:53:16.106-05:00
45e606808ace,campaign-sf1,mado,tpch,Q14,Simple,oracle,indexed,1,1,1,2,django,sql,q14s0,0,0.748214,1,ok,,client-side:900,1.02,218116,128702067906784,2026-09-06T15:53:16.854-05:00
45e606808ace,campaign-sf1,mado,tpch,Q14,Simple,oracle,indexed,1,1,1,3,sqlalchemy,sql,q14s0,0,0.749726,1,ok,,client-side:900,1.02,218116,128702067906784,2026-09-06T15:53:17.604-05:00
45e606808ace,campaign-sf1,mado,tpch,Q14,Simple,oracle,indexed,1,2,0,-1,django,sql,q14s1,2,0.760448,,ok,,client-side:900,1.02,218116,128702067906784,2026-09-06T15:53:18.369-05:00
45e606808ace,campaign-sf1,mado,tpch,Q14,Simple,oracle,indexed,1,2,0,-1,django,orm,q14s1,2,0.755684,,ok,,client-side:900,1.02,218116,128702067906784,2026-09-06T15:53:19.125-05:00
45e606808ace,campaign-sf1,mado,tpch,Q14,Simple,oracle,indexed,1,2,0,-1,sqlalchemy,sql,q14s1,2,0.756288,,ok,,client-side:900,1.02,218116,128702067906784,2026-09-06T15:53:19.881-05:00
45e606808ace,campaign-sf1,mado,tpch,Q14,Simple,oracle,indexed,1,2,0,-1,sqlalchemy,orm,q14s1,2,0.750671,,ok,,client-side:900,1.02,218116,128702067906784,2026-09-06T15:53:20.632-05:00
45e606808ace,campaign-sf1,mado,tpch,Q14,Simple,oracle,indexed,1,2,0,0,django,sql,q14s1,0,0.751312,1,ok,,client-side:900,1.02,218116,128702067906784,2026-09-06T15:53:21.383-05:00
45e606808ace,campaign-sf1,mado,tpch,Q14,Simple,oracle,indexed,1,2,0,1,django,orm,q14s1,0,0.757331,1,ok,,client-side:900,1.02,218116,128702067906784,2026-09-06T15:53:22.141-05:00
45e606808ace,campaign-sf1,mado,tpch,Q14,Simple,oracle,indexed,1,2,0,2,sqlalchemy,sql,q14s1,0,0.750543,1,ok,,client-side:900,1.02,218116,128702067906784,2026-09-06T15:53:22.891-05:00
45e606808ace,campaign-sf1,mado,tpch,Q14,Simple,oracle,indexed,1,2,0,3,sqlalchemy,orm,q14s1,0,0.751035,1,ok,,client-side:900,1.02,218116,128702067906784,2026-09-06T15:53:23.643-05:00
45e606808ace,campaign-sf1,mado,tpch,Q14,Simple,oracle,indexed,1,3,2,-1,django,sql,q14s2,2,0.718329,,ok,,client-side:900,1.02,218116,128702067906784,2026-09-06T15:53:24.365-05:00
45e606808ace,campaign-sf1,mado,tpch,Q14,Simple,oracle,indexed,1,3,2,-1,django,orm,q14s2,2,0.756905,,ok,,client-side:900,1.02,218116,128702067906784,2026-09-06T15:53:25.122-05:00
45e606808ace,campaign-sf1,mado,tpch,Q14,Simple,oracle,indexed,1,3,2,-1,sqlalchemy,sql,q14s2,2,0.715458,,ok,,client-side:900,1.02,218116,128702067906784,2026-09-06T15:53:25.838-05:00
45e606808ace,campaign-sf1,mado,tpch,Q14,Simple,oracle,indexed,1,3,2,-1,sqlalchemy,orm,q14s2,2,0.752217,,ok,,client-side:900,1.02,218116,128702067906784,2026-09-06T15:53:26.590-05:00
45e606808ace,campaign-sf1,mado,tpch,Q14,Simple,oracle,indexed,1,3,2,0,sqlalchemy,orm,q14s2,0,0.753211,1,ok,,client-side:900,1.02,218116,128702067906784,2026-09-06T15:53:27.344-05:00
45e606808ace,campaign-sf1,mado,tpch,Q14,Simple,oracle,indexed,1,3,2,1,sqlalchemy,sql,q14s2,0,0.707175,1,ok,,client-side:900,1.02,218116,128702067906784,2026-09-06T15:53:28.051-05:00
45e606808ace,campaign-sf1,mado,tpch,Q14,Simple,oracle,indexed,1,3,2,2,django,orm,q14s2,0,0.759049,1,ok,,client-side:900,1.02,218116,128702067906784,2026-09-06T15:53:28.810-05:00
45e606808ace,campaign-sf1,mado,tpch,Q14,Simple,oracle,indexed,1,3,2,3,django,sql,q14s2,0,0.7082,1,ok,,client-side:900,1.02,218116,128702067906784,2026-09-06T15:53:29.518-05:00
45e606808ace,campaign-sf1,mado,tpch,Q14,Simple,oracle,indexed,1,4,3,-1,django,sql,q14s3,2,0.758939,,ok,,client-side:900,1.02,218116,128702067906784,2026-09-06T15:53:30.282-05:00
45e606808ace,campaign-sf1,mado,tpch,Q14,Simple,oracle,indexed,1,4,3,-1,django,orm,q14s3,2,0.759464,,ok,,client-side:900,1.02,218116,128702067906784,2026-09-06T15:53:31.042-05:00
45e606808ace,campaign-sf1,mado,tpch,Q14,Simple,oracle,indexed,1,4,3,-1,sqlalchemy,sql,q14s3,2,0.759469,,ok,,client-side:900,1.02,218116,128702067906784,2026-09-06T15:53:31.801-05:00
45e606808ace,campaign-sf1,mado,tpch,Q14,Simple,oracle,indexed,1,4,3,-1,sqlalchemy,orm,q14s3,2,0.759009,,ok,,client-side:900,1.02,218116,128702067906784,2026-09-06T15:53:32.561-05:00
45e606808ace,campaign-sf1,mado,tpch,Q14,Simple,oracle,indexed,1,4,3,0,sqlalchemy,sql,q14s3,0,0.753484,1,ok,,client-side:900,1.02,218116,128702067906784,2026-09-06T15:53:33.314-05:00
45e606808ace,campaign-sf1,mado,tpch,Q14,Simple,oracle,indexed,1,4,3,1,django,sql,q14s3,0,0.748553,1,ok,,client-side:900,1.02,218116,128702067906784,2026-09-06T15:53:34.063-05:00
45e606808ace,campaign-sf1,mado,tpch,Q14,Simple,oracle,indexed,1,4,3,2,sqlalchemy,orm,q14s3,0,0.757968,1,ok,,client-side:900,1.02,218116,128702067906784,2026-09-06T15:53:34.821-05:00
45e606808ace,campaign-sf1,mado,tpch,Q14,Simple,oracle,indexed,1,4,3,3,django,orm,q14s3,0,0.76212,1,ok,,client-side:900,1.02,218116,128702067906784,2026-09-06T15:53:35.583-05:00
45e606808ace,campaign-sf1,mado,tpch,Q14,Simple,oracle,indexed,1,5,2,-1,django,sql,q14s4,2,0.750968,,ok,,client-side:900,1.01,218116,128702067906784,2026-09-06T15:53:36.339-05:00
45e606808ace,campaign-sf1,mado,tpch,Q14,Simple,oracle,indexed,1,5,2,-1,django,orm,q14s4,2,0.7468,,ok,,client-side:900,1.01,218116,128702067906784,2026-09-06T15:53:37.086-05:00
45e606808ace,campaign-sf1,mado,tpch,Q14,Simple,oracle,indexed,1,5,2,-1,sqlalchemy,sql,q14s4,2,0.750728,,ok,,client-side:900,1.01,218116,128702067906784,2026-09-06T15:53:37.836-05:00
45e606808ace,campaign-sf1,mado,tpch,Q14,Simple,oracle,indexed,1,5,2,-1,sqlalchemy,orm,q14s4,2,0.744109,,ok,,client-side:900,1.01,218116,128702067906784,2026-09-06T15:53:38.581-05:00
45e606808ace,campaign-sf1,mado,tpch,Q14,Simple,oracle,indexed,1,5,2,0,sqlalchemy,orm,q14s4,0,0.745611,1,ok,,client-side:900,1.01,218116,128702067906784,2026-09-06T15:53:39.326-05:00
45e606808ace,campaign-sf1,mado,tpch,Q14,Simple,oracle,indexed,1,5,2,1,sqlalchemy,sql,q14s4,0,0.741689,1,ok,,client-side:900,1.01,218116,128702067906784,2026-09-06T15:53:40.068-05:00
45e606808ace,campaign-sf1,mado,tpch,Q14,Simple,oracle,indexed,1,5,2,2,django,orm,q14s4,0,0.746532,1,ok,,client-side:900,1.01,218116,128702067906784,2026-09-06T15:53:40.815-05:00
45e606808ace,campaign-sf1,mado,tpch,Q14,Simple,oracle,indexed,1,5,2,3,django,sql,q14s4,0,0.740355,1,ok,,client-side:900,1.01,218116,128702067906784,2026-09-06T15:53:41.555-05:00
45e606808ace,campaign-sf1,mado,tpch,Q14,Simple,oracle,indexed,1,6,3,-1,django,sql,q14s5,2,0.763732,,ok,,client-side:900,1.01,218116,128702067906784,2026-09-06T15:53:42.323-05:00
45e606808ace,campaign-sf1,mado,tpch,Q14,Simple,oracle,indexed,1,6,3,-1,django,orm,q14s5,2,0.75886,,ok,,client-side:900,1.01,218116,128702067906784,2026-09-06T15:53:43.082-05:00
45e606808ace,campaign-sf1,mado,tpch,Q14,Simple,oracle,indexed,1,6,3,-1,sqlalchemy,sql,q14s5,2,0.76332,,ok,,client-side:900,1.01,218116,128702067906784,2026-09-06T15:53:43.846-05:00
45e606808ace,campaign-sf1,mado,tpch,Q14,Simple,oracle,indexed,1,6,3,-1,sqlalchemy,orm,q14s5,2,0.755814,,ok,,client-side:900,1.01,218116,128702067906784,2026-09-06T15:53:44.601-05:00
45e606808ace,campaign-sf1,mado,tpch,Q14,Simple,oracle,indexed,1,6,3,0,sqlalchemy,sql,q14s5,0,0.757536,1,ok,,client-side:900,1.01,218116,128702067906784,2026-09-06T15:53:45.359-05:00
45e606808ace,campaign-sf1,mado,tpch,Q14,Simple,oracle,indexed,1,6,3,1,django,sql,q14s5,0,0.751737,1,ok,,client-side:900,1.01,218116,128702067906784,2026-09-06T15:53:46.111-05:00
45e606808ace,campaign-sf1,mado,tpch,Q14,Simple,oracle,indexed,1,6,3,2,sqlalchemy,orm,q14s5,0,0.753978,1,ok,,client-side:900,1.01,218116,128702067906784,2026-09-06T15:53:46.865-05:00
45e606808ace,campaign-sf1,mado,tpch,Q14,Simple,oracle,indexed,1,6,3,3,django,orm,q14s5,0,0.758973,1,ok,,client-side:900,1.01,218116,128702067906784,2026-09-06T15:53:47.624-05:00
45e606808ace,campaign-sf1,mado,tpch,Q14,Simple,oracle,indexed,1,7,0,-1,django,sql,q14s6,2,0.753395,,ok,,client-side:900,1.01,218116,128702067906784,2026-09-06T15:53:48.382-05:00
45e606808ace,campaign-sf1,mado,tpch,Q14,Simple,oracle,indexed,1,7,0,-1,django,orm,q14s6,2,0.76486,,ok,,client-side:900,1.01,218116,128702067906784,2026-09-06T15:53:49.147-05:00
45e606808ace,campaign-sf1,mado,tpch,Q14,Simple,oracle,indexed,1,7,0,-1,sqlalchemy,sql,q14s6,2,0.753343,,ok,,client-side:900,1.01,218116,128702067906784,2026-09-06T15:53:49.901-05:00
45e606808ace,campaign-sf1,mado,tpch,Q14,Simple,oracle,indexed,1,7,0,-1,sqlalchemy,orm,q14s6,2,0.758406,,ok,,client-side:900,1.01,218116,128702067906784,2026-09-06T15:53:50.659-05:00
45e606808ace,campaign-sf1,mado,tpch,Q14,Simple,oracle,indexed,1,7,0,0,django,sql,q14s6,0,0.742007,1,ok,,client-side:900,1.01,218116,128702067906784,2026-09-06T15:53:51.401-05:00
45e606808ace,campaign-sf1,mado,tpch,Q14,Simple,oracle,indexed,1,7,0,1,django,orm,q14s6,0,0.757809,1,ok,,client-side:900,1.01,218116,128702067906784,2026-09-06T15:53:52.159-05:00
45e606808ace,campaign-sf1,mado,tpch,Q14,Simple,oracle,indexed,1,7,0,2,sqlalchemy,sql,q14s6,0,0.745315,1,ok,,client-side:900,1.01,218116,128702067906784,2026-09-06T15:53:52.905-05:00
45e606808ace,campaign-sf1,mado,tpch,Q14,Simple,oracle,indexed,1,7,0,3,sqlalchemy,orm,q14s6,0,0.758126,1,ok,,client-side:900,1.01,218116,128702067906784,2026-09-06T15:53:53.663-05:00
45e606808ace,campaign-sf1,mado,tpch,Q14,Simple,oracle,indexed,1,8,1,-1,django,sql,q14s7,2,0.751584,,ok,,client-side:900,1.01,218116,128702067906784,2026-09-06T15:53:54.419-05:00
45e606808ace,campaign-sf1,mado,tpch,Q14,Simple,oracle,indexed,1,8,1,-1,django,orm,q14s7,2,0.746878,,ok,,client-side:900,1.01,218116,128702067906784,2026-09-06T15:53:55.166-05:00
45e606808ace,campaign-sf1,mado,tpch,Q14,Simple,oracle,indexed,1,8,1,-1,sqlalchemy,sql,q14s7,2,0.748851,,ok,,client-side:900,1.01,218116,128702067906784,2026-09-06T15:53:55.915-05:00
45e606808ace,campaign-sf1,mado,tpch,Q14,Simple,oracle,indexed,1,8,1,-1,sqlalchemy,orm,q14s7,2,0.748709,,ok,,client-side:900,1.01,218116,128702067906784,2026-09-06T15:53:56.664-05:00
45e606808ace,campaign-sf1,mado,tpch,Q14,Simple,oracle,indexed,1,8,1,0,django,orm,q14s7,0,0.751336,1,ok,,client-side:900,1.01,218116,128702067906784,2026-09-06T15:53:57.415-05:00
45e606808ace,campaign-sf1,mado,tpch,Q14,Simple,oracle,indexed,1,8,1,1,sqlalchemy,orm,q14s7,0,0.746478,1,ok,,client-side:900,1.01,218116,128702067906784,2026-09-06T15:53:58.162-05:00
45e606808ace,campaign-sf1,mado,tpch,Q14,Simple,oracle,indexed,1,8,1,2,django,sql,q14s7,0,0.741754,1,ok,,client-side:900,1.01,218116,128702067906784,2026-09-06T15:53:58.904-05:00
45e606808ace,campaign-sf1,mado,tpch,Q14,Simple,oracle,indexed,1,8,1,3,sqlalchemy,sql,q14s7,0,0.74241,1,ok,,client-side:900,1.01,218116,128702067906784,2026-09-06T15:53:59.646-05:00
3403a5d70b83,campaign-sf1,mado,tpch,Q15,Complex,oracle,indexed,1,0,1,0,django,orm,q15warm,1,2.287846,1,ok,,client-side:900,1.01,218124,129481497930848,2026-09-06T15:54:03.139-05:00
3403a5d70b83,campaign-sf1,mado,tpch,Q15,Complex,oracle,indexed,1,0,1,1,sqlalchemy,orm,q15warm,1,2.662361,1,ok,,client-side:900,1.01,218124,129481497930848,2026-09-06T15:54:05.802-05:00
3403a5d70b83,campaign-sf1,mado,tpch,Q15,Complex,oracle,indexed,1,0,1,2,django,sql,q15warm,1,0.793962,1,ok,,client-side:900,1.01,218124,129481497930848,2026-09-06T15:54:06.596-05:00
3403a5d70b83,campaign-sf1,mado,tpch,Q15,Complex,oracle,indexed,1,0,1,3,sqlalchemy,sql,q15warm,1,0.786044,1,ok,,client-side:900,1.01,218124,129481497930848,2026-09-06T15:54:07.382-05:00
3403a5d70b83,campaign-sf1,mado,tpch,Q15,Complex,oracle,indexed,1,1,3,-1,django,sql,q15s0,2,0.784331,,ok,,client-side:900,1.01,218124,129481497930848,2026-09-06T15:54:08.171-05:00
3403a5d70b83,campaign-sf1,mado,tpch,Q15,Complex,oracle,indexed,1,1,3,-1,django,orm,q15s0,2,1.595738,,ok,,client-side:900,1.01,218124,129481497930848,2026-09-06T15:54:09.767-05:00
3403a5d70b83,campaign-sf1,mado,tpch,Q15,Complex,oracle,indexed,1,1,3,-1,sqlalchemy,sql,q15s0,2,0.785123,,ok,,client-side:900,1.01,218124,129481497930848,2026-09-06T15:54:10.552-05:00
3403a5d70b83,campaign-sf1,mado,tpch,Q15,Complex,oracle,indexed,1,1,3,-1,sqlalchemy,orm,q15s0,2,1.890029,,ok,,client-side:900,1.01,218124,129481497930848,2026-09-06T15:54:12.442-05:00
3403a5d70b83,campaign-sf1,mado,tpch,Q15,Complex,oracle,indexed,1,1,3,0,sqlalchemy,sql,q15s0,0,0.775295,1,ok,,client-side:900,1.01,218124,129481497930848,2026-09-06T15:54:13.217-05:00
3403a5d70b83,campaign-sf1,mado,tpch,Q15,Complex,oracle,indexed,1,1,3,1,django,sql,q15s0,0,0.777799,1,ok,,client-side:900,1.01,218124,129481497930848,2026-09-06T15:54:13.995-05:00
3403a5d70b83,campaign-sf1,mado,tpch,Q15,Complex,oracle,indexed,1,1,3,2,sqlalchemy,orm,q15s0,0,1.885408,1,ok,,client-side:900,1.01,218124,129481497930848,2026-09-06T15:54:15.881-05:00
3403a5d70b83,campaign-sf1,mado,tpch,Q15,Complex,oracle,indexed,1,1,3,3,django,orm,q15s0,0,1.597142,1,ok,,client-side:900,1.01,218124,129481497930848,2026-09-06T15:54:17.478-05:00
3403a5d70b83,campaign-sf1,mado,tpch,Q15,Complex,oracle,indexed,1,2,0,-1,django,sql,q15s1,2,0.767859,,ok,,client-side:900,1.01,218124,129481497930848,2026-09-06T15:54:18.250-05:00
3403a5d70b83,campaign-sf1,mado,tpch,Q15,Complex,oracle,indexed,1,2,0,-1,django,orm,q15s1,2,1.560365,,ok,,client-side:900,1.01,218124,129481497930848,2026-09-06T15:54:19.811-05:00
3403a5d70b83,campaign-sf1,mado,tpch,Q15,Complex,oracle,indexed,1,2,0,-1,sqlalchemy,sql,q15s1,2,0.763607,,ok,,client-side:900,1.01,218124,129481497930848,2026-09-06T15:54:20.575-05:00
3403a5d70b83,campaign-sf1,mado,tpch,Q15,Complex,oracle,indexed,1,2,0,-1,sqlalchemy,orm,q15s1,2,1.853519,,ok,,client-side:900,1.0,218124,129481497930848,2026-09-06T15:54:22.428-05:00
3403a5d70b83,campaign-sf1,mado,tpch,Q15,Complex,oracle,indexed,1,2,0,0,django,sql,q15s1,0,0.758344,1,ok,,client-side:900,1.0,218124,129481497930848,2026-09-06T15:54:23.187-05:00
3403a5d70b83,campaign-sf1,mado,tpch,Q15,Complex,oracle,indexed,1,2,0,1,django,orm,q15s1,0,1.563872,1,ok,,client-side:900,1.0,218124,129481497930848,2026-09-06T15:54:24.751-05:00
3403a5d70b83,campaign-sf1,mado,tpch,Q15,Complex,oracle,indexed,1,2,0,2,sqlalchemy,sql,q15s1,0,0.757983,1,ok,,client-side:900,1.0,218124,129481497930848,2026-09-06T15:54:25.509-05:00
3403a5d70b83,campaign-sf1,mado,tpch,Q15,Complex,oracle,indexed,1,2,0,3,sqlalchemy,orm,q15s1,0,1.854504,1,ok,,client-side:900,1.0,218124,129481497930848,2026-09-06T15:54:27.363-05:00
3403a5d70b83,campaign-sf1,mado,tpch,Q15,Complex,oracle,indexed,1,3,1,-1,django,sql,q15s2,2,0.787854,,ok,,client-side:900,1.0,218124,129481497930848,2026-09-06T15:54:28.156-05:00
3403a5d70b83,campaign-sf1,mado,tpch,Q15,Complex,oracle,indexed,1,3,1,-1,django,orm,q15s2,2,1.673035,,ok,,client-side:900,1.0,218124,129481497930848,2026-09-06T15:54:29.829-05:00
3403a5d70b83,campaign-sf1,mado,tpch,Q15,Complex,oracle,indexed,1,3,1,-1,sqlalchemy,sql,q15s2,2,0.791762,,ok,,client-side:900,1.0,218124,129481497930848,2026-09-06T15:54:30.621-05:00
3403a5d70b83,campaign-sf1,mado,tpch,Q15,Complex,oracle,indexed,1,3,1,-1,sqlalchemy,orm,q15s2,2,1.970941,,ok,,client-side:900,1.0,218124,129481497930848,2026-09-06T15:54:32.592-05:00
3403a5d70b83,campaign-sf1,mado,tpch,Q15,Complex,oracle,indexed,1,3,1,0,django,orm,q15s2,0,1.661276,1,ok,,client-side:900,1.0,218124,129481497930848,2026-09-06T15:54:34.253-05:00
3403a5d70b83,campaign-sf1,mado,tpch,Q15,Complex,oracle,indexed,1,3,1,1,sqlalchemy,orm,q15s2,0,1.985216,1,ok,,client-side:900,1.0,218124,129481497930848,2026-09-06T15:54:36.238-05:00
3403a5d70b83,campaign-sf1,mado,tpch,Q15,Complex,oracle,indexed,1,3,1,2,django,sql,q15s2,0,0.789075,1,ok,,client-side:900,1.0,218124,129481497930848,2026-09-06T15:54:37.028-05:00
3403a5d70b83,campaign-sf1,mado,tpch,Q15,Complex,oracle,indexed,1,3,1,3,sqlalchemy,sql,q15s2,0,0.802146,1,ok,,client-side:900,1.0,218124,129481497930848,2026-09-06T15:54:37.830-05:00
3403a5d70b83,campaign-sf1,mado,tpch,Q15,Complex,oracle,indexed,1,4,2,-1,django,sql,q15s3,2,0.76706,,ok,,client-side:900,1.0,218124,129481497930848,2026-09-06T15:54:38.602-05:00
3403a5d70b83,campaign-sf1,mado,tpch,Q15,Complex,oracle,indexed,1,4,2,-1,django,orm,q15s3,2,1.650272,,ok,,client-side:900,1.0,218124,129481497930848,2026-09-06T15:54:40.252-05:00
3403a5d70b83,campaign-sf1,mado,tpch,Q15,Complex,oracle,indexed,1,4,2,-1,sqlalchemy,sql,q15s3,2,0.766961,,ok,,client-side:900,1.0,218124,129481497930848,2026-09-06T15:54:41.019-05:00
3403a5d70b83,campaign-sf1,mado,tpch,Q15,Complex,oracle,indexed,1,4,2,-1,sqlalchemy,orm,q15s3,2,1.94687,,ok,,client-side:900,1.0,218124,129481497930848,2026-09-06T15:54:42.966-05:00
3403a5d70b83,campaign-sf1,mado,tpch,Q15,Complex,oracle,indexed,1,4,2,0,sqlalchemy,orm,q15s3,0,1.961829,1,ok,,client-side:900,1.0,218124,129481497930848,2026-09-06T15:54:44.928-05:00
3403a5d70b83,campaign-sf1,mado,tpch,Q15,Complex,oracle,indexed,1,4,2,1,sqlalchemy,sql,q15s3,0,0.762159,1,ok,,client-side:900,1.0,218124,129481497930848,2026-09-06T15:54:45.691-05:00
3403a5d70b83,campaign-sf1,mado,tpch,Q15,Complex,oracle,indexed,1,4,2,2,django,orm,q15s3,0,1.637676,1,ok,,client-side:900,1.0,218124,129481497930848,2026-09-06T15:54:47.328-05:00
3403a5d70b83,campaign-sf1,mado,tpch,Q15,Complex,oracle,indexed,1,4,2,3,django,sql,q15s3,0,0.752865,1,ok,,client-side:900,1.0,218124,129481497930848,2026-09-06T15:54:48.081-05:00
3403a5d70b83,campaign-sf1,mado,tpch,Q15,Complex,oracle,indexed,1,5,3,-1,django,sql,q15s4,2,0.800708,,ok,,client-side:900,1.0,218124,129481497930848,2026-09-06T15:54:48.885-05:00
3403a5d70b83,campaign-sf1,mado,tpch,Q15,Complex,oracle,indexed,1,5,3,-1,django,orm,q15s4,2,1.637356,,ok,,client-side:900,1.0,218124,129481497930848,2026-09-06T15:54:50.523-05:00
3403a5d70b83,campaign-sf1,mado,tpch,Q15,Complex,oracle,indexed,1,5,3,-1,sqlalchemy,sql,q15s4,2,0.800528,,ok,,client-side:900,1.0,218124,129481497930848,2026-09-06T15:54:51.323-05:00
3403a5d70b83,campaign-sf1,mado,tpch,Q15,Complex,oracle,indexed,1,5,3,-1,sqlalchemy,orm,q15s4,2,1.937373,,ok,,client-side:900,1.0,218124,129481497930848,2026-09-06T15:54:53.261-05:00
3403a5d70b83,campaign-sf1,mado,tpch,Q15,Complex,oracle,indexed,1,5,3,0,sqlalchemy,sql,q15s4,0,0.79586,1,ok,,client-side:900,1.0,218124,129481497930848,2026-09-06T15:54:54.057-05:00
3403a5d70b83,campaign-sf1,mado,tpch,Q15,Complex,oracle,indexed,1,5,3,1,django,sql,q15s4,0,0.793626,1,ok,,client-side:900,1.0,218124,129481497930848,2026-09-06T15:54:54.850-05:00
3403a5d70b83,campaign-sf1,mado,tpch,Q15,Complex,oracle,indexed,1,5,3,2,sqlalchemy,orm,q15s4,0,1.940416,1,ok,,client-side:900,1.0,218124,129481497930848,2026-09-06T15:54:56.791-05:00
3403a5d70b83,campaign-sf1,mado,tpch,Q15,Complex,oracle,indexed,1,5,3,3,django,orm,q15s4,0,1.641504,1,ok,,client-side:900,1.0,218124,129481497930848,2026-09-06T15:54:58.433-05:00
3403a5d70b83,campaign-sf1,mado,tpch,Q15,Complex,oracle,indexed,1,6,2,-1,django,sql,q15s5,2,0.804557,,ok,,client-side:900,1.0,218124,129481497930848,2026-09-06T15:54:59.242-05:00
3403a5d70b83,campaign-sf1,mado,tpch,Q15,Complex,oracle,indexed,1,6,2,-1,django,orm,q15s5,2,1.637842,,ok,,client-side:900,1.0,218124,129481497930848,2026-09-06T15:55:00.880-05:00
3403a5d70b83,campaign-sf1,mado,tpch,Q15,Complex,oracle,indexed,1,6,2,-1,sqlalchemy,sql,q15s5,2,0.803469,,ok,,client-side:900,1.0,218124,129481497930848,2026-09-06T15:55:01.683-05:00
3403a5d70b83,campaign-sf1,mado,tpch,Q15,Complex,oracle,indexed,1,6,2,-1,sqlalchemy,orm,q15s5,2,1.93917,,ok,,client-side:900,1.0,218124,129481497930848,2026-09-06T15:55:03.623-05:00
3403a5d70b83,campaign-sf1,mado,tpch,Q15,Complex,oracle,indexed,1,6,2,0,sqlalchemy,orm,q15s5,0,1.934148,1,ok,,client-side:900,1.0,218124,129481497930848,2026-09-06T15:55:05.557-05:00
3403a5d70b83,campaign-sf1,mado,tpch,Q15,Complex,oracle,indexed,1,6,2,1,sqlalchemy,sql,q15s5,0,0.793037,1,ok,,client-side:900,1.0,218124,129481497930848,2026-09-06T15:55:06.350-05:00
3403a5d70b83,campaign-sf1,mado,tpch,Q15,Complex,oracle,indexed,1,6,2,2,django,orm,q15s5,0,1.629886,1,ok,,client-side:900,1.0,218124,129481497930848,2026-09-06T15:55:07.980-05:00
3403a5d70b83,campaign-sf1,mado,tpch,Q15,Complex,oracle,indexed,1,6,2,3,django,sql,q15s5,0,0.791971,1,ok,,client-side:900,1.0,218124,129481497930848,2026-09-06T15:55:08.772-05:00
3403a5d70b83,campaign-sf1,mado,tpch,Q15,Complex,oracle,indexed,1,7,1,-1,django,sql,q15s6,2,0.769237,,ok,,client-side:900,1.0,218124,129481497930848,2026-09-06T15:55:09.545-05:00
3403a5d70b83,campaign-sf1,mado,tpch,Q15,Complex,oracle,indexed,1,7,1,-1,django,orm,q15s6,2,1.634673,,ok,,client-side:900,1.0,218124,129481497930848,2026-09-06T15:55:11.179-05:00
3403a5d70b83,campaign-sf1,mado,tpch,Q15,Complex,oracle,indexed,1,7,1,-1,sqlalchemy,sql,q15s6,2,0.769875,,ok,,client-side:900,1.0,218124,129481497930848,2026-09-06T15:55:11.949-05:00
3403a5d70b83,campaign-sf1,mado,tpch,Q15,Complex,oracle,indexed,1,7,1,-1,sqlalchemy,orm,q15s6,2,1.93614,,ok,,client-side:900,1.0,218124,129481497930848,2026-09-06T15:55:13.886-05:00
3403a5d70b83,campaign-sf1,mado,tpch,Q15,Complex,oracle,indexed,1,7,1,0,django,orm,q15s6,0,1.633157,1,ok,,client-side:900,1.0,218124,129481497930848,2026-09-06T15:55:15.519-05:00
3403a5d70b83,campaign-sf1,mado,tpch,Q15,Complex,oracle,indexed,1,7,1,1,sqlalchemy,orm,q15s6,0,1.932864,1,ok,,client-side:900,1.0,218124,129481497930848,2026-09-06T15:55:17.452-05:00
3403a5d70b83,campaign-sf1,mado,tpch,Q15,Complex,oracle,indexed,1,7,1,2,django,sql,q15s6,0,0.762584,1,ok,,client-side:900,1.0,218124,129481497930848,2026-09-06T15:55:18.215-05:00
3403a5d70b83,campaign-sf1,mado,tpch,Q15,Complex,oracle,indexed,1,7,1,3,sqlalchemy,sql,q15s6,0,0.761188,1,ok,,client-side:900,1.0,218124,129481497930848,2026-09-06T15:55:18.976-05:00
3403a5d70b83,campaign-sf1,mado,tpch,Q15,Complex,oracle,indexed,1,8,0,-1,django,sql,q15s7,2,0.764823,,ok,,client-side:900,1.0,218124,129481497930848,2026-09-06T15:55:19.745-05:00
3403a5d70b83,campaign-sf1,mado,tpch,Q15,Complex,oracle,indexed,1,8,0,-1,django,orm,q15s7,2,1.567832,,ok,,client-side:900,1.0,218124,129481497930848,2026-09-06T15:55:21.313-05:00
3403a5d70b83,campaign-sf1,mado,tpch,Q15,Complex,oracle,indexed,1,8,0,-1,sqlalchemy,sql,q15s7,2,0.76334,,ok,,client-side:900,1.0,218124,129481497930848,2026-09-06T15:55:22.076-05:00
3403a5d70b83,campaign-sf1,mado,tpch,Q15,Complex,oracle,indexed,1,8,0,-1,sqlalchemy,orm,q15s7,2,1.871332,,ok,,client-side:900,1.0,218124,129481497930848,2026-09-06T15:55:23.948-05:00
3403a5d70b83,campaign-sf1,mado,tpch,Q15,Complex,oracle,indexed,1,8,0,0,django,sql,q15s7,0,0.759032,1,ok,,client-side:900,1.0,218124,129481497930848,2026-09-06T15:55:24.707-05:00
3403a5d70b83,campaign-sf1,mado,tpch,Q15,Complex,oracle,indexed,1,8,0,1,django,orm,q15s7,0,1.569006,1,ok,,client-side:900,1.0,218124,129481497930848,2026-09-06T15:55:26.276-05:00
3403a5d70b83,campaign-sf1,mado,tpch,Q15,Complex,oracle,indexed,1,8,0,2,sqlalchemy,sql,q15s7,0,0.755367,1,ok,,client-side:900,1.0,218124,129481497930848,2026-09-06T15:55:27.032-05:00
3403a5d70b83,campaign-sf1,mado,tpch,Q15,Complex,oracle,indexed,1,8,0,3,sqlalchemy,orm,q15s7,0,1.876242,1,ok,,client-side:900,1.0,218124,129481497930848,2026-09-06T15:55:28.908-05:00
b1cebd255dff,campaign-sf1,mado,tpch,Q16,Medium,oracle,indexed,1,0,0,0,django,sql,q16warm,1,0.52935,18259,ok,,client-side:900,1.0,218195,136276006986448,2026-09-06T15:55:30.646-05:00
b1cebd255dff,campaign-sf1,mado,tpch,Q16,Medium,oracle,indexed,1,0,0,1,django,orm,q16warm,1,0.428164,18259,ok,,client-side:900,1.0,218195,136276006986448,2026-09-06T15:55:31.075-05:00
b1cebd255dff,campaign-sf1,mado,tpch,Q16,Medium,oracle,indexed,1,0,0,2,sqlalchemy,sql,q16warm,1,0.451511,18259,ok,,client-side:900,1.0,218195,136276006986448,2026-09-06T15:55:31.526-05:00
b1cebd255dff,campaign-sf1,mado,tpch,Q16,Medium,oracle,indexed,1,0,0,3,sqlalchemy,orm,q16warm,1,0.464481,18259,ok,,client-side:900,1.0,218195,136276006986448,2026-09-06T15:55:31.991-05:00
b1cebd255dff,campaign-sf1,mado,tpch,Q16,Medium,oracle,indexed,1,1,3,-1,django,sql,q16s0,2,0.394583,,ok,,client-side:900,1.0,218195,136276006986448,2026-09-06T15:55:32.390-05:00
b1cebd255dff,campaign-sf1,mado,tpch,Q16,Medium,oracle,indexed,1,1,3,-1,django,orm,q16s0,2,0.377081,,ok,,client-side:900,1.0,218195,136276006986448,2026-09-06T15:55:32.767-05:00
b1cebd255dff,campaign-sf1,mado,tpch,Q16,Medium,oracle,indexed,1,1,3,-1,sqlalchemy,sql,q16s0,2,0.361039,,ok,,client-side:900,1.0,218195,136276006986448,2026-09-06T15:55:33.128-05:00
b1cebd255dff,campaign-sf1,mado,tpch,Q16,Medium,oracle,indexed,1,1,3,-1,sqlalchemy,orm,q16s0,2,0.417926,,ok,,client-side:900,1.0,218195,136276006986448,2026-09-06T15:55:33.546-05:00
b1cebd255dff,campaign-sf1,mado,tpch,Q16,Medium,oracle,indexed,1,1,3,0,sqlalchemy,sql,q16s0,0,0.395157,18314,ok,,client-side:900,1.0,218195,136276006986448,2026-09-06T15:55:33.941-05:00
b1cebd255dff,campaign-sf1,mado,tpch,Q16,Medium,oracle,indexed,1,1,3,1,django,sql,q16s0,0,0.355468,18314,ok,,client-side:900,1.0,218195,136276006986448,2026-09-06T15:55:34.297-05:00
b1cebd255dff,campaign-sf1,mado,tpch,Q16,Medium,oracle,indexed,1,1,3,2,sqlalchemy,orm,q16s0,0,0.416043,18314,ok,,client-side:900,1.0,218195,136276006986448,2026-09-06T15:55:34.713-05:00
b1cebd255dff,campaign-sf1,mado,tpch,Q16,Medium,oracle,indexed,1,1,3,3,django,orm,q16s0,0,0.378402,18314,ok,,client-side:900,1.0,218195,136276006986448,2026-09-06T15:55:35.092-05:00
b1cebd255dff,campaign-sf1,mado,tpch,Q16,Medium,oracle,indexed,1,2,1,-1,django,sql,q16s1,2,0.356429,,ok,,client-side:900,1.0,218195,136276006986448,2026-09-06T15:55:35.452-05:00
b1cebd255dff,campaign-sf1,mado,tpch,Q16,Medium,oracle,indexed,1,2,1,-1,django,orm,q16s1,2,0.378044,,ok,,client-side:900,1.0,218195,136276006986448,2026-09-06T15:55:35.830-05:00
b1cebd255dff,campaign-sf1,mado,tpch,Q16,Medium,oracle,indexed,1,2,1,-1,sqlalchemy,sql,q16s1,2,0.363359,,ok,,client-side:900,1.0,218195,136276006986448,2026-09-06T15:55:36.194-05:00
b1cebd255dff,campaign-sf1,mado,tpch,Q16,Medium,oracle,indexed,1,2,1,-1,sqlalchemy,orm,q16s1,2,0.416727,,ok,,client-side:900,1.0,218195,136276006986448,2026-09-06T15:55:36.611-05:00
b1cebd255dff,campaign-sf1,mado,tpch,Q16,Medium,oracle,indexed,1,2,1,0,django,orm,q16s1,0,0.415748,18196,ok,,client-side:900,1.0,218195,136276006986448,2026-09-06T15:55:37.027-05:00
b1cebd255dff,campaign-sf1,mado,tpch,Q16,Medium,oracle,indexed,1,2,1,1,sqlalchemy,orm,q16s1,0,0.423641,18196,ok,,client-side:900,1.0,218195,136276006986448,2026-09-06T15:55:37.450-05:00
b1cebd255dff,campaign-sf1,mado,tpch,Q16,Medium,oracle,indexed,1,2,1,2,django,sql,q16s1,0,0.351341,18196,ok,,client-side:900,1.0,218195,136276006986448,2026-09-06T15:55:37.802-05:00
b1cebd255dff,campaign-sf1,mado,tpch,Q16,Medium,oracle,indexed,1,2,1,3,sqlalchemy,sql,q16s1,0,0.358802,18196,ok,,client-side:900,1.0,218195,136276006986448,2026-09-06T15:55:38.161-05:00
b1cebd255dff,campaign-sf1,mado,tpch,Q16,Medium,oracle,indexed,1,3,2,-1,django,sql,q16s2,2,0.357385,,ok,,client-side:900,1.0,218195,136276006986448,2026-09-06T15:55:38.523-05:00
b1cebd255dff,campaign-sf1,mado,tpch,Q16,Medium,oracle,indexed,1,3,2,-1,django,orm,q16s2,2,0.377846,,ok,,client-side:900,1.0,218195,136276006986448,2026-09-06T15:55:38.901-05:00
b1cebd255dff,campaign-sf1,mado,tpch,Q16,Medium,oracle,indexed,1,3,2,-1,sqlalchemy,sql,q16s2,2,0.402396,,ok,,client-side:900,1.0,218195,136276006986448,2026-09-06T15:55:39.303-05:00
b1cebd255dff,campaign-sf1,mado,tpch,Q16,Medium,oracle,indexed,1,3,2,-1,sqlalchemy,orm,q16s2,2,0.412948,,ok,,client-side:900,1.0,218195,136276006986448,2026-09-06T15:55:39.716-05:00
b1cebd255dff,campaign-sf1,mado,tpch,Q16,Medium,oracle,indexed,1,3,2,0,sqlalchemy,orm,q16s2,0,0.416641,18263,ok,,client-side:900,1.0,218195,136276006986448,2026-09-06T15:55:40.133-05:00
b1cebd255dff,campaign-sf1,mado,tpch,Q16,Medium,oracle,indexed,1,3,2,1,sqlalchemy,sql,q16s2,0,0.355934,18263,ok,,client-side:900,1.0,218195,136276006986448,2026-09-06T15:55:40.489-05:00
b1cebd255dff,campaign-sf1,mado,tpch,Q16,Medium,oracle,indexed,1,3,2,2,django,orm,q16s2,0,0.375587,18263,ok,,client-side:900,1.0,218195,136276006986448,2026-09-06T15:55:40.865-05:00
b1cebd255dff,campaign-sf1,mado,tpch,Q16,Medium,oracle,indexed,1,3,2,3,django,sql,q16s2,0,0.349796,18263,ok,,client-side:900,1.0,218195,136276006986448,2026-09-06T15:55:41.215-05:00
b1cebd255dff,campaign-sf1,mado,tpch,Q16,Medium,oracle,indexed,1,4,0,-1,django,sql,q16s3,2,0.359522,,ok,,client-side:900,1.08,218195,136276006986448,2026-09-06T15:55:41.579-05:00
b1cebd255dff,campaign-sf1,mado,tpch,Q16,Medium,oracle,indexed,1,4,0,-1,django,orm,q16s3,2,0.377657,,ok,,client-side:900,1.08,218195,136276006986448,2026-09-06T15:55:41.957-05:00
b1cebd255dff,campaign-sf1,mado,tpch,Q16,Medium,oracle,indexed,1,4,0,-1,sqlalchemy,sql,q16s3,2,0.406563,,ok,,client-side:900,1.08,218195,136276006986448,2026-09-06T15:55:42.363-05:00
b1cebd255dff,campaign-sf1,mado,tpch,Q16,Medium,oracle,indexed,1,4,0,-1,sqlalchemy,orm,q16s3,2,0.420047,,ok,,client-side:900,1.08,218195,136276006986448,2026-09-06T15:55:42.783-05:00
b1cebd255dff,campaign-sf1,mado,tpch,Q16,Medium,oracle,indexed,1,4,0,0,django,sql,q16s3,0,0.353781,18290,ok,,client-side:900,1.08,218195,136276006986448,2026-09-06T15:55:43.137-05:00
b1cebd255dff,campaign-sf1,mado,tpch,Q16,Medium,oracle,indexed,1,4,0,1,django,orm,q16s3,0,0.378683,18290,ok,,client-side:900,1.08,218195,136276006986448,2026-09-06T15:55:43.516-05:00
b1cebd255dff,campaign-sf1,mado,tpch,Q16,Medium,oracle,indexed,1,4,0,2,sqlalchemy,sql,q16s3,0,0.358467,18290,ok,,client-side:900,1.08,218195,136276006986448,2026-09-06T15:55:43.875-05:00
b1cebd255dff,campaign-sf1,mado,tpch,Q16,Medium,oracle,indexed,1,4,0,3,sqlalchemy,orm,q16s3,0,0.420432,18290,ok,,client-side:900,1.08,218195,136276006986448,2026-09-06T15:55:44.295-05:00
b1cebd255dff,campaign-sf1,mado,tpch,Q16,Medium,oracle,indexed,1,5,0,-1,django,sql,q16s4,2,0.357716,,ok,,client-side:900,1.08,218195,136276006986448,2026-09-06T15:55:44.657-05:00
b1cebd255dff,campaign-sf1,mado,tpch,Q16,Medium,oracle,indexed,1,5,0,-1,django,orm,q16s4,2,0.413498,,ok,,client-side:900,1.08,218195,136276006986448,2026-09-06T15:55:45.071-05:00
b1cebd255dff,campaign-sf1,mado,tpch,Q16,Medium,oracle,indexed,1,5,0,-1,sqlalchemy,sql,q16s4,2,0.365107,,ok,,client-side:900,1.08,218195,136276006986448,2026-09-06T15:55:45.436-05:00
b1cebd255dff,campaign-sf1,mado,tpch,Q16,Medium,oracle,indexed,1,5,0,-1,sqlalchemy,orm,q16s4,2,0.417957,,ok,,client-side:900,1.08,218195,136276006986448,2026-09-06T15:55:45.854-05:00
b1cebd255dff,campaign-sf1,mado,tpch,Q16,Medium,oracle,indexed,1,5,0,0,django,sql,q16s4,0,0.356011,18226,ok,,client-side:900,1.08,218195,136276006986448,2026-09-06T15:55:46.210-05:00
b1cebd255dff,campaign-sf1,mado,tpch,Q16,Medium,oracle,indexed,1,5,0,1,django,orm,q16s4,0,0.380362,18226,ok,,client-side:900,1.07,218195,136276006986448,2026-09-06T15:55:46.591-05:00
b1cebd255dff,campaign-sf1,mado,tpch,Q16,Medium,oracle,indexed,1,5,0,2,sqlalchemy,sql,q16s4,0,0.396714,18226,ok,,client-side:900,1.07,218195,136276006986448,2026-09-06T15:55:46.988-05:00
b1cebd255dff,campaign-sf1,mado,tpch,Q16,Medium,oracle,indexed,1,5,0,3,sqlalchemy,orm,q16s4,0,0.419407,18226,ok,,client-side:900,1.07,218195,136276006986448,2026-09-06T15:55:47.407-05:00
b1cebd255dff,campaign-sf1,mado,tpch,Q16,Medium,oracle,indexed,1,6,1,-1,django,sql,q16s5,2,0.360794,,ok,,client-side:900,1.07,218195,136276006986448,2026-09-06T15:55:47.772-05:00
b1cebd255dff,campaign-sf1,mado,tpch,Q16,Medium,oracle,indexed,1,6,1,-1,django,orm,q16s5,2,0.379562,,ok,,client-side:900,1.07,218195,136276006986448,2026-09-06T15:55:48.152-05:00
b1cebd255dff,campaign-sf1,mado,tpch,Q16,Medium,oracle,indexed,1,6,1,-1,sqlalchemy,sql,q16s5,2,0.364879,,ok,,client-side:900,1.07,218195,136276006986448,2026-09-06T15:55:48.517-05:00
b1cebd255dff,campaign-sf1,mado,tpch,Q16,Medium,oracle,indexed,1,6,1,-1,sqlalchemy,orm,q16s5,2,0.417963,,ok,,client-side:900,1.07,218195,136276006986448,2026-09-06T15:55:48.935-05:00
b1cebd255dff,campaign-sf1,mado,tpch,Q16,Medium,oracle,indexed,1,6,1,0,django,orm,q16s5,0,0.422166,18374,ok,,client-side:900,1.07,218195,136276006986448,2026-09-06T15:55:49.357-05:00
b1cebd255dff,campaign-sf1,mado,tpch,Q16,Medium,oracle,indexed,1,6,1,1,sqlalchemy,orm,q16s5,0,0.419758,18374,ok,,client-side:900,1.07,218195,136276006986448,2026-09-06T15:55:49.777-05:00
b1cebd255dff,campaign-sf1,mado,tpch,Q16,Medium,oracle,indexed,1,6,1,2,django,sql,q16s5,0,0.355875,18374,ok,,client-side:900,1.07,218195,136276006986448,2026-09-06T15:55:50.133-05:00
b1cebd255dff,campaign-sf1,mado,tpch,Q16,Medium,oracle,indexed,1,6,1,3,sqlalchemy,sql,q16s5,0,0.359003,18374,ok,,client-side:900,1.07,218195,136276006986448,2026-09-06T15:55:50.492-05:00
b1cebd255dff,campaign-sf1,mado,tpch,Q16,Medium,oracle,indexed,1,7,3,-1,django,sql,q16s6,2,0.362745,,ok,,client-side:900,1.07,218195,136276006986448,2026-09-06T15:55:50.860-05:00
b1cebd255dff,campaign-sf1,mado,tpch,Q16,Medium,oracle,indexed,1,7,3,-1,django,orm,q16s6,2,0.380873,,ok,,client-side:900,1.07,218195,136276006986448,2026-09-06T15:55:51.241-05:00
b1cebd255dff,campaign-sf1,mado,tpch,Q16,Medium,oracle,indexed,1,7,3,-1,sqlalchemy,sql,q16s6,2,0.402752,,ok,,client-side:900,1.07,218195,136276006986448,2026-09-06T15:55:51.644-05:00
b1cebd255dff,campaign-sf1,mado,tpch,Q16,Medium,oracle,indexed,1,7,3,-1,sqlalchemy,orm,q16s6,2,0.420487,,ok,,client-side:900,1.07,218195,136276006986448,2026-09-06T15:55:52.064-05:00
b1cebd255dff,campaign-sf1,mado,tpch,Q16,Medium,oracle,indexed,1,7,3,0,sqlalchemy,sql,q16s6,0,0.362902,18220,ok,,client-side:900,1.07,218195,136276006986448,2026-09-06T15:55:52.427-05:00
b1cebd255dff,campaign-sf1,mado,tpch,Q16,Medium,oracle,indexed,1,7,3,1,django,sql,q16s6,0,0.356668,18220,ok,,client-side:900,1.07,218195,136276006986448,2026-09-06T15:55:52.784-05:00
b1cebd255dff,campaign-sf1,mado,tpch,Q16,Medium,oracle,indexed,1,7,3,2,sqlalchemy,orm,q16s6,0,0.421537,18220,ok,,client-side:900,1.07,218195,136276006986448,2026-09-06T15:55:53.206-05:00
b1cebd255dff,campaign-sf1,mado,tpch,Q16,Medium,oracle,indexed,1,7,3,3,django,orm,q16s6,0,0.417997,18220,ok,,client-side:900,1.07,218195,136276006986448,2026-09-06T15:55:53.624-05:00
b1cebd255dff,campaign-sf1,mado,tpch,Q16,Medium,oracle,indexed,1,8,2,-1,django,sql,q16s7,2,0.361328,,ok,,client-side:900,1.07,218195,136276006986448,2026-09-06T15:55:53.989-05:00
b1cebd255dff,campaign-sf1,mado,tpch,Q16,Medium,oracle,indexed,1,8,2,-1,django,orm,q16s7,2,0.380096,,ok,,client-side:900,1.07,218195,136276006986448,2026-09-06T15:55:54.370-05:00
b1cebd255dff,campaign-sf1,mado,tpch,Q16,Medium,oracle,indexed,1,8,2,-1,sqlalchemy,sql,q16s7,2,0.359151,,ok,,client-side:900,1.07,218195,136276006986448,2026-09-06T15:55:54.729-05:00
b1cebd255dff,campaign-sf1,mado,tpch,Q16,Medium,oracle,indexed,1,8,2,-1,sqlalchemy,orm,q16s7,2,0.420812,,ok,,client-side:900,1.07,218195,136276006986448,2026-09-06T15:55:55.150-05:00
b1cebd255dff,campaign-sf1,mado,tpch,Q16,Medium,oracle,indexed,1,8,2,0,sqlalchemy,orm,q16s7,0,0.417514,18284,ok,,client-side:900,1.07,218195,136276006986448,2026-09-06T15:55:55.567-05:00
b1cebd255dff,campaign-sf1,mado,tpch,Q16,Medium,oracle,indexed,1,8,2,1,sqlalchemy,sql,q16s7,0,0.396508,18284,ok,,client-side:900,1.07,218195,136276006986448,2026-09-06T15:55:55.964-05:00
b1cebd255dff,campaign-sf1,mado,tpch,Q16,Medium,oracle,indexed,1,8,2,2,django,orm,q16s7,0,0.378786,18284,ok,,client-side:900,1.06,218195,136276006986448,2026-09-06T15:55:56.343-05:00
b1cebd255dff,campaign-sf1,mado,tpch,Q16,Medium,oracle,indexed,1,8,2,3,django,sql,q16s7,0,0.348773,18284,ok,,client-side:900,1.06,218195,136276006986448,2026-09-06T15:55:56.692-05:00
901931d3c5ab,campaign-sf1,mado,tpch,Q17,Complex,oracle,indexed,1,0,2,0,sqlalchemy,orm,q17warm,1,0.294132,1,ok,,client-side:900,1.06,218203,127199360997504,2026-09-06T15:55:58.193-05:00
901931d3c5ab,campaign-sf1,mado,tpch,Q17,Complex,oracle,indexed,1,0,2,1,sqlalchemy,sql,q17warm,1,0.049637,1,ok,,client-side:900,1.06,218203,127199360997504,2026-09-06T15:55:58.242-05:00
901931d3c5ab,campaign-sf1,mado,tpch,Q17,Complex,oracle,indexed,1,0,2,2,django,orm,q17warm,1,0.149677,1,ok,,client-side:900,1.06,218203,127199360997504,2026-09-06T15:55:58.392-05:00
901931d3c5ab,campaign-sf1,mado,tpch,Q17,Complex,oracle,indexed,1,0,2,3,django,sql,q17warm,1,0.049411,1,ok,,client-side:900,1.06,218203,127199360997504,2026-09-06T15:55:58.442-05:00
901931d3c5ab,campaign-sf1,mado,tpch,Q17,Complex,oracle,indexed,1,1,0,-1,django,sql,q17s0,2,0.256583,,ok,,client-side:900,1.06,218203,127199360997504,2026-09-06T15:55:58.704-05:00
901931d3c5ab,campaign-sf1,mado,tpch,Q17,Complex,oracle,indexed,1,1,0,-1,django,orm,q17s0,2,0.052859,,ok,,client-side:900,1.06,218203,127199360997504,2026-09-06T15:55:58.757-05:00
901931d3c5ab,campaign-sf1,mado,tpch,Q17,Complex,oracle,indexed,1,1,0,-1,sqlalchemy,sql,q17s0,2,0.082559,,ok,,client-side:900,1.06,218203,127199360997504,2026-09-06T15:55:58.839-05:00
901931d3c5ab,campaign-sf1,mado,tpch,Q17,Complex,oracle,indexed,1,1,0,-1,sqlalchemy,orm,q17s0,2,0.048755,,ok,,client-side:900,1.06,218203,127199360997504,2026-09-06T15:55:58.888-05:00
901931d3c5ab,campaign-sf1,mado,tpch,Q17,Complex,oracle,indexed,1,1,0,0,django,sql,q17s0,0,0.045935,1,ok,,client-side:900,1.06,218203,127199360997504,2026-09-06T15:55:58.934-05:00
901931d3c5ab,campaign-sf1,mado,tpch,Q17,Complex,oracle,indexed,1,1,0,1,django,orm,q17s0,0,0.053502,1,ok,,client-side:900,1.06,218203,127199360997504,2026-09-06T15:55:58.988-05:00
901931d3c5ab,campaign-sf1,mado,tpch,Q17,Complex,oracle,indexed,1,1,0,2,sqlalchemy,sql,q17s0,0,0.04677,1,ok,,client-side:900,1.06,218203,127199360997504,2026-09-06T15:55:59.035-05:00
901931d3c5ab,campaign-sf1,mado,tpch,Q17,Complex,oracle,indexed,1,1,0,3,sqlalchemy,orm,q17s0,0,0.048541,1,ok,,client-side:900,1.06,218203,127199360997504,2026-09-06T15:55:59.083-05:00
901931d3c5ab,campaign-sf1,mado,tpch,Q17,Complex,oracle,indexed,1,2,1,-1,django,sql,q17s1,2,0.17193,,ok,,client-side:900,1.06,218203,127199360997504,2026-09-06T15:55:59.260-05:00
901931d3c5ab,campaign-sf1,mado,tpch,Q17,Complex,oracle,indexed,1,2,1,-1,django,orm,q17s1,2,0.055099,,ok,,client-side:900,1.06,218203,127199360997504,2026-09-06T15:55:59.315-05:00
901931d3c5ab,campaign-sf1,mado,tpch,Q17,Complex,oracle,indexed,1,2,1,-1,sqlalchemy,sql,q17s1,2,0.084667,,ok,,client-side:900,1.06,218203,127199360997504,2026-09-06T15:55:59.400-05:00
901931d3c5ab,campaign-sf1,mado,tpch,Q17,Complex,oracle,indexed,1,2,1,-1,sqlalchemy,orm,q17s1,2,0.050143,,ok,,client-side:900,1.06,218203,127199360997504,2026-09-06T15:55:59.450-05:00
901931d3c5ab,campaign-sf1,mado,tpch,Q17,Complex,oracle,indexed,1,2,1,0,django,orm,q17s1,0,0.054721,1,ok,,client-side:900,1.06,218203,127199360997504,2026-09-06T15:55:59.505-05:00
901931d3c5ab,campaign-sf1,mado,tpch,Q17,Complex,oracle,indexed,1,2,1,1,sqlalchemy,orm,q17s1,0,0.050713,1,ok,,client-side:900,1.06,218203,127199360997504,2026-09-06T15:55:59.555-05:00
901931d3c5ab,campaign-sf1,mado,tpch,Q17,Complex,oracle,indexed,1,2,1,2,django,sql,q17s1,0,0.047822,1,ok,,client-side:900,1.06,218203,127199360997504,2026-09-06T15:55:59.603-05:00
901931d3c5ab,campaign-sf1,mado,tpch,Q17,Complex,oracle,indexed,1,2,1,3,sqlalchemy,sql,q17s1,0,0.047574,1,ok,,client-side:900,1.06,218203,127199360997504,2026-09-06T15:55:59.651-05:00
901931d3c5ab,campaign-sf1,mado,tpch,Q17,Complex,oracle,indexed,1,3,3,-1,django,sql,q17s2,2,0.150087,,ok,,client-side:900,1.06,218203,127199360997504,2026-09-06T15:55:59.806-05:00
901931d3c5ab,campaign-sf1,mado,tpch,Q17,Complex,oracle,indexed,1,3,3,-1,django,orm,q17s2,2,0.052035,,ok,,client-side:900,1.06,218203,127199360997504,2026-09-06T15:55:59.858-05:00
901931d3c5ab,campaign-sf1,mado,tpch,Q17,Complex,oracle,indexed,1,3,3,-1,sqlalchemy,sql,q17s2,2,0.077198,,ok,,client-side:900,1.06,218203,127199360997504,2026-09-06T15:55:59.935-05:00
901931d3c5ab,campaign-sf1,mado,tpch,Q17,Complex,oracle,indexed,1,3,3,-1,sqlalchemy,orm,q17s2,2,0.0477,,ok,,client-side:900,1.06,218203,127199360997504,2026-09-06T15:55:59.983-05:00
901931d3c5ab,campaign-sf1,mado,tpch,Q17,Complex,oracle,indexed,1,3,3,0,sqlalchemy,sql,q17s2,0,0.045548,1,ok,,client-side:900,1.06,218203,127199360997504,2026-09-06T15:56:00.029-05:00
901931d3c5ab,campaign-sf1,mado,tpch,Q17,Complex,oracle,indexed,1,3,3,1,django,sql,q17s2,0,0.044787,1,ok,,client-side:900,1.06,218203,127199360997504,2026-09-06T15:56:00.074-05:00
901931d3c5ab,campaign-sf1,mado,tpch,Q17,Complex,oracle,indexed,1,3,3,2,sqlalchemy,orm,q17s2,0,0.048166,1,ok,,client-side:900,1.06,218203,127199360997504,2026-09-06T15:56:00.122-05:00
901931d3c5ab,campaign-sf1,mado,tpch,Q17,Complex,oracle,indexed,1,3,3,3,django,orm,q17s2,0,0.05183,1,ok,,client-side:900,1.06,218203,127199360997504,2026-09-06T15:56:00.174-05:00
901931d3c5ab,campaign-sf1,mado,tpch,Q17,Complex,oracle,indexed,1,4,2,-1,django,sql,q17s3,2,0.159102,,ok,,client-side:900,1.06,218203,127199360997504,2026-09-06T15:56:00.337-05:00
901931d3c5ab,campaign-sf1,mado,tpch,Q17,Complex,oracle,indexed,1,4,2,-1,django,orm,q17s3,2,0.053465,,ok,,client-side:900,1.06,218203,127199360997504,2026-09-06T15:56:00.391-05:00
901931d3c5ab,campaign-sf1,mado,tpch,Q17,Complex,oracle,indexed,1,4,2,-1,sqlalchemy,sql,q17s3,2,0.079749,,ok,,client-side:900,1.06,218203,127199360997504,2026-09-06T15:56:00.471-05:00
901931d3c5ab,campaign-sf1,mado,tpch,Q17,Complex,oracle,indexed,1,4,2,-1,sqlalchemy,orm,q17s3,2,0.049252,,ok,,client-side:900,1.06,218203,127199360997504,2026-09-06T15:56:00.520-05:00
901931d3c5ab,campaign-sf1,mado,tpch,Q17,Complex,oracle,indexed,1,4,2,0,sqlalchemy,orm,q17s3,0,0.049307,1,ok,,client-side:900,1.06,218203,127199360997504,2026-09-06T15:56:00.570-05:00
901931d3c5ab,campaign-sf1,mado,tpch,Q17,Complex,oracle,indexed,1,4,2,1,sqlalchemy,sql,q17s3,0,0.046609,1,ok,,client-side:900,1.06,218203,127199360997504,2026-09-06T15:56:00.616-05:00
901931d3c5ab,campaign-sf1,mado,tpch,Q17,Complex,oracle,indexed,1,4,2,2,django,orm,q17s3,0,0.053304,1,ok,,client-side:900,1.06,218203,127199360997504,2026-09-06T15:56:00.670-05:00
901931d3c5ab,campaign-sf1,mado,tpch,Q17,Complex,oracle,indexed,1,4,2,3,django,sql,q17s3,0,0.045783,1,ok,,client-side:900,1.06,218203,127199360997504,2026-09-06T15:56:00.716-05:00
901931d3c5ab,campaign-sf1,mado,tpch,Q17,Complex,oracle,indexed,1,5,0,-1,django,sql,q17s4,2,0.140863,,ok,,client-side:900,1.06,218203,127199360997504,2026-09-06T15:56:00.863-05:00
901931d3c5ab,campaign-sf1,mado,tpch,Q17,Complex,oracle,indexed,1,5,0,-1,django,orm,q17s4,2,0.060011,,ok,,client-side:900,1.06,218203,127199360997504,2026-09-06T15:56:00.923-05:00
901931d3c5ab,campaign-sf1,mado,tpch,Q17,Complex,oracle,indexed,1,5,0,-1,sqlalchemy,sql,q17s4,2,0.078062,,ok,,client-side:900,1.06,218203,127199360997504,2026-09-06T15:56:01.002-05:00
901931d3c5ab,campaign-sf1,mado,tpch,Q17,Complex,oracle,indexed,1,5,0,-1,sqlalchemy,orm,q17s4,2,0.054374,,ok,,client-side:900,1.06,218203,127199360997504,2026-09-06T15:56:01.056-05:00
901931d3c5ab,campaign-sf1,mado,tpch,Q17,Complex,oracle,indexed,1,5,0,0,django,sql,q17s4,0,0.04767,1,ok,,client-side:900,1.06,218203,127199360997504,2026-09-06T15:56:01.104-05:00
901931d3c5ab,campaign-sf1,mado,tpch,Q17,Complex,oracle,indexed,1,5,0,1,django,orm,q17s4,0,0.05386,1,ok,,client-side:900,1.06,218203,127199360997504,2026-09-06T15:56:01.158-05:00
901931d3c5ab,campaign-sf1,mado,tpch,Q17,Complex,oracle,indexed,1,5,0,2,sqlalchemy,sql,q17s4,0,0.046636,1,ok,,client-side:900,1.06,218203,127199360997504,2026-09-06T15:56:01.204-05:00
901931d3c5ab,campaign-sf1,mado,tpch,Q17,Complex,oracle,indexed,1,5,0,3,sqlalchemy,orm,q17s4,0,0.049548,1,ok,,client-side:900,1.06,218203,127199360997504,2026-09-06T15:56:01.254-05:00
901931d3c5ab,campaign-sf1,mado,tpch,Q17,Complex,oracle,indexed,1,6,3,-1,django,sql,q17s5,2,0.144286,,ok,,client-side:900,1.06,218203,127199360997504,2026-09-06T15:56:01.403-05:00
901931d3c5ab,campaign-sf1,mado,tpch,Q17,Complex,oracle,indexed,1,6,3,-1,django,orm,q17s5,2,0.049721,,ok,,client-side:900,1.06,218203,127199360997504,2026-09-06T15:56:01.453-05:00
901931d3c5ab,campaign-sf1,mado,tpch,Q17,Complex,oracle,indexed,1,6,3,-1,sqlalchemy,sql,q17s5,2,0.070328,,ok,,client-side:900,1.06,218203,127199360997504,2026-09-06T15:56:01.523-05:00
901931d3c5ab,campaign-sf1,mado,tpch,Q17,Complex,oracle,indexed,1,6,3,-1,sqlalchemy,orm,q17s5,2,0.045754,,ok,,client-side:900,1.06,218203,127199360997504,2026-09-06T15:56:01.569-05:00
901931d3c5ab,campaign-sf1,mado,tpch,Q17,Complex,oracle,indexed,1,6,3,0,sqlalchemy,sql,q17s5,0,0.04255,1,ok,,client-side:900,1.06,218203,127199360997504,2026-09-06T15:56:01.612-05:00
901931d3c5ab,campaign-sf1,mado,tpch,Q17,Complex,oracle,indexed,1,6,3,1,django,sql,q17s5,0,0.043127,1,ok,,client-side:900,1.06,218203,127199360997504,2026-09-06T15:56:01.655-05:00
901931d3c5ab,campaign-sf1,mado,tpch,Q17,Complex,oracle,indexed,1,6,3,2,sqlalchemy,orm,q17s5,0,0.045582,1,ok,,client-side:900,1.06,218203,127199360997504,2026-09-06T15:56:01.701-05:00
901931d3c5ab,campaign-sf1,mado,tpch,Q17,Complex,oracle,indexed,1,6,3,3,django,orm,q17s5,0,0.049498,1,ok,,client-side:900,1.06,218203,127199360997504,2026-09-06T15:56:01.750-05:00
901931d3c5ab,campaign-sf1,mado,tpch,Q17,Complex,oracle,indexed,1,7,1,-1,django,sql,q17s6,2,0.159068,,ok,,client-side:900,1.06,218203,127199360997504,2026-09-06T15:56:01.914-05:00
901931d3c5ab,campaign-sf1,mado,tpch,Q17,Complex,oracle,indexed,1,7,1,-1,django,orm,q17s6,2,0.054659,,ok,,client-side:900,1.06,218203,127199360997504,2026-09-06T15:56:01.969-05:00
901931d3c5ab,campaign-sf1,mado,tpch,Q17,Complex,oracle,indexed,1,7,1,-1,sqlalchemy,sql,q17s6,2,0.076103,,ok,,client-side:900,1.06,218203,127199360997504,2026-09-06T15:56:02.045-05:00
901931d3c5ab,campaign-sf1,mado,tpch,Q17,Complex,oracle,indexed,1,7,1,-1,sqlalchemy,orm,q17s6,2,0.05003,,ok,,client-side:900,1.06,218203,127199360997504,2026-09-06T15:56:02.095-05:00
901931d3c5ab,campaign-sf1,mado,tpch,Q17,Complex,oracle,indexed,1,7,1,0,django,orm,q17s6,0,0.055106,1,ok,,client-side:900,1.06,218203,127199360997504,2026-09-06T15:56:02.150-05:00
901931d3c5ab,campaign-sf1,mado,tpch,Q17,Complex,oracle,indexed,1,7,1,1,sqlalchemy,orm,q17s6,0,0.049967,1,ok,,client-side:900,1.06,218203,127199360997504,2026-09-06T15:56:02.201-05:00
901931d3c5ab,campaign-sf1,mado,tpch,Q17,Complex,oracle,indexed,1,7,1,2,django,sql,q17s6,0,0.047111,1,ok,,client-side:900,1.06,218203,127199360997504,2026-09-06T15:56:02.248-05:00
901931d3c5ab,campaign-sf1,mado,tpch,Q17,Complex,oracle,indexed,1,7,1,3,sqlalchemy,sql,q17s6,0,0.047113,1,ok,,client-side:900,1.06,218203,127199360997504,2026-09-06T15:56:02.295-05:00
901931d3c5ab,campaign-sf1,mado,tpch,Q17,Complex,oracle,indexed,1,8,2,-1,django,sql,q17s7,2,0.153028,,ok,,client-side:900,1.06,218203,127199360997504,2026-09-06T15:56:02.453-05:00
901931d3c5ab,campaign-sf1,mado,tpch,Q17,Complex,oracle,indexed,1,8,2,-1,django,orm,q17s7,2,0.055214,,ok,,client-side:900,1.06,218203,127199360997504,2026-09-06T15:56:02.508-05:00
901931d3c5ab,campaign-sf1,mado,tpch,Q17,Complex,oracle,indexed,1,8,2,-1,sqlalchemy,sql,q17s7,2,0.076397,,ok,,client-side:900,1.06,218203,127199360997504,2026-09-06T15:56:02.584-05:00
901931d3c5ab,campaign-sf1,mado,tpch,Q17,Complex,oracle,indexed,1,8,2,-1,sqlalchemy,orm,q17s7,2,0.053239,,ok,,client-side:900,1.06,218203,127199360997504,2026-09-06T15:56:02.638-05:00
901931d3c5ab,campaign-sf1,mado,tpch,Q17,Complex,oracle,indexed,1,8,2,0,sqlalchemy,orm,q17s7,0,0.05029,1,ok,,client-side:900,1.06,218203,127199360997504,2026-09-06T15:56:02.688-05:00
901931d3c5ab,campaign-sf1,mado,tpch,Q17,Complex,oracle,indexed,1,8,2,1,sqlalchemy,sql,q17s7,0,0.048068,1,ok,,client-side:900,1.06,218203,127199360997504,2026-09-06T15:56:02.736-05:00
901931d3c5ab,campaign-sf1,mado,tpch,Q17,Complex,oracle,indexed,1,8,2,2,django,orm,q17s7,0,0.055672,1,ok,,client-side:900,1.06,218203,127199360997504,2026-09-06T15:56:02.792-05:00
901931d3c5ab,campaign-sf1,mado,tpch,Q17,Complex,oracle,indexed,1,8,2,3,django,sql,q17s7,0,0.048431,1,ok,,client-side:900,1.06,218203,127199360997504,2026-09-06T15:56:02.841-05:00
30f5e98ea5bc,campaign-sf1,mado,tpch,Q18,Complex,oracle,indexed,1,0,2,0,sqlalchemy,orm,q18warm,1,3.265275,9,ok,,client-side:900,1.05,218244,131327884067808,2026-09-06T15:56:07.315-05:00
30f5e98ea5bc,campaign-sf1,mado,tpch,Q18,Complex,oracle,indexed,1,0,2,1,sqlalchemy,sql,q18warm,1,2.521291,9,ok,,client-side:900,1.05,218244,131327884067808,2026-09-06T15:56:09.836-05:00
30f5e98ea5bc,campaign-sf1,mado,tpch,Q18,Complex,oracle,indexed,1,0,2,2,django,orm,q18warm,1,3.125283,9,ok,,client-side:900,1.05,218244,131327884067808,2026-09-06T15:56:12.962-05:00
30f5e98ea5bc,campaign-sf1,mado,tpch,Q18,Complex,oracle,indexed,1,0,2,3,django,sql,q18warm,1,2.308245,9,ok,,client-side:900,1.05,218244,131327884067808,2026-09-06T15:56:15.270-05:00
30f5e98ea5bc,campaign-sf1,mado,tpch,Q18,Complex,oracle,indexed,1,1,1,-1,django,sql,q18s0,2,2.284727,,ok,,client-side:900,1.04,218244,131327884067808,2026-09-06T15:56:17.559-05:00
30f5e98ea5bc,campaign-sf1,mado,tpch,Q18,Complex,oracle,indexed,1,1,1,-1,django,orm,q18s0,2,2.301434,,ok,,client-side:900,1.04,218244,131327884067808,2026-09-06T15:56:19.861-05:00
30f5e98ea5bc,campaign-sf1,mado,tpch,Q18,Complex,oracle,indexed,1,1,1,-1,sqlalchemy,sql,q18s0,2,2.284965,,ok,,client-side:900,1.04,218244,131327884067808,2026-09-06T15:56:22.146-05:00
30f5e98ea5bc,campaign-sf1,mado,tpch,Q18,Complex,oracle,indexed,1,1,1,-1,sqlalchemy,orm,q18s0,2,2.275911,,ok,,client-side:900,1.04,218244,131327884067808,2026-09-06T15:56:24.422-05:00
30f5e98ea5bc,campaign-sf1,mado,tpch,Q18,Complex,oracle,indexed,1,1,1,0,django,orm,q18s0,0,2.318818,57,ok,,client-side:900,1.04,218244,131327884067808,2026-09-06T15:56:26.741-05:00
30f5e98ea5bc,campaign-sf1,mado,tpch,Q18,Complex,oracle,indexed,1,1,1,1,sqlalchemy,orm,q18s0,0,2.289367,57,ok,,client-side:900,1.04,218244,131327884067808,2026-09-06T15:56:29.030-05:00
30f5e98ea5bc,campaign-sf1,mado,tpch,Q18,Complex,oracle,indexed,1,1,1,2,django,sql,q18s0,0,2.280461,57,ok,,client-side:900,1.03,218244,131327884067808,2026-09-06T15:56:31.311-05:00
30f5e98ea5bc,campaign-sf1,mado,tpch,Q18,Complex,oracle,indexed,1,1,1,3,sqlalchemy,sql,q18s0,0,2.279621,57,ok,,client-side:900,1.03,218244,131327884067808,2026-09-06T15:56:33.591-05:00
30f5e98ea5bc,campaign-sf1,mado,tpch,Q18,Complex,oracle,indexed,1,2,3,-1,django,sql,q18s1,2,2.28757,,ok,,client-side:900,1.03,218244,131327884067808,2026-09-06T15:56:35.883-05:00
30f5e98ea5bc,campaign-sf1,mado,tpch,Q18,Complex,oracle,indexed,1,2,3,-1,django,orm,q18s1,2,2.302042,,ok,,client-side:900,1.03,218244,131327884067808,2026-09-06T15:56:38.185-05:00
30f5e98ea5bc,campaign-sf1,mado,tpch,Q18,Complex,oracle,indexed,1,2,3,-1,sqlalchemy,sql,q18s1,2,2.298236,,ok,,client-side:900,1.03,218244,131327884067808,2026-09-06T15:56:40.483-05:00
30f5e98ea5bc,campaign-sf1,mado,tpch,Q18,Complex,oracle,indexed,1,2,3,-1,sqlalchemy,orm,q18s1,2,2.27721,,ok,,client-side:900,1.03,218244,131327884067808,2026-09-06T15:56:42.761-05:00
30f5e98ea5bc,campaign-sf1,mado,tpch,Q18,Complex,oracle,indexed,1,2,3,0,sqlalchemy,sql,q18s1,0,2.282084,9,ok,,client-side:900,1.03,218244,131327884067808,2026-09-06T15:56:45.043-05:00
30f5e98ea5bc,campaign-sf1,mado,tpch,Q18,Complex,oracle,indexed,1,2,3,1,django,sql,q18s1,0,2.265194,9,ok,,client-side:900,1.02,218244,131327884067808,2026-09-06T15:56:47.308-05:00
30f5e98ea5bc,campaign-sf1,mado,tpch,Q18,Complex,oracle,indexed,1,2,3,2,sqlalchemy,orm,q18s1,0,2.302127,9,ok,,client-side:900,1.02,218244,131327884067808,2026-09-06T15:56:49.610-05:00
30f5e98ea5bc,campaign-sf1,mado,tpch,Q18,Complex,oracle,indexed,1,2,3,3,django,orm,q18s1,0,2.303458,9,ok,,client-side:900,1.02,218244,131327884067808,2026-09-06T15:56:51.914-05:00
30f5e98ea5bc,campaign-sf1,mado,tpch,Q18,Complex,oracle,indexed,1,3,2,-1,django,sql,q18s2,2,2.273866,,ok,,client-side:900,1.02,218244,131327884067808,2026-09-06T15:56:54.192-05:00
30f5e98ea5bc,campaign-sf1,mado,tpch,Q18,Complex,oracle,indexed,1,3,2,-1,django,orm,q18s2,2,2.303724,,ok,,client-side:900,1.02,218244,131327884067808,2026-09-06T15:56:56.496-05:00
30f5e98ea5bc,campaign-sf1,mado,tpch,Q18,Complex,oracle,indexed,1,3,2,-1,sqlalchemy,sql,q18s2,2,2.294553,,ok,,client-side:900,1.02,218244,131327884067808,2026-09-06T15:56:58.791-05:00
30f5e98ea5bc,campaign-sf1,mado,tpch,Q18,Complex,oracle,indexed,1,3,2,-1,sqlalchemy,orm,q18s2,2,2.292652,,ok,,client-side:900,1.02,218244,131327884067808,2026-09-06T15:57:01.084-05:00
30f5e98ea5bc,campaign-sf1,mado,tpch,Q18,Complex,oracle,indexed,1,3,2,0,sqlalchemy,orm,q18s2,0,2.295744,9,ok,,client-side:900,1.02,218244,131327884067808,2026-09-06T15:57:03.379-05:00
30f5e98ea5bc,campaign-sf1,mado,tpch,Q18,Complex,oracle,indexed,1,3,2,1,sqlalchemy,sql,q18s2,0,2.271186,9,ok,,client-side:900,1.02,218244,131327884067808,2026-09-06T15:57:05.651-05:00
30f5e98ea5bc,campaign-sf1,mado,tpch,Q18,Complex,oracle,indexed,1,3,2,2,django,orm,q18s2,0,2.317335,9,ok,,client-side:900,1.02,218244,131327884067808,2026-09-06T15:57:07.968-05:00
30f5e98ea5bc,campaign-sf1,mado,tpch,Q18,Complex,oracle,indexed,1,3,2,3,django,sql,q18s2,0,2.268463,9,ok,,client-side:900,1.02,218244,131327884067808,2026-09-06T15:57:10.237-05:00
30f5e98ea5bc,campaign-sf1,mado,tpch,Q18,Complex,oracle,indexed,1,4,0,-1,django,sql,q18s3,2,2.280789,,ok,,client-side:900,1.02,218244,131327884067808,2026-09-06T15:57:12.521-05:00
30f5e98ea5bc,campaign-sf1,mado,tpch,Q18,Complex,oracle,indexed,1,4,0,-1,django,orm,q18s3,2,2.293383,,ok,,client-side:900,1.02,218244,131327884067808,2026-09-06T15:57:14.814-05:00
30f5e98ea5bc,campaign-sf1,mado,tpch,Q18,Complex,oracle,indexed,1,4,0,-1,sqlalchemy,sql,q18s3,2,2.28603,,ok,,client-side:900,1.01,218244,131327884067808,2026-09-06T15:57:17.100-05:00
30f5e98ea5bc,campaign-sf1,mado,tpch,Q18,Complex,oracle,indexed,1,4,0,-1,sqlalchemy,orm,q18s3,2,2.272709,,ok,,client-side:900,1.01,218244,131327884067808,2026-09-06T15:57:19.373-05:00
30f5e98ea5bc,campaign-sf1,mado,tpch,Q18,Complex,oracle,indexed,1,4,0,0,django,sql,q18s3,0,2.275805,9,ok,,client-side:900,1.01,218244,131327884067808,2026-09-06T15:57:21.649-05:00
30f5e98ea5bc,campaign-sf1,mado,tpch,Q18,Complex,oracle,indexed,1,4,0,1,django,orm,q18s3,0,2.301133,9,ok,,client-side:900,1.01,218244,131327884067808,2026-09-06T15:57:23.950-05:00
30f5e98ea5bc,campaign-sf1,mado,tpch,Q18,Complex,oracle,indexed,1,4,0,2,sqlalchemy,sql,q18s3,0,2.273955,9,ok,,client-side:900,1.01,218244,131327884067808,2026-09-06T15:57:26.224-05:00
30f5e98ea5bc,campaign-sf1,mado,tpch,Q18,Complex,oracle,indexed,1,4,0,3,sqlalchemy,orm,q18s3,0,2.269968,9,ok,,client-side:900,1.01,218244,131327884067808,2026-09-06T15:57:28.494-05:00
30f5e98ea5bc,campaign-sf1,mado,tpch,Q18,Complex,oracle,indexed,1,5,1,-1,django,sql,q18s4,2,2.319891,,ok,,client-side:900,1.01,218244,131327884067808,2026-09-06T15:57:30.817-05:00
30f5e98ea5bc,campaign-sf1,mado,tpch,Q18,Complex,oracle,indexed,1,5,1,-1,django,orm,q18s4,2,2.309144,,ok,,client-side:900,1.09,218244,131327884067808,2026-09-06T15:57:33.127-05:00
30f5e98ea5bc,campaign-sf1,mado,tpch,Q18,Complex,oracle,indexed,1,5,1,-1,sqlalchemy,sql,q18s4,2,2.279048,,ok,,client-side:900,1.09,218244,131327884067808,2026-09-06T15:57:35.406-05:00
30f5e98ea5bc,campaign-sf1,mado,tpch,Q18,Complex,oracle,indexed,1,5,1,-1,sqlalchemy,orm,q18s4,2,2.283864,,ok,,client-side:900,1.08,218244,131327884067808,2026-09-06T15:57:37.690-05:00
30f5e98ea5bc,campaign-sf1,mado,tpch,Q18,Complex,oracle,indexed,1,5,1,0,django,orm,q18s4,0,2.30728,10,ok,,client-side:900,1.08,218244,131327884067808,2026-09-06T15:57:39.997-05:00
30f5e98ea5bc,campaign-sf1,mado,tpch,Q18,Complex,oracle,indexed,1,5,1,1,sqlalchemy,orm,q18s4,0,2.272728,10,ok,,client-side:900,1.16,218244,131327884067808,2026-09-06T15:57:42.270-05:00
30f5e98ea5bc,campaign-sf1,mado,tpch,Q18,Complex,oracle,indexed,1,5,1,2,django,sql,q18s4,0,2.269466,10,ok,,client-side:900,1.16,218244,131327884067808,2026-09-06T15:57:44.540-05:00
30f5e98ea5bc,campaign-sf1,mado,tpch,Q18,Complex,oracle,indexed,1,5,1,3,sqlalchemy,sql,q18s4,0,2.269055,10,ok,,client-side:900,1.14,218244,131327884067808,2026-09-06T15:57:46.809-05:00
30f5e98ea5bc,campaign-sf1,mado,tpch,Q18,Complex,oracle,indexed,1,6,3,-1,django,sql,q18s5,2,2.261619,,ok,,client-side:900,1.14,218244,131327884067808,2026-09-06T15:57:49.075-05:00
30f5e98ea5bc,campaign-sf1,mado,tpch,Q18,Complex,oracle,indexed,1,6,3,-1,django,orm,q18s5,2,2.287061,,ok,,client-side:900,1.13,218244,131327884067808,2026-09-06T15:57:51.362-05:00
30f5e98ea5bc,campaign-sf1,mado,tpch,Q18,Complex,oracle,indexed,1,6,3,-1,sqlalchemy,sql,q18s5,2,2.272534,,ok,,client-side:900,1.13,218244,131327884067808,2026-09-06T15:57:53.635-05:00
30f5e98ea5bc,campaign-sf1,mado,tpch,Q18,Complex,oracle,indexed,1,6,3,-1,sqlalchemy,orm,q18s5,2,2.278498,,ok,,client-side:900,1.13,218244,131327884067808,2026-09-06T15:57:55.913-05:00
30f5e98ea5bc,campaign-sf1,mado,tpch,Q18,Complex,oracle,indexed,1,6,3,0,sqlalchemy,sql,q18s5,0,2.276382,10,ok,,client-side:900,1.12,218244,131327884067808,2026-09-06T15:57:58.190-05:00
30f5e98ea5bc,campaign-sf1,mado,tpch,Q18,Complex,oracle,indexed,1,6,3,1,django,sql,q18s5,0,2.27147,10,ok,,client-side:900,1.12,218244,131327884067808,2026-09-06T15:58:00.461-05:00
30f5e98ea5bc,campaign-sf1,mado,tpch,Q18,Complex,oracle,indexed,1,6,3,2,sqlalchemy,orm,q18s5,0,2.276601,10,ok,,client-side:900,1.11,218244,131327884067808,2026-09-06T15:58:02.738-05:00
30f5e98ea5bc,campaign-sf1,mado,tpch,Q18,Complex,oracle,indexed,1,6,3,3,django,orm,q18s5,0,2.302658,10,ok,,client-side:900,1.11,218244,131327884067808,2026-09-06T15:58:05.041-05:00
30f5e98ea5bc,campaign-sf1,mado,tpch,Q18,Complex,oracle,indexed,1,7,0,-1,django,sql,q18s6,2,2.274161,,ok,,client-side:900,1.1,218244,131327884067808,2026-09-06T15:58:07.320-05:00
30f5e98ea5bc,campaign-sf1,mado,tpch,Q18,Complex,oracle,indexed,1,7,0,-1,django,orm,q18s6,2,2.293315,,ok,,client-side:900,1.1,218244,131327884067808,2026-09-06T15:58:09.613-05:00
30f5e98ea5bc,campaign-sf1,mado,tpch,Q18,Complex,oracle,indexed,1,7,0,-1,sqlalchemy,sql,q18s6,2,2.275249,,ok,,client-side:900,1.09,218244,131327884067808,2026-09-06T15:58:11.888-05:00
30f5e98ea5bc,campaign-sf1,mado,tpch,Q18,Complex,oracle,indexed,1,7,0,-1,sqlalchemy,orm,q18s6,2,2.268386,,ok,,client-side:900,1.09,218244,131327884067808,2026-09-06T15:58:14.157-05:00
30f5e98ea5bc,campaign-sf1,mado,tpch,Q18,Complex,oracle,indexed,1,7,0,0,django,sql,q18s6,0,2.277953,9,ok,,client-side:900,1.09,218244,131327884067808,2026-09-06T15:58:16.435-05:00
30f5e98ea5bc,campaign-sf1,mado,tpch,Q18,Complex,oracle,indexed,1,7,0,1,django,orm,q18s6,0,2.294614,9,ok,,client-side:900,1.09,218244,131327884067808,2026-09-06T15:58:18.729-05:00
30f5e98ea5bc,campaign-sf1,mado,tpch,Q18,Complex,oracle,indexed,1,7,0,2,sqlalchemy,sql,q18s6,0,2.265445,9,ok,,client-side:900,1.09,218244,131327884067808,2026-09-06T15:58:20.995-05:00
30f5e98ea5bc,campaign-sf1,mado,tpch,Q18,Complex,oracle,indexed,1,7,0,3,sqlalchemy,orm,q18s6,0,2.268565,9,ok,,client-side:900,1.08,218244,131327884067808,2026-09-06T15:58:23.264-05:00
30f5e98ea5bc,campaign-sf1,mado,tpch,Q18,Complex,oracle,indexed,1,8,2,-1,django,sql,q18s7,2,2.275757,,ok,,client-side:900,1.08,218244,131327884067808,2026-09-06T15:58:25.544-05:00
30f5e98ea5bc,campaign-sf1,mado,tpch,Q18,Complex,oracle,indexed,1,8,2,-1,django,orm,q18s7,2,2.294862,,ok,,client-side:900,1.07,218244,131327884067808,2026-09-06T15:58:27.839-05:00
30f5e98ea5bc,campaign-sf1,mado,tpch,Q18,Complex,oracle,indexed,1,8,2,-1,sqlalchemy,sql,q18s7,2,2.265159,,ok,,client-side:900,1.07,218244,131327884067808,2026-09-06T15:58:30.104-05:00
30f5e98ea5bc,campaign-sf1,mado,tpch,Q18,Complex,oracle,indexed,1,8,2,-1,sqlalchemy,orm,q18s7,2,2.284968,,ok,,client-side:900,1.15,218244,131327884067808,2026-09-06T15:58:32.389-05:00
30f5e98ea5bc,campaign-sf1,mado,tpch,Q18,Complex,oracle,indexed,1,8,2,0,sqlalchemy,orm,q18s7,0,2.270318,9,ok,,client-side:900,1.15,218244,131327884067808,2026-09-06T15:58:34.660-05:00
30f5e98ea5bc,campaign-sf1,mado,tpch,Q18,Complex,oracle,indexed,1,8,2,1,sqlalchemy,sql,q18s7,0,2.268325,9,ok,,client-side:900,1.14,218244,131327884067808,2026-09-06T15:58:36.928-05:00
30f5e98ea5bc,campaign-sf1,mado,tpch,Q18,Complex,oracle,indexed,1,8,2,2,django,orm,q18s7,0,2.289429,9,ok,,client-side:900,1.14,218244,131327884067808,2026-09-06T15:58:39.218-05:00
30f5e98ea5bc,campaign-sf1,mado,tpch,Q18,Complex,oracle,indexed,1,8,2,3,django,sql,q18s7,0,2.260723,9,ok,,client-side:900,1.12,218244,131327884067808,2026-09-06T15:58:41.478-05:00
fad2f945d46e,campaign-sf1,mado,tpch,Q19,Simple,oracle,indexed,1,0,2,0,sqlalchemy,orm,q19warm,1,0.530698,1,ok,,client-side:900,1.12,218267,140243716275184,2026-09-06T15:58:43.224-05:00
fad2f945d46e,campaign-sf1,mado,tpch,Q19,Simple,oracle,indexed,1,0,2,1,sqlalchemy,sql,q19warm,1,0.127721,1,ok,,client-side:900,1.12,218267,140243716275184,2026-09-06T15:58:43.351-05:00
fad2f945d46e,campaign-sf1,mado,tpch,Q19,Simple,oracle,indexed,1,0,2,2,django,orm,q19warm,1,0.281606,1,ok,,client-side:900,1.12,218267,140243716275184,2026-09-06T15:58:43.633-05:00
fad2f945d46e,campaign-sf1,mado,tpch,Q19,Simple,oracle,indexed,1,0,2,3,django,sql,q19warm,1,0.12563,1,ok,,client-side:900,1.12,218267,140243716275184,2026-09-06T15:58:43.759-05:00
fad2f945d46e,campaign-sf1,mado,tpch,Q19,Simple,oracle,indexed,1,1,3,-1,django,sql,q19s0,2,0.353341,,ok,,client-side:900,1.12,218267,140243716275184,2026-09-06T15:58:44.117-05:00
fad2f945d46e,campaign-sf1,mado,tpch,Q19,Simple,oracle,indexed,1,1,3,-1,django,orm,q19s0,2,0.146937,,ok,,client-side:900,1.12,218267,140243716275184,2026-09-06T15:58:44.264-05:00
fad2f945d46e,campaign-sf1,mado,tpch,Q19,Simple,oracle,indexed,1,1,3,-1,sqlalchemy,sql,q19s0,2,0.189652,,ok,,client-side:900,1.12,218267,140243716275184,2026-09-06T15:58:44.454-05:00
fad2f945d46e,campaign-sf1,mado,tpch,Q19,Simple,oracle,indexed,1,1,3,-1,sqlalchemy,orm,q19s0,2,0.096899,,ok,,client-side:900,1.12,218267,140243716275184,2026-09-06T15:58:44.551-05:00
fad2f945d46e,campaign-sf1,mado,tpch,Q19,Simple,oracle,indexed,1,1,3,0,sqlalchemy,sql,q19s0,0,0.090531,1,ok,,client-side:900,1.12,218267,140243716275184,2026-09-06T15:58:44.641-05:00
fad2f945d46e,campaign-sf1,mado,tpch,Q19,Simple,oracle,indexed,1,1,3,1,django,sql,q19s0,0,0.092406,1,ok,,client-side:900,1.12,218267,140243716275184,2026-09-06T15:58:44.734-05:00
fad2f945d46e,campaign-sf1,mado,tpch,Q19,Simple,oracle,indexed,1,1,3,2,sqlalchemy,orm,q19s0,0,0.09632,1,ok,,client-side:900,1.12,218267,140243716275184,2026-09-06T15:58:44.830-05:00
fad2f945d46e,campaign-sf1,mado,tpch,Q19,Simple,oracle,indexed,1,1,3,3,django,orm,q19s0,0,0.096338,1,ok,,client-side:900,1.12,218267,140243716275184,2026-09-06T15:58:44.927-05:00
fad2f945d46e,campaign-sf1,mado,tpch,Q19,Simple,oracle,indexed,1,2,2,-1,django,sql,q19s1,2,0.340839,,ok,,client-side:900,1.12,218267,140243716275184,2026-09-06T15:58:45.272-05:00
fad2f945d46e,campaign-sf1,mado,tpch,Q19,Simple,oracle,indexed,1,2,2,-1,django,orm,q19s1,2,0.111411,,ok,,client-side:900,1.12,218267,140243716275184,2026-09-06T15:58:45.384-05:00
fad2f945d46e,campaign-sf1,mado,tpch,Q19,Simple,oracle,indexed,1,2,2,-1,sqlalchemy,sql,q19s1,2,0.173147,,ok,,client-side:900,1.12,218267,140243716275184,2026-09-06T15:58:45.557-05:00
fad2f945d46e,campaign-sf1,mado,tpch,Q19,Simple,oracle,indexed,1,2,2,-1,sqlalchemy,orm,q19s1,2,0.093516,,ok,,client-side:900,1.12,218267,140243716275184,2026-09-06T15:58:45.651-05:00
fad2f945d46e,campaign-sf1,mado,tpch,Q19,Simple,oracle,indexed,1,2,2,0,sqlalchemy,orm,q19s1,0,0.093612,1,ok,,client-side:900,1.12,218267,140243716275184,2026-09-06T15:58:45.744-05:00
fad2f945d46e,campaign-sf1,mado,tpch,Q19,Simple,oracle,indexed,1,2,2,1,sqlalchemy,sql,q19s1,0,0.089397,1,ok,,client-side:900,1.12,218267,140243716275184,2026-09-06T15:58:45.834-05:00
fad2f945d46e,campaign-sf1,mado,tpch,Q19,Simple,oracle,indexed,1,2,2,2,django,orm,q19s1,0,0.094104,1,ok,,client-side:900,1.12,218267,140243716275184,2026-09-06T15:58:45.928-05:00
fad2f945d46e,campaign-sf1,mado,tpch,Q19,Simple,oracle,indexed,1,2,2,3,django,sql,q19s1,0,0.088936,1,ok,,client-side:900,1.12,218267,140243716275184,2026-09-06T15:58:46.017-05:00
fad2f945d46e,campaign-sf1,mado,tpch,Q19,Simple,oracle,indexed,1,3,1,-1,django,sql,q19s2,2,0.270107,,ok,,client-side:900,1.12,218267,140243716275184,2026-09-06T15:58:46.292-05:00
fad2f945d46e,campaign-sf1,mado,tpch,Q19,Simple,oracle,indexed,1,3,1,-1,django,orm,q19s2,2,0.131235,,ok,,client-side:900,1.11,218267,140243716275184,2026-09-06T15:58:46.423-05:00
fad2f945d46e,campaign-sf1,mado,tpch,Q19,Simple,oracle,indexed,1,3,1,-1,sqlalchemy,sql,q19s2,2,0.157987,,ok,,client-side:900,1.11,218267,140243716275184,2026-09-06T15:58:46.581-05:00
fad2f945d46e,campaign-sf1,mado,tpch,Q19,Simple,oracle,indexed,1,3,1,-1,sqlalchemy,orm,q19s2,2,0.098547,,ok,,client-side:900,1.11,218267,140243716275184,2026-09-06T15:58:46.680-05:00
fad2f945d46e,campaign-sf1,mado,tpch,Q19,Simple,oracle,indexed,1,3,1,0,django,orm,q19s2,0,0.099889,1,ok,,client-side:900,1.11,218267,140243716275184,2026-09-06T15:58:46.780-05:00
fad2f945d46e,campaign-sf1,mado,tpch,Q19,Simple,oracle,indexed,1,3,1,1,sqlalchemy,orm,q19s2,0,0.098577,1,ok,,client-side:900,1.11,218267,140243716275184,2026-09-06T15:58:46.879-05:00
fad2f945d46e,campaign-sf1,mado,tpch,Q19,Simple,oracle,indexed,1,3,1,2,django,sql,q19s2,0,0.093177,1,ok,,client-side:900,1.11,218267,140243716275184,2026-09-06T15:58:46.972-05:00
fad2f945d46e,campaign-sf1,mado,tpch,Q19,Simple,oracle,indexed,1,3,1,3,sqlalchemy,sql,q19s2,0,0.093287,1,ok,,client-side:900,1.11,218267,140243716275184,2026-09-06T15:58:47.065-05:00
fad2f945d46e,campaign-sf1,mado,tpch,Q19,Simple,oracle,indexed,1,4,0,-1,django,sql,q19s3,2,0.33178,,ok,,client-side:900,1.11,218267,140243716275184,2026-09-06T15:58:47.402-05:00
fad2f945d46e,campaign-sf1,mado,tpch,Q19,Simple,oracle,indexed,1,4,0,-1,django,orm,q19s3,2,0.127343,,ok,,client-side:900,1.11,218267,140243716275184,2026-09-06T15:58:47.529-05:00
fad2f945d46e,campaign-sf1,mado,tpch,Q19,Simple,oracle,indexed,1,4,0,-1,sqlalchemy,sql,q19s3,2,0.170183,,ok,,client-side:900,1.11,218267,140243716275184,2026-09-06T15:58:47.699-05:00
fad2f945d46e,campaign-sf1,mado,tpch,Q19,Simple,oracle,indexed,1,4,0,-1,sqlalchemy,orm,q19s3,2,0.096975,,ok,,client-side:900,1.11,218267,140243716275184,2026-09-06T15:58:47.797-05:00
fad2f945d46e,campaign-sf1,mado,tpch,Q19,Simple,oracle,indexed,1,4,0,0,django,sql,q19s3,0,0.091038,1,ok,,client-side:900,1.11,218267,140243716275184,2026-09-06T15:58:47.888-05:00
fad2f945d46e,campaign-sf1,mado,tpch,Q19,Simple,oracle,indexed,1,4,0,1,django,orm,q19s3,0,0.09616,1,ok,,client-side:900,1.11,218267,140243716275184,2026-09-06T15:58:47.984-05:00
fad2f945d46e,campaign-sf1,mado,tpch,Q19,Simple,oracle,indexed,1,4,0,2,sqlalchemy,sql,q19s3,0,0.092051,1,ok,,client-side:900,1.11,218267,140243716275184,2026-09-06T15:58:48.076-05:00
fad2f945d46e,campaign-sf1,mado,tpch,Q19,Simple,oracle,indexed,1,4,0,3,sqlalchemy,orm,q19s3,0,0.096521,1,ok,,client-side:900,1.11,218267,140243716275184,2026-09-06T15:58:48.173-05:00
fad2f945d46e,campaign-sf1,mado,tpch,Q19,Simple,oracle,indexed,1,5,1,-1,django,sql,q19s4,2,0.228292,,ok,,client-side:900,1.11,218267,140243716275184,2026-09-06T15:58:48.406-05:00
fad2f945d46e,campaign-sf1,mado,tpch,Q19,Simple,oracle,indexed,1,5,1,-1,django,orm,q19s4,2,0.100319,,ok,,client-side:900,1.11,218267,140243716275184,2026-09-06T15:58:48.506-05:00
fad2f945d46e,campaign-sf1,mado,tpch,Q19,Simple,oracle,indexed,1,5,1,-1,sqlalchemy,sql,q19s4,2,0.147099,,ok,,client-side:900,1.11,218267,140243716275184,2026-09-06T15:58:48.653-05:00
fad2f945d46e,campaign-sf1,mado,tpch,Q19,Simple,oracle,indexed,1,5,1,-1,sqlalchemy,orm,q19s4,2,0.099155,,ok,,client-side:900,1.11,218267,140243716275184,2026-09-06T15:58:48.752-05:00
fad2f945d46e,campaign-sf1,mado,tpch,Q19,Simple,oracle,indexed,1,5,1,0,django,orm,q19s4,0,0.100137,1,ok,,client-side:900,1.11,218267,140243716275184,2026-09-06T15:58:48.853-05:00
fad2f945d46e,campaign-sf1,mado,tpch,Q19,Simple,oracle,indexed,1,5,1,1,sqlalchemy,orm,q19s4,0,0.098985,1,ok,,client-side:900,1.11,218267,140243716275184,2026-09-06T15:58:48.952-05:00
fad2f945d46e,campaign-sf1,mado,tpch,Q19,Simple,oracle,indexed,1,5,1,2,django,sql,q19s4,0,0.094471,1,ok,,client-side:900,1.11,218267,140243716275184,2026-09-06T15:58:49.046-05:00
fad2f945d46e,campaign-sf1,mado,tpch,Q19,Simple,oracle,indexed,1,5,1,3,sqlalchemy,sql,q19s4,0,0.095011,1,ok,,client-side:900,1.11,218267,140243716275184,2026-09-06T15:58:49.141-05:00
fad2f945d46e,campaign-sf1,mado,tpch,Q19,Simple,oracle,indexed,1,6,0,-1,django,sql,q19s5,2,0.306211,,ok,,client-side:900,1.11,218267,140243716275184,2026-09-06T15:58:49.452-05:00
fad2f945d46e,campaign-sf1,mado,tpch,Q19,Simple,oracle,indexed,1,6,0,-1,django,orm,q19s5,2,0.105772,,ok,,client-side:900,1.11,218267,140243716275184,2026-09-06T15:58:49.558-05:00
fad2f945d46e,campaign-sf1,mado,tpch,Q19,Simple,oracle,indexed,1,6,0,-1,sqlalchemy,sql,q19s5,2,0.172705,,ok,,client-side:900,1.11,218267,140243716275184,2026-09-06T15:58:49.731-05:00
fad2f945d46e,campaign-sf1,mado,tpch,Q19,Simple,oracle,indexed,1,6,0,-1,sqlalchemy,orm,q19s5,2,0.102802,,ok,,client-side:900,1.11,218267,140243716275184,2026-09-06T15:58:49.834-05:00
fad2f945d46e,campaign-sf1,mado,tpch,Q19,Simple,oracle,indexed,1,6,0,0,django,sql,q19s5,0,0.099983,1,ok,,client-side:900,1.11,218267,140243716275184,2026-09-06T15:58:49.934-05:00
fad2f945d46e,campaign-sf1,mado,tpch,Q19,Simple,oracle,indexed,1,6,0,1,django,orm,q19s5,0,0.104192,1,ok,,client-side:900,1.11,218267,140243716275184,2026-09-06T15:58:50.038-05:00
fad2f945d46e,campaign-sf1,mado,tpch,Q19,Simple,oracle,indexed,1,6,0,2,sqlalchemy,sql,q19s5,0,0.0994,1,ok,,client-side:900,1.11,218267,140243716275184,2026-09-06T15:58:50.138-05:00
fad2f945d46e,campaign-sf1,mado,tpch,Q19,Simple,oracle,indexed,1,6,0,3,sqlalchemy,orm,q19s5,0,0.10248,1,ok,,client-side:900,1.11,218267,140243716275184,2026-09-06T15:58:50.240-05:00
fad2f945d46e,campaign-sf1,mado,tpch,Q19,Simple,oracle,indexed,1,7,2,-1,django,sql,q19s6,2,0.251165,,ok,,client-side:900,1.11,218267,140243716275184,2026-09-06T15:58:50.496-05:00
fad2f945d46e,campaign-sf1,mado,tpch,Q19,Simple,oracle,indexed,1,7,2,-1,django,orm,q19s6,2,0.10178,,ok,,client-side:900,1.11,218267,140243716275184,2026-09-06T15:58:50.597-05:00
fad2f945d46e,campaign-sf1,mado,tpch,Q19,Simple,oracle,indexed,1,7,2,-1,sqlalchemy,sql,q19s6,2,0.153544,,ok,,client-side:900,1.11,218267,140243716275184,2026-09-06T15:58:50.751-05:00
fad2f945d46e,campaign-sf1,mado,tpch,Q19,Simple,oracle,indexed,1,7,2,-1,sqlalchemy,orm,q19s6,2,0.100958,,ok,,client-side:900,1.11,218267,140243716275184,2026-09-06T15:58:50.852-05:00
fad2f945d46e,campaign-sf1,mado,tpch,Q19,Simple,oracle,indexed,1,7,2,0,sqlalchemy,orm,q19s6,0,0.100829,1,ok,,client-side:900,1.11,218267,140243716275184,2026-09-06T15:58:50.953-05:00
fad2f945d46e,campaign-sf1,mado,tpch,Q19,Simple,oracle,indexed,1,7,2,1,sqlalchemy,sql,q19s6,0,0.09681,1,ok,,client-side:900,1.11,218267,140243716275184,2026-09-06T15:58:51.050-05:00
fad2f945d46e,campaign-sf1,mado,tpch,Q19,Simple,oracle,indexed,1,7,2,2,django,orm,q19s6,0,0.101146,1,ok,,client-side:900,1.11,218267,140243716275184,2026-09-06T15:58:51.151-05:00
fad2f945d46e,campaign-sf1,mado,tpch,Q19,Simple,oracle,indexed,1,7,2,3,django,sql,q19s6,0,0.095933,1,ok,,client-side:900,1.11,218267,140243716275184,2026-09-06T15:58:51.247-05:00
fad2f945d46e,campaign-sf1,mado,tpch,Q19,Simple,oracle,indexed,1,8,3,-1,django,sql,q19s7,2,0.299055,,ok,,client-side:900,1.19,218267,140243716275184,2026-09-06T15:58:51.549-05:00
fad2f945d46e,campaign-sf1,mado,tpch,Q19,Simple,oracle,indexed,1,8,3,-1,django,orm,q19s7,2,0.098154,,ok,,client-side:900,1.19,218267,140243716275184,2026-09-06T15:58:51.648-05:00
fad2f945d46e,campaign-sf1,mado,tpch,Q19,Simple,oracle,indexed,1,8,3,-1,sqlalchemy,sql,q19s7,2,0.156621,,ok,,client-side:900,1.19,218267,140243716275184,2026-09-06T15:58:51.804-05:00
fad2f945d46e,campaign-sf1,mado,tpch,Q19,Simple,oracle,indexed,1,8,3,-1,sqlalchemy,orm,q19s7,2,0.097269,,ok,,client-side:900,1.19,218267,140243716275184,2026-09-06T15:58:51.902-05:00
fad2f945d46e,campaign-sf1,mado,tpch,Q19,Simple,oracle,indexed,1,8,3,0,sqlalchemy,sql,q19s7,0,0.092793,1,ok,,client-side:900,1.19,218267,140243716275184,2026-09-06T15:58:51.995-05:00
fad2f945d46e,campaign-sf1,mado,tpch,Q19,Simple,oracle,indexed,1,8,3,1,django,sql,q19s7,0,0.093173,1,ok,,client-side:900,1.19,218267,140243716275184,2026-09-06T15:58:52.088-05:00
fad2f945d46e,campaign-sf1,mado,tpch,Q19,Simple,oracle,indexed,1,8,3,2,sqlalchemy,orm,q19s7,0,0.098247,1,ok,,client-side:900,1.19,218267,140243716275184,2026-09-06T15:58:52.186-05:00
fad2f945d46e,campaign-sf1,mado,tpch,Q19,Simple,oracle,indexed,1,8,3,3,django,orm,q19s7,0,0.098365,1,ok,,client-side:900,1.19,218267,140243716275184,2026-09-06T15:58:52.285-05:00
01b1047433e9,campaign-sf1,mado,tpch,Q20,Complex,oracle,indexed,1,0,3,0,sqlalchemy,sql,q20warm,1,1.683404,165,ok,,client-side:900,1.19,218277,133936338990576,2026-09-06T15:58:55.178-05:00
01b1047433e9,campaign-sf1,mado,tpch,Q20,Complex,oracle,indexed,1,0,3,1,django,sql,q20warm,1,1.619485,165,ok,,client-side:900,1.17,218277,133936338990576,2026-09-06T15:58:56.797-05:00
01b1047433e9,campaign-sf1,mado,tpch,Q20,Complex,oracle,indexed,1,0,3,2,sqlalchemy,orm,q20warm,1,1.041901,165,ok,,client-side:900,1.17,218277,133936338990576,2026-09-06T15:58:57.839-05:00
01b1047433e9,campaign-sf1,mado,tpch,Q20,Complex,oracle,indexed,1,0,3,3,django,orm,q20warm,1,0.545674,165,ok,,client-side:900,1.17,218277,133936338990576,2026-09-06T15:58:58.385-05:00
01b1047433e9,campaign-sf1,mado,tpch,Q20,Complex,oracle,indexed,1,1,0,-1,django,sql,q20s0,2,8.717699,,ok,,client-side:900,1.14,218277,133936338990576,2026-09-06T15:59:07.106-05:00
01b1047433e9,campaign-sf1,mado,tpch,Q20,Complex,oracle,indexed,1,1,0,-1,django,orm,q20s0,2,0.225305,,ok,,client-side:900,1.14,218277,133936338990576,2026-09-06T15:59:07.332-05:00
01b1047433e9,campaign-sf1,mado,tpch,Q20,Complex,oracle,indexed,1,1,0,-1,sqlalchemy,sql,q20s0,2,4.528862,,ok,,client-side:900,1.13,218277,133936338990576,2026-09-06T15:59:11.861-05:00
01b1047433e9,campaign-sf1,mado,tpch,Q20,Complex,oracle,indexed,1,1,0,-1,sqlalchemy,orm,q20s0,2,0.964337,,ok,,client-side:900,1.13,218277,133936338990576,2026-09-06T15:59:12.825-05:00
01b1047433e9,campaign-sf1,mado,tpch,Q20,Complex,oracle,indexed,1,1,0,0,django,sql,q20s0,0,5.580998,186,ok,,client-side:900,1.28,218277,133936338990576,2026-09-06T15:59:18.406-05:00
01b1047433e9,campaign-sf1,mado,tpch,Q20,Complex,oracle,indexed,1,1,0,1,django,orm,q20s0,0,0.287196,186,ok,,client-side:900,1.28,218277,133936338990576,2026-09-06T15:59:18.694-05:00
01b1047433e9,campaign-sf1,mado,tpch,Q20,Complex,oracle,indexed,1,1,0,2,sqlalchemy,sql,q20s0,0,6.459044,186,ok,,client-side:900,1.26,218277,133936338990576,2026-09-06T15:59:25.153-05:00
01b1047433e9,campaign-sf1,mado,tpch,Q20,Complex,oracle,indexed,1,1,0,3,sqlalchemy,orm,q20s0,0,0.970148,186,ok,,client-side:900,1.26,218277,133936338990576,2026-09-06T15:59:26.123-05:00
01b1047433e9,campaign-sf1,mado,tpch,Q20,Complex,oracle,indexed,1,2,3,-1,django,sql,q20s1,2,0.903893,,ok,,client-side:900,1.24,218277,133936338990576,2026-09-06T15:59:27.032-05:00
01b1047433e9,campaign-sf1,mado,tpch,Q20,Complex,oracle,indexed,1,2,3,-1,django,orm,q20s1,2,0.421266,,ok,,client-side:900,1.24,218277,133936338990576,2026-09-06T15:59:27.453-05:00
01b1047433e9,campaign-sf1,mado,tpch,Q20,Complex,oracle,indexed,1,2,3,-1,sqlalchemy,sql,q20s1,2,0.914827,,ok,,client-side:900,1.24,218277,133936338990576,2026-09-06T15:59:28.368-05:00
01b1047433e9,campaign-sf1,mado,tpch,Q20,Complex,oracle,indexed,1,2,3,-1,sqlalchemy,orm,q20s1,2,0.859681,,ok,,client-side:900,1.24,218277,133936338990576,2026-09-06T15:59:29.228-05:00
01b1047433e9,campaign-sf1,mado,tpch,Q20,Complex,oracle,indexed,1,2,3,0,sqlalchemy,sql,q20s1,0,0.856592,192,ok,,client-side:900,1.24,218277,133936338990576,2026-09-06T15:59:30.084-05:00
01b1047433e9,campaign-sf1,mado,tpch,Q20,Complex,oracle,indexed,1,2,3,1,django,sql,q20s1,0,0.849816,192,ok,,client-side:900,1.24,218277,133936338990576,2026-09-06T15:59:30.934-05:00
01b1047433e9,campaign-sf1,mado,tpch,Q20,Complex,oracle,indexed,1,2,3,2,sqlalchemy,orm,q20s1,0,0.860986,192,ok,,client-side:900,1.22,218277,133936338990576,2026-09-06T15:59:31.795-05:00
01b1047433e9,campaign-sf1,mado,tpch,Q20,Complex,oracle,indexed,1,2,3,3,django,orm,q20s1,0,0.205907,192,ok,,client-side:900,1.22,218277,133936338990576,2026-09-06T15:59:32.001-05:00
01b1047433e9,campaign-sf1,mado,tpch,Q20,Complex,oracle,indexed,1,3,1,-1,django,sql,q20s2,2,6.979185,,ok,,client-side:900,1.2,218277,133936338990576,2026-09-06T15:59:38.985-05:00
01b1047433e9,campaign-sf1,mado,tpch,Q20,Complex,oracle,indexed,1,3,1,-1,django,orm,q20s2,2,0.237425,,ok,,client-side:900,1.2,218277,133936338990576,2026-09-06T15:59:39.222-05:00
01b1047433e9,campaign-sf1,mado,tpch,Q20,Complex,oracle,indexed,1,3,1,-1,sqlalchemy,sql,q20s2,2,4.94024,,ok,,client-side:900,1.19,218277,133936338990576,2026-09-06T15:59:44.163-05:00
01b1047433e9,campaign-sf1,mado,tpch,Q20,Complex,oracle,indexed,1,3,1,-1,sqlalchemy,orm,q20s2,2,0.941705,,ok,,client-side:900,1.19,218277,133936338990576,2026-09-06T15:59:45.105-05:00
01b1047433e9,campaign-sf1,mado,tpch,Q20,Complex,oracle,indexed,1,3,1,0,django,orm,q20s2,0,0.273442,195,ok,,client-side:900,1.19,218277,133936338990576,2026-09-06T15:59:45.378-05:00
01b1047433e9,campaign-sf1,mado,tpch,Q20,Complex,oracle,indexed,1,3,1,1,sqlalchemy,orm,q20s2,0,0.85321,195,ok,,client-side:900,1.19,218277,133936338990576,2026-09-06T15:59:46.231-05:00
01b1047433e9,campaign-sf1,mado,tpch,Q20,Complex,oracle,indexed,1,3,1,2,django,sql,q20s2,0,7.122371,195,ok,,client-side:900,1.32,218277,133936338990576,2026-09-06T15:59:53.354-05:00
01b1047433e9,campaign-sf1,mado,tpch,Q20,Complex,oracle,indexed,1,3,1,3,sqlalchemy,sql,q20s2,0,5.477121,195,ok,,client-side:900,1.29,218277,133936338990576,2026-09-06T15:59:58.831-05:00
01b1047433e9,campaign-sf1,mado,tpch,Q20,Complex,oracle,indexed,1,4,2,-1,django,sql,q20s3,2,1.028018,,ok,,client-side:900,1.29,218277,133936338990576,2026-09-06T15:59:59.863-05:00
01b1047433e9,campaign-sf1,mado,tpch,Q20,Complex,oracle,indexed,1,4,2,-1,django,orm,q20s3,2,0.439236,,ok,,client-side:900,1.29,218277,133936338990576,2026-09-06T16:00:00.302-05:00
01b1047433e9,campaign-sf1,mado,tpch,Q20,Complex,oracle,indexed,1,4,2,-1,sqlalchemy,sql,q20s3,2,0.954101,,ok,,client-side:900,1.29,218277,133936338990576,2026-09-06T16:00:01.256-05:00
01b1047433e9,campaign-sf1,mado,tpch,Q20,Complex,oracle,indexed,1,4,2,-1,sqlalchemy,orm,q20s3,2,0.948064,,ok,,client-side:900,1.35,218277,133936338990576,2026-09-06T16:00:02.204-05:00
01b1047433e9,campaign-sf1,mado,tpch,Q20,Complex,oracle,indexed,1,4,2,0,sqlalchemy,orm,q20s3,0,0.869388,154,ok,,client-side:900,1.35,218277,133936338990576,2026-09-06T16:00:03.074-05:00
01b1047433e9,campaign-sf1,mado,tpch,Q20,Complex,oracle,indexed,1,4,2,1,sqlalchemy,sql,q20s3,0,0.866125,154,ok,,client-side:900,1.35,218277,133936338990576,2026-09-06T16:00:03.940-05:00
01b1047433e9,campaign-sf1,mado,tpch,Q20,Complex,oracle,indexed,1,4,2,2,django,orm,q20s3,0,0.207243,154,ok,,client-side:900,1.35,218277,133936338990576,2026-09-06T16:00:04.147-05:00
01b1047433e9,campaign-sf1,mado,tpch,Q20,Complex,oracle,indexed,1,4,2,3,django,sql,q20s3,0,0.877382,154,ok,,client-side:900,1.35,218277,133936338990576,2026-09-06T16:00:05.025-05:00
01b1047433e9,campaign-sf1,mado,tpch,Q20,Complex,oracle,indexed,1,5,1,-1,django,sql,q20s4,2,0.928389,,ok,,client-side:900,1.35,218277,133936338990576,2026-09-06T16:00:05.958-05:00
01b1047433e9,campaign-sf1,mado,tpch,Q20,Complex,oracle,indexed,1,5,1,-1,django,orm,q20s4,2,0.42612,,ok,,client-side:900,1.32,218277,133936338990576,2026-09-06T16:00:06.385-05:00
01b1047433e9,campaign-sf1,mado,tpch,Q20,Complex,oracle,indexed,1,5,1,-1,sqlalchemy,sql,q20s4,2,0.92157,,ok,,client-side:900,1.32,218277,133936338990576,2026-09-06T16:00:07.306-05:00
01b1047433e9,campaign-sf1,mado,tpch,Q20,Complex,oracle,indexed,1,5,1,-1,sqlalchemy,orm,q20s4,2,0.868083,,ok,,client-side:900,1.32,218277,133936338990576,2026-09-06T16:00:08.174-05:00
01b1047433e9,campaign-sf1,mado,tpch,Q20,Complex,oracle,indexed,1,5,1,0,django,orm,q20s4,0,0.204398,177,ok,,client-side:900,1.32,218277,133936338990576,2026-09-06T16:00:08.379-05:00
01b1047433e9,campaign-sf1,mado,tpch,Q20,Complex,oracle,indexed,1,5,1,1,sqlalchemy,orm,q20s4,0,0.866723,177,ok,,client-side:900,1.32,218277,133936338990576,2026-09-06T16:00:09.246-05:00
01b1047433e9,campaign-sf1,mado,tpch,Q20,Complex,oracle,indexed,1,5,1,2,django,sql,q20s4,0,0.867077,177,ok,,client-side:900,1.32,218277,133936338990576,2026-09-06T16:00:10.113-05:00
01b1047433e9,campaign-sf1,mado,tpch,Q20,Complex,oracle,indexed,1,5,1,3,sqlalchemy,sql,q20s4,0,0.868386,177,ok,,client-side:900,1.32,218277,133936338990576,2026-09-06T16:00:10.981-05:00
01b1047433e9,campaign-sf1,mado,tpch,Q20,Complex,oracle,indexed,1,6,3,-1,django,sql,q20s5,2,0.913376,,ok,,client-side:900,1.38,218277,133936338990576,2026-09-06T16:00:11.899-05:00
01b1047433e9,campaign-sf1,mado,tpch,Q20,Complex,oracle,indexed,1,6,3,-1,django,orm,q20s5,2,0.431233,,ok,,client-side:900,1.38,218277,133936338990576,2026-09-06T16:00:12.331-05:00
01b1047433e9,campaign-sf1,mado,tpch,Q20,Complex,oracle,indexed,1,6,3,-1,sqlalchemy,sql,q20s5,2,0.918866,,ok,,client-side:900,1.38,218277,133936338990576,2026-09-06T16:00:13.250-05:00
01b1047433e9,campaign-sf1,mado,tpch,Q20,Complex,oracle,indexed,1,6,3,-1,sqlalchemy,orm,q20s5,2,0.875227,,ok,,client-side:900,1.38,218277,133936338990576,2026-09-06T16:00:14.125-05:00
01b1047433e9,campaign-sf1,mado,tpch,Q20,Complex,oracle,indexed,1,6,3,0,sqlalchemy,sql,q20s5,0,0.860618,177,ok,,client-side:900,1.38,218277,133936338990576,2026-09-06T16:00:14.986-05:00
01b1047433e9,campaign-sf1,mado,tpch,Q20,Complex,oracle,indexed,1,6,3,1,django,sql,q20s5,0,0.861517,177,ok,,client-side:900,1.38,218277,133936338990576,2026-09-06T16:00:15.847-05:00
01b1047433e9,campaign-sf1,mado,tpch,Q20,Complex,oracle,indexed,1,6,3,2,sqlalchemy,orm,q20s5,0,0.876004,177,ok,,client-side:900,1.34,218277,133936338990576,2026-09-06T16:00:16.723-05:00
01b1047433e9,campaign-sf1,mado,tpch,Q20,Complex,oracle,indexed,1,6,3,3,django,orm,q20s5,0,0.205341,177,ok,,client-side:900,1.34,218277,133936338990576,2026-09-06T16:00:16.929-05:00
01b1047433e9,campaign-sf1,mado,tpch,Q20,Complex,oracle,indexed,1,7,0,-1,django,sql,q20s6,2,0.884821,,ok,,client-side:900,1.34,218277,133936338990576,2026-09-06T16:00:17.818-05:00
01b1047433e9,campaign-sf1,mado,tpch,Q20,Complex,oracle,indexed,1,7,0,-1,django,orm,q20s6,2,0.327063,,ok,,client-side:900,1.34,218277,133936338990576,2026-09-06T16:00:18.146-05:00
01b1047433e9,campaign-sf1,mado,tpch,Q20,Complex,oracle,indexed,1,7,0,-1,sqlalchemy,sql,q20s6,2,0.888217,,ok,,client-side:900,1.34,218277,133936338990576,2026-09-06T16:00:19.034-05:00
01b1047433e9,campaign-sf1,mado,tpch,Q20,Complex,oracle,indexed,1,7,0,-1,sqlalchemy,orm,q20s6,2,0.865686,,ok,,client-side:900,1.34,218277,133936338990576,2026-09-06T16:00:19.900-05:00
01b1047433e9,campaign-sf1,mado,tpch,Q20,Complex,oracle,indexed,1,7,0,0,django,sql,q20s6,0,0.834206,180,ok,,client-side:900,1.34,218277,133936338990576,2026-09-06T16:00:20.734-05:00
01b1047433e9,campaign-sf1,mado,tpch,Q20,Complex,oracle,indexed,1,7,0,1,django,orm,q20s6,0,0.202313,180,ok,,client-side:900,1.34,218277,133936338990576,2026-09-06T16:00:20.936-05:00
01b1047433e9,campaign-sf1,mado,tpch,Q20,Complex,oracle,indexed,1,7,0,2,sqlalchemy,sql,q20s6,0,0.832547,180,ok,,client-side:900,1.32,218277,133936338990576,2026-09-06T16:00:21.769-05:00
01b1047433e9,campaign-sf1,mado,tpch,Q20,Complex,oracle,indexed,1,7,0,3,sqlalchemy,orm,q20s6,0,0.868441,180,ok,,client-side:900,1.32,218277,133936338990576,2026-09-06T16:00:22.638-05:00
01b1047433e9,campaign-sf1,mado,tpch,Q20,Complex,oracle,indexed,1,8,2,-1,django,sql,q20s7,2,7.422516,,ok,,client-side:900,1.29,218277,133936338990576,2026-09-06T16:00:30.065-05:00
01b1047433e9,campaign-sf1,mado,tpch,Q20,Complex,oracle,indexed,1,8,2,-1,django,orm,q20s7,2,0.266452,,ok,,client-side:900,1.29,218277,133936338990576,2026-09-06T16:00:30.331-05:00
01b1047433e9,campaign-sf1,mado,tpch,Q20,Complex,oracle,indexed,1,8,2,-1,sqlalchemy,sql,q20s7,2,5.476707,,ok,,client-side:900,1.27,218277,133936338990576,2026-09-06T16:00:35.808-05:00
01b1047433e9,campaign-sf1,mado,tpch,Q20,Complex,oracle,indexed,1,8,2,-1,sqlalchemy,orm,q20s7,2,0.950408,,ok,,client-side:900,1.49,218277,133936338990576,2026-09-06T16:00:36.758-05:00
01b1047433e9,campaign-sf1,mado,tpch,Q20,Complex,oracle,indexed,1,8,2,0,sqlalchemy,orm,q20s7,0,0.857737,201,ok,,client-side:900,1.49,218277,133936338990576,2026-09-06T16:00:37.616-05:00
01b1047433e9,campaign-sf1,mado,tpch,Q20,Complex,oracle,indexed,1,8,2,1,sqlalchemy,sql,q20s7,0,7.108212,201,ok,,client-side:900,1.53,218277,133936338990576,2026-09-06T16:00:44.725-05:00
01b1047433e9,campaign-sf1,mado,tpch,Q20,Complex,oracle,indexed,1,8,2,2,django,orm,q20s7,0,0.277027,201,ok,,client-side:900,1.53,218277,133936338990576,2026-09-06T16:00:45.002-05:00
01b1047433e9,campaign-sf1,mado,tpch,Q20,Complex,oracle,indexed,1,8,2,3,django,sql,q20s7,0,4.52844,201,ok,,client-side:900,1.49,218277,133936338990576,2026-09-06T16:00:49.530-05:00
488dbb0baf41,campaign-sf1,mado,tpch,Q21,Very Complex,oracle,indexed,1,0,3,0,sqlalchemy,sql,q21warm,1,4.436859,100,ok,,client-side:900,1.45,218489,127416395150832,2026-09-06T16:00:55.229-05:00
488dbb0baf41,campaign-sf1,mado,tpch,Q21,Very Complex,oracle,indexed,1,0,3,1,django,sql,q21warm,1,3.812864,100,ok,,client-side:900,1.41,218489,127416395150832,2026-09-06T16:00:59.042-05:00
488dbb0baf41,campaign-sf1,mado,tpch,Q21,Very Complex,oracle,indexed,1,0,3,2,sqlalchemy,orm,q21warm,1,3.132463,100,ok,,client-side:900,1.46,218489,127416395150832,2026-09-06T16:01:02.174-05:00
488dbb0baf41,campaign-sf1,mado,tpch,Q21,Very Complex,oracle,indexed,1,0,3,3,django,orm,q21warm,1,4.24236,100,ok,,client-side:900,1.42,218489,127416395150832,2026-09-06T16:01:06.417-05:00
488dbb0baf41,campaign-sf1,mado,tpch,Q21,Very Complex,oracle,indexed,1,1,2,-1,django,sql,q21s0,2,3.621719,,ok,,client-side:900,1.42,218489,127416395150832,2026-09-06T16:01:10.042-05:00
488dbb0baf41,campaign-sf1,mado,tpch,Q21,Very Complex,oracle,indexed,1,1,2,-1,django,orm,q21s0,2,4.231691,,ok,,client-side:900,1.39,218489,127416395150832,2026-09-06T16:01:14.274-05:00
488dbb0baf41,campaign-sf1,mado,tpch,Q21,Very Complex,oracle,indexed,1,1,2,-1,sqlalchemy,sql,q21s0,2,3.430685,,ok,,client-side:900,1.36,218489,127416395150832,2026-09-06T16:01:17.704-05:00
488dbb0baf41,campaign-sf1,mado,tpch,Q21,Very Complex,oracle,indexed,1,1,2,-1,sqlalchemy,orm,q21s0,2,3.425087,,ok,,client-side:900,1.36,218489,127416395150832,2026-09-06T16:01:21.130-05:00
488dbb0baf41,campaign-sf1,mado,tpch,Q21,Very Complex,oracle,indexed,1,1,2,0,sqlalchemy,orm,q21s0,0,2.981739,100,ok,,client-side:900,1.41,218489,127416395150832,2026-09-06T16:01:24.111-05:00
488dbb0baf41,campaign-sf1,mado,tpch,Q21,Very Complex,oracle,indexed,1,1,2,1,sqlalchemy,sql,q21s0,0,2.97608,100,ok,,client-side:900,1.38,218489,127416395150832,2026-09-06T16:01:27.088-05:00
488dbb0baf41,campaign-sf1,mado,tpch,Q21,Very Complex,oracle,indexed,1,1,2,2,django,orm,q21s0,0,3.483112,100,ok,,client-side:900,1.38,218489,127416395150832,2026-09-06T16:01:30.571-05:00
488dbb0baf41,campaign-sf1,mado,tpch,Q21,Very Complex,oracle,indexed,1,1,2,3,django,sql,q21s0,0,3.310342,100,ok,,client-side:900,1.34,218489,127416395150832,2026-09-06T16:01:33.881-05:00
488dbb0baf41,campaign-sf1,mado,tpch,Q21,Very Complex,oracle,indexed,1,2,1,-1,django,sql,q21s1,2,3.258789,,ok,,client-side:900,1.32,218489,127416395150832,2026-09-06T16:01:37.145-05:00
488dbb0baf41,campaign-sf1,mado,tpch,Q21,Very Complex,oracle,indexed,1,2,1,-1,django,orm,q21s1,2,3.680713,,ok,,client-side:900,1.32,218489,127416395150832,2026-09-06T16:01:40.826-05:00
488dbb0baf41,campaign-sf1,mado,tpch,Q21,Very Complex,oracle,indexed,1,2,1,-1,sqlalchemy,sql,q21s1,2,3.460107,,ok,,client-side:900,1.29,218489,127416395150832,2026-09-06T16:01:44.286-05:00
488dbb0baf41,campaign-sf1,mado,tpch,Q21,Very Complex,oracle,indexed,1,2,1,-1,sqlalchemy,orm,q21s1,2,2.977185,,ok,,client-side:900,1.27,218489,127416395150832,2026-09-06T16:01:47.263-05:00
488dbb0baf41,campaign-sf1,mado,tpch,Q21,Very Complex,oracle,indexed,1,2,1,0,django,orm,q21s1,0,3.709277,100,ok,,client-side:900,1.27,218489,127416395150832,2026-09-06T16:01:50.972-05:00
488dbb0baf41,campaign-sf1,mado,tpch,Q21,Very Complex,oracle,indexed,1,2,1,1,sqlalchemy,orm,q21s1,0,3.54453,100,ok,,client-side:900,1.25,218489,127416395150832,2026-09-06T16:01:54.517-05:00
488dbb0baf41,campaign-sf1,mado,tpch,Q21,Very Complex,oracle,indexed,1,2,1,2,django,sql,q21s1,0,3.983607,100,ok,,client-side:900,1.23,218489,127416395150832,2026-09-06T16:01:58.501-05:00
488dbb0baf41,campaign-sf1,mado,tpch,Q21,Very Complex,oracle,indexed,1,2,1,3,sqlalchemy,sql,q21s1,0,2.9409,100,ok,,client-side:900,1.21,218489,127416395150832,2026-09-06T16:02:01.442-05:00
488dbb0baf41,campaign-sf1,mado,tpch,Q21,Very Complex,oracle,indexed,1,3,3,-1,django,sql,q21s2,2,3.017966,,ok,,client-side:900,1.21,218489,127416395150832,2026-09-06T16:02:04.464-05:00
488dbb0baf41,campaign-sf1,mado,tpch,Q21,Very Complex,oracle,indexed,1,3,3,-1,django,orm,q21s2,2,3.017519,,ok,,client-side:900,1.19,218489,127416395150832,2026-09-06T16:02:07.482-05:00
488dbb0baf41,campaign-sf1,mado,tpch,Q21,Very Complex,oracle,indexed,1,3,3,-1,sqlalchemy,sql,q21s2,2,4.278693,,ok,,client-side:900,1.18,218489,127416395150832,2026-09-06T16:02:11.761-05:00
488dbb0baf41,campaign-sf1,mado,tpch,Q21,Very Complex,oracle,indexed,1,3,3,-1,sqlalchemy,orm,q21s2,2,3.923161,,ok,,client-side:900,1.18,218489,127416395150832,2026-09-06T16:02:15.684-05:00
488dbb0baf41,campaign-sf1,mado,tpch,Q21,Very Complex,oracle,indexed,1,3,3,0,sqlalchemy,sql,q21s2,0,2.94504,100,ok,,client-side:900,1.16,218489,127416395150832,2026-09-06T16:02:18.629-05:00
488dbb0baf41,campaign-sf1,mado,tpch,Q21,Very Complex,oracle,indexed,1,3,3,1,django,sql,q21s2,0,2.937501,100,ok,,client-side:900,1.15,218489,127416395150832,2026-09-06T16:02:21.567-05:00
488dbb0baf41,campaign-sf1,mado,tpch,Q21,Very Complex,oracle,indexed,1,3,3,2,sqlalchemy,orm,q21s2,0,2.961659,100,ok,,client-side:900,1.15,218489,127416395150832,2026-09-06T16:02:24.528-05:00
488dbb0baf41,campaign-sf1,mado,tpch,Q21,Very Complex,oracle,indexed,1,3,3,3,django,orm,q21s2,0,2.623283,100,ok,,client-side:900,1.14,218489,127416395150832,2026-09-06T16:02:27.152-05:00
488dbb0baf41,campaign-sf1,mado,tpch,Q21,Very Complex,oracle,indexed,1,4,0,-1,django,sql,q21s3,2,3.98963,,ok,,client-side:900,1.14,218489,127416395150832,2026-09-06T16:02:31.146-05:00
488dbb0baf41,campaign-sf1,mado,tpch,Q21,Very Complex,oracle,indexed,1,4,0,-1,django,orm,q21s3,2,3.019303,,ok,,client-side:900,1.12,218489,127416395150832,2026-09-06T16:02:34.165-05:00
488dbb0baf41,campaign-sf1,mado,tpch,Q21,Very Complex,oracle,indexed,1,4,0,-1,sqlalchemy,sql,q21s3,2,4.170136,,ok,,client-side:900,1.11,218489,127416395150832,2026-09-06T16:02:38.336-05:00
488dbb0baf41,campaign-sf1,mado,tpch,Q21,Very Complex,oracle,indexed,1,4,0,-1,sqlalchemy,orm,q21s3,2,3.604498,,ok,,client-side:900,1.1,218489,127416395150832,2026-09-06T16:02:41.940-05:00
488dbb0baf41,campaign-sf1,mado,tpch,Q21,Very Complex,oracle,indexed,1,4,0,0,django,sql,q21s3,0,2.905452,100,ok,,client-side:900,1.1,218489,127416395150832,2026-09-06T16:02:44.846-05:00
488dbb0baf41,campaign-sf1,mado,tpch,Q21,Very Complex,oracle,indexed,1,4,0,1,django,orm,q21s3,0,2.571879,100,ok,,client-side:900,1.1,218489,127416395150832,2026-09-06T16:02:47.418-05:00
488dbb0baf41,campaign-sf1,mado,tpch,Q21,Very Complex,oracle,indexed,1,4,0,2,sqlalchemy,sql,q21s3,0,3.519216,100,ok,,client-side:900,1.1,218489,127416395150832,2026-09-06T16:02:50.937-05:00
488dbb0baf41,campaign-sf1,mado,tpch,Q21,Very Complex,oracle,indexed,1,4,0,3,sqlalchemy,orm,q21s3,0,3.52473,100,ok,,client-side:900,1.09,218489,127416395150832,2026-09-06T16:02:54.462-05:00
488dbb0baf41,campaign-sf1,mado,tpch,Q21,Very Complex,oracle,indexed,1,5,2,-1,django,sql,q21s4,2,3.005919,,ok,,client-side:900,1.08,218489,127416395150832,2026-09-06T16:02:57.473-05:00
488dbb0baf41,campaign-sf1,mado,tpch,Q21,Very Complex,oracle,indexed,1,5,2,-1,django,orm,q21s4,2,2.596417,,ok,,client-side:900,1.08,218489,127416395150832,2026-09-06T16:03:00.069-05:00
488dbb0baf41,campaign-sf1,mado,tpch,Q21,Very Complex,oracle,indexed,1,5,2,-1,sqlalchemy,sql,q21s4,2,3.552699,,ok,,client-side:900,1.07,218489,127416395150832,2026-09-06T16:03:03.622-05:00
488dbb0baf41,campaign-sf1,mado,tpch,Q21,Very Complex,oracle,indexed,1,5,2,-1,sqlalchemy,orm,q21s4,2,3.469025,,ok,,client-side:900,1.07,218489,127416395150832,2026-09-06T16:03:07.091-05:00
488dbb0baf41,campaign-sf1,mado,tpch,Q21,Very Complex,oracle,indexed,1,5,2,0,sqlalchemy,orm,q21s4,0,2.947306,100,ok,,client-side:900,1.07,218489,127416395150832,2026-09-06T16:03:10.038-05:00
488dbb0baf41,campaign-sf1,mado,tpch,Q21,Very Complex,oracle,indexed,1,5,2,1,sqlalchemy,sql,q21s4,0,2.933673,100,ok,,client-side:900,1.06,218489,127416395150832,2026-09-06T16:03:12.972-05:00
488dbb0baf41,campaign-sf1,mado,tpch,Q21,Very Complex,oracle,indexed,1,5,2,2,django,orm,q21s4,0,2.628964,100,ok,,client-side:900,1.06,218489,127416395150832,2026-09-06T16:03:15.601-05:00
488dbb0baf41,campaign-sf1,mado,tpch,Q21,Very Complex,oracle,indexed,1,5,2,3,django,sql,q21s4,0,3.438983,100,ok,,client-side:900,1.06,218489,127416395150832,2026-09-06T16:03:19.040-05:00
488dbb0baf41,campaign-sf1,mado,tpch,Q21,Very Complex,oracle,indexed,1,6,1,-1,django,sql,q21s5,2,3.461597,,ok,,client-side:900,1.05,218489,127416395150832,2026-09-06T16:03:22.506-05:00
488dbb0baf41,campaign-sf1,mado,tpch,Q21,Very Complex,oracle,indexed,1,6,1,-1,django,orm,q21s5,2,2.590142,,ok,,client-side:900,1.05,218489,127416395150832,2026-09-06T16:03:25.096-05:00
488dbb0baf41,campaign-sf1,mado,tpch,Q21,Very Complex,oracle,indexed,1,6,1,-1,sqlalchemy,sql,q21s5,2,3.883619,,ok,,client-side:900,1.05,218489,127416395150832,2026-09-06T16:03:28.980-05:00
488dbb0baf41,campaign-sf1,mado,tpch,Q21,Very Complex,oracle,indexed,1,6,1,-1,sqlalchemy,orm,q21s5,2,3.030519,,ok,,client-side:900,1.04,218489,127416395150832,2026-09-06T16:03:32.011-05:00
488dbb0baf41,campaign-sf1,mado,tpch,Q21,Very Complex,oracle,indexed,1,6,1,0,django,orm,q21s5,0,2.635509,100,ok,,client-side:900,1.04,218489,127416395150832,2026-09-06T16:03:34.646-05:00
488dbb0baf41,campaign-sf1,mado,tpch,Q21,Very Complex,oracle,indexed,1,6,1,1,sqlalchemy,orm,q21s5,0,3.457468,100,ok,,client-side:900,1.04,218489,127416395150832,2026-09-06T16:03:38.104-05:00
488dbb0baf41,campaign-sf1,mado,tpch,Q21,Very Complex,oracle,indexed,1,6,1,2,django,sql,q21s5,0,3.3319,100,ok,,client-side:900,1.04,218489,127416395150832,2026-09-06T16:03:41.436-05:00
488dbb0baf41,campaign-sf1,mado,tpch,Q21,Very Complex,oracle,indexed,1,6,1,3,sqlalchemy,sql,q21s5,0,2.940516,100,ok,,client-side:900,1.04,218489,127416395150832,2026-09-06T16:03:44.377-05:00
488dbb0baf41,campaign-sf1,mado,tpch,Q21,Very Complex,oracle,indexed,1,7,3,-1,django,sql,q21s6,2,2.967676,,ok,,client-side:900,1.03,218489,127416395150832,2026-09-06T16:03:47.349-05:00
488dbb0baf41,campaign-sf1,mado,tpch,Q21,Very Complex,oracle,indexed,1,7,3,-1,django,orm,q21s6,2,2.546721,,ok,,client-side:900,1.03,218489,127416395150832,2026-09-06T16:03:49.896-05:00
488dbb0baf41,campaign-sf1,mado,tpch,Q21,Very Complex,oracle,indexed,1,7,3,-1,sqlalchemy,sql,q21s6,2,3.443388,,ok,,client-side:900,1.03,218489,127416395150832,2026-09-06T16:03:53.339-05:00
488dbb0baf41,campaign-sf1,mado,tpch,Q21,Very Complex,oracle,indexed,1,7,3,-1,sqlalchemy,orm,q21s6,2,3.475387,,ok,,client-side:900,1.03,218489,127416395150832,2026-09-06T16:03:56.815-05:00
488dbb0baf41,campaign-sf1,mado,tpch,Q21,Very Complex,oracle,indexed,1,7,3,0,sqlalchemy,sql,q21s6,0,2.914575,100,ok,,client-side:900,1.03,218489,127416395150832,2026-09-06T16:03:59.729-05:00
488dbb0baf41,campaign-sf1,mado,tpch,Q21,Very Complex,oracle,indexed,1,7,3,1,django,sql,q21s6,0,2.89522,100,ok,,client-side:900,1.11,218489,127416395150832,2026-09-06T16:04:02.625-05:00
488dbb0baf41,campaign-sf1,mado,tpch,Q21,Very Complex,oracle,indexed,1,7,3,2,sqlalchemy,orm,q21s6,0,2.911827,100,ok,,client-side:900,1.11,218489,127416395150832,2026-09-06T16:04:05.537-05:00
488dbb0baf41,campaign-sf1,mado,tpch,Q21,Very Complex,oracle,indexed,1,7,3,3,django,orm,q21s6,0,2.546826,100,ok,,client-side:900,1.1,218489,127416395150832,2026-09-06T16:04:08.084-05:00
488dbb0baf41,campaign-sf1,mado,tpch,Q21,Very Complex,oracle,indexed,1,8,0,-1,django,sql,q21s7,2,3.394402,,ok,,client-side:900,1.09,218489,127416395150832,2026-09-06T16:04:11.481-05:00
488dbb0baf41,campaign-sf1,mado,tpch,Q21,Very Complex,oracle,indexed,1,8,0,-1,django,orm,q21s7,2,2.672572,,ok,,client-side:900,1.09,218489,127416395150832,2026-09-06T16:04:14.154-05:00
488dbb0baf41,campaign-sf1,mado,tpch,Q21,Very Complex,oracle,indexed,1,8,0,-1,sqlalchemy,sql,q21s7,2,3.48264,,ok,,client-side:900,1.08,218489,127416395150832,2026-09-06T16:04:17.636-05:00
488dbb0baf41,campaign-sf1,mado,tpch,Q21,Very Complex,oracle,indexed,1,8,0,-1,sqlalchemy,orm,q21s7,2,3.456779,,ok,,client-side:900,1.08,218489,127416395150832,2026-09-06T16:04:21.093-05:00
488dbb0baf41,campaign-sf1,mado,tpch,Q21,Very Complex,oracle,indexed,1,8,0,0,django,sql,q21s7,0,2.967078,100,ok,,client-side:900,1.08,218489,127416395150832,2026-09-06T16:04:24.061-05:00
488dbb0baf41,campaign-sf1,mado,tpch,Q21,Very Complex,oracle,indexed,1,8,0,1,django,orm,q21s7,0,2.621531,100,ok,,client-side:900,1.07,218489,127416395150832,2026-09-06T16:04:26.682-05:00
488dbb0baf41,campaign-sf1,mado,tpch,Q21,Very Complex,oracle,indexed,1,8,0,2,sqlalchemy,sql,q21s7,0,3.276077,100,ok,,client-side:900,1.07,218489,127416395150832,2026-09-06T16:04:29.958-05:00
488dbb0baf41,campaign-sf1,mado,tpch,Q21,Very Complex,oracle,indexed,1,8,0,3,sqlalchemy,orm,q21s7,0,3.158689,100,ok,,client-side:900,1.06,218489,127416395150832,2026-09-06T16:04:33.117-05:00
3f8256cdf06f,campaign-sf1,mado,tpch,Q22,Very Complex,oracle,indexed,1,0,0,0,django,sql,q22warm,1,0.384454,7,ok,,client-side:900,1.06,218543,130253782258880,2026-09-06T16:04:34.724-05:00
3f8256cdf06f,campaign-sf1,mado,tpch,Q22,Very Complex,oracle,indexed,1,0,0,1,django,orm,q22warm,1,0.330688,7,ok,,client-side:900,1.06,218543,130253782258880,2026-09-06T16:04:35.055-05:00
3f8256cdf06f,campaign-sf1,mado,tpch,Q22,Very Complex,oracle,indexed,1,0,0,2,sqlalchemy,sql,q22warm,1,0.302695,7,ok,,client-side:900,1.06,218543,130253782258880,2026-09-06T16:04:35.358-05:00
3f8256cdf06f,campaign-sf1,mado,tpch,Q22,Very Complex,oracle,indexed,1,0,0,3,sqlalchemy,orm,q22warm,1,0.271366,7,ok,,client-side:900,1.06,218543,130253782258880,2026-09-06T16:04:35.629-05:00
3f8256cdf06f,campaign-sf1,mado,tpch,Q22,Very Complex,oracle,indexed,1,1,1,-1,django,sql,q22s0,2,0.220857,,ok,,client-side:900,1.06,218543,130253782258880,2026-09-06T16:04:35.855-05:00
3f8256cdf06f,campaign-sf1,mado,tpch,Q22,Very Complex,oracle,indexed,1,1,1,-1,django,orm,q22s0,2,0.316209,,ok,,client-side:900,1.06,218543,130253782258880,2026-09-06T16:04:36.171-05:00
3f8256cdf06f,campaign-sf1,mado,tpch,Q22,Very Complex,oracle,indexed,1,1,1,-1,sqlalchemy,sql,q22s0,2,0.221972,,ok,,client-side:900,1.06,218543,130253782258880,2026-09-06T16:04:36.393-05:00
3f8256cdf06f,campaign-sf1,mado,tpch,Q22,Very Complex,oracle,indexed,1,1,1,-1,sqlalchemy,orm,q22s0,2,0.21992,,ok,,client-side:900,1.06,218543,130253782258880,2026-09-06T16:04:36.613-05:00
3f8256cdf06f,campaign-sf1,mado,tpch,Q22,Very Complex,oracle,indexed,1,1,1,0,django,orm,q22s0,0,0.314959,7,ok,,client-side:900,1.06,218543,130253782258880,2026-09-06T16:04:36.928-05:00
3f8256cdf06f,campaign-sf1,mado,tpch,Q22,Very Complex,oracle,indexed,1,1,1,1,sqlalchemy,orm,q22s0,0,0.220155,7,ok,,client-side:900,1.06,218543,130253782258880,2026-09-06T16:04:37.149-05:00
3f8256cdf06f,campaign-sf1,mado,tpch,Q22,Very Complex,oracle,indexed,1,1,1,2,django,sql,q22s0,0,0.215577,7,ok,,client-side:900,1.06,218543,130253782258880,2026-09-06T16:04:37.364-05:00
3f8256cdf06f,campaign-sf1,mado,tpch,Q22,Very Complex,oracle,indexed,1,1,1,3,sqlalchemy,sql,q22s0,0,0.216534,7,ok,,client-side:900,1.06,218543,130253782258880,2026-09-06T16:04:37.581-05:00
3f8256cdf06f,campaign-sf1,mado,tpch,Q22,Very Complex,oracle,indexed,1,2,3,-1,django,sql,q22s1,2,0.221933,,ok,,client-side:900,1.06,218543,130253782258880,2026-09-06T16:04:37.807-05:00
3f8256cdf06f,campaign-sf1,mado,tpch,Q22,Very Complex,oracle,indexed,1,2,3,-1,django,orm,q22s1,2,0.317303,,ok,,client-side:900,1.06,218543,130253782258880,2026-09-06T16:04:38.125-05:00
3f8256cdf06f,campaign-sf1,mado,tpch,Q22,Very Complex,oracle,indexed,1,2,3,-1,sqlalchemy,sql,q22s1,2,0.222991,,ok,,client-side:900,1.06,218543,130253782258880,2026-09-06T16:04:38.348-05:00
3f8256cdf06f,campaign-sf1,mado,tpch,Q22,Very Complex,oracle,indexed,1,2,3,-1,sqlalchemy,orm,q22s1,2,0.220013,,ok,,client-side:900,1.06,218543,130253782258880,2026-09-06T16:04:38.568-05:00
3f8256cdf06f,campaign-sf1,mado,tpch,Q22,Very Complex,oracle,indexed,1,2,3,0,sqlalchemy,sql,q22s1,0,0.216641,7,ok,,client-side:900,1.06,218543,130253782258880,2026-09-06T16:04:38.785-05:00
3f8256cdf06f,campaign-sf1,mado,tpch,Q22,Very Complex,oracle,indexed,1,2,3,1,django,sql,q22s1,0,0.215478,7,ok,,client-side:900,1.06,218543,130253782258880,2026-09-06T16:04:39.000-05:00
3f8256cdf06f,campaign-sf1,mado,tpch,Q22,Very Complex,oracle,indexed,1,2,3,2,sqlalchemy,orm,q22s1,0,0.220255,7,ok,,client-side:900,1.06,218543,130253782258880,2026-09-06T16:04:39.221-05:00
3f8256cdf06f,campaign-sf1,mado,tpch,Q22,Very Complex,oracle,indexed,1,2,3,3,django,orm,q22s1,0,0.319467,7,ok,,client-side:900,1.06,218543,130253782258880,2026-09-06T16:04:39.540-05:00
3f8256cdf06f,campaign-sf1,mado,tpch,Q22,Very Complex,oracle,indexed,1,3,0,-1,django,sql,q22s2,2,0.221379,,ok,,client-side:900,1.06,218543,130253782258880,2026-09-06T16:04:39.765-05:00
3f8256cdf06f,campaign-sf1,mado,tpch,Q22,Very Complex,oracle,indexed,1,3,0,-1,django,orm,q22s2,2,0.314759,,ok,,client-side:900,1.06,218543,130253782258880,2026-09-06T16:04:40.080-05:00
3f8256cdf06f,campaign-sf1,mado,tpch,Q22,Very Complex,oracle,indexed,1,3,0,-1,sqlalchemy,sql,q22s2,2,0.22365,,ok,,client-side:900,1.06,218543,130253782258880,2026-09-06T16:04:40.304-05:00
3f8256cdf06f,campaign-sf1,mado,tpch,Q22,Very Complex,oracle,indexed,1,3,0,-1,sqlalchemy,orm,q22s2,2,0.220073,,ok,,client-side:900,1.06,218543,130253782258880,2026-09-06T16:04:40.524-05:00
3f8256cdf06f,campaign-sf1,mado,tpch,Q22,Very Complex,oracle,indexed,1,3,0,0,django,sql,q22s2,0,0.215539,7,ok,,client-side:900,1.06,218543,130253782258880,2026-09-06T16:04:40.739-05:00
3f8256cdf06f,campaign-sf1,mado,tpch,Q22,Very Complex,oracle,indexed,1,3,0,1,django,orm,q22s2,0,0.316595,7,ok,,client-side:900,1.06,218543,130253782258880,2026-09-06T16:04:41.056-05:00
3f8256cdf06f,campaign-sf1,mado,tpch,Q22,Very Complex,oracle,indexed,1,3,0,2,sqlalchemy,sql,q22s2,0,0.217377,7,ok,,client-side:900,1.06,218543,130253782258880,2026-09-06T16:04:41.273-05:00
3f8256cdf06f,campaign-sf1,mado,tpch,Q22,Very Complex,oracle,indexed,1,3,0,3,sqlalchemy,orm,q22s2,0,0.220086,7,ok,,client-side:900,1.05,218543,130253782258880,2026-09-06T16:04:41.494-05:00
3f8256cdf06f,campaign-sf1,mado,tpch,Q22,Very Complex,oracle,indexed,1,4,2,-1,django,sql,q22s3,2,0.222298,,ok,,client-side:900,1.05,218543,130253782258880,2026-09-06T16:04:41.721-05:00
3f8256cdf06f,campaign-sf1,mado,tpch,Q22,Very Complex,oracle,indexed,1,4,2,-1,django,orm,q22s3,2,0.315874,,ok,,client-side:900,1.05,218543,130253782258880,2026-09-06T16:04:42.037-05:00
3f8256cdf06f,campaign-sf1,mado,tpch,Q22,Very Complex,oracle,indexed,1,4,2,-1,sqlalchemy,sql,q22s3,2,0.223838,,ok,,client-side:900,1.05,218543,130253782258880,2026-09-06T16:04:42.261-05:00
3f8256cdf06f,campaign-sf1,mado,tpch,Q22,Very Complex,oracle,indexed,1,4,2,-1,sqlalchemy,orm,q22s3,2,0.219658,,ok,,client-side:900,1.05,218543,130253782258880,2026-09-06T16:04:42.480-05:00
3f8256cdf06f,campaign-sf1,mado,tpch,Q22,Very Complex,oracle,indexed,1,4,2,0,sqlalchemy,orm,q22s3,0,0.220206,7,ok,,client-side:900,1.05,218543,130253782258880,2026-09-06T16:04:42.701-05:00
3f8256cdf06f,campaign-sf1,mado,tpch,Q22,Very Complex,oracle,indexed,1,4,2,1,sqlalchemy,sql,q22s3,0,0.216712,7,ok,,client-side:900,1.05,218543,130253782258880,2026-09-06T16:04:42.917-05:00
3f8256cdf06f,campaign-sf1,mado,tpch,Q22,Very Complex,oracle,indexed,1,4,2,2,django,orm,q22s3,0,0.313768,7,ok,,client-side:900,1.05,218543,130253782258880,2026-09-06T16:04:43.231-05:00
3f8256cdf06f,campaign-sf1,mado,tpch,Q22,Very Complex,oracle,indexed,1,4,2,3,django,sql,q22s3,0,0.214465,7,ok,,client-side:900,1.05,218543,130253782258880,2026-09-06T16:04:43.446-05:00
3f8256cdf06f,campaign-sf1,mado,tpch,Q22,Very Complex,oracle,indexed,1,5,1,-1,django,sql,q22s4,2,0.22128,,ok,,client-side:900,1.05,218543,130253782258880,2026-09-06T16:04:43.672-05:00
3f8256cdf06f,campaign-sf1,mado,tpch,Q22,Very Complex,oracle,indexed,1,5,1,-1,django,orm,q22s4,2,0.312496,,ok,,client-side:900,1.05,218543,130253782258880,2026-09-06T16:04:43.984-05:00
3f8256cdf06f,campaign-sf1,mado,tpch,Q22,Very Complex,oracle,indexed,1,5,1,-1,sqlalchemy,sql,q22s4,2,0.223041,,ok,,client-side:900,1.05,218543,130253782258880,2026-09-06T16:04:44.207-05:00
3f8256cdf06f,campaign-sf1,mado,tpch,Q22,Very Complex,oracle,indexed,1,5,1,-1,sqlalchemy,orm,q22s4,2,0.220362,,ok,,client-side:900,1.05,218543,130253782258880,2026-09-06T16:04:44.428-05:00
3f8256cdf06f,campaign-sf1,mado,tpch,Q22,Very Complex,oracle,indexed,1,5,1,0,django,orm,q22s4,0,0.311742,7,ok,,client-side:900,1.05,218543,130253782258880,2026-09-06T16:04:44.740-05:00
3f8256cdf06f,campaign-sf1,mado,tpch,Q22,Very Complex,oracle,indexed,1,5,1,1,sqlalchemy,orm,q22s4,0,0.220413,7,ok,,client-side:900,1.05,218543,130253782258880,2026-09-06T16:04:44.960-05:00
3f8256cdf06f,campaign-sf1,mado,tpch,Q22,Very Complex,oracle,indexed,1,5,1,2,django,sql,q22s4,0,0.213936,7,ok,,client-side:900,1.05,218543,130253782258880,2026-09-06T16:04:45.174-05:00
3f8256cdf06f,campaign-sf1,mado,tpch,Q22,Very Complex,oracle,indexed,1,5,1,3,sqlalchemy,sql,q22s4,0,0.216962,7,ok,,client-side:900,1.05,218543,130253782258880,2026-09-06T16:04:45.391-05:00
3f8256cdf06f,campaign-sf1,mado,tpch,Q22,Very Complex,oracle,indexed,1,6,0,-1,django,sql,q22s5,2,0.221353,,ok,,client-side:900,1.05,218543,130253782258880,2026-09-06T16:04:45.617-05:00
3f8256cdf06f,campaign-sf1,mado,tpch,Q22,Very Complex,oracle,indexed,1,6,0,-1,django,orm,q22s5,2,0.316621,,ok,,client-side:900,1.05,218543,130253782258880,2026-09-06T16:04:45.934-05:00
3f8256cdf06f,campaign-sf1,mado,tpch,Q22,Very Complex,oracle,indexed,1,6,0,-1,sqlalchemy,sql,q22s5,2,0.222856,,ok,,client-side:900,1.05,218543,130253782258880,2026-09-06T16:04:46.157-05:00
3f8256cdf06f,campaign-sf1,mado,tpch,Q22,Very Complex,oracle,indexed,1,6,0,-1,sqlalchemy,orm,q22s5,2,0.220155,,ok,,client-side:900,1.05,218543,130253782258880,2026-09-06T16:04:46.377-05:00
3f8256cdf06f,campaign-sf1,mado,tpch,Q22,Very Complex,oracle,indexed,1,6,0,0,django,sql,q22s5,0,0.215347,7,ok,,client-side:900,1.05,218543,130253782258880,2026-09-06T16:04:46.592-05:00
3f8256cdf06f,campaign-sf1,mado,tpch,Q22,Very Complex,oracle,indexed,1,6,0,1,django,orm,q22s5,0,0.315791,7,ok,,client-side:900,1.05,218543,130253782258880,2026-09-06T16:04:46.908-05:00
3f8256cdf06f,campaign-sf1,mado,tpch,Q22,Very Complex,oracle,indexed,1,6,0,2,sqlalchemy,sql,q22s5,0,0.216486,7,ok,,client-side:900,1.05,218543,130253782258880,2026-09-06T16:04:47.125-05:00
3f8256cdf06f,campaign-sf1,mado,tpch,Q22,Very Complex,oracle,indexed,1,6,0,3,sqlalchemy,orm,q22s5,0,0.220495,7,ok,,client-side:900,1.05,218543,130253782258880,2026-09-06T16:04:47.345-05:00
3f8256cdf06f,campaign-sf1,mado,tpch,Q22,Very Complex,oracle,indexed,1,7,3,-1,django,sql,q22s6,2,0.220249,,ok,,client-side:900,1.05,218543,130253782258880,2026-09-06T16:04:47.570-05:00
3f8256cdf06f,campaign-sf1,mado,tpch,Q22,Very Complex,oracle,indexed,1,7,3,-1,django,orm,q22s6,2,0.316455,,ok,,client-side:900,1.05,218543,130253782258880,2026-09-06T16:04:47.887-05:00
3f8256cdf06f,campaign-sf1,mado,tpch,Q22,Very Complex,oracle,indexed,1,7,3,-1,sqlalchemy,sql,q22s6,2,0.222586,,ok,,client-side:900,1.05,218543,130253782258880,2026-09-06T16:04:48.109-05:00
3f8256cdf06f,campaign-sf1,mado,tpch,Q22,Very Complex,oracle,indexed,1,7,3,-1,sqlalchemy,orm,q22s6,2,0.220043,,ok,,client-side:900,1.05,218543,130253782258880,2026-09-06T16:04:48.329-05:00
3f8256cdf06f,campaign-sf1,mado,tpch,Q22,Very Complex,oracle,indexed,1,7,3,0,sqlalchemy,sql,q22s6,0,0.216057,7,ok,,client-side:900,1.05,218543,130253782258880,2026-09-06T16:04:48.546-05:00
3f8256cdf06f,campaign-sf1,mado,tpch,Q22,Very Complex,oracle,indexed,1,7,3,1,django,sql,q22s6,0,0.215199,7,ok,,client-side:900,1.05,218543,130253782258880,2026-09-06T16:04:48.761-05:00
3f8256cdf06f,campaign-sf1,mado,tpch,Q22,Very Complex,oracle,indexed,1,7,3,2,sqlalchemy,orm,q22s6,0,0.219541,7,ok,,client-side:900,1.05,218543,130253782258880,2026-09-06T16:04:48.981-05:00
3f8256cdf06f,campaign-sf1,mado,tpch,Q22,Very Complex,oracle,indexed,1,7,3,3,django,orm,q22s6,0,0.316562,7,ok,,client-side:900,1.05,218543,130253782258880,2026-09-06T16:04:49.297-05:00
3f8256cdf06f,campaign-sf1,mado,tpch,Q22,Very Complex,oracle,indexed,1,8,2,-1,django,sql,q22s7,2,0.220961,,ok,,client-side:900,1.05,218543,130253782258880,2026-09-06T16:04:49.523-05:00
3f8256cdf06f,campaign-sf1,mado,tpch,Q22,Very Complex,oracle,indexed,1,8,2,-1,django,orm,q22s7,2,0.314415,,ok,,client-side:900,1.05,218543,130253782258880,2026-09-06T16:04:49.837-05:00
3f8256cdf06f,campaign-sf1,mado,tpch,Q22,Very Complex,oracle,indexed,1,8,2,-1,sqlalchemy,sql,q22s7,2,0.224941,,ok,,client-side:900,1.05,218543,130253782258880,2026-09-06T16:04:50.062-05:00
3f8256cdf06f,campaign-sf1,mado,tpch,Q22,Very Complex,oracle,indexed,1,8,2,-1,sqlalchemy,orm,q22s7,2,0.220262,,ok,,client-side:900,1.05,218543,130253782258880,2026-09-06T16:04:50.283-05:00
3f8256cdf06f,campaign-sf1,mado,tpch,Q22,Very Complex,oracle,indexed,1,8,2,0,sqlalchemy,orm,q22s7,0,0.224364,7,ok,,client-side:900,1.05,218543,130253782258880,2026-09-06T16:04:50.507-05:00
3f8256cdf06f,campaign-sf1,mado,tpch,Q22,Very Complex,oracle,indexed,1,8,2,1,sqlalchemy,sql,q22s7,0,0.21691,7,ok,,client-side:900,1.05,218543,130253782258880,2026-09-06T16:04:50.724-05:00
3f8256cdf06f,campaign-sf1,mado,tpch,Q22,Very Complex,oracle,indexed,1,8,2,2,django,orm,q22s7,0,0.314678,7,ok,,client-side:900,1.05,218543,130253782258880,2026-09-06T16:04:51.039-05:00
3f8256cdf06f,campaign-sf1,mado,tpch,Q22,Very Complex,oracle,indexed,1,8,2,3,django,sql,q22s7,0,0.215282,7,ok,,client-side:900,1.05,218543,130253782258880,2026-09-06T16:04:51.254-05:00
