run_id,campaign_id,host,benchmark,query_id,band,dbms,schema_config,scale_factor,block,sequence_id,position,framework,path,param_set_id,is_warmup,elapsed_s,rows_returned,status,note,ceiling_s,load1,pid,session_id,timestamp
8806995d96b5,campaign-sf1,mado,tpch,Q01,Medium,postgresql,non-indexed,1,0,3,0,sqlalchemy,sql,q01warm,1,10.208225,4,ok,,15min,2.0,127144,139075956286160,2026-09-05T10:20:10.167+00:00
8806995d96b5,campaign-sf1,mado,tpch,Q01,Medium,postgresql,non-indexed,1,0,3,1,django,sql,q01warm,1,10.203209,4,ok,,15min,1.85,127144,139075956286160,2026-09-05T10:20:20.370+00:00
8806995d96b5,campaign-sf1,mado,tpch,Q01,Medium,postgresql,non-indexed,1,0,3,2,sqlalchemy,orm,q01warm,1,10.105278,4,ok,,15min,1.72,127144,139075956286160,2026-09-05T10:20:30.476+00:00
8806995d96b5,campaign-sf1,mado,tpch,Q01,Medium,postgresql,non-indexed,1,0,3,3,django,orm,q01warm,1,10.113532,4,ok,,15min,1.61,127144,139075956286160,2026-09-05T10:20:40.589+00:00
8806995d96b5,campaign-sf1,mado,tpch,Q01,Medium,postgresql,non-indexed,1,1,0,-1,django,sql,q01s0,2,10.070441,,ok,,15min,1.51,127144,139075956286160,2026-09-05T10:20:50.663+00:00
8806995d96b5,campaign-sf1,mado,tpch,Q01,Medium,postgresql,non-indexed,1,1,0,-1,django,orm,q01s0,2,10.065947,,ok,,15min,1.43,127144,139075956286160,2026-09-05T10:21:00.729+00:00
8806995d96b5,campaign-sf1,mado,tpch,Q01,Medium,postgresql,non-indexed,1,1,0,-1,sqlalchemy,sql,q01s0,2,10.012491,,ok,,15min,1.37,127144,139075956286160,2026-09-05T10:21:10.742+00:00
8806995d96b5,campaign-sf1,mado,tpch,Q01,Medium,postgresql,non-indexed,1,1,0,-1,sqlalchemy,orm,q01s0,2,10.014244,,ok,,15min,1.31,127144,139075956286160,2026-09-05T10:21:20.756+00:00
8806995d96b5,campaign-sf1,mado,tpch,Q01,Medium,postgresql,non-indexed,1,1,0,0,django,sql,q01s0,0,10.064085,4,ok,,15min,1.26,127144,139075956286160,2026-09-05T10:21:30.820+00:00
8806995d96b5,campaign-sf1,mado,tpch,Q01,Medium,postgresql,non-indexed,1,1,0,1,django,orm,q01s0,0,10.045184,4,ok,,15min,1.22,127144,139075956286160,2026-09-05T10:21:40.865+00:00
8806995d96b5,campaign-sf1,mado,tpch,Q01,Medium,postgresql,non-indexed,1,1,0,2,sqlalchemy,sql,q01s0,0,10.018962,4,ok,,15min,1.27,127144,139075956286160,2026-09-05T10:21:50.884+00:00
8806995d96b5,campaign-sf1,mado,tpch,Q01,Medium,postgresql,non-indexed,1,1,0,3,sqlalchemy,orm,q01s0,0,10.012697,4,ok,,15min,1.23,127144,139075956286160,2026-09-05T10:22:00.897+00:00
8806995d96b5,campaign-sf1,mado,tpch,Q01,Medium,postgresql,non-indexed,1,2,3,-1,django,sql,q01s1,2,10.104336,,ok,,15min,1.26,127144,139075956286160,2026-09-05T10:22:11.005+00:00
8806995d96b5,campaign-sf1,mado,tpch,Q01,Medium,postgresql,non-indexed,1,2,3,-1,django,orm,q01s1,2,10.099549,,ok,,15min,1.37,127144,139075956286160,2026-09-05T10:22:21.104+00:00
8806995d96b5,campaign-sf1,mado,tpch,Q01,Medium,postgresql,non-indexed,1,2,3,-1,sqlalchemy,sql,q01s1,2,10.060241,,ok,,15min,1.39,127144,139075956286160,2026-09-05T10:22:31.165+00:00
8806995d96b5,campaign-sf1,mado,tpch,Q01,Medium,postgresql,non-indexed,1,2,3,-1,sqlalchemy,orm,q01s1,2,10.045223,,ok,,15min,1.33,127144,139075956286160,2026-09-05T10:22:41.210+00:00
8806995d96b5,campaign-sf1,mado,tpch,Q01,Medium,postgresql,non-indexed,1,2,3,0,sqlalchemy,sql,q01s1,0,10.052982,4,ok,,15min,1.28,127144,139075956286160,2026-09-05T10:22:51.263+00:00
8806995d96b5,campaign-sf1,mado,tpch,Q01,Medium,postgresql,non-indexed,1,2,3,1,django,sql,q01s1,0,10.10038,4,ok,,15min,1.23,127144,139075956286160,2026-09-05T10:23:01.364+00:00
8806995d96b5,campaign-sf1,mado,tpch,Q01,Medium,postgresql,non-indexed,1,2,3,2,sqlalchemy,orm,q01s1,0,10.058216,4,ok,,15min,1.2,127144,139075956286160,2026-09-05T10:23:11.422+00:00
8806995d96b5,campaign-sf1,mado,tpch,Q01,Medium,postgresql,non-indexed,1,2,3,3,django,orm,q01s1,0,10.110036,4,ok,,15min,1.15,127144,139075956286160,2026-09-05T10:23:21.532+00:00
8806995d96b5,campaign-sf1,mado,tpch,Q01,Medium,postgresql,non-indexed,1,3,2,-1,django,sql,q01s2,2,10.060724,,ok,,15min,1.13,127144,139075956286160,2026-09-05T10:23:31.596+00:00
8806995d96b5,campaign-sf1,mado,tpch,Q01,Medium,postgresql,non-indexed,1,3,2,-1,django,orm,q01s2,2,10.060816,,ok,,15min,1.11,127144,139075956286160,2026-09-05T10:23:41.657+00:00
8806995d96b5,campaign-sf1,mado,tpch,Q01,Medium,postgresql,non-indexed,1,3,2,-1,sqlalchemy,sql,q01s2,2,10.01415,,ok,,15min,1.09,127144,139075956286160,2026-09-05T10:23:51.671+00:00
8806995d96b5,campaign-sf1,mado,tpch,Q01,Medium,postgresql,non-indexed,1,3,2,-1,sqlalchemy,orm,q01s2,2,10.007853,,ok,,15min,1.08,127144,139075956286160,2026-09-05T10:24:01.679+00:00
8806995d96b5,campaign-sf1,mado,tpch,Q01,Medium,postgresql,non-indexed,1,3,2,0,sqlalchemy,orm,q01s2,0,10.012456,4,ok,,15min,1.06,127144,139075956286160,2026-09-05T10:24:11.692+00:00
8806995d96b5,campaign-sf1,mado,tpch,Q01,Medium,postgresql,non-indexed,1,3,2,1,sqlalchemy,sql,q01s2,0,9.997092,4,ok,,15min,1.05,127144,139075956286160,2026-09-05T10:24:21.689+00:00
8806995d96b5,campaign-sf1,mado,tpch,Q01,Medium,postgresql,non-indexed,1,3,2,2,django,orm,q01s2,0,10.069171,4,ok,,15min,1.05,127144,139075956286160,2026-09-05T10:24:31.758+00:00
8806995d96b5,campaign-sf1,mado,tpch,Q01,Medium,postgresql,non-indexed,1,3,2,3,django,sql,q01s2,0,10.057188,4,ok,,15min,1.04,127144,139075956286160,2026-09-05T10:24:41.815+00:00
8806995d96b5,campaign-sf1,mado,tpch,Q01,Medium,postgresql,non-indexed,1,4,1,-1,django,sql,q01s3,2,9.96718,,ok,,15min,1.03,127144,139075956286160,2026-09-05T10:24:51.786+00:00
8806995d96b5,campaign-sf1,mado,tpch,Q01,Medium,postgresql,non-indexed,1,4,1,-1,django,orm,q01s3,2,9.968483,,ok,,15min,1.03,127144,139075956286160,2026-09-05T10:25:01.755+00:00
8806995d96b5,campaign-sf1,mado,tpch,Q01,Medium,postgresql,non-indexed,1,4,1,-1,sqlalchemy,sql,q01s3,2,9.917033,,ok,,15min,1.02,127144,139075956286160,2026-09-05T10:25:11.672+00:00
8806995d96b5,campaign-sf1,mado,tpch,Q01,Medium,postgresql,non-indexed,1,4,1,-1,sqlalchemy,orm,q01s3,2,9.921853,,ok,,15min,1.02,127144,139075956286160,2026-09-05T10:25:21.594+00:00
8806995d96b5,campaign-sf1,mado,tpch,Q01,Medium,postgresql,non-indexed,1,4,1,0,django,orm,q01s3,0,9.97453,4,ok,,15min,1.02,127144,139075956286160,2026-09-05T10:25:31.568+00:00
8806995d96b5,campaign-sf1,mado,tpch,Q01,Medium,postgresql,non-indexed,1,4,1,1,sqlalchemy,orm,q01s3,0,9.917261,4,ok,,15min,1.01,127144,139075956286160,2026-09-05T10:25:41.486+00:00
8806995d96b5,campaign-sf1,mado,tpch,Q01,Medium,postgresql,non-indexed,1,4,1,2,django,sql,q01s3,0,9.963265,4,ok,,15min,1.01,127144,139075956286160,2026-09-05T10:25:51.449+00:00
8806995d96b5,campaign-sf1,mado,tpch,Q01,Medium,postgresql,non-indexed,1,4,1,3,sqlalchemy,sql,q01s3,0,9.914052,4,ok,,15min,1.01,127144,139075956286160,2026-09-05T10:26:01.363+00:00
8806995d96b5,campaign-sf1,mado,tpch,Q01,Medium,postgresql,non-indexed,1,5,0,-1,django,sql,q01s4,2,10.0455,,ok,,15min,1.01,127144,139075956286160,2026-09-05T10:26:11.413+00:00
8806995d96b5,campaign-sf1,mado,tpch,Q01,Medium,postgresql,non-indexed,1,5,0,-1,django,orm,q01s4,2,10.035619,,ok,,15min,1.01,127144,139075956286160,2026-09-05T10:26:21.449+00:00
8806995d96b5,campaign-sf1,mado,tpch,Q01,Medium,postgresql,non-indexed,1,5,0,-1,sqlalchemy,sql,q01s4,2,9.998811,,ok,,15min,1.08,127144,139075956286160,2026-09-05T10:26:31.448+00:00
8806995d96b5,campaign-sf1,mado,tpch,Q01,Medium,postgresql,non-indexed,1,5,0,-1,sqlalchemy,orm,q01s4,2,9.962884,,ok,,15min,1.07,127144,139075956286160,2026-09-05T10:26:41.411+00:00
8806995d96b5,campaign-sf1,mado,tpch,Q01,Medium,postgresql,non-indexed,1,5,0,0,django,sql,q01s4,0,10.027704,4,ok,,15min,1.06,127144,139075956286160,2026-09-05T10:26:51.438+00:00
8806995d96b5,campaign-sf1,mado,tpch,Q01,Medium,postgresql,non-indexed,1,5,0,1,django,orm,q01s4,0,10.043907,4,ok,,15min,1.12,127144,139075956286160,2026-09-05T10:27:01.482+00:00
8806995d96b5,campaign-sf1,mado,tpch,Q01,Medium,postgresql,non-indexed,1,5,0,2,sqlalchemy,sql,q01s4,0,9.999727,4,ok,,15min,1.1,127144,139075956286160,2026-09-05T10:27:11.482+00:00
8806995d96b5,campaign-sf1,mado,tpch,Q01,Medium,postgresql,non-indexed,1,5,0,3,sqlalchemy,orm,q01s4,0,9.999937,4,ok,,15min,1.09,127144,139075956286160,2026-09-05T10:27:21.482+00:00
8806995d96b5,campaign-sf1,mado,tpch,Q01,Medium,postgresql,non-indexed,1,6,2,-1,django,sql,q01s5,2,10.110751,,ok,,15min,1.15,127144,139075956286160,2026-09-05T10:27:31.598+00:00
8806995d96b5,campaign-sf1,mado,tpch,Q01,Medium,postgresql,non-indexed,1,6,2,-1,django,orm,q01s5,2,10.107915,,ok,,15min,1.12,127144,139075956286160,2026-09-05T10:27:41.706+00:00
8806995d96b5,campaign-sf1,mado,tpch,Q01,Medium,postgresql,non-indexed,1,6,2,-1,sqlalchemy,sql,q01s5,2,10.064115,,ok,,15min,1.18,127144,139075956286160,2026-09-05T10:27:51.770+00:00
8806995d96b5,campaign-sf1,mado,tpch,Q01,Medium,postgresql,non-indexed,1,6,2,-1,sqlalchemy,orm,q01s5,2,10.068755,,ok,,15min,1.15,127144,139075956286160,2026-09-05T10:28:01.839+00:00
8806995d96b5,campaign-sf1,mado,tpch,Q01,Medium,postgresql,non-indexed,1,6,2,0,sqlalchemy,orm,q01s5,0,10.072951,4,ok,,15min,1.13,127144,139075956286160,2026-09-05T10:28:11.912+00:00
8806995d96b5,campaign-sf1,mado,tpch,Q01,Medium,postgresql,non-indexed,1,6,2,1,sqlalchemy,sql,q01s5,0,10.068279,4,ok,,15min,1.11,127144,139075956286160,2026-09-05T10:28:21.980+00:00
8806995d96b5,campaign-sf1,mado,tpch,Q01,Medium,postgresql,non-indexed,1,6,2,2,django,orm,q01s5,0,10.088533,4,ok,,15min,1.09,127144,139075956286160,2026-09-05T10:28:32.069+00:00
8806995d96b5,campaign-sf1,mado,tpch,Q01,Medium,postgresql,non-indexed,1,6,2,3,django,sql,q01s5,0,10.082371,4,ok,,15min,1.08,127144,139075956286160,2026-09-05T10:28:42.151+00:00
8806995d96b5,campaign-sf1,mado,tpch,Q01,Medium,postgresql,non-indexed,1,7,1,-1,django,sql,q01s6,2,9.987655,,ok,,15min,1.06,127144,139075956286160,2026-09-05T10:28:52.143+00:00
8806995d96b5,campaign-sf1,mado,tpch,Q01,Medium,postgresql,non-indexed,1,7,1,-1,django,orm,q01s6,2,9.990665,,ok,,15min,1.05,127144,139075956286160,2026-09-05T10:29:02.134+00:00
8806995d96b5,campaign-sf1,mado,tpch,Q01,Medium,postgresql,non-indexed,1,7,1,-1,sqlalchemy,sql,q01s6,2,9.972444,,ok,,15min,1.04,127144,139075956286160,2026-09-05T10:29:12.107+00:00
8806995d96b5,campaign-sf1,mado,tpch,Q01,Medium,postgresql,non-indexed,1,7,1,-1,sqlalchemy,orm,q01s6,2,9.973115,,ok,,15min,1.04,127144,139075956286160,2026-09-05T10:29:22.080+00:00
8806995d96b5,campaign-sf1,mado,tpch,Q01,Medium,postgresql,non-indexed,1,7,1,0,django,orm,q01s6,0,9.982331,4,ok,,15min,1.03,127144,139075956286160,2026-09-05T10:29:32.062+00:00
8806995d96b5,campaign-sf1,mado,tpch,Q01,Medium,postgresql,non-indexed,1,7,1,1,sqlalchemy,orm,q01s6,0,9.968552,4,ok,,15min,1.03,127144,139075956286160,2026-09-05T10:29:42.031+00:00
8806995d96b5,campaign-sf1,mado,tpch,Q01,Medium,postgresql,non-indexed,1,7,1,2,django,sql,q01s6,0,9.984679,4,ok,,15min,1.02,127144,139075956286160,2026-09-05T10:29:52.016+00:00
8806995d96b5,campaign-sf1,mado,tpch,Q01,Medium,postgresql,non-indexed,1,7,1,3,sqlalchemy,sql,q01s6,0,9.968674,4,ok,,15min,1.02,127144,139075956286160,2026-09-05T10:30:01.984+00:00
8806995d96b5,campaign-sf1,mado,tpch,Q01,Medium,postgresql,non-indexed,1,8,3,-1,django,sql,q01s7,2,9.943381,,ok,,15min,1.01,127144,139075956286160,2026-09-05T10:30:11.932+00:00
8806995d96b5,campaign-sf1,mado,tpch,Q01,Medium,postgresql,non-indexed,1,8,3,-1,django,orm,q01s7,2,9.929198,,ok,,15min,1.01,127144,139075956286160,2026-09-05T10:30:21.862+00:00
8806995d96b5,campaign-sf1,mado,tpch,Q01,Medium,postgresql,non-indexed,1,8,3,-1,sqlalchemy,sql,q01s7,2,9.928557,,ok,,15min,1.01,127144,139075956286160,2026-09-05T10:30:31.790+00:00
8806995d96b5,campaign-sf1,mado,tpch,Q01,Medium,postgresql,non-indexed,1,8,3,-1,sqlalchemy,orm,q01s7,2,9.927555,,ok,,15min,1.01,127144,139075956286160,2026-09-05T10:30:41.718+00:00
8806995d96b5,campaign-sf1,mado,tpch,Q01,Medium,postgresql,non-indexed,1,8,3,0,sqlalchemy,sql,q01s7,0,9.928563,4,ok,,15min,1.01,127144,139075956286160,2026-09-05T10:30:51.647+00:00
8806995d96b5,campaign-sf1,mado,tpch,Q01,Medium,postgresql,non-indexed,1,8,3,1,django,sql,q01s7,0,9.924677,4,ok,,15min,1.0,127144,139075956286160,2026-09-05T10:31:01.571+00:00
8806995d96b5,campaign-sf1,mado,tpch,Q01,Medium,postgresql,non-indexed,1,8,3,2,sqlalchemy,orm,q01s7,0,9.922277,4,ok,,15min,1.0,127144,139075956286160,2026-09-05T10:31:11.494+00:00
8806995d96b5,campaign-sf1,mado,tpch,Q01,Medium,postgresql,non-indexed,1,8,3,3,django,orm,q01s7,0,9.931733,4,ok,,15min,1.0,127144,139075956286160,2026-09-05T10:31:21.426+00:00
af5bc7eade4c,campaign-sf1,mado,tpch,Q02,Complex,postgresql,non-indexed,1,0,3,0,sqlalchemy,sql,q02warm,1,0.617414,100,ok,,15min,1.0,127261,139521789797264,2026-09-05T10:31:23.288+00:00
af5bc7eade4c,campaign-sf1,mado,tpch,Q02,Complex,postgresql,non-indexed,1,0,3,1,django,sql,q02warm,1,0.475269,100,ok,,15min,1.0,127261,139521789797264,2026-09-05T10:31:23.764+00:00
af5bc7eade4c,campaign-sf1,mado,tpch,Q02,Complex,postgresql,non-indexed,1,0,3,2,sqlalchemy,orm,q02warm,1,0.463429,100,ok,,15min,1.0,127261,139521789797264,2026-09-05T10:31:24.227+00:00
af5bc7eade4c,campaign-sf1,mado,tpch,Q02,Complex,postgresql,non-indexed,1,0,3,3,django,orm,q02warm,1,0.29519,100,ok,,15min,1.0,127261,139521789797264,2026-09-05T10:31:24.522+00:00
af5bc7eade4c,campaign-sf1,mado,tpch,Q02,Complex,postgresql,non-indexed,1,1,0,-1,django,sql,q02s0,2,0.49344,,ok,,15min,1.0,127261,139521789797264,2026-09-05T10:31:25.020+00:00
af5bc7eade4c,campaign-sf1,mado,tpch,Q02,Complex,postgresql,non-indexed,1,1,0,-1,django,orm,q02s0,2,0.257277,,ok,,15min,1.0,127261,139521789797264,2026-09-05T10:31:25.278+00:00
af5bc7eade4c,campaign-sf1,mado,tpch,Q02,Complex,postgresql,non-indexed,1,1,0,-1,sqlalchemy,sql,q02s0,2,0.415186,,ok,,15min,1.0,127261,139521789797264,2026-09-05T10:31:25.693+00:00
af5bc7eade4c,campaign-sf1,mado,tpch,Q02,Complex,postgresql,non-indexed,1,1,0,-1,sqlalchemy,orm,q02s0,2,0.416705,,ok,,15min,1.0,127261,139521789797264,2026-09-05T10:31:26.110+00:00
af5bc7eade4c,campaign-sf1,mado,tpch,Q02,Complex,postgresql,non-indexed,1,1,0,0,django,sql,q02s0,0,0.412562,100,ok,,15min,1.0,127261,139521789797264,2026-09-05T10:31:26.523+00:00
af5bc7eade4c,campaign-sf1,mado,tpch,Q02,Complex,postgresql,non-indexed,1,1,0,1,django,orm,q02s0,0,0.255669,100,ok,,15min,1.0,127261,139521789797264,2026-09-05T10:31:26.778+00:00
af5bc7eade4c,campaign-sf1,mado,tpch,Q02,Complex,postgresql,non-indexed,1,1,0,2,sqlalchemy,sql,q02s0,0,0.413661,100,ok,,15min,1.0,127261,139521789797264,2026-09-05T10:31:27.192+00:00
af5bc7eade4c,campaign-sf1,mado,tpch,Q02,Complex,postgresql,non-indexed,1,1,0,3,sqlalchemy,orm,q02s0,0,0.41737,100,ok,,15min,1.0,127261,139521789797264,2026-09-05T10:31:27.609+00:00
af5bc7eade4c,campaign-sf1,mado,tpch,Q02,Complex,postgresql,non-indexed,1,2,3,-1,django,sql,q02s1,2,0.469799,,ok,,15min,1.0,127261,139521789797264,2026-09-05T10:31:28.083+00:00
af5bc7eade4c,campaign-sf1,mado,tpch,Q02,Complex,postgresql,non-indexed,1,2,3,-1,django,orm,q02s1,2,0.271707,,ok,,15min,1.0,127261,139521789797264,2026-09-05T10:31:28.355+00:00
af5bc7eade4c,campaign-sf1,mado,tpch,Q02,Complex,postgresql,non-indexed,1,2,3,-1,sqlalchemy,sql,q02s1,2,0.423582,,ok,,15min,1.0,127261,139521789797264,2026-09-05T10:31:28.779+00:00
af5bc7eade4c,campaign-sf1,mado,tpch,Q02,Complex,postgresql,non-indexed,1,2,3,-1,sqlalchemy,orm,q02s1,2,0.426168,,ok,,15min,1.0,127261,139521789797264,2026-09-05T10:31:29.205+00:00
af5bc7eade4c,campaign-sf1,mado,tpch,Q02,Complex,postgresql,non-indexed,1,2,3,0,sqlalchemy,sql,q02s1,0,0.423016,100,ok,,15min,1.0,127261,139521789797264,2026-09-05T10:31:29.628+00:00
af5bc7eade4c,campaign-sf1,mado,tpch,Q02,Complex,postgresql,non-indexed,1,2,3,1,django,sql,q02s1,0,0.420595,100,ok,,15min,1.0,127261,139521789797264,2026-09-05T10:31:30.049+00:00
af5bc7eade4c,campaign-sf1,mado,tpch,Q02,Complex,postgresql,non-indexed,1,2,3,2,sqlalchemy,orm,q02s1,0,0.426565,100,ok,,15min,1.0,127261,139521789797264,2026-09-05T10:31:30.476+00:00
af5bc7eade4c,campaign-sf1,mado,tpch,Q02,Complex,postgresql,non-indexed,1,2,3,3,django,orm,q02s1,0,0.272524,100,ok,,15min,1.0,127261,139521789797264,2026-09-05T10:31:30.748+00:00
af5bc7eade4c,campaign-sf1,mado,tpch,Q02,Complex,postgresql,non-indexed,1,3,1,-1,django,sql,q02s2,2,0.445259,,ok,,15min,1.0,127261,139521789797264,2026-09-05T10:31:31.198+00:00
af5bc7eade4c,campaign-sf1,mado,tpch,Q02,Complex,postgresql,non-indexed,1,3,1,-1,django,orm,q02s2,2,0.262087,,ok,,15min,1.0,127261,139521789797264,2026-09-05T10:31:31.460+00:00
af5bc7eade4c,campaign-sf1,mado,tpch,Q02,Complex,postgresql,non-indexed,1,3,1,-1,sqlalchemy,sql,q02s2,2,0.418081,,ok,,15min,1.0,127261,139521789797264,2026-09-05T10:31:31.878+00:00
af5bc7eade4c,campaign-sf1,mado,tpch,Q02,Complex,postgresql,non-indexed,1,3,1,-1,sqlalchemy,orm,q02s2,2,0.423509,,ok,,15min,1.0,127261,139521789797264,2026-09-05T10:31:32.302+00:00
af5bc7eade4c,campaign-sf1,mado,tpch,Q02,Complex,postgresql,non-indexed,1,3,1,0,django,orm,q02s2,0,0.261337,100,ok,,15min,1.0,127261,139521789797264,2026-09-05T10:31:32.563+00:00
af5bc7eade4c,campaign-sf1,mado,tpch,Q02,Complex,postgresql,non-indexed,1,3,1,1,sqlalchemy,orm,q02s2,0,0.420568,100,ok,,15min,1.0,127261,139521789797264,2026-09-05T10:31:32.984+00:00
af5bc7eade4c,campaign-sf1,mado,tpch,Q02,Complex,postgresql,non-indexed,1,3,1,2,django,sql,q02s2,0,0.417319,100,ok,,15min,1.0,127261,139521789797264,2026-09-05T10:31:33.401+00:00
af5bc7eade4c,campaign-sf1,mado,tpch,Q02,Complex,postgresql,non-indexed,1,3,1,3,sqlalchemy,sql,q02s2,0,0.417512,100,ok,,15min,1.0,127261,139521789797264,2026-09-05T10:31:33.819+00:00
af5bc7eade4c,campaign-sf1,mado,tpch,Q02,Complex,postgresql,non-indexed,1,4,2,-1,django,sql,q02s3,2,0.444058,,ok,,15min,1.0,127261,139521789797264,2026-09-05T10:31:34.268+00:00
af5bc7eade4c,campaign-sf1,mado,tpch,Q02,Complex,postgresql,non-indexed,1,4,2,-1,django,orm,q02s3,2,0.275167,,ok,,15min,1.0,127261,139521789797264,2026-09-05T10:31:34.543+00:00
af5bc7eade4c,campaign-sf1,mado,tpch,Q02,Complex,postgresql,non-indexed,1,4,2,-1,sqlalchemy,sql,q02s3,2,0.423862,,ok,,15min,1.0,127261,139521789797264,2026-09-05T10:31:34.967+00:00
af5bc7eade4c,campaign-sf1,mado,tpch,Q02,Complex,postgresql,non-indexed,1,4,2,-1,sqlalchemy,orm,q02s3,2,0.426975,,ok,,15min,1.0,127261,139521789797264,2026-09-05T10:31:35.394+00:00
af5bc7eade4c,campaign-sf1,mado,tpch,Q02,Complex,postgresql,non-indexed,1,4,2,0,sqlalchemy,orm,q02s3,0,0.426629,100,ok,,15min,1.0,127261,139521789797264,2026-09-05T10:31:35.821+00:00
af5bc7eade4c,campaign-sf1,mado,tpch,Q02,Complex,postgresql,non-indexed,1,4,2,1,sqlalchemy,sql,q02s3,0,0.423209,100,ok,,15min,1.0,127261,139521789797264,2026-09-05T10:31:36.244+00:00
af5bc7eade4c,campaign-sf1,mado,tpch,Q02,Complex,postgresql,non-indexed,1,4,2,2,django,orm,q02s3,0,0.273782,100,ok,,15min,1.0,127261,139521789797264,2026-09-05T10:31:36.518+00:00
af5bc7eade4c,campaign-sf1,mado,tpch,Q02,Complex,postgresql,non-indexed,1,4,2,3,django,sql,q02s3,0,0.422392,100,ok,,15min,1.0,127261,139521789797264,2026-09-05T10:31:36.940+00:00
af5bc7eade4c,campaign-sf1,mado,tpch,Q02,Complex,postgresql,non-indexed,1,5,0,-1,django,sql,q02s4,2,0.425291,,ok,,15min,1.0,127261,139521789797264,2026-09-05T10:31:37.370+00:00
af5bc7eade4c,campaign-sf1,mado,tpch,Q02,Complex,postgresql,non-indexed,1,5,0,-1,django,orm,q02s4,2,0.265229,,ok,,15min,1.0,127261,139521789797264,2026-09-05T10:31:37.635+00:00
af5bc7eade4c,campaign-sf1,mado,tpch,Q02,Complex,postgresql,non-indexed,1,5,0,-1,sqlalchemy,sql,q02s4,2,0.414928,,ok,,15min,1.0,127261,139521789797264,2026-09-05T10:31:38.050+00:00
af5bc7eade4c,campaign-sf1,mado,tpch,Q02,Complex,postgresql,non-indexed,1,5,0,-1,sqlalchemy,orm,q02s4,2,0.418213,,ok,,15min,1.0,127261,139521789797264,2026-09-05T10:31:38.469+00:00
af5bc7eade4c,campaign-sf1,mado,tpch,Q02,Complex,postgresql,non-indexed,1,5,0,0,django,sql,q02s4,0,0.414504,100,ok,,15min,1.0,127261,139521789797264,2026-09-05T10:31:38.883+00:00
af5bc7eade4c,campaign-sf1,mado,tpch,Q02,Complex,postgresql,non-indexed,1,5,0,1,django,orm,q02s4,0,0.26559,100,ok,,15min,1.0,127261,139521789797264,2026-09-05T10:31:39.149+00:00
af5bc7eade4c,campaign-sf1,mado,tpch,Q02,Complex,postgresql,non-indexed,1,5,0,2,sqlalchemy,sql,q02s4,0,0.415003,100,ok,,15min,1.0,127261,139521789797264,2026-09-05T10:31:39.564+00:00
af5bc7eade4c,campaign-sf1,mado,tpch,Q02,Complex,postgresql,non-indexed,1,5,0,3,sqlalchemy,orm,q02s4,0,0.417892,100,ok,,15min,1.0,127261,139521789797264,2026-09-05T10:31:39.982+00:00
af5bc7eade4c,campaign-sf1,mado,tpch,Q02,Complex,postgresql,non-indexed,1,6,3,-1,django,sql,q02s5,2,0.425507,,ok,,15min,1.0,127261,139521789797264,2026-09-05T10:31:40.412+00:00
af5bc7eade4c,campaign-sf1,mado,tpch,Q02,Complex,postgresql,non-indexed,1,6,3,-1,django,orm,q02s5,2,0.274025,,ok,,15min,1.0,127261,139521789797264,2026-09-05T10:31:40.686+00:00
af5bc7eade4c,campaign-sf1,mado,tpch,Q02,Complex,postgresql,non-indexed,1,6,3,-1,sqlalchemy,sql,q02s5,2,0.41956,,ok,,15min,1.0,127261,139521789797264,2026-09-05T10:31:41.106+00:00
af5bc7eade4c,campaign-sf1,mado,tpch,Q02,Complex,postgresql,non-indexed,1,6,3,-1,sqlalchemy,orm,q02s5,2,0.422692,,ok,,15min,1.0,127261,139521789797264,2026-09-05T10:31:41.529+00:00
af5bc7eade4c,campaign-sf1,mado,tpch,Q02,Complex,postgresql,non-indexed,1,6,3,0,sqlalchemy,sql,q02s5,0,0.419267,100,ok,,15min,1.0,127261,139521789797264,2026-09-05T10:31:41.948+00:00
af5bc7eade4c,campaign-sf1,mado,tpch,Q02,Complex,postgresql,non-indexed,1,6,3,1,django,sql,q02s5,0,0.418356,100,ok,,15min,1.0,127261,139521789797264,2026-09-05T10:31:42.366+00:00
af5bc7eade4c,campaign-sf1,mado,tpch,Q02,Complex,postgresql,non-indexed,1,6,3,2,sqlalchemy,orm,q02s5,0,0.422617,100,ok,,15min,1.0,127261,139521789797264,2026-09-05T10:31:42.789+00:00
af5bc7eade4c,campaign-sf1,mado,tpch,Q02,Complex,postgresql,non-indexed,1,6,3,3,django,orm,q02s5,0,0.275269,100,ok,,15min,1.0,127261,139521789797264,2026-09-05T10:31:43.064+00:00
af5bc7eade4c,campaign-sf1,mado,tpch,Q02,Complex,postgresql,non-indexed,1,7,1,-1,django,sql,q02s6,2,0.413307,,ok,,15min,1.0,127261,139521789797264,2026-09-05T10:31:43.482+00:00
af5bc7eade4c,campaign-sf1,mado,tpch,Q02,Complex,postgresql,non-indexed,1,7,1,-1,django,orm,q02s6,2,0.269696,,ok,,15min,1.0,127261,139521789797264,2026-09-05T10:31:43.752+00:00
af5bc7eade4c,campaign-sf1,mado,tpch,Q02,Complex,postgresql,non-indexed,1,7,1,-1,sqlalchemy,sql,q02s6,2,0.412134,,ok,,15min,1.0,127261,139521789797264,2026-09-05T10:31:44.164+00:00
af5bc7eade4c,campaign-sf1,mado,tpch,Q02,Complex,postgresql,non-indexed,1,7,1,-1,sqlalchemy,orm,q02s6,2,0.415607,,ok,,15min,1.0,127261,139521789797264,2026-09-05T10:31:44.580+00:00
af5bc7eade4c,campaign-sf1,mado,tpch,Q02,Complex,postgresql,non-indexed,1,7,1,0,django,orm,q02s6,0,0.268164,100,ok,,15min,1.0,127261,139521789797264,2026-09-05T10:31:44.848+00:00
af5bc7eade4c,campaign-sf1,mado,tpch,Q02,Complex,postgresql,non-indexed,1,7,1,1,sqlalchemy,orm,q02s6,0,0.414823,100,ok,,15min,1.0,127261,139521789797264,2026-09-05T10:31:45.263+00:00
af5bc7eade4c,campaign-sf1,mado,tpch,Q02,Complex,postgresql,non-indexed,1,7,1,2,django,sql,q02s6,0,0.411755,100,ok,,15min,1.0,127261,139521789797264,2026-09-05T10:31:45.675+00:00
af5bc7eade4c,campaign-sf1,mado,tpch,Q02,Complex,postgresql,non-indexed,1,7,1,3,sqlalchemy,sql,q02s6,0,0.411686,100,ok,,15min,1.0,127261,139521789797264,2026-09-05T10:31:46.087+00:00
af5bc7eade4c,campaign-sf1,mado,tpch,Q02,Complex,postgresql,non-indexed,1,8,2,-1,django,sql,q02s7,2,0.424724,,ok,,15min,1.0,127261,139521789797264,2026-09-05T10:31:46.516+00:00
af5bc7eade4c,campaign-sf1,mado,tpch,Q02,Complex,postgresql,non-indexed,1,8,2,-1,django,orm,q02s7,2,0.270766,,ok,,15min,1.0,127261,139521789797264,2026-09-05T10:31:46.787+00:00
af5bc7eade4c,campaign-sf1,mado,tpch,Q02,Complex,postgresql,non-indexed,1,8,2,-1,sqlalchemy,sql,q02s7,2,0.419083,,ok,,15min,1.0,127261,139521789797264,2026-09-05T10:31:47.206+00:00
af5bc7eade4c,campaign-sf1,mado,tpch,Q02,Complex,postgresql,non-indexed,1,8,2,-1,sqlalchemy,orm,q02s7,2,0.422348,,ok,,15min,1.0,127261,139521789797264,2026-09-05T10:31:47.628+00:00
af5bc7eade4c,campaign-sf1,mado,tpch,Q02,Complex,postgresql,non-indexed,1,8,2,0,sqlalchemy,orm,q02s7,0,0.421192,100,ok,,15min,1.0,127261,139521789797264,2026-09-05T10:31:48.050+00:00
af5bc7eade4c,campaign-sf1,mado,tpch,Q02,Complex,postgresql,non-indexed,1,8,2,1,sqlalchemy,sql,q02s7,0,0.418962,100,ok,,15min,1.0,127261,139521789797264,2026-09-05T10:31:48.469+00:00
af5bc7eade4c,campaign-sf1,mado,tpch,Q02,Complex,postgresql,non-indexed,1,8,2,2,django,orm,q02s7,0,0.269452,100,ok,,15min,1.0,127261,139521789797264,2026-09-05T10:31:48.738+00:00
af5bc7eade4c,campaign-sf1,mado,tpch,Q02,Complex,postgresql,non-indexed,1,8,2,3,django,sql,q02s7,0,0.418334,100,ok,,15min,1.0,127261,139521789797264,2026-09-05T10:31:49.157+00:00
f106ab5aadbc,campaign-sf1,mado,tpch,Q03,Medium,postgresql,non-indexed,1,0,3,0,sqlalchemy,sql,q03warm,1,2.220715,10,ok,,15min,1.08,127282,139395633767552,2026-09-05T10:31:52.634+00:00
f106ab5aadbc,campaign-sf1,mado,tpch,Q03,Medium,postgresql,non-indexed,1,0,3,1,django,sql,q03warm,1,2.184175,10,ok,,15min,1.08,127282,139395633767552,2026-09-05T10:31:54.818+00:00
f106ab5aadbc,campaign-sf1,mado,tpch,Q03,Medium,postgresql,non-indexed,1,0,3,2,sqlalchemy,orm,q03warm,1,2.087395,10,ok,,15min,1.07,127282,139395633767552,2026-09-05T10:31:56.906+00:00
f106ab5aadbc,campaign-sf1,mado,tpch,Q03,Medium,postgresql,non-indexed,1,0,3,3,django,orm,q03warm,1,2.047405,10,ok,,15min,1.07,127282,139395633767552,2026-09-05T10:31:58.953+00:00
f106ab5aadbc,campaign-sf1,mado,tpch,Q03,Medium,postgresql,non-indexed,1,1,1,-1,django,sql,q03s0,2,2.043563,,ok,,15min,1.07,127282,139395633767552,2026-09-05T10:32:01.002+00:00
f106ab5aadbc,campaign-sf1,mado,tpch,Q03,Medium,postgresql,non-indexed,1,1,1,-1,django,orm,q03s0,2,2.037433,,ok,,15min,1.07,127282,139395633767552,2026-09-05T10:32:03.039+00:00
f106ab5aadbc,campaign-sf1,mado,tpch,Q03,Medium,postgresql,non-indexed,1,1,1,-1,sqlalchemy,sql,q03s0,2,2.064944,,ok,,15min,1.07,127282,139395633767552,2026-09-05T10:32:05.104+00:00
f106ab5aadbc,campaign-sf1,mado,tpch,Q03,Medium,postgresql,non-indexed,1,1,1,-1,sqlalchemy,orm,q03s0,2,2.055431,,ok,,15min,1.14,127282,139395633767552,2026-09-05T10:32:07.160+00:00
f106ab5aadbc,campaign-sf1,mado,tpch,Q03,Medium,postgresql,non-indexed,1,1,1,0,django,orm,q03s0,0,2.039642,10,ok,,15min,1.14,127282,139395633767552,2026-09-05T10:32:09.199+00:00
f106ab5aadbc,campaign-sf1,mado,tpch,Q03,Medium,postgresql,non-indexed,1,1,1,1,sqlalchemy,orm,q03s0,0,2.058671,10,ok,,15min,1.14,127282,139395633767552,2026-09-05T10:32:11.258+00:00
f106ab5aadbc,campaign-sf1,mado,tpch,Q03,Medium,postgresql,non-indexed,1,1,1,2,django,sql,q03s0,0,2.035827,10,ok,,15min,1.13,127282,139395633767552,2026-09-05T10:32:13.294+00:00
f106ab5aadbc,campaign-sf1,mado,tpch,Q03,Medium,postgresql,non-indexed,1,1,1,3,sqlalchemy,sql,q03s0,0,2.056083,10,ok,,15min,1.13,127282,139395633767552,2026-09-05T10:32:15.350+00:00
f106ab5aadbc,campaign-sf1,mado,tpch,Q03,Medium,postgresql,non-indexed,1,2,2,-1,django,sql,q03s1,2,2.03813,,ok,,15min,1.12,127282,139395633767552,2026-09-05T10:32:17.393+00:00
f106ab5aadbc,campaign-sf1,mado,tpch,Q03,Medium,postgresql,non-indexed,1,2,2,-1,django,orm,q03s1,2,2.032387,,ok,,15min,1.12,127282,139395633767552,2026-09-05T10:32:19.426+00:00
f106ab5aadbc,campaign-sf1,mado,tpch,Q03,Medium,postgresql,non-indexed,1,2,2,-1,sqlalchemy,sql,q03s1,2,2.055639,,ok,,15min,1.12,127282,139395633767552,2026-09-05T10:32:21.481+00:00
f106ab5aadbc,campaign-sf1,mado,tpch,Q03,Medium,postgresql,non-indexed,1,2,2,-1,sqlalchemy,orm,q03s1,2,2.050936,,ok,,15min,1.11,127282,139395633767552,2026-09-05T10:32:23.532+00:00
f106ab5aadbc,campaign-sf1,mado,tpch,Q03,Medium,postgresql,non-indexed,1,2,2,0,sqlalchemy,orm,q03s1,0,2.048683,10,ok,,15min,1.11,127282,139395633767552,2026-09-05T10:32:25.581+00:00
f106ab5aadbc,campaign-sf1,mado,tpch,Q03,Medium,postgresql,non-indexed,1,2,2,1,sqlalchemy,sql,q03s1,0,2.045458,10,ok,,15min,1.1,127282,139395633767552,2026-09-05T10:32:27.627+00:00
f106ab5aadbc,campaign-sf1,mado,tpch,Q03,Medium,postgresql,non-indexed,1,2,2,2,django,orm,q03s1,0,2.038494,10,ok,,15min,1.1,127282,139395633767552,2026-09-05T10:32:29.665+00:00
f106ab5aadbc,campaign-sf1,mado,tpch,Q03,Medium,postgresql,non-indexed,1,2,2,3,django,sql,q03s1,0,2.035848,10,ok,,15min,1.09,127282,139395633767552,2026-09-05T10:32:31.701+00:00
f106ab5aadbc,campaign-sf1,mado,tpch,Q03,Medium,postgresql,non-indexed,1,3,3,-1,django,sql,q03s2,2,2.031042,,ok,,15min,1.09,127282,139395633767552,2026-09-05T10:32:33.737+00:00
f106ab5aadbc,campaign-sf1,mado,tpch,Q03,Medium,postgresql,non-indexed,1,3,3,-1,django,orm,q03s2,2,2.030711,,ok,,15min,1.09,127282,139395633767552,2026-09-05T10:32:35.768+00:00
f106ab5aadbc,campaign-sf1,mado,tpch,Q03,Medium,postgresql,non-indexed,1,3,3,-1,sqlalchemy,sql,q03s2,2,2.040328,,ok,,15min,1.17,127282,139395633767552,2026-09-05T10:32:37.808+00:00
f106ab5aadbc,campaign-sf1,mado,tpch,Q03,Medium,postgresql,non-indexed,1,3,3,-1,sqlalchemy,orm,q03s2,2,2.035406,,ok,,15min,1.17,127282,139395633767552,2026-09-05T10:32:39.844+00:00
f106ab5aadbc,campaign-sf1,mado,tpch,Q03,Medium,postgresql,non-indexed,1,3,3,0,sqlalchemy,sql,q03s2,0,2.041315,10,ok,,15min,1.15,127282,139395633767552,2026-09-05T10:32:41.885+00:00
f106ab5aadbc,campaign-sf1,mado,tpch,Q03,Medium,postgresql,non-indexed,1,3,3,1,django,sql,q03s2,0,2.029521,10,ok,,15min,1.15,127282,139395633767552,2026-09-05T10:32:43.915+00:00
f106ab5aadbc,campaign-sf1,mado,tpch,Q03,Medium,postgresql,non-indexed,1,3,3,2,sqlalchemy,orm,q03s2,0,2.028739,10,ok,,15min,1.15,127282,139395633767552,2026-09-05T10:32:45.944+00:00
f106ab5aadbc,campaign-sf1,mado,tpch,Q03,Medium,postgresql,non-indexed,1,3,3,3,django,orm,q03s2,0,2.028239,10,ok,,15min,1.14,127282,139395633767552,2026-09-05T10:32:47.972+00:00
f106ab5aadbc,campaign-sf1,mado,tpch,Q03,Medium,postgresql,non-indexed,1,4,0,-1,django,sql,q03s3,2,2.030533,,ok,,15min,1.14,127282,139395633767552,2026-09-05T10:32:50.007+00:00
f106ab5aadbc,campaign-sf1,mado,tpch,Q03,Medium,postgresql,non-indexed,1,4,0,-1,django,orm,q03s3,2,2.035006,,ok,,15min,1.13,127282,139395633767552,2026-09-05T10:32:52.042+00:00
f106ab5aadbc,campaign-sf1,mado,tpch,Q03,Medium,postgresql,non-indexed,1,4,0,-1,sqlalchemy,sql,q03s3,2,2.036304,,ok,,15min,1.13,127282,139395633767552,2026-09-05T10:32:54.079+00:00
f106ab5aadbc,campaign-sf1,mado,tpch,Q03,Medium,postgresql,non-indexed,1,4,0,-1,sqlalchemy,orm,q03s3,2,2.038295,,ok,,15min,1.13,127282,139395633767552,2026-09-05T10:32:56.117+00:00
f106ab5aadbc,campaign-sf1,mado,tpch,Q03,Medium,postgresql,non-indexed,1,4,0,0,django,sql,q03s3,0,2.026613,10,ok,,15min,1.12,127282,139395633767552,2026-09-05T10:32:58.144+00:00
f106ab5aadbc,campaign-sf1,mado,tpch,Q03,Medium,postgresql,non-indexed,1,4,0,1,django,orm,q03s3,0,2.026161,10,ok,,15min,1.12,127282,139395633767552,2026-09-05T10:33:00.170+00:00
f106ab5aadbc,campaign-sf1,mado,tpch,Q03,Medium,postgresql,non-indexed,1,4,0,2,sqlalchemy,sql,q03s3,0,2.042439,10,ok,,15min,1.11,127282,139395633767552,2026-09-05T10:33:02.213+00:00
f106ab5aadbc,campaign-sf1,mado,tpch,Q03,Medium,postgresql,non-indexed,1,4,0,3,sqlalchemy,orm,q03s3,0,2.028063,10,ok,,15min,1.11,127282,139395633767552,2026-09-05T10:33:04.241+00:00
f106ab5aadbc,campaign-sf1,mado,tpch,Q03,Medium,postgresql,non-indexed,1,5,3,-1,django,sql,q03s4,2,2.020896,,ok,,15min,1.11,127282,139395633767552,2026-09-05T10:33:06.266+00:00
f106ab5aadbc,campaign-sf1,mado,tpch,Q03,Medium,postgresql,non-indexed,1,5,3,-1,django,orm,q03s4,2,2.020981,,ok,,15min,1.1,127282,139395633767552,2026-09-05T10:33:08.287+00:00
f106ab5aadbc,campaign-sf1,mado,tpch,Q03,Medium,postgresql,non-indexed,1,5,3,-1,sqlalchemy,sql,q03s4,2,2.035707,,ok,,15min,1.1,127282,139395633767552,2026-09-05T10:33:10.323+00:00
f106ab5aadbc,campaign-sf1,mado,tpch,Q03,Medium,postgresql,non-indexed,1,5,3,-1,sqlalchemy,orm,q03s4,2,2.036737,,ok,,15min,1.09,127282,139395633767552,2026-09-05T10:33:12.360+00:00
f106ab5aadbc,campaign-sf1,mado,tpch,Q03,Medium,postgresql,non-indexed,1,5,3,0,sqlalchemy,sql,q03s4,0,2.033766,10,ok,,15min,1.09,127282,139395633767552,2026-09-05T10:33:14.394+00:00
f106ab5aadbc,campaign-sf1,mado,tpch,Q03,Medium,postgresql,non-indexed,1,5,3,1,django,sql,q03s4,0,2.015634,10,ok,,15min,1.09,127282,139395633767552,2026-09-05T10:33:16.410+00:00
f106ab5aadbc,campaign-sf1,mado,tpch,Q03,Medium,postgresql,non-indexed,1,5,3,2,sqlalchemy,orm,q03s4,0,2.036691,10,ok,,15min,1.08,127282,139395633767552,2026-09-05T10:33:18.446+00:00
f106ab5aadbc,campaign-sf1,mado,tpch,Q03,Medium,postgresql,non-indexed,1,5,3,3,django,orm,q03s4,0,2.022282,10,ok,,15min,1.08,127282,139395633767552,2026-09-05T10:33:20.469+00:00
f106ab5aadbc,campaign-sf1,mado,tpch,Q03,Medium,postgresql,non-indexed,1,6,0,-1,django,sql,q03s5,2,2.010705,,ok,,15min,1.16,127282,139395633767552,2026-09-05T10:33:22.483+00:00
f106ab5aadbc,campaign-sf1,mado,tpch,Q03,Medium,postgresql,non-indexed,1,6,0,-1,django,orm,q03s5,2,2.0202,,ok,,15min,1.16,127282,139395633767552,2026-09-05T10:33:24.503+00:00
f106ab5aadbc,campaign-sf1,mado,tpch,Q03,Medium,postgresql,non-indexed,1,6,0,-1,sqlalchemy,sql,q03s5,2,2.035598,,ok,,15min,1.16,127282,139395633767552,2026-09-05T10:33:26.539+00:00
f106ab5aadbc,campaign-sf1,mado,tpch,Q03,Medium,postgresql,non-indexed,1,6,0,-1,sqlalchemy,orm,q03s5,2,2.033701,,ok,,15min,1.14,127282,139395633767552,2026-09-05T10:33:28.573+00:00
f106ab5aadbc,campaign-sf1,mado,tpch,Q03,Medium,postgresql,non-indexed,1,6,0,0,django,sql,q03s5,0,2.016767,10,ok,,15min,1.14,127282,139395633767552,2026-09-05T10:33:30.589+00:00
f106ab5aadbc,campaign-sf1,mado,tpch,Q03,Medium,postgresql,non-indexed,1,6,0,1,django,orm,q03s5,0,2.023913,10,ok,,15min,1.13,127282,139395633767552,2026-09-05T10:33:32.613+00:00
f106ab5aadbc,campaign-sf1,mado,tpch,Q03,Medium,postgresql,non-indexed,1,6,0,2,sqlalchemy,sql,q03s5,0,2.03076,10,ok,,15min,1.13,127282,139395633767552,2026-09-05T10:33:34.644+00:00
f106ab5aadbc,campaign-sf1,mado,tpch,Q03,Medium,postgresql,non-indexed,1,6,0,3,sqlalchemy,orm,q03s5,0,2.031539,10,ok,,15min,1.12,127282,139395633767552,2026-09-05T10:33:36.676+00:00
f106ab5aadbc,campaign-sf1,mado,tpch,Q03,Medium,postgresql,non-indexed,1,7,1,-1,django,sql,q03s6,2,2.020335,,ok,,15min,1.12,127282,139395633767552,2026-09-05T10:33:38.701+00:00
f106ab5aadbc,campaign-sf1,mado,tpch,Q03,Medium,postgresql,non-indexed,1,7,1,-1,django,orm,q03s6,2,2.024246,,ok,,15min,1.12,127282,139395633767552,2026-09-05T10:33:40.726+00:00
f106ab5aadbc,campaign-sf1,mado,tpch,Q03,Medium,postgresql,non-indexed,1,7,1,-1,sqlalchemy,sql,q03s6,2,2.034767,,ok,,15min,1.19,127282,139395633767552,2026-09-05T10:33:42.760+00:00
f106ab5aadbc,campaign-sf1,mado,tpch,Q03,Medium,postgresql,non-indexed,1,7,1,-1,sqlalchemy,orm,q03s6,2,2.031529,,ok,,15min,1.19,127282,139395633767552,2026-09-05T10:33:44.792+00:00
f106ab5aadbc,campaign-sf1,mado,tpch,Q03,Medium,postgresql,non-indexed,1,7,1,0,django,orm,q03s6,0,2.020373,10,ok,,15min,1.18,127282,139395633767552,2026-09-05T10:33:46.813+00:00
f106ab5aadbc,campaign-sf1,mado,tpch,Q03,Medium,postgresql,non-indexed,1,7,1,1,sqlalchemy,orm,q03s6,0,2.031031,10,ok,,15min,1.18,127282,139395633767552,2026-09-05T10:33:48.844+00:00
f106ab5aadbc,campaign-sf1,mado,tpch,Q03,Medium,postgresql,non-indexed,1,7,1,2,django,sql,q03s6,0,2.023851,10,ok,,15min,1.18,127282,139395633767552,2026-09-05T10:33:50.868+00:00
f106ab5aadbc,campaign-sf1,mado,tpch,Q03,Medium,postgresql,non-indexed,1,7,1,3,sqlalchemy,sql,q03s6,0,2.025495,10,ok,,15min,1.16,127282,139395633767552,2026-09-05T10:33:52.893+00:00
f106ab5aadbc,campaign-sf1,mado,tpch,Q03,Medium,postgresql,non-indexed,1,8,2,-1,django,sql,q03s7,2,2.013127,,ok,,15min,1.16,127282,139395633767552,2026-09-05T10:33:54.911+00:00
f106ab5aadbc,campaign-sf1,mado,tpch,Q03,Medium,postgresql,non-indexed,1,8,2,-1,django,orm,q03s7,2,2.011924,,ok,,15min,1.15,127282,139395633767552,2026-09-05T10:33:56.923+00:00
f106ab5aadbc,campaign-sf1,mado,tpch,Q03,Medium,postgresql,non-indexed,1,8,2,-1,sqlalchemy,sql,q03s7,2,2.022252,,ok,,15min,1.15,127282,139395633767552,2026-09-05T10:33:58.945+00:00
f106ab5aadbc,campaign-sf1,mado,tpch,Q03,Medium,postgresql,non-indexed,1,8,2,-1,sqlalchemy,orm,q03s7,2,2.026211,,ok,,15min,1.15,127282,139395633767552,2026-09-05T10:34:00.971+00:00
f106ab5aadbc,campaign-sf1,mado,tpch,Q03,Medium,postgresql,non-indexed,1,8,2,0,sqlalchemy,orm,q03s7,0,2.022838,10,ok,,15min,1.14,127282,139395633767552,2026-09-05T10:34:02.994+00:00
f106ab5aadbc,campaign-sf1,mado,tpch,Q03,Medium,postgresql,non-indexed,1,8,2,1,sqlalchemy,sql,q03s7,0,2.022924,10,ok,,15min,1.14,127282,139395633767552,2026-09-05T10:34:05.017+00:00
f106ab5aadbc,campaign-sf1,mado,tpch,Q03,Medium,postgresql,non-indexed,1,8,2,2,django,orm,q03s7,0,2.013791,10,ok,,15min,1.13,127282,139395633767552,2026-09-05T10:34:07.031+00:00
f106ab5aadbc,campaign-sf1,mado,tpch,Q03,Medium,postgresql,non-indexed,1,8,2,3,django,sql,q03s7,0,2.012326,10,ok,,15min,1.13,127282,139395633767552,2026-09-05T10:34:09.044+00:00
d43026dbc3c4,campaign-sf1,mado,tpch,Q04,Medium,postgresql,non-indexed,1,0,2,0,sqlalchemy,orm,q04warm,1,2.280243,5,ok,,15min,1.12,127318,138311653582240,2026-09-05T10:34:12.572+00:00
d43026dbc3c4,campaign-sf1,mado,tpch,Q04,Medium,postgresql,non-indexed,1,0,2,1,sqlalchemy,sql,q04warm,1,2.077183,5,ok,,15min,1.12,127318,138311653582240,2026-09-05T10:34:14.649+00:00
d43026dbc3c4,campaign-sf1,mado,tpch,Q04,Medium,postgresql,non-indexed,1,0,2,2,django,orm,q04warm,1,2.247732,5,ok,,15min,1.11,127318,138311653582240,2026-09-05T10:34:16.897+00:00
d43026dbc3c4,campaign-sf1,mado,tpch,Q04,Medium,postgresql,non-indexed,1,0,2,3,django,sql,q04warm,1,2.083539,5,ok,,15min,1.11,127318,138311653582240,2026-09-05T10:34:18.981+00:00
d43026dbc3c4,campaign-sf1,mado,tpch,Q04,Medium,postgresql,non-indexed,1,1,3,-1,django,sql,q04s0,2,2.085795,,ok,,15min,1.11,127318,138311653582240,2026-09-05T10:34:21.071+00:00
d43026dbc3c4,campaign-sf1,mado,tpch,Q04,Medium,postgresql,non-indexed,1,1,3,-1,django,orm,q04s0,2,2.081678,,ok,,15min,1.1,127318,138311653582240,2026-09-05T10:34:23.153+00:00
d43026dbc3c4,campaign-sf1,mado,tpch,Q04,Medium,postgresql,non-indexed,1,1,3,-1,sqlalchemy,sql,q04s0,2,2.077552,,ok,,15min,1.1,127318,138311653582240,2026-09-05T10:34:25.231+00:00
d43026dbc3c4,campaign-sf1,mado,tpch,Q04,Medium,postgresql,non-indexed,1,1,3,-1,sqlalchemy,orm,q04s0,2,2.073699,,ok,,15min,1.09,127318,138311653582240,2026-09-05T10:34:27.304+00:00
d43026dbc3c4,campaign-sf1,mado,tpch,Q04,Medium,postgresql,non-indexed,1,1,3,0,sqlalchemy,sql,q04s0,0,2.075221,5,ok,,15min,1.09,127318,138311653582240,2026-09-05T10:34:29.380+00:00
d43026dbc3c4,campaign-sf1,mado,tpch,Q04,Medium,postgresql,non-indexed,1,1,3,1,django,sql,q04s0,0,2.065641,5,ok,,15min,1.09,127318,138311653582240,2026-09-05T10:34:31.445+00:00
d43026dbc3c4,campaign-sf1,mado,tpch,Q04,Medium,postgresql,non-indexed,1,1,3,2,sqlalchemy,orm,q04s0,0,2.075993,5,ok,,15min,1.08,127318,138311653582240,2026-09-05T10:34:33.521+00:00
d43026dbc3c4,campaign-sf1,mado,tpch,Q04,Medium,postgresql,non-indexed,1,1,3,3,django,orm,q04s0,0,2.082134,5,ok,,15min,1.08,127318,138311653582240,2026-09-05T10:34:35.604+00:00
d43026dbc3c4,campaign-sf1,mado,tpch,Q04,Medium,postgresql,non-indexed,1,2,1,-1,django,sql,q04s1,2,2.080883,,ok,,15min,1.16,127318,138311653582240,2026-09-05T10:34:37.689+00:00
d43026dbc3c4,campaign-sf1,mado,tpch,Q04,Medium,postgresql,non-indexed,1,2,1,-1,django,orm,q04s1,2,2.085819,,ok,,15min,1.16,127318,138311653582240,2026-09-05T10:34:39.775+00:00
d43026dbc3c4,campaign-sf1,mado,tpch,Q04,Medium,postgresql,non-indexed,1,2,1,-1,sqlalchemy,sql,q04s1,2,2.086376,,ok,,15min,1.14,127318,138311653582240,2026-09-05T10:34:41.861+00:00
d43026dbc3c4,campaign-sf1,mado,tpch,Q04,Medium,postgresql,non-indexed,1,2,1,-1,sqlalchemy,orm,q04s1,2,2.08672,,ok,,15min,1.14,127318,138311653582240,2026-09-05T10:34:43.948+00:00
d43026dbc3c4,campaign-sf1,mado,tpch,Q04,Medium,postgresql,non-indexed,1,2,1,0,django,orm,q04s1,0,2.089668,5,ok,,15min,1.14,127318,138311653582240,2026-09-05T10:34:46.038+00:00
d43026dbc3c4,campaign-sf1,mado,tpch,Q04,Medium,postgresql,non-indexed,1,2,1,1,sqlalchemy,orm,q04s1,0,2.082629,5,ok,,15min,1.21,127318,138311653582240,2026-09-05T10:34:48.121+00:00
d43026dbc3c4,campaign-sf1,mado,tpch,Q04,Medium,postgresql,non-indexed,1,2,1,2,django,sql,q04s1,0,2.068491,5,ok,,15min,1.21,127318,138311653582240,2026-09-05T10:34:50.189+00:00
d43026dbc3c4,campaign-sf1,mado,tpch,Q04,Medium,postgresql,non-indexed,1,2,1,3,sqlalchemy,sql,q04s1,0,2.084851,5,ok,,15min,1.19,127318,138311653582240,2026-09-05T10:34:52.274+00:00
d43026dbc3c4,campaign-sf1,mado,tpch,Q04,Medium,postgresql,non-indexed,1,3,0,-1,django,sql,q04s2,2,2.063971,,ok,,15min,1.19,127318,138311653582240,2026-09-05T10:34:54.343+00:00
d43026dbc3c4,campaign-sf1,mado,tpch,Q04,Medium,postgresql,non-indexed,1,3,0,-1,django,orm,q04s2,2,2.071206,,ok,,15min,1.19,127318,138311653582240,2026-09-05T10:34:56.414+00:00
d43026dbc3c4,campaign-sf1,mado,tpch,Q04,Medium,postgresql,non-indexed,1,3,0,-1,sqlalchemy,sql,q04s2,2,2.063033,,ok,,15min,1.18,127318,138311653582240,2026-09-05T10:34:58.477+00:00
d43026dbc3c4,campaign-sf1,mado,tpch,Q04,Medium,postgresql,non-indexed,1,3,0,-1,sqlalchemy,orm,q04s2,2,2.066542,,ok,,15min,1.18,127318,138311653582240,2026-09-05T10:35:00.544+00:00
d43026dbc3c4,campaign-sf1,mado,tpch,Q04,Medium,postgresql,non-indexed,1,3,0,0,django,sql,q04s2,0,2.072944,5,ok,,15min,1.16,127318,138311653582240,2026-09-05T10:35:02.617+00:00
d43026dbc3c4,campaign-sf1,mado,tpch,Q04,Medium,postgresql,non-indexed,1,3,0,1,django,orm,q04s2,0,2.07216,5,ok,,15min,1.16,127318,138311653582240,2026-09-05T10:35:04.689+00:00
d43026dbc3c4,campaign-sf1,mado,tpch,Q04,Medium,postgresql,non-indexed,1,3,0,2,sqlalchemy,sql,q04s2,0,2.065081,5,ok,,15min,1.15,127318,138311653582240,2026-09-05T10:35:06.754+00:00
d43026dbc3c4,campaign-sf1,mado,tpch,Q04,Medium,postgresql,non-indexed,1,3,0,3,sqlalchemy,orm,q04s2,0,2.064152,5,ok,,15min,1.15,127318,138311653582240,2026-09-05T10:35:08.818+00:00
d43026dbc3c4,campaign-sf1,mado,tpch,Q04,Medium,postgresql,non-indexed,1,4,2,-1,django,sql,q04s3,2,2.087272,,ok,,15min,1.15,127318,138311653582240,2026-09-05T10:35:10.910+00:00
d43026dbc3c4,campaign-sf1,mado,tpch,Q04,Medium,postgresql,non-indexed,1,4,2,-1,django,orm,q04s3,2,2.090482,,ok,,15min,1.14,127318,138311653582240,2026-09-05T10:35:13.001+00:00
d43026dbc3c4,campaign-sf1,mado,tpch,Q04,Medium,postgresql,non-indexed,1,4,2,-1,sqlalchemy,sql,q04s3,2,2.080548,,ok,,15min,1.14,127318,138311653582240,2026-09-05T10:35:15.081+00:00
d43026dbc3c4,campaign-sf1,mado,tpch,Q04,Medium,postgresql,non-indexed,1,4,2,-1,sqlalchemy,orm,q04s3,2,2.081512,,ok,,15min,1.13,127318,138311653582240,2026-09-05T10:35:17.163+00:00
d43026dbc3c4,campaign-sf1,mado,tpch,Q04,Medium,postgresql,non-indexed,1,4,2,0,sqlalchemy,orm,q04s3,0,2.076935,5,ok,,15min,1.13,127318,138311653582240,2026-09-05T10:35:19.240+00:00
d43026dbc3c4,campaign-sf1,mado,tpch,Q04,Medium,postgresql,non-indexed,1,4,2,1,sqlalchemy,sql,q04s3,0,2.087926,5,ok,,15min,1.13,127318,138311653582240,2026-09-05T10:35:21.328+00:00
d43026dbc3c4,campaign-sf1,mado,tpch,Q04,Medium,postgresql,non-indexed,1,4,2,2,django,orm,q04s3,0,2.087899,5,ok,,15min,1.12,127318,138311653582240,2026-09-05T10:35:23.416+00:00
d43026dbc3c4,campaign-sf1,mado,tpch,Q04,Medium,postgresql,non-indexed,1,4,2,3,django,sql,q04s3,0,2.07048,5,ok,,15min,1.12,127318,138311653582240,2026-09-05T10:35:25.487+00:00
d43026dbc3c4,campaign-sf1,mado,tpch,Q04,Medium,postgresql,non-indexed,1,5,3,-1,django,sql,q04s4,2,2.083878,,ok,,15min,1.19,127318,138311653582240,2026-09-05T10:35:27.575+00:00
d43026dbc3c4,campaign-sf1,mado,tpch,Q04,Medium,postgresql,non-indexed,1,5,3,-1,django,orm,q04s4,2,2.090431,,ok,,15min,1.19,127318,138311653582240,2026-09-05T10:35:29.666+00:00
d43026dbc3c4,campaign-sf1,mado,tpch,Q04,Medium,postgresql,non-indexed,1,5,3,-1,sqlalchemy,sql,q04s4,2,2.090752,,ok,,15min,1.17,127318,138311653582240,2026-09-05T10:35:31.757+00:00
d43026dbc3c4,campaign-sf1,mado,tpch,Q04,Medium,postgresql,non-indexed,1,5,3,-1,sqlalchemy,orm,q04s4,2,2.081045,,ok,,15min,1.17,127318,138311653582240,2026-09-05T10:35:33.838+00:00
d43026dbc3c4,campaign-sf1,mado,tpch,Q04,Medium,postgresql,non-indexed,1,5,3,0,sqlalchemy,sql,q04s4,0,2.083081,5,ok,,15min,1.17,127318,138311653582240,2026-09-05T10:35:35.921+00:00
d43026dbc3c4,campaign-sf1,mado,tpch,Q04,Medium,postgresql,non-indexed,1,5,3,1,django,sql,q04s4,0,2.083818,5,ok,,15min,1.16,127318,138311653582240,2026-09-05T10:35:38.005+00:00
d43026dbc3c4,campaign-sf1,mado,tpch,Q04,Medium,postgresql,non-indexed,1,5,3,2,sqlalchemy,orm,q04s4,0,2.081913,5,ok,,15min,1.16,127318,138311653582240,2026-09-05T10:35:40.087+00:00
d43026dbc3c4,campaign-sf1,mado,tpch,Q04,Medium,postgresql,non-indexed,1,5,3,3,django,orm,q04s4,0,2.093713,5,ok,,15min,1.15,127318,138311653582240,2026-09-05T10:35:42.181+00:00
d43026dbc3c4,campaign-sf1,mado,tpch,Q04,Medium,postgresql,non-indexed,1,6,1,-1,django,sql,q04s5,2,2.053678,,ok,,15min,1.15,127318,138311653582240,2026-09-05T10:35:44.239+00:00
d43026dbc3c4,campaign-sf1,mado,tpch,Q04,Medium,postgresql,non-indexed,1,6,1,-1,django,orm,q04s5,2,2.078438,,ok,,15min,1.15,127318,138311653582240,2026-09-05T10:35:46.317+00:00
d43026dbc3c4,campaign-sf1,mado,tpch,Q04,Medium,postgresql,non-indexed,1,6,1,-1,sqlalchemy,sql,q04s5,2,2.064557,,ok,,15min,1.21,127318,138311653582240,2026-09-05T10:35:48.382+00:00
d43026dbc3c4,campaign-sf1,mado,tpch,Q04,Medium,postgresql,non-indexed,1,6,1,-1,sqlalchemy,orm,q04s5,2,2.069237,,ok,,15min,1.21,127318,138311653582240,2026-09-05T10:35:50.451+00:00
d43026dbc3c4,campaign-sf1,mado,tpch,Q04,Medium,postgresql,non-indexed,1,6,1,0,django,orm,q04s5,0,2.086003,5,ok,,15min,1.2,127318,138311653582240,2026-09-05T10:35:52.537+00:00
d43026dbc3c4,campaign-sf1,mado,tpch,Q04,Medium,postgresql,non-indexed,1,6,1,1,sqlalchemy,orm,q04s5,0,2.066975,5,ok,,15min,1.2,127318,138311653582240,2026-09-05T10:35:54.605+00:00
d43026dbc3c4,campaign-sf1,mado,tpch,Q04,Medium,postgresql,non-indexed,1,6,1,2,django,sql,q04s5,0,2.073079,5,ok,,15min,1.18,127318,138311653582240,2026-09-05T10:35:56.678+00:00
d43026dbc3c4,campaign-sf1,mado,tpch,Q04,Medium,postgresql,non-indexed,1,6,1,3,sqlalchemy,sql,q04s5,0,2.070251,5,ok,,15min,1.18,127318,138311653582240,2026-09-05T10:35:58.748+00:00
d43026dbc3c4,campaign-sf1,mado,tpch,Q04,Medium,postgresql,non-indexed,1,7,0,-1,django,sql,q04s6,2,2.076955,,ok,,15min,1.18,127318,138311653582240,2026-09-05T10:36:00.830+00:00
d43026dbc3c4,campaign-sf1,mado,tpch,Q04,Medium,postgresql,non-indexed,1,7,0,-1,django,orm,q04s6,2,2.083182,,ok,,15min,1.25,127318,138311653582240,2026-09-05T10:36:02.913+00:00
d43026dbc3c4,campaign-sf1,mado,tpch,Q04,Medium,postgresql,non-indexed,1,7,0,-1,sqlalchemy,sql,q04s6,2,2.07074,,ok,,15min,1.25,127318,138311653582240,2026-09-05T10:36:04.984+00:00
d43026dbc3c4,campaign-sf1,mado,tpch,Q04,Medium,postgresql,non-indexed,1,7,0,-1,sqlalchemy,orm,q04s6,2,2.069946,,ok,,15min,1.23,127318,138311653582240,2026-09-05T10:36:07.054+00:00
d43026dbc3c4,campaign-sf1,mado,tpch,Q04,Medium,postgresql,non-indexed,1,7,0,0,django,sql,q04s6,0,2.061334,5,ok,,15min,1.23,127318,138311653582240,2026-09-05T10:36:09.115+00:00
d43026dbc3c4,campaign-sf1,mado,tpch,Q04,Medium,postgresql,non-indexed,1,7,0,1,django,orm,q04s6,0,2.081522,5,ok,,15min,1.23,127318,138311653582240,2026-09-05T10:36:11.197+00:00
d43026dbc3c4,campaign-sf1,mado,tpch,Q04,Medium,postgresql,non-indexed,1,7,0,2,sqlalchemy,sql,q04s6,0,2.065136,5,ok,,15min,1.29,127318,138311653582240,2026-09-05T10:36:13.262+00:00
d43026dbc3c4,campaign-sf1,mado,tpch,Q04,Medium,postgresql,non-indexed,1,7,0,3,sqlalchemy,orm,q04s6,0,2.068576,5,ok,,15min,1.29,127318,138311653582240,2026-09-05T10:36:15.331+00:00
d43026dbc3c4,campaign-sf1,mado,tpch,Q04,Medium,postgresql,non-indexed,1,8,2,-1,django,sql,q04s7,2,2.072083,,ok,,15min,1.27,127318,138311653582240,2026-09-05T10:36:17.407+00:00
d43026dbc3c4,campaign-sf1,mado,tpch,Q04,Medium,postgresql,non-indexed,1,8,2,-1,django,orm,q04s7,2,2.091065,,ok,,15min,1.27,127318,138311653582240,2026-09-05T10:36:19.498+00:00
d43026dbc3c4,campaign-sf1,mado,tpch,Q04,Medium,postgresql,non-indexed,1,8,2,-1,sqlalchemy,sql,q04s7,2,2.09238,,ok,,15min,1.24,127318,138311653582240,2026-09-05T10:36:21.591+00:00
d43026dbc3c4,campaign-sf1,mado,tpch,Q04,Medium,postgresql,non-indexed,1,8,2,-1,sqlalchemy,orm,q04s7,2,2.086701,,ok,,15min,1.24,127318,138311653582240,2026-09-05T10:36:23.677+00:00
d43026dbc3c4,campaign-sf1,mado,tpch,Q04,Medium,postgresql,non-indexed,1,8,2,0,sqlalchemy,orm,q04s7,0,2.081177,5,ok,,15min,1.24,127318,138311653582240,2026-09-05T10:36:25.759+00:00
d43026dbc3c4,campaign-sf1,mado,tpch,Q04,Medium,postgresql,non-indexed,1,8,2,1,sqlalchemy,sql,q04s7,0,2.081763,5,ok,,15min,1.3,127318,138311653582240,2026-09-05T10:36:27.841+00:00
d43026dbc3c4,campaign-sf1,mado,tpch,Q04,Medium,postgresql,non-indexed,1,8,2,2,django,orm,q04s7,0,2.098538,5,ok,,15min,1.3,127318,138311653582240,2026-09-05T10:36:29.939+00:00
d43026dbc3c4,campaign-sf1,mado,tpch,Q04,Medium,postgresql,non-indexed,1,8,2,3,django,sql,q04s7,0,2.084455,5,ok,,15min,1.28,127318,138311653582240,2026-09-05T10:36:32.024+00:00
ef0e63b96eb6,campaign-sf1,mado,tpch,Q05,Complex,postgresql,non-indexed,1,0,0,0,django,sql,q05warm,1,1.676098,5,ok,,15min,1.28,127357,134560603629440,2026-09-05T10:36:34.944+00:00
ef0e63b96eb6,campaign-sf1,mado,tpch,Q05,Complex,postgresql,non-indexed,1,0,0,1,django,orm,q05warm,1,1.511002,5,ok,,15min,1.28,127357,134560603629440,2026-09-05T10:36:36.455+00:00
ef0e63b96eb6,campaign-sf1,mado,tpch,Q05,Complex,postgresql,non-indexed,1,0,0,2,sqlalchemy,sql,q05warm,1,1.674926,5,ok,,15min,1.26,127357,134560603629440,2026-09-05T10:36:38.130+00:00
ef0e63b96eb6,campaign-sf1,mado,tpch,Q05,Complex,postgresql,non-indexed,1,0,0,3,sqlalchemy,orm,q05warm,1,1.55404,5,ok,,15min,1.26,127357,134560603629440,2026-09-05T10:36:39.684+00:00
ef0e63b96eb6,campaign-sf1,mado,tpch,Q05,Complex,postgresql,non-indexed,1,1,1,-1,django,sql,q05s0,2,1.511505,,ok,,15min,1.26,127357,134560603629440,2026-09-05T10:36:41.200+00:00
ef0e63b96eb6,campaign-sf1,mado,tpch,Q05,Complex,postgresql,non-indexed,1,1,1,-1,django,orm,q05s0,2,1.515848,,ok,,15min,1.24,127357,134560603629440,2026-09-05T10:36:42.716+00:00
ef0e63b96eb6,campaign-sf1,mado,tpch,Q05,Complex,postgresql,non-indexed,1,1,1,-1,sqlalchemy,sql,q05s0,2,1.511742,,ok,,15min,1.24,127357,134560603629440,2026-09-05T10:36:44.228+00:00
ef0e63b96eb6,campaign-sf1,mado,tpch,Q05,Complex,postgresql,non-indexed,1,1,1,-1,sqlalchemy,orm,q05s0,2,1.513409,,ok,,15min,1.24,127357,134560603629440,2026-09-05T10:36:45.741+00:00
ef0e63b96eb6,campaign-sf1,mado,tpch,Q05,Complex,postgresql,non-indexed,1,1,1,0,django,orm,q05s0,0,1.520557,5,ok,,15min,1.22,127357,134560603629440,2026-09-05T10:36:47.262+00:00
ef0e63b96eb6,campaign-sf1,mado,tpch,Q05,Complex,postgresql,non-indexed,1,1,1,1,sqlalchemy,orm,q05s0,0,1.516184,5,ok,,15min,1.22,127357,134560603629440,2026-09-05T10:36:48.778+00:00
ef0e63b96eb6,campaign-sf1,mado,tpch,Q05,Complex,postgresql,non-indexed,1,1,1,2,django,sql,q05s0,0,1.512317,5,ok,,15min,1.22,127357,134560603629440,2026-09-05T10:36:50.291+00:00
ef0e63b96eb6,campaign-sf1,mado,tpch,Q05,Complex,postgresql,non-indexed,1,1,1,3,sqlalchemy,sql,q05s0,0,1.540446,5,ok,,15min,1.2,127357,134560603629440,2026-09-05T10:36:51.831+00:00
ef0e63b96eb6,campaign-sf1,mado,tpch,Q05,Complex,postgresql,non-indexed,1,2,2,-1,django,sql,q05s1,2,1.503853,,ok,,15min,1.2,127357,134560603629440,2026-09-05T10:36:53.340+00:00
ef0e63b96eb6,campaign-sf1,mado,tpch,Q05,Complex,postgresql,non-indexed,1,2,2,-1,django,orm,q05s1,2,1.506159,,ok,,15min,1.2,127357,134560603629440,2026-09-05T10:36:54.846+00:00
ef0e63b96eb6,campaign-sf1,mado,tpch,Q05,Complex,postgresql,non-indexed,1,2,2,-1,sqlalchemy,sql,q05s1,2,1.500961,,ok,,15min,1.2,127357,134560603629440,2026-09-05T10:36:56.347+00:00
ef0e63b96eb6,campaign-sf1,mado,tpch,Q05,Complex,postgresql,non-indexed,1,2,2,-1,sqlalchemy,orm,q05s1,2,1.501089,,ok,,15min,1.18,127357,134560603629440,2026-09-05T10:36:57.848+00:00
ef0e63b96eb6,campaign-sf1,mado,tpch,Q05,Complex,postgresql,non-indexed,1,2,2,0,sqlalchemy,orm,q05s1,0,1.495057,5,ok,,15min,1.18,127357,134560603629440,2026-09-05T10:36:59.343+00:00
ef0e63b96eb6,campaign-sf1,mado,tpch,Q05,Complex,postgresql,non-indexed,1,2,2,1,sqlalchemy,sql,q05s1,0,1.498604,5,ok,,15min,1.18,127357,134560603629440,2026-09-05T10:37:00.842+00:00
ef0e63b96eb6,campaign-sf1,mado,tpch,Q05,Complex,postgresql,non-indexed,1,2,2,2,django,orm,q05s1,0,1.509063,5,ok,,15min,1.17,127357,134560603629440,2026-09-05T10:37:02.351+00:00
ef0e63b96eb6,campaign-sf1,mado,tpch,Q05,Complex,postgresql,non-indexed,1,2,2,3,django,sql,q05s1,0,1.499857,5,ok,,15min,1.17,127357,134560603629440,2026-09-05T10:37:03.851+00:00
ef0e63b96eb6,campaign-sf1,mado,tpch,Q05,Complex,postgresql,non-indexed,1,3,0,-1,django,sql,q05s2,2,1.507556,,ok,,15min,1.17,127357,134560603629440,2026-09-05T10:37:05.363+00:00
ef0e63b96eb6,campaign-sf1,mado,tpch,Q05,Complex,postgresql,non-indexed,1,3,0,-1,django,orm,q05s2,2,1.508509,,ok,,15min,1.16,127357,134560603629440,2026-09-05T10:37:06.872+00:00
ef0e63b96eb6,campaign-sf1,mado,tpch,Q05,Complex,postgresql,non-indexed,1,3,0,-1,sqlalchemy,sql,q05s2,2,1.503297,,ok,,15min,1.16,127357,134560603629440,2026-09-05T10:37:08.375+00:00
ef0e63b96eb6,campaign-sf1,mado,tpch,Q05,Complex,postgresql,non-indexed,1,3,0,-1,sqlalchemy,orm,q05s2,2,1.51057,,ok,,15min,1.16,127357,134560603629440,2026-09-05T10:37:09.886+00:00
ef0e63b96eb6,campaign-sf1,mado,tpch,Q05,Complex,postgresql,non-indexed,1,3,0,0,django,sql,q05s2,0,1.512201,5,ok,,15min,1.16,127357,134560603629440,2026-09-05T10:37:11.398+00:00
ef0e63b96eb6,campaign-sf1,mado,tpch,Q05,Complex,postgresql,non-indexed,1,3,0,1,django,orm,q05s2,0,1.508063,5,ok,,15min,1.14,127357,134560603629440,2026-09-05T10:37:12.906+00:00
ef0e63b96eb6,campaign-sf1,mado,tpch,Q05,Complex,postgresql,non-indexed,1,3,0,2,sqlalchemy,sql,q05s2,0,1.506048,5,ok,,15min,1.14,127357,134560603629440,2026-09-05T10:37:14.412+00:00
ef0e63b96eb6,campaign-sf1,mado,tpch,Q05,Complex,postgresql,non-indexed,1,3,0,3,sqlalchemy,orm,q05s2,0,1.401207,5,ok,,15min,1.14,127357,134560603629440,2026-09-05T10:37:15.814+00:00
ef0e63b96eb6,campaign-sf1,mado,tpch,Q05,Complex,postgresql,non-indexed,1,4,3,-1,django,sql,q05s3,2,1.511195,,ok,,15min,1.13,127357,134560603629440,2026-09-05T10:37:17.330+00:00
ef0e63b96eb6,campaign-sf1,mado,tpch,Q05,Complex,postgresql,non-indexed,1,4,3,-1,django,orm,q05s3,2,1.515428,,ok,,15min,1.13,127357,134560603629440,2026-09-05T10:37:18.845+00:00
ef0e63b96eb6,campaign-sf1,mado,tpch,Q05,Complex,postgresql,non-indexed,1,4,3,-1,sqlalchemy,sql,q05s3,2,1.514037,,ok,,15min,1.13,127357,134560603629440,2026-09-05T10:37:20.359+00:00
ef0e63b96eb6,campaign-sf1,mado,tpch,Q05,Complex,postgresql,non-indexed,1,4,3,-1,sqlalchemy,orm,q05s3,2,1.522367,,ok,,15min,1.12,127357,134560603629440,2026-09-05T10:37:21.882+00:00
ef0e63b96eb6,campaign-sf1,mado,tpch,Q05,Complex,postgresql,non-indexed,1,4,3,0,sqlalchemy,sql,q05s3,0,1.517153,5,ok,,15min,1.12,127357,134560603629440,2026-09-05T10:37:23.399+00:00
ef0e63b96eb6,campaign-sf1,mado,tpch,Q05,Complex,postgresql,non-indexed,1,4,3,1,django,sql,q05s3,0,1.511659,5,ok,,15min,1.12,127357,134560603629440,2026-09-05T10:37:24.911+00:00
ef0e63b96eb6,campaign-sf1,mado,tpch,Q05,Complex,postgresql,non-indexed,1,4,3,2,sqlalchemy,orm,q05s3,0,1.516725,5,ok,,15min,1.12,127357,134560603629440,2026-09-05T10:37:26.428+00:00
ef0e63b96eb6,campaign-sf1,mado,tpch,Q05,Complex,postgresql,non-indexed,1,4,3,3,django,orm,q05s3,0,1.513875,5,ok,,15min,1.11,127357,134560603629440,2026-09-05T10:37:27.942+00:00
ef0e63b96eb6,campaign-sf1,mado,tpch,Q05,Complex,postgresql,non-indexed,1,5,3,-1,django,sql,q05s4,2,1.525203,,ok,,15min,1.11,127357,134560603629440,2026-09-05T10:37:29.472+00:00
ef0e63b96eb6,campaign-sf1,mado,tpch,Q05,Complex,postgresql,non-indexed,1,5,3,-1,django,orm,q05s4,2,1.526662,,ok,,15min,1.11,127357,134560603629440,2026-09-05T10:37:30.998+00:00
ef0e63b96eb6,campaign-sf1,mado,tpch,Q05,Complex,postgresql,non-indexed,1,5,3,-1,sqlalchemy,sql,q05s4,2,1.528292,,ok,,15min,1.18,127357,134560603629440,2026-09-05T10:37:32.527+00:00
ef0e63b96eb6,campaign-sf1,mado,tpch,Q05,Complex,postgresql,non-indexed,1,5,3,-1,sqlalchemy,orm,q05s4,2,1.530827,,ok,,15min,1.18,127357,134560603629440,2026-09-05T10:37:34.058+00:00
ef0e63b96eb6,campaign-sf1,mado,tpch,Q05,Complex,postgresql,non-indexed,1,5,3,0,sqlalchemy,sql,q05s4,0,1.528179,5,ok,,15min,1.18,127357,134560603629440,2026-09-05T10:37:35.586+00:00
ef0e63b96eb6,campaign-sf1,mado,tpch,Q05,Complex,postgresql,non-indexed,1,5,3,1,django,sql,q05s4,0,1.525632,5,ok,,15min,1.17,127357,134560603629440,2026-09-05T10:37:37.112+00:00
ef0e63b96eb6,campaign-sf1,mado,tpch,Q05,Complex,postgresql,non-indexed,1,5,3,2,sqlalchemy,orm,q05s4,0,1.53034,5,ok,,15min,1.17,127357,134560603629440,2026-09-05T10:37:38.642+00:00
ef0e63b96eb6,campaign-sf1,mado,tpch,Q05,Complex,postgresql,non-indexed,1,5,3,3,django,orm,q05s4,0,1.526584,5,ok,,15min,1.17,127357,134560603629440,2026-09-05T10:37:40.169+00:00
ef0e63b96eb6,campaign-sf1,mado,tpch,Q05,Complex,postgresql,non-indexed,1,6,0,-1,django,sql,q05s5,2,1.523615,,ok,,15min,1.15,127357,134560603629440,2026-09-05T10:37:41.697+00:00
ef0e63b96eb6,campaign-sf1,mado,tpch,Q05,Complex,postgresql,non-indexed,1,6,0,-1,django,orm,q05s5,2,1.525105,,ok,,15min,1.15,127357,134560603629440,2026-09-05T10:37:43.222+00:00
ef0e63b96eb6,campaign-sf1,mado,tpch,Q05,Complex,postgresql,non-indexed,1,6,0,-1,sqlalchemy,sql,q05s5,2,1.522268,,ok,,15min,1.15,127357,134560603629440,2026-09-05T10:37:44.745+00:00
ef0e63b96eb6,campaign-sf1,mado,tpch,Q05,Complex,postgresql,non-indexed,1,6,0,-1,sqlalchemy,orm,q05s5,2,1.52676,,ok,,15min,1.15,127357,134560603629440,2026-09-05T10:37:46.271+00:00
ef0e63b96eb6,campaign-sf1,mado,tpch,Q05,Complex,postgresql,non-indexed,1,6,0,0,django,sql,q05s5,0,1.526698,5,ok,,15min,1.14,127357,134560603629440,2026-09-05T10:37:47.798+00:00
ef0e63b96eb6,campaign-sf1,mado,tpch,Q05,Complex,postgresql,non-indexed,1,6,0,1,django,orm,q05s5,0,1.527169,5,ok,,15min,1.14,127357,134560603629440,2026-09-05T10:37:49.325+00:00
ef0e63b96eb6,campaign-sf1,mado,tpch,Q05,Complex,postgresql,non-indexed,1,6,0,2,sqlalchemy,sql,q05s5,0,1.526725,5,ok,,15min,1.14,127357,134560603629440,2026-09-05T10:37:50.852+00:00
ef0e63b96eb6,campaign-sf1,mado,tpch,Q05,Complex,postgresql,non-indexed,1,6,0,3,sqlalchemy,orm,q05s5,0,1.5294,5,ok,,15min,1.13,127357,134560603629440,2026-09-05T10:37:52.382+00:00
ef0e63b96eb6,campaign-sf1,mado,tpch,Q05,Complex,postgresql,non-indexed,1,7,1,-1,django,sql,q05s6,2,1.509701,,ok,,15min,1.13,127357,134560603629440,2026-09-05T10:37:53.896+00:00
ef0e63b96eb6,campaign-sf1,mado,tpch,Q05,Complex,postgresql,non-indexed,1,7,1,-1,django,orm,q05s6,2,1.517236,,ok,,15min,1.13,127357,134560603629440,2026-09-05T10:37:55.413+00:00
ef0e63b96eb6,campaign-sf1,mado,tpch,Q05,Complex,postgresql,non-indexed,1,7,1,-1,sqlalchemy,sql,q05s6,2,1.50883,,ok,,15min,1.12,127357,134560603629440,2026-09-05T10:37:56.922+00:00
ef0e63b96eb6,campaign-sf1,mado,tpch,Q05,Complex,postgresql,non-indexed,1,7,1,-1,sqlalchemy,orm,q05s6,2,1.513677,,ok,,15min,1.12,127357,134560603629440,2026-09-05T10:37:58.436+00:00
ef0e63b96eb6,campaign-sf1,mado,tpch,Q05,Complex,postgresql,non-indexed,1,7,1,0,django,orm,q05s6,0,1.512353,5,ok,,15min,1.12,127357,134560603629440,2026-09-05T10:37:59.949+00:00
ef0e63b96eb6,campaign-sf1,mado,tpch,Q05,Complex,postgresql,non-indexed,1,7,1,1,sqlalchemy,orm,q05s6,0,1.514466,5,ok,,15min,1.12,127357,134560603629440,2026-09-05T10:38:01.463+00:00
ef0e63b96eb6,campaign-sf1,mado,tpch,Q05,Complex,postgresql,non-indexed,1,7,1,2,django,sql,q05s6,0,1.503909,5,ok,,15min,1.11,127357,134560603629440,2026-09-05T10:38:02.967+00:00
ef0e63b96eb6,campaign-sf1,mado,tpch,Q05,Complex,postgresql,non-indexed,1,7,1,3,sqlalchemy,sql,q05s6,0,1.513184,5,ok,,15min,1.11,127357,134560603629440,2026-09-05T10:38:04.480+00:00
ef0e63b96eb6,campaign-sf1,mado,tpch,Q05,Complex,postgresql,non-indexed,1,8,2,-1,django,sql,q05s7,2,1.50171,,ok,,15min,1.11,127357,134560603629440,2026-09-05T10:38:05.987+00:00
ef0e63b96eb6,campaign-sf1,mado,tpch,Q05,Complex,postgresql,non-indexed,1,8,2,-1,django,orm,q05s7,2,1.505547,,ok,,15min,1.1,127357,134560603629440,2026-09-05T10:38:07.492+00:00
ef0e63b96eb6,campaign-sf1,mado,tpch,Q05,Complex,postgresql,non-indexed,1,8,2,-1,sqlalchemy,sql,q05s7,2,1.509005,,ok,,15min,1.1,127357,134560603629440,2026-09-05T10:38:09.001+00:00
ef0e63b96eb6,campaign-sf1,mado,tpch,Q05,Complex,postgresql,non-indexed,1,8,2,-1,sqlalchemy,orm,q05s7,2,1.509912,,ok,,15min,1.1,127357,134560603629440,2026-09-05T10:38:10.511+00:00
ef0e63b96eb6,campaign-sf1,mado,tpch,Q05,Complex,postgresql,non-indexed,1,8,2,0,sqlalchemy,orm,q05s7,0,1.517174,5,ok,,15min,1.09,127357,134560603629440,2026-09-05T10:38:12.029+00:00
ef0e63b96eb6,campaign-sf1,mado,tpch,Q05,Complex,postgresql,non-indexed,1,8,2,1,sqlalchemy,sql,q05s7,0,1.501904,5,ok,,15min,1.09,127357,134560603629440,2026-09-05T10:38:13.531+00:00
ef0e63b96eb6,campaign-sf1,mado,tpch,Q05,Complex,postgresql,non-indexed,1,8,2,2,django,orm,q05s7,0,1.509868,5,ok,,15min,1.09,127357,134560603629440,2026-09-05T10:38:15.040+00:00
ef0e63b96eb6,campaign-sf1,mado,tpch,Q05,Complex,postgresql,non-indexed,1,8,2,3,django,sql,q05s7,0,1.503785,5,ok,,15min,1.09,127357,134560603629440,2026-09-05T10:38:16.544+00:00
3bd49bd6827e,campaign-sf1,mado,tpch,Q06,Simple,postgresql,non-indexed,1,0,3,0,sqlalchemy,sql,q06warm,1,1.532167,1,ok,,15min,1.16,127395,126102667961136,2026-09-05T10:38:19.319+00:00
3bd49bd6827e,campaign-sf1,mado,tpch,Q06,Simple,postgresql,non-indexed,1,0,3,1,django,sql,q06warm,1,1.532413,1,ok,,15min,1.16,127395,126102667961136,2026-09-05T10:38:20.852+00:00
3bd49bd6827e,campaign-sf1,mado,tpch,Q06,Simple,postgresql,non-indexed,1,0,3,2,sqlalchemy,orm,q06warm,1,1.427265,1,ok,,15min,1.15,127395,126102667961136,2026-09-05T10:38:22.279+00:00
3bd49bd6827e,campaign-sf1,mado,tpch,Q06,Simple,postgresql,non-indexed,1,0,3,3,django,orm,q06warm,1,1.910907,1,ok,,15min,1.15,127395,126102667961136,2026-09-05T10:38:24.190+00:00
3bd49bd6827e,campaign-sf1,mado,tpch,Q06,Simple,postgresql,non-indexed,1,1,2,-1,django,sql,q06s0,2,1.400168,,ok,,15min,1.15,127395,126102667961136,2026-09-05T10:38:25.595+00:00
3bd49bd6827e,campaign-sf1,mado,tpch,Q06,Simple,postgresql,non-indexed,1,1,2,-1,django,orm,q06s0,2,2.039055,,ok,,15min,1.14,127395,126102667961136,2026-09-05T10:38:27.634+00:00
3bd49bd6827e,campaign-sf1,mado,tpch,Q06,Simple,postgresql,non-indexed,1,1,2,-1,sqlalchemy,sql,q06s0,2,1.395772,,ok,,15min,1.14,127395,126102667961136,2026-09-05T10:38:29.030+00:00
3bd49bd6827e,campaign-sf1,mado,tpch,Q06,Simple,postgresql,non-indexed,1,1,2,-1,sqlalchemy,orm,q06s0,2,1.400471,,ok,,15min,1.14,127395,126102667961136,2026-09-05T10:38:30.430+00:00
3bd49bd6827e,campaign-sf1,mado,tpch,Q06,Simple,postgresql,non-indexed,1,1,2,0,sqlalchemy,orm,q06s0,0,1.397543,1,ok,,15min,1.13,127395,126102667961136,2026-09-05T10:38:31.828+00:00
3bd49bd6827e,campaign-sf1,mado,tpch,Q06,Simple,postgresql,non-indexed,1,1,2,1,sqlalchemy,sql,q06s0,0,1.398366,1,ok,,15min,1.13,127395,126102667961136,2026-09-05T10:38:33.226+00:00
3bd49bd6827e,campaign-sf1,mado,tpch,Q06,Simple,postgresql,non-indexed,1,1,2,2,django,orm,q06s0,0,2.044179,1,ok,,15min,1.13,127395,126102667961136,2026-09-05T10:38:35.271+00:00
3bd49bd6827e,campaign-sf1,mado,tpch,Q06,Simple,postgresql,non-indexed,1,1,2,3,django,sql,q06s0,0,1.401488,1,ok,,15min,1.12,127395,126102667961136,2026-09-05T10:38:36.672+00:00
3bd49bd6827e,campaign-sf1,mado,tpch,Q06,Simple,postgresql,non-indexed,1,2,0,-1,django,sql,q06s1,2,1.387695,,ok,,15min,1.12,127395,126102667961136,2026-09-05T10:38:38.064+00:00
3bd49bd6827e,campaign-sf1,mado,tpch,Q06,Simple,postgresql,non-indexed,1,2,0,-1,django,orm,q06s1,2,1.967679,,ok,,15min,1.12,127395,126102667961136,2026-09-05T10:38:40.032+00:00
3bd49bd6827e,campaign-sf1,mado,tpch,Q06,Simple,postgresql,non-indexed,1,2,0,-1,sqlalchemy,sql,q06s1,2,1.391171,,ok,,15min,1.12,127395,126102667961136,2026-09-05T10:38:41.423+00:00
3bd49bd6827e,campaign-sf1,mado,tpch,Q06,Simple,postgresql,non-indexed,1,2,0,-1,sqlalchemy,orm,q06s1,2,1.388329,,ok,,15min,1.19,127395,126102667961136,2026-09-05T10:38:42.812+00:00
3bd49bd6827e,campaign-sf1,mado,tpch,Q06,Simple,postgresql,non-indexed,1,2,0,0,django,sql,q06s1,0,1.387905,1,ok,,15min,1.19,127395,126102667961136,2026-09-05T10:38:44.200+00:00
3bd49bd6827e,campaign-sf1,mado,tpch,Q06,Simple,postgresql,non-indexed,1,2,0,1,django,orm,q06s1,0,1.966468,1,ok,,15min,1.19,127395,126102667961136,2026-09-05T10:38:46.166+00:00
3bd49bd6827e,campaign-sf1,mado,tpch,Q06,Simple,postgresql,non-indexed,1,2,0,2,sqlalchemy,sql,q06s1,0,1.39061,1,ok,,15min,1.17,127395,126102667961136,2026-09-05T10:38:47.557+00:00
3bd49bd6827e,campaign-sf1,mado,tpch,Q06,Simple,postgresql,non-indexed,1,2,0,3,sqlalchemy,orm,q06s1,0,1.38883,1,ok,,15min,1.17,127395,126102667961136,2026-09-05T10:38:48.946+00:00
3bd49bd6827e,campaign-sf1,mado,tpch,Q06,Simple,postgresql,non-indexed,1,3,3,-1,django,sql,q06s2,2,1.395072,,ok,,15min,1.17,127395,126102667961136,2026-09-05T10:38:50.344+00:00
3bd49bd6827e,campaign-sf1,mado,tpch,Q06,Simple,postgresql,non-indexed,1,3,3,-1,django,orm,q06s2,2,2.092213,,ok,,15min,1.16,127395,126102667961136,2026-09-05T10:38:52.437+00:00
3bd49bd6827e,campaign-sf1,mado,tpch,Q06,Simple,postgresql,non-indexed,1,3,3,-1,sqlalchemy,sql,q06s2,2,1.393966,,ok,,15min,1.16,127395,126102667961136,2026-09-05T10:38:53.831+00:00
3bd49bd6827e,campaign-sf1,mado,tpch,Q06,Simple,postgresql,non-indexed,1,3,3,-1,sqlalchemy,orm,q06s2,2,1.395866,,ok,,15min,1.16,127395,126102667961136,2026-09-05T10:38:55.227+00:00
3bd49bd6827e,campaign-sf1,mado,tpch,Q06,Simple,postgresql,non-indexed,1,3,3,0,sqlalchemy,sql,q06s2,0,1.396832,1,ok,,15min,1.15,127395,126102667961136,2026-09-05T10:38:56.624+00:00
3bd49bd6827e,campaign-sf1,mado,tpch,Q06,Simple,postgresql,non-indexed,1,3,3,1,django,sql,q06s2,0,1.392716,1,ok,,15min,1.15,127395,126102667961136,2026-09-05T10:38:58.017+00:00
3bd49bd6827e,campaign-sf1,mado,tpch,Q06,Simple,postgresql,non-indexed,1,3,3,2,sqlalchemy,orm,q06s2,0,1.396894,1,ok,,15min,1.15,127395,126102667961136,2026-09-05T10:38:59.414+00:00
3bd49bd6827e,campaign-sf1,mado,tpch,Q06,Simple,postgresql,non-indexed,1,3,3,3,django,orm,q06s2,0,2.091175,1,ok,,15min,1.15,127395,126102667961136,2026-09-05T10:39:01.505+00:00
3bd49bd6827e,campaign-sf1,mado,tpch,Q06,Simple,postgresql,non-indexed,1,4,1,-1,django,sql,q06s3,2,1.396667,,ok,,15min,1.13,127395,126102667961136,2026-09-05T10:39:02.906+00:00
3bd49bd6827e,campaign-sf1,mado,tpch,Q06,Simple,postgresql,non-indexed,1,4,1,-1,django,orm,q06s3,2,2.063023,,ok,,15min,1.13,127395,126102667961136,2026-09-05T10:39:04.969+00:00
3bd49bd6827e,campaign-sf1,mado,tpch,Q06,Simple,postgresql,non-indexed,1,4,1,-1,sqlalchemy,sql,q06s3,2,1.493643,,ok,,15min,1.13,127395,126102667961136,2026-09-05T10:39:06.463+00:00
3bd49bd6827e,campaign-sf1,mado,tpch,Q06,Simple,postgresql,non-indexed,1,4,1,-1,sqlalchemy,orm,q06s3,2,1.396159,,ok,,15min,1.12,127395,126102667961136,2026-09-05T10:39:07.859+00:00
3bd49bd6827e,campaign-sf1,mado,tpch,Q06,Simple,postgresql,non-indexed,1,4,1,0,django,orm,q06s3,0,2.06261,1,ok,,15min,1.12,127395,126102667961136,2026-09-05T10:39:09.922+00:00
3bd49bd6827e,campaign-sf1,mado,tpch,Q06,Simple,postgresql,non-indexed,1,4,1,1,sqlalchemy,orm,q06s3,0,1.399384,1,ok,,15min,1.12,127395,126102667961136,2026-09-05T10:39:11.322+00:00
3bd49bd6827e,campaign-sf1,mado,tpch,Q06,Simple,postgresql,non-indexed,1,4,1,2,django,sql,q06s3,0,1.401212,1,ok,,15min,1.11,127395,126102667961136,2026-09-05T10:39:12.723+00:00
3bd49bd6827e,campaign-sf1,mado,tpch,Q06,Simple,postgresql,non-indexed,1,4,1,3,sqlalchemy,sql,q06s3,0,1.396488,1,ok,,15min,1.11,127395,126102667961136,2026-09-05T10:39:14.120+00:00
3bd49bd6827e,campaign-sf1,mado,tpch,Q06,Simple,postgresql,non-indexed,1,5,1,-1,django,sql,q06s4,2,1.403271,,ok,,15min,1.11,127395,126102667961136,2026-09-05T10:39:15.528+00:00
3bd49bd6827e,campaign-sf1,mado,tpch,Q06,Simple,postgresql,non-indexed,1,5,1,-1,django,orm,q06s4,2,2.088324,,ok,,15min,1.1,127395,126102667961136,2026-09-05T10:39:17.616+00:00
3bd49bd6827e,campaign-sf1,mado,tpch,Q06,Simple,postgresql,non-indexed,1,5,1,-1,sqlalchemy,sql,q06s4,2,1.402415,,ok,,15min,1.1,127395,126102667961136,2026-09-05T10:39:19.018+00:00
3bd49bd6827e,campaign-sf1,mado,tpch,Q06,Simple,postgresql,non-indexed,1,5,1,-1,sqlalchemy,orm,q06s4,2,1.404128,,ok,,15min,1.1,127395,126102667961136,2026-09-05T10:39:20.423+00:00
3bd49bd6827e,campaign-sf1,mado,tpch,Q06,Simple,postgresql,non-indexed,1,5,1,0,django,orm,q06s4,0,2.09286,1,ok,,15min,1.1,127395,126102667961136,2026-09-05T10:39:22.516+00:00
3bd49bd6827e,campaign-sf1,mado,tpch,Q06,Simple,postgresql,non-indexed,1,5,1,1,sqlalchemy,orm,q06s4,0,1.401402,1,ok,,15min,1.1,127395,126102667961136,2026-09-05T10:39:23.917+00:00
3bd49bd6827e,campaign-sf1,mado,tpch,Q06,Simple,postgresql,non-indexed,1,5,1,2,django,sql,q06s4,0,1.402232,1,ok,,15min,1.1,127395,126102667961136,2026-09-05T10:39:25.319+00:00
3bd49bd6827e,campaign-sf1,mado,tpch,Q06,Simple,postgresql,non-indexed,1,5,1,3,sqlalchemy,sql,q06s4,0,1.403743,1,ok,,15min,1.09,127395,126102667961136,2026-09-05T10:39:26.723+00:00
3bd49bd6827e,campaign-sf1,mado,tpch,Q06,Simple,postgresql,non-indexed,1,6,0,-1,django,sql,q06s5,2,1.372382,,ok,,15min,1.09,127395,126102667961136,2026-09-05T10:39:28.100+00:00
3bd49bd6827e,campaign-sf1,mado,tpch,Q06,Simple,postgresql,non-indexed,1,6,0,-1,django,orm,q06s5,2,1.902967,,ok,,15min,1.09,127395,126102667961136,2026-09-05T10:39:30.003+00:00
3bd49bd6827e,campaign-sf1,mado,tpch,Q06,Simple,postgresql,non-indexed,1,6,0,-1,sqlalchemy,sql,q06s5,2,1.374547,,ok,,15min,1.09,127395,126102667961136,2026-09-05T10:39:31.378+00:00
3bd49bd6827e,campaign-sf1,mado,tpch,Q06,Simple,postgresql,non-indexed,1,6,0,-1,sqlalchemy,orm,q06s5,2,1.371679,,ok,,15min,1.16,127395,126102667961136,2026-09-05T10:39:32.750+00:00
3bd49bd6827e,campaign-sf1,mado,tpch,Q06,Simple,postgresql,non-indexed,1,6,0,0,django,sql,q06s5,0,1.374137,1,ok,,15min,1.16,127395,126102667961136,2026-09-05T10:39:34.124+00:00
3bd49bd6827e,campaign-sf1,mado,tpch,Q06,Simple,postgresql,non-indexed,1,6,0,1,django,orm,q06s5,0,1.901405,1,ok,,15min,1.16,127395,126102667961136,2026-09-05T10:39:36.026+00:00
3bd49bd6827e,campaign-sf1,mado,tpch,Q06,Simple,postgresql,non-indexed,1,6,0,2,sqlalchemy,sql,q06s5,0,1.373176,1,ok,,15min,1.15,127395,126102667961136,2026-09-05T10:39:37.399+00:00
3bd49bd6827e,campaign-sf1,mado,tpch,Q06,Simple,postgresql,non-indexed,1,6,0,3,sqlalchemy,orm,q06s5,0,1.370646,1,ok,,15min,1.15,127395,126102667961136,2026-09-05T10:39:38.770+00:00
3bd49bd6827e,campaign-sf1,mado,tpch,Q06,Simple,postgresql,non-indexed,1,7,3,-1,django,sql,q06s6,2,1.385017,,ok,,15min,1.15,127395,126102667961136,2026-09-05T10:39:40.159+00:00
3bd49bd6827e,campaign-sf1,mado,tpch,Q06,Simple,postgresql,non-indexed,1,7,3,-1,django,orm,q06s6,2,2.007701,,ok,,15min,1.14,127395,126102667961136,2026-09-05T10:39:42.167+00:00
3bd49bd6827e,campaign-sf1,mado,tpch,Q06,Simple,postgresql,non-indexed,1,7,3,-1,sqlalchemy,sql,q06s6,2,1.384376,,ok,,15min,1.14,127395,126102667961136,2026-09-05T10:39:43.552+00:00
3bd49bd6827e,campaign-sf1,mado,tpch,Q06,Simple,postgresql,non-indexed,1,7,3,-1,sqlalchemy,orm,q06s6,2,1.384519,,ok,,15min,1.14,127395,126102667961136,2026-09-05T10:39:44.936+00:00
3bd49bd6827e,campaign-sf1,mado,tpch,Q06,Simple,postgresql,non-indexed,1,7,3,0,sqlalchemy,sql,q06s6,0,1.383207,1,ok,,15min,1.14,127395,126102667961136,2026-09-05T10:39:46.320+00:00
3bd49bd6827e,campaign-sf1,mado,tpch,Q06,Simple,postgresql,non-indexed,1,7,3,1,django,sql,q06s6,0,1.387909,1,ok,,15min,1.12,127395,126102667961136,2026-09-05T10:39:47.708+00:00
3bd49bd6827e,campaign-sf1,mado,tpch,Q06,Simple,postgresql,non-indexed,1,7,3,2,sqlalchemy,orm,q06s6,0,1.383114,1,ok,,15min,1.12,127395,126102667961136,2026-09-05T10:39:49.091+00:00
3bd49bd6827e,campaign-sf1,mado,tpch,Q06,Simple,postgresql,non-indexed,1,7,3,3,django,orm,q06s6,0,2.008954,1,ok,,15min,1.12,127395,126102667961136,2026-09-05T10:39:51.100+00:00
3bd49bd6827e,campaign-sf1,mado,tpch,Q06,Simple,postgresql,non-indexed,1,8,2,-1,django,sql,q06s7,2,1.365592,,ok,,15min,1.11,127395,126102667961136,2026-09-05T10:39:52.470+00:00
3bd49bd6827e,campaign-sf1,mado,tpch,Q06,Simple,postgresql,non-indexed,1,8,2,-1,django,orm,q06s7,2,1.948033,,ok,,15min,1.11,127395,126102667961136,2026-09-05T10:39:54.418+00:00
3bd49bd6827e,campaign-sf1,mado,tpch,Q06,Simple,postgresql,non-indexed,1,8,2,-1,sqlalchemy,sql,q06s7,2,1.362197,,ok,,15min,1.11,127395,126102667961136,2026-09-05T10:39:55.780+00:00
3bd49bd6827e,campaign-sf1,mado,tpch,Q06,Simple,postgresql,non-indexed,1,8,2,-1,sqlalchemy,orm,q06s7,2,1.363512,,ok,,15min,1.1,127395,126102667961136,2026-09-05T10:39:57.144+00:00
3bd49bd6827e,campaign-sf1,mado,tpch,Q06,Simple,postgresql,non-indexed,1,8,2,0,sqlalchemy,orm,q06s7,0,1.366494,1,ok,,15min,1.1,127395,126102667961136,2026-09-05T10:39:58.511+00:00
3bd49bd6827e,campaign-sf1,mado,tpch,Q06,Simple,postgresql,non-indexed,1,8,2,1,sqlalchemy,sql,q06s7,0,1.360252,1,ok,,15min,1.1,127395,126102667961136,2026-09-05T10:39:59.871+00:00
3bd49bd6827e,campaign-sf1,mado,tpch,Q06,Simple,postgresql,non-indexed,1,8,2,2,django,orm,q06s7,0,1.955819,1,ok,,15min,1.1,127395,126102667961136,2026-09-05T10:40:01.827+00:00
3bd49bd6827e,campaign-sf1,mado,tpch,Q06,Simple,postgresql,non-indexed,1,8,2,3,django,sql,q06s7,0,1.362645,1,ok,,15min,1.1,127395,126102667961136,2026-09-05T10:40:03.190+00:00
09c97a8b3f7b,campaign-sf1,mado,tpch,Q07,Complex,postgresql,non-indexed,1,0,3,0,sqlalchemy,sql,q07warm,1,2.056741,4,ok,,15min,1.1,127685,124318519502048,2026-09-05T10:40:06.502+00:00
09c97a8b3f7b,campaign-sf1,mado,tpch,Q07,Complex,postgresql,non-indexed,1,0,3,1,django,sql,q07warm,1,2.053043,4,ok,,15min,1.09,127685,124318519502048,2026-09-05T10:40:08.555+00:00
09c97a8b3f7b,campaign-sf1,mado,tpch,Q07,Complex,postgresql,non-indexed,1,0,3,2,sqlalchemy,orm,q07warm,1,1.903195,4,ok,,15min,1.09,127685,124318519502048,2026-09-05T10:40:10.459+00:00
09c97a8b3f7b,campaign-sf1,mado,tpch,Q07,Complex,postgresql,non-indexed,1,0,3,3,django,orm,q07warm,1,1.890608,4,ok,,15min,1.08,127685,124318519502048,2026-09-05T10:40:12.349+00:00
09c97a8b3f7b,campaign-sf1,mado,tpch,Q07,Complex,postgresql,non-indexed,1,1,1,-1,django,sql,q07s0,2,1.864699,,ok,,15min,1.08,127685,124318519502048,2026-09-05T10:40:14.219+00:00
09c97a8b3f7b,campaign-sf1,mado,tpch,Q07,Complex,postgresql,non-indexed,1,1,1,-1,django,orm,q07s0,2,1.858227,,ok,,15min,1.08,127685,124318519502048,2026-09-05T10:40:16.077+00:00
09c97a8b3f7b,campaign-sf1,mado,tpch,Q07,Complex,postgresql,non-indexed,1,1,1,-1,sqlalchemy,sql,q07s0,2,1.860202,,ok,,15min,1.07,127685,124318519502048,2026-09-05T10:40:17.937+00:00
09c97a8b3f7b,campaign-sf1,mado,tpch,Q07,Complex,postgresql,non-indexed,1,1,1,-1,sqlalchemy,orm,q07s0,2,1.857304,,ok,,15min,1.07,127685,124318519502048,2026-09-05T10:40:19.795+00:00
09c97a8b3f7b,campaign-sf1,mado,tpch,Q07,Complex,postgresql,non-indexed,1,1,1,0,django,orm,q07s0,0,1.866921,4,ok,,15min,1.07,127685,124318519502048,2026-09-05T10:40:21.662+00:00
09c97a8b3f7b,campaign-sf1,mado,tpch,Q07,Complex,postgresql,non-indexed,1,1,1,1,sqlalchemy,orm,q07s0,0,1.859056,4,ok,,15min,1.07,127685,124318519502048,2026-09-05T10:40:23.521+00:00
09c97a8b3f7b,campaign-sf1,mado,tpch,Q07,Complex,postgresql,non-indexed,1,1,1,2,django,sql,q07s0,0,1.825605,4,ok,,15min,1.07,127685,124318519502048,2026-09-05T10:40:25.347+00:00
09c97a8b3f7b,campaign-sf1,mado,tpch,Q07,Complex,postgresql,non-indexed,1,1,1,3,sqlalchemy,sql,q07s0,0,1.862225,4,ok,,15min,1.06,127685,124318519502048,2026-09-05T10:40:27.209+00:00
09c97a8b3f7b,campaign-sf1,mado,tpch,Q07,Complex,postgresql,non-indexed,1,2,3,-1,django,sql,q07s1,2,1.865559,,ok,,15min,1.06,127685,124318519502048,2026-09-05T10:40:29.079+00:00
09c97a8b3f7b,campaign-sf1,mado,tpch,Q07,Complex,postgresql,non-indexed,1,2,3,-1,django,orm,q07s1,2,1.860068,,ok,,15min,1.06,127685,124318519502048,2026-09-05T10:40:30.939+00:00
09c97a8b3f7b,campaign-sf1,mado,tpch,Q07,Complex,postgresql,non-indexed,1,2,3,-1,sqlalchemy,sql,q07s1,2,1.860888,,ok,,15min,1.06,127685,124318519502048,2026-09-05T10:40:32.800+00:00
09c97a8b3f7b,campaign-sf1,mado,tpch,Q07,Complex,postgresql,non-indexed,1,2,3,-1,sqlalchemy,orm,q07s1,2,1.859346,,ok,,15min,1.06,127685,124318519502048,2026-09-05T10:40:34.660+00:00
09c97a8b3f7b,campaign-sf1,mado,tpch,Q07,Complex,postgresql,non-indexed,1,2,3,0,sqlalchemy,sql,q07s1,0,1.87027,4,ok,,15min,1.06,127685,124318519502048,2026-09-05T10:40:36.530+00:00
09c97a8b3f7b,campaign-sf1,mado,tpch,Q07,Complex,postgresql,non-indexed,1,2,3,1,django,sql,q07s1,0,1.860356,4,ok,,15min,1.05,127685,124318519502048,2026-09-05T10:40:38.391+00:00
09c97a8b3f7b,campaign-sf1,mado,tpch,Q07,Complex,postgresql,non-indexed,1,2,3,2,sqlalchemy,orm,q07s1,0,1.860451,4,ok,,15min,1.05,127685,124318519502048,2026-09-05T10:40:40.251+00:00
09c97a8b3f7b,campaign-sf1,mado,tpch,Q07,Complex,postgresql,non-indexed,1,2,3,3,django,orm,q07s1,0,1.822405,4,ok,,15min,1.05,127685,124318519502048,2026-09-05T10:40:42.074+00:00
09c97a8b3f7b,campaign-sf1,mado,tpch,Q07,Complex,postgresql,non-indexed,1,3,0,-1,django,sql,q07s2,2,1.843462,,ok,,15min,1.05,127685,124318519502048,2026-09-05T10:40:43.922+00:00
09c97a8b3f7b,campaign-sf1,mado,tpch,Q07,Complex,postgresql,non-indexed,1,3,0,-1,django,orm,q07s2,2,1.850149,,ok,,15min,1.05,127685,124318519502048,2026-09-05T10:40:45.772+00:00
09c97a8b3f7b,campaign-sf1,mado,tpch,Q07,Complex,postgresql,non-indexed,1,3,0,-1,sqlalchemy,sql,q07s2,2,1.853496,,ok,,15min,1.04,127685,124318519502048,2026-09-05T10:40:47.626+00:00
09c97a8b3f7b,campaign-sf1,mado,tpch,Q07,Complex,postgresql,non-indexed,1,3,0,-1,sqlalchemy,orm,q07s2,2,1.84389,,ok,,15min,1.04,127685,124318519502048,2026-09-05T10:40:49.470+00:00
09c97a8b3f7b,campaign-sf1,mado,tpch,Q07,Complex,postgresql,non-indexed,1,3,0,0,django,sql,q07s2,0,1.857352,4,ok,,15min,1.04,127685,124318519502048,2026-09-05T10:40:51.327+00:00
09c97a8b3f7b,campaign-sf1,mado,tpch,Q07,Complex,postgresql,non-indexed,1,3,0,1,django,orm,q07s2,0,1.842611,4,ok,,15min,1.04,127685,124318519502048,2026-09-05T10:40:53.170+00:00
09c97a8b3f7b,campaign-sf1,mado,tpch,Q07,Complex,postgresql,non-indexed,1,3,0,2,sqlalchemy,sql,q07s2,0,1.844218,4,ok,,15min,1.04,127685,124318519502048,2026-09-05T10:40:55.014+00:00
09c97a8b3f7b,campaign-sf1,mado,tpch,Q07,Complex,postgresql,non-indexed,1,3,0,3,sqlalchemy,orm,q07s2,0,1.832992,4,ok,,15min,1.04,127685,124318519502048,2026-09-05T10:40:56.847+00:00
09c97a8b3f7b,campaign-sf1,mado,tpch,Q07,Complex,postgresql,non-indexed,1,4,2,-1,django,sql,q07s3,2,1.874318,,ok,,15min,1.04,127685,124318519502048,2026-09-05T10:40:58.726+00:00
09c97a8b3f7b,campaign-sf1,mado,tpch,Q07,Complex,postgresql,non-indexed,1,4,2,-1,django,orm,q07s3,2,1.867229,,ok,,15min,1.04,127685,124318519502048,2026-09-05T10:41:00.594+00:00
09c97a8b3f7b,campaign-sf1,mado,tpch,Q07,Complex,postgresql,non-indexed,1,4,2,-1,sqlalchemy,sql,q07s3,2,1.852109,,ok,,15min,1.03,127685,124318519502048,2026-09-05T10:41:02.446+00:00
09c97a8b3f7b,campaign-sf1,mado,tpch,Q07,Complex,postgresql,non-indexed,1,4,2,-1,sqlalchemy,orm,q07s3,2,1.848512,,ok,,15min,1.03,127685,124318519502048,2026-09-05T10:41:04.294+00:00
09c97a8b3f7b,campaign-sf1,mado,tpch,Q07,Complex,postgresql,non-indexed,1,4,2,0,sqlalchemy,orm,q07s3,0,1.849754,4,ok,,15min,1.03,127685,124318519502048,2026-09-05T10:41:06.144+00:00
09c97a8b3f7b,campaign-sf1,mado,tpch,Q07,Complex,postgresql,non-indexed,1,4,2,1,sqlalchemy,sql,q07s3,0,1.850831,4,ok,,15min,1.03,127685,124318519502048,2026-09-05T10:41:07.995+00:00
09c97a8b3f7b,campaign-sf1,mado,tpch,Q07,Complex,postgresql,non-indexed,1,4,2,2,django,orm,q07s3,0,1.874961,4,ok,,15min,1.03,127685,124318519502048,2026-09-05T10:41:09.870+00:00
09c97a8b3f7b,campaign-sf1,mado,tpch,Q07,Complex,postgresql,non-indexed,1,4,2,3,django,sql,q07s3,0,1.866176,4,ok,,15min,1.03,127685,124318519502048,2026-09-05T10:41:11.737+00:00
09c97a8b3f7b,campaign-sf1,mado,tpch,Q07,Complex,postgresql,non-indexed,1,5,0,-1,django,sql,q07s4,2,1.85371,,ok,,15min,1.03,127685,124318519502048,2026-09-05T10:41:13.595+00:00
09c97a8b3f7b,campaign-sf1,mado,tpch,Q07,Complex,postgresql,non-indexed,1,5,0,-1,django,orm,q07s4,2,1.835122,,ok,,15min,1.03,127685,124318519502048,2026-09-05T10:41:15.430+00:00
09c97a8b3f7b,campaign-sf1,mado,tpch,Q07,Complex,postgresql,non-indexed,1,5,0,-1,sqlalchemy,sql,q07s4,2,1.844627,,ok,,15min,1.02,127685,124318519502048,2026-09-05T10:41:17.275+00:00
09c97a8b3f7b,campaign-sf1,mado,tpch,Q07,Complex,postgresql,non-indexed,1,5,0,-1,sqlalchemy,orm,q07s4,2,1.835099,,ok,,15min,1.02,127685,124318519502048,2026-09-05T10:41:19.110+00:00
09c97a8b3f7b,campaign-sf1,mado,tpch,Q07,Complex,postgresql,non-indexed,1,5,0,0,django,sql,q07s4,0,1.852269,4,ok,,15min,1.02,127685,124318519502048,2026-09-05T10:41:20.962+00:00
09c97a8b3f7b,campaign-sf1,mado,tpch,Q07,Complex,postgresql,non-indexed,1,5,0,1,django,orm,q07s4,0,1.851093,4,ok,,15min,1.02,127685,124318519502048,2026-09-05T10:41:22.814+00:00
09c97a8b3f7b,campaign-sf1,mado,tpch,Q07,Complex,postgresql,non-indexed,1,5,0,2,sqlalchemy,sql,q07s4,0,1.839399,4,ok,,15min,1.02,127685,124318519502048,2026-09-05T10:41:24.653+00:00
09c97a8b3f7b,campaign-sf1,mado,tpch,Q07,Complex,postgresql,non-indexed,1,5,0,3,sqlalchemy,orm,q07s4,0,1.840398,4,ok,,15min,1.02,127685,124318519502048,2026-09-05T10:41:26.494+00:00
09c97a8b3f7b,campaign-sf1,mado,tpch,Q07,Complex,postgresql,non-indexed,1,6,1,-1,django,sql,q07s5,2,1.860832,,ok,,15min,1.02,127685,124318519502048,2026-09-05T10:41:28.359+00:00
09c97a8b3f7b,campaign-sf1,mado,tpch,Q07,Complex,postgresql,non-indexed,1,6,1,-1,django,orm,q07s5,2,1.854987,,ok,,15min,1.02,127685,124318519502048,2026-09-05T10:41:30.214+00:00
09c97a8b3f7b,campaign-sf1,mado,tpch,Q07,Complex,postgresql,non-indexed,1,6,1,-1,sqlalchemy,sql,q07s5,2,1.849063,,ok,,15min,1.02,127685,124318519502048,2026-09-05T10:41:32.063+00:00
09c97a8b3f7b,campaign-sf1,mado,tpch,Q07,Complex,postgresql,non-indexed,1,6,1,-1,sqlalchemy,orm,q07s5,2,1.84245,,ok,,15min,1.02,127685,124318519502048,2026-09-05T10:41:33.906+00:00
09c97a8b3f7b,campaign-sf1,mado,tpch,Q07,Complex,postgresql,non-indexed,1,6,1,0,django,orm,q07s5,0,1.852128,4,ok,,15min,1.02,127685,124318519502048,2026-09-05T10:41:35.758+00:00
09c97a8b3f7b,campaign-sf1,mado,tpch,Q07,Complex,postgresql,non-indexed,1,6,1,1,sqlalchemy,orm,q07s5,0,1.846245,4,ok,,15min,1.02,127685,124318519502048,2026-09-05T10:41:37.604+00:00
09c97a8b3f7b,campaign-sf1,mado,tpch,Q07,Complex,postgresql,non-indexed,1,6,1,2,django,sql,q07s5,0,1.861681,4,ok,,15min,1.02,127685,124318519502048,2026-09-05T10:41:39.466+00:00
09c97a8b3f7b,campaign-sf1,mado,tpch,Q07,Complex,postgresql,non-indexed,1,6,1,3,sqlalchemy,sql,q07s5,0,1.807998,4,ok,,15min,1.02,127685,124318519502048,2026-09-05T10:41:41.274+00:00
09c97a8b3f7b,campaign-sf1,mado,tpch,Q07,Complex,postgresql,non-indexed,1,7,3,-1,django,sql,q07s6,2,1.849124,,ok,,15min,1.02,127685,124318519502048,2026-09-05T10:41:43.128+00:00
09c97a8b3f7b,campaign-sf1,mado,tpch,Q07,Complex,postgresql,non-indexed,1,7,3,-1,django,orm,q07s6,2,1.854328,,ok,,15min,1.02,127685,124318519502048,2026-09-05T10:41:44.982+00:00
09c97a8b3f7b,campaign-sf1,mado,tpch,Q07,Complex,postgresql,non-indexed,1,7,3,-1,sqlalchemy,sql,q07s6,2,1.857744,,ok,,15min,1.01,127685,124318519502048,2026-09-05T10:41:46.840+00:00
09c97a8b3f7b,campaign-sf1,mado,tpch,Q07,Complex,postgresql,non-indexed,1,7,3,-1,sqlalchemy,orm,q07s6,2,1.845374,,ok,,15min,1.01,127685,124318519502048,2026-09-05T10:41:48.686+00:00
09c97a8b3f7b,campaign-sf1,mado,tpch,Q07,Complex,postgresql,non-indexed,1,7,3,0,sqlalchemy,sql,q07s6,0,1.846685,4,ok,,15min,1.01,127685,124318519502048,2026-09-05T10:41:50.532+00:00
09c97a8b3f7b,campaign-sf1,mado,tpch,Q07,Complex,postgresql,non-indexed,1,7,3,1,django,sql,q07s6,0,1.864154,4,ok,,15min,1.01,127685,124318519502048,2026-09-05T10:41:52.397+00:00
09c97a8b3f7b,campaign-sf1,mado,tpch,Q07,Complex,postgresql,non-indexed,1,7,3,2,sqlalchemy,orm,q07s6,0,1.854175,4,ok,,15min,1.01,127685,124318519502048,2026-09-05T10:41:54.251+00:00
09c97a8b3f7b,campaign-sf1,mado,tpch,Q07,Complex,postgresql,non-indexed,1,7,3,3,django,orm,q07s6,0,1.864905,4,ok,,15min,1.01,127685,124318519502048,2026-09-05T10:41:56.116+00:00
09c97a8b3f7b,campaign-sf1,mado,tpch,Q07,Complex,postgresql,non-indexed,1,8,2,-1,django,sql,q07s7,2,1.858219,,ok,,15min,1.01,127685,124318519502048,2026-09-05T10:41:57.979+00:00
09c97a8b3f7b,campaign-sf1,mado,tpch,Q07,Complex,postgresql,non-indexed,1,8,2,-1,django,orm,q07s7,2,1.858433,,ok,,15min,1.01,127685,124318519502048,2026-09-05T10:41:59.837+00:00
09c97a8b3f7b,campaign-sf1,mado,tpch,Q07,Complex,postgresql,non-indexed,1,8,2,-1,sqlalchemy,sql,q07s7,2,1.865366,,ok,,15min,1.01,127685,124318519502048,2026-09-05T10:42:01.703+00:00
09c97a8b3f7b,campaign-sf1,mado,tpch,Q07,Complex,postgresql,non-indexed,1,8,2,-1,sqlalchemy,orm,q07s7,2,1.851297,,ok,,15min,1.01,127685,124318519502048,2026-09-05T10:42:03.554+00:00
09c97a8b3f7b,campaign-sf1,mado,tpch,Q07,Complex,postgresql,non-indexed,1,8,2,0,sqlalchemy,orm,q07s7,0,1.863698,4,ok,,15min,1.01,127685,124318519502048,2026-09-05T10:42:05.418+00:00
09c97a8b3f7b,campaign-sf1,mado,tpch,Q07,Complex,postgresql,non-indexed,1,8,2,1,sqlalchemy,sql,q07s7,0,1.854969,4,ok,,15min,1.01,127685,124318519502048,2026-09-05T10:42:07.273+00:00
09c97a8b3f7b,campaign-sf1,mado,tpch,Q07,Complex,postgresql,non-indexed,1,8,2,2,django,orm,q07s7,0,1.859085,4,ok,,15min,1.01,127685,124318519502048,2026-09-05T10:42:09.132+00:00
09c97a8b3f7b,campaign-sf1,mado,tpch,Q07,Complex,postgresql,non-indexed,1,8,2,3,django,sql,q07s7,0,1.854381,4,ok,,15min,1.01,127685,124318519502048,2026-09-05T10:42:10.987+00:00
29044f480917,campaign-sf1,mado,tpch,Q08,Very Complex,postgresql,non-indexed,1,0,2,0,sqlalchemy,orm,q08warm,1,1.845931,2,ok,,15min,1.09,127721,130376940610544,2026-09-05T10:42:14.081+00:00
29044f480917,campaign-sf1,mado,tpch,Q08,Very Complex,postgresql,non-indexed,1,0,2,1,sqlalchemy,sql,q08warm,1,1.307149,2,ok,,15min,1.09,127721,130376940610544,2026-09-05T10:42:15.388+00:00
29044f480917,campaign-sf1,mado,tpch,Q08,Very Complex,postgresql,non-indexed,1,0,2,2,django,orm,q08warm,1,1.54333,2,ok,,15min,1.08,127721,130376940610544,2026-09-05T10:42:16.932+00:00
29044f480917,campaign-sf1,mado,tpch,Q08,Very Complex,postgresql,non-indexed,1,0,2,3,django,sql,q08warm,1,1.348672,2,ok,,15min,1.08,127721,130376940610544,2026-09-05T10:42:18.281+00:00
29044f480917,campaign-sf1,mado,tpch,Q08,Very Complex,postgresql,non-indexed,1,1,3,-1,django,sql,q08s0,2,1.380198,,ok,,15min,1.08,127721,130376940610544,2026-09-05T10:42:19.665+00:00
29044f480917,campaign-sf1,mado,tpch,Q08,Very Complex,postgresql,non-indexed,1,1,3,-1,django,orm,q08s0,2,1.372437,,ok,,15min,1.08,127721,130376940610544,2026-09-05T10:42:21.038+00:00
29044f480917,campaign-sf1,mado,tpch,Q08,Very Complex,postgresql,non-indexed,1,1,3,-1,sqlalchemy,sql,q08s0,2,1.357941,,ok,,15min,1.07,127721,130376940610544,2026-09-05T10:42:22.396+00:00
29044f480917,campaign-sf1,mado,tpch,Q08,Very Complex,postgresql,non-indexed,1,1,3,-1,sqlalchemy,orm,q08s0,2,1.363757,,ok,,15min,1.07,127721,130376940610544,2026-09-05T10:42:23.760+00:00
29044f480917,campaign-sf1,mado,tpch,Q08,Very Complex,postgresql,non-indexed,1,1,3,0,sqlalchemy,sql,q08s0,0,1.3498,2,ok,,15min,1.07,127721,130376940610544,2026-09-05T10:42:25.110+00:00
29044f480917,campaign-sf1,mado,tpch,Q08,Very Complex,postgresql,non-indexed,1,1,3,1,django,sql,q08s0,0,1.362762,2,ok,,15min,1.07,127721,130376940610544,2026-09-05T10:42:26.473+00:00
29044f480917,campaign-sf1,mado,tpch,Q08,Very Complex,postgresql,non-indexed,1,1,3,2,sqlalchemy,orm,q08s0,0,1.359655,2,ok,,15min,1.07,127721,130376940610544,2026-09-05T10:42:27.832+00:00
29044f480917,campaign-sf1,mado,tpch,Q08,Very Complex,postgresql,non-indexed,1,1,3,3,django,orm,q08s0,0,1.371109,2,ok,,15min,1.07,127721,130376940610544,2026-09-05T10:42:29.204+00:00
29044f480917,campaign-sf1,mado,tpch,Q08,Very Complex,postgresql,non-indexed,1,2,0,-1,django,sql,q08s1,2,1.32967,,ok,,15min,1.07,127721,130376940610544,2026-09-05T10:42:30.538+00:00
29044f480917,campaign-sf1,mado,tpch,Q08,Very Complex,postgresql,non-indexed,1,2,0,-1,django,orm,q08s1,2,1.335929,,ok,,15min,1.06,127721,130376940610544,2026-09-05T10:42:31.874+00:00
29044f480917,campaign-sf1,mado,tpch,Q08,Very Complex,postgresql,non-indexed,1,2,0,-1,sqlalchemy,sql,q08s1,2,1.317879,,ok,,15min,1.06,127721,130376940610544,2026-09-05T10:42:33.192+00:00
29044f480917,campaign-sf1,mado,tpch,Q08,Very Complex,postgresql,non-indexed,1,2,0,-1,sqlalchemy,orm,q08s1,2,1.325813,,ok,,15min,1.06,127721,130376940610544,2026-09-05T10:42:34.518+00:00
29044f480917,campaign-sf1,mado,tpch,Q08,Very Complex,postgresql,non-indexed,1,2,0,0,django,sql,q08s1,0,1.319793,2,ok,,15min,1.06,127721,130376940610544,2026-09-05T10:42:35.838+00:00
29044f480917,campaign-sf1,mado,tpch,Q08,Very Complex,postgresql,non-indexed,1,2,0,1,django,orm,q08s1,0,1.332519,2,ok,,15min,1.06,127721,130376940610544,2026-09-05T10:42:37.170+00:00
29044f480917,campaign-sf1,mado,tpch,Q08,Very Complex,postgresql,non-indexed,1,2,0,2,sqlalchemy,sql,q08s1,0,1.321543,2,ok,,15min,1.06,127721,130376940610544,2026-09-05T10:42:38.492+00:00
29044f480917,campaign-sf1,mado,tpch,Q08,Very Complex,postgresql,non-indexed,1,2,0,3,sqlalchemy,orm,q08s1,0,1.327177,2,ok,,15min,1.06,127721,130376940610544,2026-09-05T10:42:39.819+00:00
29044f480917,campaign-sf1,mado,tpch,Q08,Very Complex,postgresql,non-indexed,1,3,1,-1,django,sql,q08s2,2,1.340055,,ok,,15min,1.06,127721,130376940610544,2026-09-05T10:42:41.164+00:00
29044f480917,campaign-sf1,mado,tpch,Q08,Very Complex,postgresql,non-indexed,1,3,1,-1,django,orm,q08s2,2,1.349237,,ok,,15min,1.05,127721,130376940610544,2026-09-05T10:42:42.513+00:00
29044f480917,campaign-sf1,mado,tpch,Q08,Very Complex,postgresql,non-indexed,1,3,1,-1,sqlalchemy,sql,q08s2,2,1.327534,,ok,,15min,1.05,127721,130376940610544,2026-09-05T10:42:43.841+00:00
29044f480917,campaign-sf1,mado,tpch,Q08,Very Complex,postgresql,non-indexed,1,3,1,-1,sqlalchemy,orm,q08s2,2,1.331121,,ok,,15min,1.05,127721,130376940610544,2026-09-05T10:42:45.172+00:00
29044f480917,campaign-sf1,mado,tpch,Q08,Very Complex,postgresql,non-indexed,1,3,1,0,django,orm,q08s2,0,1.337562,2,ok,,15min,1.05,127721,130376940610544,2026-09-05T10:42:46.510+00:00
29044f480917,campaign-sf1,mado,tpch,Q08,Very Complex,postgresql,non-indexed,1,3,1,1,sqlalchemy,orm,q08s2,0,1.335961,2,ok,,15min,1.05,127721,130376940610544,2026-09-05T10:42:47.846+00:00
29044f480917,campaign-sf1,mado,tpch,Q08,Very Complex,postgresql,non-indexed,1,3,1,2,django,sql,q08s2,0,1.336103,2,ok,,15min,1.05,127721,130376940610544,2026-09-05T10:42:49.182+00:00
29044f480917,campaign-sf1,mado,tpch,Q08,Very Complex,postgresql,non-indexed,1,3,1,3,sqlalchemy,sql,q08s2,0,1.330904,2,ok,,15min,1.05,127721,130376940610544,2026-09-05T10:42:50.513+00:00
29044f480917,campaign-sf1,mado,tpch,Q08,Very Complex,postgresql,non-indexed,1,4,2,-1,django,sql,q08s3,2,1.323898,,ok,,15min,1.04,127721,130376940610544,2026-09-05T10:42:51.841+00:00
29044f480917,campaign-sf1,mado,tpch,Q08,Very Complex,postgresql,non-indexed,1,4,2,-1,django,orm,q08s3,2,1.328831,,ok,,15min,1.04,127721,130376940610544,2026-09-05T10:42:53.170+00:00
29044f480917,campaign-sf1,mado,tpch,Q08,Very Complex,postgresql,non-indexed,1,4,2,-1,sqlalchemy,sql,q08s3,2,1.319573,,ok,,15min,1.04,127721,130376940610544,2026-09-05T10:42:54.490+00:00
29044f480917,campaign-sf1,mado,tpch,Q08,Very Complex,postgresql,non-indexed,1,4,2,-1,sqlalchemy,orm,q08s3,2,1.321873,,ok,,15min,1.04,127721,130376940610544,2026-09-05T10:42:55.812+00:00
29044f480917,campaign-sf1,mado,tpch,Q08,Very Complex,postgresql,non-indexed,1,4,2,0,sqlalchemy,orm,q08s3,0,1.318239,2,ok,,15min,1.04,127721,130376940610544,2026-09-05T10:42:57.130+00:00
29044f480917,campaign-sf1,mado,tpch,Q08,Very Complex,postgresql,non-indexed,1,4,2,1,sqlalchemy,sql,q08s3,0,1.319631,2,ok,,15min,1.04,127721,130376940610544,2026-09-05T10:42:58.450+00:00
29044f480917,campaign-sf1,mado,tpch,Q08,Very Complex,postgresql,non-indexed,1,4,2,2,django,orm,q08s3,0,1.321751,2,ok,,15min,1.04,127721,130376940610544,2026-09-05T10:42:59.772+00:00
29044f480917,campaign-sf1,mado,tpch,Q08,Very Complex,postgresql,non-indexed,1,4,2,3,django,sql,q08s3,0,1.325352,2,ok,,15min,1.04,127721,130376940610544,2026-09-05T10:43:01.097+00:00
29044f480917,campaign-sf1,mado,tpch,Q08,Very Complex,postgresql,non-indexed,1,5,1,-1,django,sql,q08s4,2,1.3483,,ok,,15min,1.04,127721,130376940610544,2026-09-05T10:43:02.450+00:00
29044f480917,campaign-sf1,mado,tpch,Q08,Very Complex,postgresql,non-indexed,1,5,1,-1,django,orm,q08s4,2,1.350763,,ok,,15min,1.04,127721,130376940610544,2026-09-05T10:43:03.801+00:00
29044f480917,campaign-sf1,mado,tpch,Q08,Very Complex,postgresql,non-indexed,1,5,1,-1,sqlalchemy,sql,q08s4,2,1.343828,,ok,,15min,1.04,127721,130376940610544,2026-09-05T10:43:05.145+00:00
29044f480917,campaign-sf1,mado,tpch,Q08,Very Complex,postgresql,non-indexed,1,5,1,-1,sqlalchemy,orm,q08s4,2,1.345484,,ok,,15min,1.04,127721,130376940610544,2026-09-05T10:43:06.490+00:00
29044f480917,campaign-sf1,mado,tpch,Q08,Very Complex,postgresql,non-indexed,1,5,1,0,django,orm,q08s4,0,1.355681,2,ok,,15min,1.03,127721,130376940610544,2026-09-05T10:43:07.846+00:00
29044f480917,campaign-sf1,mado,tpch,Q08,Very Complex,postgresql,non-indexed,1,5,1,1,sqlalchemy,orm,q08s4,0,1.349448,2,ok,,15min,1.03,127721,130376940610544,2026-09-05T10:43:09.196+00:00
29044f480917,campaign-sf1,mado,tpch,Q08,Very Complex,postgresql,non-indexed,1,5,1,2,django,sql,q08s4,0,1.347303,2,ok,,15min,1.03,127721,130376940610544,2026-09-05T10:43:10.543+00:00
29044f480917,campaign-sf1,mado,tpch,Q08,Very Complex,postgresql,non-indexed,1,5,1,3,sqlalchemy,sql,q08s4,0,1.339639,2,ok,,15min,1.03,127721,130376940610544,2026-09-05T10:43:11.883+00:00
29044f480917,campaign-sf1,mado,tpch,Q08,Very Complex,postgresql,non-indexed,1,6,0,-1,django,sql,q08s5,2,1.329107,,ok,,15min,1.03,127721,130376940610544,2026-09-05T10:43:13.216+00:00
29044f480917,campaign-sf1,mado,tpch,Q08,Very Complex,postgresql,non-indexed,1,6,0,-1,django,orm,q08s5,2,1.338627,,ok,,15min,1.03,127721,130376940610544,2026-09-05T10:43:14.555+00:00
29044f480917,campaign-sf1,mado,tpch,Q08,Very Complex,postgresql,non-indexed,1,6,0,-1,sqlalchemy,sql,q08s5,2,1.322114,,ok,,15min,1.03,127721,130376940610544,2026-09-05T10:43:15.877+00:00
29044f480917,campaign-sf1,mado,tpch,Q08,Very Complex,postgresql,non-indexed,1,6,0,-1,sqlalchemy,orm,q08s5,2,1.329088,,ok,,15min,1.03,127721,130376940610544,2026-09-05T10:43:17.206+00:00
29044f480917,campaign-sf1,mado,tpch,Q08,Very Complex,postgresql,non-indexed,1,6,0,0,django,sql,q08s5,0,1.329348,2,ok,,15min,1.03,127721,130376940610544,2026-09-05T10:43:18.536+00:00
29044f480917,campaign-sf1,mado,tpch,Q08,Very Complex,postgresql,non-indexed,1,6,0,1,django,orm,q08s5,0,1.335136,2,ok,,15min,1.03,127721,130376940610544,2026-09-05T10:43:19.871+00:00
29044f480917,campaign-sf1,mado,tpch,Q08,Very Complex,postgresql,non-indexed,1,6,0,2,sqlalchemy,sql,q08s5,0,1.32793,2,ok,,15min,1.03,127721,130376940610544,2026-09-05T10:43:21.199+00:00
29044f480917,campaign-sf1,mado,tpch,Q08,Very Complex,postgresql,non-indexed,1,6,0,3,sqlalchemy,orm,q08s5,0,1.331366,2,ok,,15min,1.03,127721,130376940610544,2026-09-05T10:43:22.531+00:00
29044f480917,campaign-sf1,mado,tpch,Q08,Very Complex,postgresql,non-indexed,1,7,2,-1,django,sql,q08s6,2,1.32502,,ok,,15min,1.03,127721,130376940610544,2026-09-05T10:43:23.860+00:00
29044f480917,campaign-sf1,mado,tpch,Q08,Very Complex,postgresql,non-indexed,1,7,2,-1,django,orm,q08s6,2,1.336959,,ok,,15min,1.03,127721,130376940610544,2026-09-05T10:43:25.197+00:00
29044f480917,campaign-sf1,mado,tpch,Q08,Very Complex,postgresql,non-indexed,1,7,2,-1,sqlalchemy,sql,q08s6,2,1.320944,,ok,,15min,1.03,127721,130376940610544,2026-09-05T10:43:26.518+00:00
29044f480917,campaign-sf1,mado,tpch,Q08,Very Complex,postgresql,non-indexed,1,7,2,-1,sqlalchemy,orm,q08s6,2,1.331439,,ok,,15min,1.02,127721,130376940610544,2026-09-05T10:43:27.850+00:00
29044f480917,campaign-sf1,mado,tpch,Q08,Very Complex,postgresql,non-indexed,1,7,2,0,sqlalchemy,orm,q08s6,0,1.331696,2,ok,,15min,1.02,127721,130376940610544,2026-09-05T10:43:29.182+00:00
29044f480917,campaign-sf1,mado,tpch,Q08,Very Complex,postgresql,non-indexed,1,7,2,1,sqlalchemy,sql,q08s6,0,1.327229,2,ok,,15min,1.02,127721,130376940610544,2026-09-05T10:43:30.509+00:00
29044f480917,campaign-sf1,mado,tpch,Q08,Very Complex,postgresql,non-indexed,1,7,2,2,django,orm,q08s6,0,1.335039,2,ok,,15min,1.02,127721,130376940610544,2026-09-05T10:43:31.844+00:00
29044f480917,campaign-sf1,mado,tpch,Q08,Very Complex,postgresql,non-indexed,1,7,2,3,django,sql,q08s6,0,1.334438,2,ok,,15min,1.02,127721,130376940610544,2026-09-05T10:43:33.179+00:00
29044f480917,campaign-sf1,mado,tpch,Q08,Very Complex,postgresql,non-indexed,1,8,3,-1,django,sql,q08s7,2,1.327114,,ok,,15min,1.02,127721,130376940610544,2026-09-05T10:43:34.510+00:00
29044f480917,campaign-sf1,mado,tpch,Q08,Very Complex,postgresql,non-indexed,1,8,3,-1,django,orm,q08s7,2,1.323808,,ok,,15min,1.02,127721,130376940610544,2026-09-05T10:43:35.834+00:00
29044f480917,campaign-sf1,mado,tpch,Q08,Very Complex,postgresql,non-indexed,1,8,3,-1,sqlalchemy,sql,q08s7,2,1.31554,,ok,,15min,1.02,127721,130376940610544,2026-09-05T10:43:37.150+00:00
29044f480917,campaign-sf1,mado,tpch,Q08,Very Complex,postgresql,non-indexed,1,8,3,-1,sqlalchemy,orm,q08s7,2,1.323457,,ok,,15min,1.02,127721,130376940610544,2026-09-05T10:43:38.473+00:00
29044f480917,campaign-sf1,mado,tpch,Q08,Very Complex,postgresql,non-indexed,1,8,3,0,sqlalchemy,sql,q08s7,0,1.315615,2,ok,,15min,1.02,127721,130376940610544,2026-09-05T10:43:39.789+00:00
29044f480917,campaign-sf1,mado,tpch,Q08,Very Complex,postgresql,non-indexed,1,8,3,1,django,sql,q08s7,0,1.320289,2,ok,,15min,1.02,127721,130376940610544,2026-09-05T10:43:41.110+00:00
29044f480917,campaign-sf1,mado,tpch,Q08,Very Complex,postgresql,non-indexed,1,8,3,2,sqlalchemy,orm,q08s7,0,1.324541,2,ok,,15min,1.02,127721,130376940610544,2026-09-05T10:43:42.434+00:00
29044f480917,campaign-sf1,mado,tpch,Q08,Very Complex,postgresql,non-indexed,1,8,3,3,django,orm,q08s7,0,1.334014,2,ok,,15min,1.02,127721,130376940610544,2026-09-05T10:43:43.768+00:00
148743f975af,campaign-sf1,mado,tpch,Q09,Very Complex,postgresql,non-indexed,1,0,3,0,sqlalchemy,sql,q09warm,1,5.082267,175,ok,,15min,1.02,127755,132690809971600,2026-09-05T10:43:50.103+00:00
148743f975af,campaign-sf1,mado,tpch,Q09,Very Complex,postgresql,non-indexed,1,0,3,1,django,sql,q09warm,1,5.084083,175,ok,,15min,1.01,127755,132690809971600,2026-09-05T10:43:55.187+00:00
148743f975af,campaign-sf1,mado,tpch,Q09,Very Complex,postgresql,non-indexed,1,0,3,2,sqlalchemy,orm,q09warm,1,4.958263,175,ok,,15min,1.01,127755,132690809971600,2026-09-05T10:44:00.146+00:00
148743f975af,campaign-sf1,mado,tpch,Q09,Very Complex,postgresql,non-indexed,1,0,3,3,django,orm,q09warm,1,4.95438,175,ok,,15min,1.01,127755,132690809971600,2026-09-05T10:44:05.100+00:00
148743f975af,campaign-sf1,mado,tpch,Q09,Very Complex,postgresql,non-indexed,1,1,2,-1,django,sql,q09s0,2,4.850589,,ok,,15min,1.01,127755,132690809971600,2026-09-05T10:44:09.955+00:00
148743f975af,campaign-sf1,mado,tpch,Q09,Very Complex,postgresql,non-indexed,1,1,2,-1,django,orm,q09s0,2,4.789582,,ok,,15min,1.01,127755,132690809971600,2026-09-05T10:44:14.745+00:00
148743f975af,campaign-sf1,mado,tpch,Q09,Very Complex,postgresql,non-indexed,1,1,2,-1,sqlalchemy,sql,q09s0,2,4.883849,,ok,,15min,1.01,127755,132690809971600,2026-09-05T10:44:19.629+00:00
148743f975af,campaign-sf1,mado,tpch,Q09,Very Complex,postgresql,non-indexed,1,1,2,-1,sqlalchemy,orm,q09s0,2,4.902131,,ok,,15min,1.01,127755,132690809971600,2026-09-05T10:44:24.531+00:00
148743f975af,campaign-sf1,mado,tpch,Q09,Very Complex,postgresql,non-indexed,1,1,2,0,sqlalchemy,orm,q09s0,0,4.888931,175,ok,,15min,1.01,127755,132690809971600,2026-09-05T10:44:29.420+00:00
148743f975af,campaign-sf1,mado,tpch,Q09,Very Complex,postgresql,non-indexed,1,1,2,1,sqlalchemy,sql,q09s0,0,4.881255,175,ok,,15min,1.01,127755,132690809971600,2026-09-05T10:44:34.302+00:00
148743f975af,campaign-sf1,mado,tpch,Q09,Very Complex,postgresql,non-indexed,1,1,2,2,django,orm,q09s0,0,4.783697,175,ok,,15min,1.0,127755,132690809971600,2026-09-05T10:44:39.086+00:00
148743f975af,campaign-sf1,mado,tpch,Q09,Very Complex,postgresql,non-indexed,1,1,2,3,django,sql,q09s0,0,4.84773,175,ok,,15min,1.0,127755,132690809971600,2026-09-05T10:44:43.933+00:00
148743f975af,campaign-sf1,mado,tpch,Q09,Very Complex,postgresql,non-indexed,1,2,0,-1,django,sql,q09s1,2,4.733702,,ok,,15min,1.0,127755,132690809971600,2026-09-05T10:44:48.672+00:00
148743f975af,campaign-sf1,mado,tpch,Q09,Very Complex,postgresql,non-indexed,1,2,0,-1,django,orm,q09s1,2,4.499149,,ok,,15min,1.0,127755,132690809971600,2026-09-05T10:44:53.171+00:00
148743f975af,campaign-sf1,mado,tpch,Q09,Very Complex,postgresql,non-indexed,1,2,0,-1,sqlalchemy,sql,q09s1,2,4.771965,,ok,,15min,1.0,127755,132690809971600,2026-09-05T10:44:57.943+00:00
148743f975af,campaign-sf1,mado,tpch,Q09,Very Complex,postgresql,non-indexed,1,2,0,-1,sqlalchemy,orm,q09s1,2,4.780345,,ok,,15min,1.0,127755,132690809971600,2026-09-05T10:45:02.724+00:00
148743f975af,campaign-sf1,mado,tpch,Q09,Very Complex,postgresql,non-indexed,1,2,0,0,django,sql,q09s1,0,4.74041,175,ok,,15min,1.0,127755,132690809971600,2026-09-05T10:45:07.464+00:00
148743f975af,campaign-sf1,mado,tpch,Q09,Very Complex,postgresql,non-indexed,1,2,0,1,django,orm,q09s1,0,4.497047,175,ok,,15min,1.0,127755,132690809971600,2026-09-05T10:45:11.961+00:00
148743f975af,campaign-sf1,mado,tpch,Q09,Very Complex,postgresql,non-indexed,1,2,0,2,sqlalchemy,sql,q09s1,0,4.76179,175,ok,,15min,1.0,127755,132690809971600,2026-09-05T10:45:16.723+00:00
148743f975af,campaign-sf1,mado,tpch,Q09,Very Complex,postgresql,non-indexed,1,2,0,3,sqlalchemy,orm,q09s1,0,4.765859,175,ok,,15min,1.0,127755,132690809971600,2026-09-05T10:45:21.489+00:00
148743f975af,campaign-sf1,mado,tpch,Q09,Very Complex,postgresql,non-indexed,1,3,1,-1,django,sql,q09s2,2,4.72301,,ok,,15min,1.0,127755,132690809971600,2026-09-05T10:45:26.217+00:00
148743f975af,campaign-sf1,mado,tpch,Q09,Very Complex,postgresql,non-indexed,1,3,1,-1,django,orm,q09s2,2,4.479157,,ok,,15min,1.0,127755,132690809971600,2026-09-05T10:45:30.696+00:00
148743f975af,campaign-sf1,mado,tpch,Q09,Very Complex,postgresql,non-indexed,1,3,1,-1,sqlalchemy,sql,q09s2,2,4.75552,,ok,,15min,1.0,127755,132690809971600,2026-09-05T10:45:35.451+00:00
148743f975af,campaign-sf1,mado,tpch,Q09,Very Complex,postgresql,non-indexed,1,3,1,-1,sqlalchemy,orm,q09s2,2,4.755452,,ok,,15min,1.0,127755,132690809971600,2026-09-05T10:45:40.207+00:00
148743f975af,campaign-sf1,mado,tpch,Q09,Very Complex,postgresql,non-indexed,1,3,1,0,django,orm,q09s2,0,4.492876,175,ok,,15min,1.0,127755,132690809971600,2026-09-05T10:45:44.700+00:00
148743f975af,campaign-sf1,mado,tpch,Q09,Very Complex,postgresql,non-indexed,1,3,1,1,sqlalchemy,orm,q09s2,0,4.752614,175,ok,,15min,1.0,127755,132690809971600,2026-09-05T10:45:49.453+00:00
148743f975af,campaign-sf1,mado,tpch,Q09,Very Complex,postgresql,non-indexed,1,3,1,2,django,sql,q09s2,0,4.713309,175,ok,,15min,1.0,127755,132690809971600,2026-09-05T10:45:54.166+00:00
148743f975af,campaign-sf1,mado,tpch,Q09,Very Complex,postgresql,non-indexed,1,3,1,3,sqlalchemy,sql,q09s2,0,4.766487,175,ok,,15min,1.0,127755,132690809971600,2026-09-05T10:45:58.933+00:00
148743f975af,campaign-sf1,mado,tpch,Q09,Very Complex,postgresql,non-indexed,1,4,3,-1,django,sql,q09s3,2,4.78596,,ok,,15min,1.0,127755,132690809971600,2026-09-05T10:46:03.724+00:00
148743f975af,campaign-sf1,mado,tpch,Q09,Very Complex,postgresql,non-indexed,1,4,3,-1,django,orm,q09s3,2,4.528766,,ok,,15min,1.0,127755,132690809971600,2026-09-05T10:46:08.252+00:00
148743f975af,campaign-sf1,mado,tpch,Q09,Very Complex,postgresql,non-indexed,1,4,3,-1,sqlalchemy,sql,q09s3,2,4.830473,,ok,,15min,1.0,127755,132690809971600,2026-09-05T10:46:13.083+00:00
148743f975af,campaign-sf1,mado,tpch,Q09,Very Complex,postgresql,non-indexed,1,4,3,-1,sqlalchemy,orm,q09s3,2,4.830944,,ok,,15min,1.0,127755,132690809971600,2026-09-05T10:46:17.914+00:00
148743f975af,campaign-sf1,mado,tpch,Q09,Very Complex,postgresql,non-indexed,1,4,3,0,sqlalchemy,sql,q09s3,0,4.820355,175,ok,,15min,1.0,127755,132690809971600,2026-09-05T10:46:22.734+00:00
148743f975af,campaign-sf1,mado,tpch,Q09,Very Complex,postgresql,non-indexed,1,4,3,1,django,sql,q09s3,0,4.793384,175,ok,,15min,1.0,127755,132690809971600,2026-09-05T10:46:27.528+00:00
148743f975af,campaign-sf1,mado,tpch,Q09,Very Complex,postgresql,non-indexed,1,4,3,2,sqlalchemy,orm,q09s3,0,4.837993,175,ok,,15min,1.0,127755,132690809971600,2026-09-05T10:46:32.366+00:00
148743f975af,campaign-sf1,mado,tpch,Q09,Very Complex,postgresql,non-indexed,1,4,3,3,django,orm,q09s3,0,4.544979,175,ok,,15min,1.0,127755,132690809971600,2026-09-05T10:46:36.911+00:00
148743f975af,campaign-sf1,mado,tpch,Q09,Very Complex,postgresql,non-indexed,1,5,2,-1,django,sql,q09s4,2,4.811932,,ok,,15min,1.0,127755,132690809971600,2026-09-05T10:46:41.728+00:00
148743f975af,campaign-sf1,mado,tpch,Q09,Very Complex,postgresql,non-indexed,1,5,2,-1,django,orm,q09s4,2,4.520135,,ok,,15min,1.0,127755,132690809971600,2026-09-05T10:46:46.248+00:00
148743f975af,campaign-sf1,mado,tpch,Q09,Very Complex,postgresql,non-indexed,1,5,2,-1,sqlalchemy,sql,q09s4,2,4.888841,,ok,,15min,1.0,127755,132690809971600,2026-09-05T10:46:51.137+00:00
148743f975af,campaign-sf1,mado,tpch,Q09,Very Complex,postgresql,non-indexed,1,5,2,-1,sqlalchemy,orm,q09s4,2,5.02259,,ok,,15min,1.24,127755,132690809971600,2026-09-05T10:46:56.159+00:00
148743f975af,campaign-sf1,mado,tpch,Q09,Very Complex,postgresql,non-indexed,1,5,2,0,sqlalchemy,orm,q09s4,0,4.854733,175,ok,,15min,1.22,127755,132690809971600,2026-09-05T10:47:01.014+00:00
148743f975af,campaign-sf1,mado,tpch,Q09,Very Complex,postgresql,non-indexed,1,5,2,1,sqlalchemy,sql,q09s4,0,4.841297,175,ok,,15min,1.2,127755,132690809971600,2026-09-05T10:47:05.856+00:00
148743f975af,campaign-sf1,mado,tpch,Q09,Very Complex,postgresql,non-indexed,1,5,2,2,django,orm,q09s4,0,4.546514,175,ok,,15min,1.19,127755,132690809971600,2026-09-05T10:47:10.402+00:00
148743f975af,campaign-sf1,mado,tpch,Q09,Very Complex,postgresql,non-indexed,1,5,2,3,django,sql,q09s4,0,4.797394,175,ok,,15min,1.17,127755,132690809971600,2026-09-05T10:47:15.200+00:00
148743f975af,campaign-sf1,mado,tpch,Q09,Very Complex,postgresql,non-indexed,1,6,1,-1,django,sql,q09s5,2,4.773035,,ok,,15min,1.16,127755,132690809971600,2026-09-05T10:47:19.978+00:00
148743f975af,campaign-sf1,mado,tpch,Q09,Very Complex,postgresql,non-indexed,1,6,1,-1,django,orm,q09s5,2,4.554158,,ok,,15min,1.14,127755,132690809971600,2026-09-05T10:47:24.532+00:00
148743f975af,campaign-sf1,mado,tpch,Q09,Very Complex,postgresql,non-indexed,1,6,1,-1,sqlalchemy,sql,q09s5,2,4.826975,,ok,,15min,1.13,127755,132690809971600,2026-09-05T10:47:29.359+00:00
148743f975af,campaign-sf1,mado,tpch,Q09,Very Complex,postgresql,non-indexed,1,6,1,-1,sqlalchemy,orm,q09s5,2,4.805787,,ok,,15min,1.12,127755,132690809971600,2026-09-05T10:47:34.165+00:00
148743f975af,campaign-sf1,mado,tpch,Q09,Very Complex,postgresql,non-indexed,1,6,1,0,django,orm,q09s5,0,4.563892,175,ok,,15min,1.11,127755,132690809971600,2026-09-05T10:47:38.729+00:00
148743f975af,campaign-sf1,mado,tpch,Q09,Very Complex,postgresql,non-indexed,1,6,1,1,sqlalchemy,orm,q09s5,0,4.800591,175,ok,,15min,1.1,127755,132690809971600,2026-09-05T10:47:43.529+00:00
148743f975af,campaign-sf1,mado,tpch,Q09,Very Complex,postgresql,non-indexed,1,6,1,2,django,sql,q09s5,0,4.778446,175,ok,,15min,1.09,127755,132690809971600,2026-09-05T10:47:48.308+00:00
148743f975af,campaign-sf1,mado,tpch,Q09,Very Complex,postgresql,non-indexed,1,6,1,3,sqlalchemy,sql,q09s5,0,4.821373,175,ok,,15min,1.09,127755,132690809971600,2026-09-05T10:47:53.129+00:00
148743f975af,campaign-sf1,mado,tpch,Q09,Very Complex,postgresql,non-indexed,1,7,0,-1,django,sql,q09s6,2,4.771998,,ok,,15min,1.08,127755,132690809971600,2026-09-05T10:47:57.906+00:00
148743f975af,campaign-sf1,mado,tpch,Q09,Very Complex,postgresql,non-indexed,1,7,0,-1,django,orm,q09s6,2,4.527257,,ok,,15min,1.07,127755,132690809971600,2026-09-05T10:48:02.434+00:00
148743f975af,campaign-sf1,mado,tpch,Q09,Very Complex,postgresql,non-indexed,1,7,0,-1,sqlalchemy,sql,q09s6,2,4.811895,,ok,,15min,1.07,127755,132690809971600,2026-09-05T10:48:07.245+00:00
148743f975af,campaign-sf1,mado,tpch,Q09,Very Complex,postgresql,non-indexed,1,7,0,-1,sqlalchemy,orm,q09s6,2,4.806249,,ok,,15min,1.06,127755,132690809971600,2026-09-05T10:48:12.052+00:00
148743f975af,campaign-sf1,mado,tpch,Q09,Very Complex,postgresql,non-indexed,1,7,0,0,django,sql,q09s6,0,4.793839,175,ok,,15min,1.06,127755,132690809971600,2026-09-05T10:48:16.846+00:00
148743f975af,campaign-sf1,mado,tpch,Q09,Very Complex,postgresql,non-indexed,1,7,0,1,django,orm,q09s6,0,4.560173,175,ok,,15min,1.06,127755,132690809971600,2026-09-05T10:48:21.406+00:00
148743f975af,campaign-sf1,mado,tpch,Q09,Very Complex,postgresql,non-indexed,1,7,0,2,sqlalchemy,sql,q09s6,0,4.79079,175,ok,,15min,1.05,127755,132690809971600,2026-09-05T10:48:26.197+00:00
148743f975af,campaign-sf1,mado,tpch,Q09,Very Complex,postgresql,non-indexed,1,7,0,3,sqlalchemy,orm,q09s6,0,4.776045,175,ok,,15min,1.05,127755,132690809971600,2026-09-05T10:48:30.973+00:00
148743f975af,campaign-sf1,mado,tpch,Q09,Very Complex,postgresql,non-indexed,1,8,3,-1,django,sql,q09s7,2,4.752856,,ok,,15min,1.04,127755,132690809971600,2026-09-05T10:48:35.730+00:00
148743f975af,campaign-sf1,mado,tpch,Q09,Very Complex,postgresql,non-indexed,1,8,3,-1,django,orm,q09s7,2,4.504847,,ok,,15min,1.04,127755,132690809971600,2026-09-05T10:48:40.235+00:00
148743f975af,campaign-sf1,mado,tpch,Q09,Very Complex,postgresql,non-indexed,1,8,3,-1,sqlalchemy,sql,q09s7,2,4.760774,,ok,,15min,1.12,127755,132690809971600,2026-09-05T10:48:44.996+00:00
148743f975af,campaign-sf1,mado,tpch,Q09,Very Complex,postgresql,non-indexed,1,8,3,-1,sqlalchemy,orm,q09s7,2,4.748921,,ok,,15min,1.11,127755,132690809971600,2026-09-05T10:48:49.745+00:00
148743f975af,campaign-sf1,mado,tpch,Q09,Very Complex,postgresql,non-indexed,1,8,3,0,sqlalchemy,sql,q09s7,0,4.758667,175,ok,,15min,1.1,127755,132690809971600,2026-09-05T10:48:54.504+00:00
148743f975af,campaign-sf1,mado,tpch,Q09,Very Complex,postgresql,non-indexed,1,8,3,1,django,sql,q09s7,0,4.754566,175,ok,,15min,1.09,127755,132690809971600,2026-09-05T10:48:59.259+00:00
148743f975af,campaign-sf1,mado,tpch,Q09,Very Complex,postgresql,non-indexed,1,8,3,2,sqlalchemy,orm,q09s7,0,4.758365,175,ok,,15min,1.08,127755,132690809971600,2026-09-05T10:49:04.017+00:00
148743f975af,campaign-sf1,mado,tpch,Q09,Very Complex,postgresql,non-indexed,1,8,3,3,django,orm,q09s7,0,4.519717,175,ok,,15min,1.08,127755,132690809971600,2026-09-05T10:49:08.537+00:00
51733ab51041,campaign-sf1,mado,tpch,Q10,Complex,postgresql,non-indexed,1,0,0,0,django,sql,q10warm,1,2.287889,20,ok,,15min,1.07,127839,134540697281760,2026-09-05T10:49:12.078+00:00
51733ab51041,campaign-sf1,mado,tpch,Q10,Complex,postgresql,non-indexed,1,0,0,1,django,orm,q10warm,1,2.160139,20,ok,,15min,1.07,127839,134540697281760,2026-09-05T10:49:14.238+00:00
51733ab51041,campaign-sf1,mado,tpch,Q10,Complex,postgresql,non-indexed,1,0,0,2,sqlalchemy,sql,q10warm,1,2.291891,20,ok,,15min,1.07,127839,134540697281760,2026-09-05T10:49:16.530+00:00
51733ab51041,campaign-sf1,mado,tpch,Q10,Complex,postgresql,non-indexed,1,0,0,3,sqlalchemy,orm,q10warm,1,2.137077,20,ok,,15min,1.06,127839,134540697281760,2026-09-05T10:49:18.667+00:00
51733ab51041,campaign-sf1,mado,tpch,Q10,Complex,postgresql,non-indexed,1,1,1,-1,django,sql,q10s0,2,2.080447,,ok,,15min,1.06,127839,134540697281760,2026-09-05T10:49:20.752+00:00
51733ab51041,campaign-sf1,mado,tpch,Q10,Complex,postgresql,non-indexed,1,1,1,-1,django,orm,q10s0,2,2.159989,,ok,,15min,1.06,127839,134540697281760,2026-09-05T10:49:22.912+00:00
51733ab51041,campaign-sf1,mado,tpch,Q10,Complex,postgresql,non-indexed,1,1,1,-1,sqlalchemy,sql,q10s0,2,2.098605,,ok,,15min,1.06,127839,134540697281760,2026-09-05T10:49:25.011+00:00
51733ab51041,campaign-sf1,mado,tpch,Q10,Complex,postgresql,non-indexed,1,1,1,-1,sqlalchemy,orm,q10s0,2,2.089406,,ok,,15min,1.05,127839,134540697281760,2026-09-05T10:49:27.100+00:00
51733ab51041,campaign-sf1,mado,tpch,Q10,Complex,postgresql,non-indexed,1,1,1,0,django,orm,q10s0,0,2.153947,20,ok,,15min,1.05,127839,134540697281760,2026-09-05T10:49:29.254+00:00
51733ab51041,campaign-sf1,mado,tpch,Q10,Complex,postgresql,non-indexed,1,1,1,1,sqlalchemy,orm,q10s0,0,2.105953,20,ok,,15min,1.05,127839,134540697281760,2026-09-05T10:49:31.360+00:00
51733ab51041,campaign-sf1,mado,tpch,Q10,Complex,postgresql,non-indexed,1,1,1,2,django,sql,q10s0,0,2.082576,20,ok,,15min,1.05,127839,134540697281760,2026-09-05T10:49:33.443+00:00
51733ab51041,campaign-sf1,mado,tpch,Q10,Complex,postgresql,non-indexed,1,1,1,3,sqlalchemy,sql,q10s0,0,2.099099,20,ok,,15min,1.05,127839,134540697281760,2026-09-05T10:49:35.542+00:00
51733ab51041,campaign-sf1,mado,tpch,Q10,Complex,postgresql,non-indexed,1,2,0,-1,django,sql,q10s1,2,2.040448,,ok,,15min,1.04,127839,134540697281760,2026-09-05T10:49:37.588+00:00
51733ab51041,campaign-sf1,mado,tpch,Q10,Complex,postgresql,non-indexed,1,2,0,-1,django,orm,q10s1,2,2.105453,,ok,,15min,1.04,127839,134540697281760,2026-09-05T10:49:39.693+00:00
51733ab51041,campaign-sf1,mado,tpch,Q10,Complex,postgresql,non-indexed,1,2,0,-1,sqlalchemy,sql,q10s1,2,2.056989,,ok,,15min,1.04,127839,134540697281760,2026-09-05T10:49:41.750+00:00
51733ab51041,campaign-sf1,mado,tpch,Q10,Complex,postgresql,non-indexed,1,2,0,-1,sqlalchemy,orm,q10s1,2,2.066751,,ok,,15min,1.04,127839,134540697281760,2026-09-05T10:49:43.817+00:00
51733ab51041,campaign-sf1,mado,tpch,Q10,Complex,postgresql,non-indexed,1,2,0,0,django,sql,q10s1,0,2.055347,20,ok,,15min,1.04,127839,134540697281760,2026-09-05T10:49:45.872+00:00
51733ab51041,campaign-sf1,mado,tpch,Q10,Complex,postgresql,non-indexed,1,2,0,1,django,orm,q10s1,0,2.120413,20,ok,,15min,1.04,127839,134540697281760,2026-09-05T10:49:47.993+00:00
51733ab51041,campaign-sf1,mado,tpch,Q10,Complex,postgresql,non-indexed,1,2,0,2,sqlalchemy,sql,q10s1,0,2.066004,20,ok,,15min,1.04,127839,134540697281760,2026-09-05T10:49:50.059+00:00
51733ab51041,campaign-sf1,mado,tpch,Q10,Complex,postgresql,non-indexed,1,2,0,3,sqlalchemy,orm,q10s1,0,2.096311,20,ok,,15min,1.11,127839,134540697281760,2026-09-05T10:49:52.155+00:00
51733ab51041,campaign-sf1,mado,tpch,Q10,Complex,postgresql,non-indexed,1,3,3,-1,django,sql,q10s2,2,2.167776,,ok,,15min,1.11,127839,134540697281760,2026-09-05T10:49:54.328+00:00
51733ab51041,campaign-sf1,mado,tpch,Q10,Complex,postgresql,non-indexed,1,3,3,-1,django,orm,q10s2,2,2.20352,,ok,,15min,1.11,127839,134540697281760,2026-09-05T10:49:56.532+00:00
51733ab51041,campaign-sf1,mado,tpch,Q10,Complex,postgresql,non-indexed,1,3,3,-1,sqlalchemy,sql,q10s2,2,2.101793,,ok,,15min,1.1,127839,134540697281760,2026-09-05T10:49:58.634+00:00
51733ab51041,campaign-sf1,mado,tpch,Q10,Complex,postgresql,non-indexed,1,3,3,-1,sqlalchemy,orm,q10s2,2,2.109664,,ok,,15min,1.1,127839,134540697281760,2026-09-05T10:50:00.743+00:00
51733ab51041,campaign-sf1,mado,tpch,Q10,Complex,postgresql,non-indexed,1,3,3,0,sqlalchemy,sql,q10s2,0,2.107999,20,ok,,15min,1.1,127839,134540697281760,2026-09-05T10:50:02.851+00:00
51733ab51041,campaign-sf1,mado,tpch,Q10,Complex,postgresql,non-indexed,1,3,3,1,django,sql,q10s2,0,2.100588,20,ok,,15min,1.1,127839,134540697281760,2026-09-05T10:50:04.952+00:00
51733ab51041,campaign-sf1,mado,tpch,Q10,Complex,postgresql,non-indexed,1,3,3,2,sqlalchemy,orm,q10s2,0,2.117965,20,ok,,15min,1.09,127839,134540697281760,2026-09-05T10:50:07.070+00:00
51733ab51041,campaign-sf1,mado,tpch,Q10,Complex,postgresql,non-indexed,1,3,3,3,django,orm,q10s2,0,2.179512,20,ok,,15min,1.09,127839,134540697281760,2026-09-05T10:50:09.250+00:00
51733ab51041,campaign-sf1,mado,tpch,Q10,Complex,postgresql,non-indexed,1,4,2,-1,django,sql,q10s3,2,2.086014,,ok,,15min,1.09,127839,134540697281760,2026-09-05T10:50:11.341+00:00
51733ab51041,campaign-sf1,mado,tpch,Q10,Complex,postgresql,non-indexed,1,4,2,-1,django,orm,q10s3,2,2.158122,,ok,,15min,1.08,127839,134540697281760,2026-09-05T10:50:13.499+00:00
51733ab51041,campaign-sf1,mado,tpch,Q10,Complex,postgresql,non-indexed,1,4,2,-1,sqlalchemy,sql,q10s3,2,2.084934,,ok,,15min,1.08,127839,134540697281760,2026-09-05T10:50:15.584+00:00
51733ab51041,campaign-sf1,mado,tpch,Q10,Complex,postgresql,non-indexed,1,4,2,-1,sqlalchemy,orm,q10s3,2,2.084634,,ok,,15min,1.07,127839,134540697281760,2026-09-05T10:50:17.669+00:00
51733ab51041,campaign-sf1,mado,tpch,Q10,Complex,postgresql,non-indexed,1,4,2,0,sqlalchemy,orm,q10s3,0,2.084205,20,ok,,15min,1.07,127839,134540697281760,2026-09-05T10:50:19.753+00:00
51733ab51041,campaign-sf1,mado,tpch,Q10,Complex,postgresql,non-indexed,1,4,2,1,sqlalchemy,sql,q10s3,0,2.089439,20,ok,,15min,1.07,127839,134540697281760,2026-09-05T10:50:21.842+00:00
51733ab51041,campaign-sf1,mado,tpch,Q10,Complex,postgresql,non-indexed,1,4,2,2,django,orm,q10s3,0,2.16879,20,ok,,15min,1.07,127839,134540697281760,2026-09-05T10:50:24.011+00:00
51733ab51041,campaign-sf1,mado,tpch,Q10,Complex,postgresql,non-indexed,1,4,2,3,django,sql,q10s3,0,2.074616,20,ok,,15min,1.07,127839,134540697281760,2026-09-05T10:50:26.086+00:00
51733ab51041,campaign-sf1,mado,tpch,Q10,Complex,postgresql,non-indexed,1,5,3,-1,django,sql,q10s4,2,2.095552,,ok,,15min,1.06,127839,134540697281760,2026-09-05T10:50:28.186+00:00
51733ab51041,campaign-sf1,mado,tpch,Q10,Complex,postgresql,non-indexed,1,5,3,-1,django,orm,q10s4,2,2.171142,,ok,,15min,1.06,127839,134540697281760,2026-09-05T10:50:30.358+00:00
51733ab51041,campaign-sf1,mado,tpch,Q10,Complex,postgresql,non-indexed,1,5,3,-1,sqlalchemy,sql,q10s4,2,2.110529,,ok,,15min,1.06,127839,134540697281760,2026-09-05T10:50:32.468+00:00
51733ab51041,campaign-sf1,mado,tpch,Q10,Complex,postgresql,non-indexed,1,5,3,-1,sqlalchemy,orm,q10s4,2,2.110891,,ok,,15min,1.06,127839,134540697281760,2026-09-05T10:50:34.579+00:00
51733ab51041,campaign-sf1,mado,tpch,Q10,Complex,postgresql,non-indexed,1,5,3,0,sqlalchemy,sql,q10s4,0,2.103771,20,ok,,15min,1.06,127839,134540697281760,2026-09-05T10:50:36.683+00:00
51733ab51041,campaign-sf1,mado,tpch,Q10,Complex,postgresql,non-indexed,1,5,3,1,django,sql,q10s4,0,2.092385,20,ok,,15min,1.05,127839,134540697281760,2026-09-05T10:50:38.776+00:00
51733ab51041,campaign-sf1,mado,tpch,Q10,Complex,postgresql,non-indexed,1,5,3,2,sqlalchemy,orm,q10s4,0,2.106599,20,ok,,15min,1.05,127839,134540697281760,2026-09-05T10:50:40.882+00:00
51733ab51041,campaign-sf1,mado,tpch,Q10,Complex,postgresql,non-indexed,1,5,3,3,django,orm,q10s4,0,2.171538,20,ok,,15min,1.05,127839,134540697281760,2026-09-05T10:50:43.054+00:00
51733ab51041,campaign-sf1,mado,tpch,Q10,Complex,postgresql,non-indexed,1,6,0,-1,django,sql,q10s5,2,2.096819,,ok,,15min,1.05,127839,134540697281760,2026-09-05T10:50:45.155+00:00
51733ab51041,campaign-sf1,mado,tpch,Q10,Complex,postgresql,non-indexed,1,6,0,-1,django,orm,q10s5,2,2.172134,,ok,,15min,1.04,127839,134540697281760,2026-09-05T10:50:47.328+00:00
51733ab51041,campaign-sf1,mado,tpch,Q10,Complex,postgresql,non-indexed,1,6,0,-1,sqlalchemy,sql,q10s5,2,2.106319,,ok,,15min,1.04,127839,134540697281760,2026-09-05T10:50:49.434+00:00
51733ab51041,campaign-sf1,mado,tpch,Q10,Complex,postgresql,non-indexed,1,6,0,-1,sqlalchemy,orm,q10s5,2,2.107292,,ok,,15min,1.04,127839,134540697281760,2026-09-05T10:50:51.541+00:00
51733ab51041,campaign-sf1,mado,tpch,Q10,Complex,postgresql,non-indexed,1,6,0,0,django,sql,q10s5,0,2.093124,20,ok,,15min,1.04,127839,134540697281760,2026-09-05T10:50:53.635+00:00
51733ab51041,campaign-sf1,mado,tpch,Q10,Complex,postgresql,non-indexed,1,6,0,1,django,orm,q10s5,0,2.167611,20,ok,,15min,1.04,127839,134540697281760,2026-09-05T10:50:55.802+00:00
51733ab51041,campaign-sf1,mado,tpch,Q10,Complex,postgresql,non-indexed,1,6,0,2,sqlalchemy,sql,q10s5,0,2.102892,20,ok,,15min,1.04,127839,134540697281760,2026-09-05T10:50:57.905+00:00
51733ab51041,campaign-sf1,mado,tpch,Q10,Complex,postgresql,non-indexed,1,6,0,3,sqlalchemy,orm,q10s5,0,2.104444,20,ok,,15min,1.04,127839,134540697281760,2026-09-05T10:51:00.010+00:00
51733ab51041,campaign-sf1,mado,tpch,Q10,Complex,postgresql,non-indexed,1,7,1,-1,django,sql,q10s6,2,2.083817,,ok,,15min,1.03,127839,134540697281760,2026-09-05T10:51:02.098+00:00
51733ab51041,campaign-sf1,mado,tpch,Q10,Complex,postgresql,non-indexed,1,7,1,-1,django,orm,q10s6,2,2.16293,,ok,,15min,1.03,127839,134540697281760,2026-09-05T10:51:04.261+00:00
51733ab51041,campaign-sf1,mado,tpch,Q10,Complex,postgresql,non-indexed,1,7,1,-1,sqlalchemy,sql,q10s6,2,2.09798,,ok,,15min,1.03,127839,134540697281760,2026-09-05T10:51:06.359+00:00
51733ab51041,campaign-sf1,mado,tpch,Q10,Complex,postgresql,non-indexed,1,7,1,-1,sqlalchemy,orm,q10s6,2,2.09485,,ok,,15min,1.03,127839,134540697281760,2026-09-05T10:51:08.454+00:00
51733ab51041,campaign-sf1,mado,tpch,Q10,Complex,postgresql,non-indexed,1,7,1,0,django,orm,q10s6,0,2.155487,20,ok,,15min,1.03,127839,134540697281760,2026-09-05T10:51:10.610+00:00
51733ab51041,campaign-sf1,mado,tpch,Q10,Complex,postgresql,non-indexed,1,7,1,1,sqlalchemy,orm,q10s6,0,2.097217,20,ok,,15min,1.03,127839,134540697281760,2026-09-05T10:51:12.707+00:00
51733ab51041,campaign-sf1,mado,tpch,Q10,Complex,postgresql,non-indexed,1,7,1,2,django,sql,q10s6,0,2.077727,20,ok,,15min,1.03,127839,134540697281760,2026-09-05T10:51:14.785+00:00
51733ab51041,campaign-sf1,mado,tpch,Q10,Complex,postgresql,non-indexed,1,7,1,3,sqlalchemy,sql,q10s6,0,2.091896,20,ok,,15min,1.03,127839,134540697281760,2026-09-05T10:51:16.877+00:00
51733ab51041,campaign-sf1,mado,tpch,Q10,Complex,postgresql,non-indexed,1,8,2,-1,django,sql,q10s7,2,2.078816,,ok,,15min,1.03,127839,134540697281760,2026-09-05T10:51:18.961+00:00
51733ab51041,campaign-sf1,mado,tpch,Q10,Complex,postgresql,non-indexed,1,8,2,-1,django,orm,q10s7,2,2.157423,,ok,,15min,1.03,127839,134540697281760,2026-09-05T10:51:21.118+00:00
51733ab51041,campaign-sf1,mado,tpch,Q10,Complex,postgresql,non-indexed,1,8,2,-1,sqlalchemy,sql,q10s7,2,2.093948,,ok,,15min,1.02,127839,134540697281760,2026-09-05T10:51:23.212+00:00
51733ab51041,campaign-sf1,mado,tpch,Q10,Complex,postgresql,non-indexed,1,8,2,-1,sqlalchemy,orm,q10s7,2,2.099566,,ok,,15min,1.02,127839,134540697281760,2026-09-05T10:51:25.312+00:00
51733ab51041,campaign-sf1,mado,tpch,Q10,Complex,postgresql,non-indexed,1,8,2,0,sqlalchemy,orm,q10s7,0,2.097555,20,ok,,15min,1.02,127839,134540697281760,2026-09-05T10:51:27.409+00:00
51733ab51041,campaign-sf1,mado,tpch,Q10,Complex,postgresql,non-indexed,1,8,2,1,sqlalchemy,sql,q10s7,0,2.093382,20,ok,,15min,1.02,127839,134540697281760,2026-09-05T10:51:29.503+00:00
51733ab51041,campaign-sf1,mado,tpch,Q10,Complex,postgresql,non-indexed,1,8,2,2,django,orm,q10s7,0,2.165393,20,ok,,15min,1.02,127839,134540697281760,2026-09-05T10:51:31.668+00:00
51733ab51041,campaign-sf1,mado,tpch,Q10,Complex,postgresql,non-indexed,1,8,2,3,django,sql,q10s7,0,2.076216,20,ok,,15min,1.02,127839,134540697281760,2026-09-05T10:51:33.745+00:00
c57e22fdff9e,campaign-sf1,mado,tpch,Q11,Medium,postgresql,non-indexed,1,0,0,0,django,sql,q11warm,1,0.404581,753,ok,,15min,1.02,127888,132678946596208,2026-09-05T10:51:35.403+00:00
c57e22fdff9e,campaign-sf1,mado,tpch,Q11,Medium,postgresql,non-indexed,1,0,0,1,django,orm,q11warm,1,0.354478,753,ok,,15min,1.02,127888,132678946596208,2026-09-05T10:51:35.758+00:00
c57e22fdff9e,campaign-sf1,mado,tpch,Q11,Medium,postgresql,non-indexed,1,0,0,2,sqlalchemy,sql,q11warm,1,0.402543,753,ok,,15min,1.02,127888,132678946596208,2026-09-05T10:51:36.161+00:00
c57e22fdff9e,campaign-sf1,mado,tpch,Q11,Medium,postgresql,non-indexed,1,0,0,3,sqlalchemy,orm,q11warm,1,0.399947,753,ok,,15min,1.02,127888,132678946596208,2026-09-05T10:51:36.561+00:00
c57e22fdff9e,campaign-sf1,mado,tpch,Q11,Medium,postgresql,non-indexed,1,1,1,-1,django,sql,q11s0,2,0.344684,,ok,,15min,1.02,127888,132678946596208,2026-09-05T10:51:36.910+00:00
c57e22fdff9e,campaign-sf1,mado,tpch,Q11,Medium,postgresql,non-indexed,1,1,1,-1,django,orm,q11s0,2,0.347318,,ok,,15min,1.02,127888,132678946596208,2026-09-05T10:51:37.257+00:00
c57e22fdff9e,campaign-sf1,mado,tpch,Q11,Medium,postgresql,non-indexed,1,1,1,-1,sqlalchemy,sql,q11s0,2,0.347444,,ok,,15min,1.02,127888,132678946596208,2026-09-05T10:51:37.605+00:00
c57e22fdff9e,campaign-sf1,mado,tpch,Q11,Medium,postgresql,non-indexed,1,1,1,-1,sqlalchemy,orm,q11s0,2,0.351936,,ok,,15min,1.02,127888,132678946596208,2026-09-05T10:51:37.957+00:00
c57e22fdff9e,campaign-sf1,mado,tpch,Q11,Medium,postgresql,non-indexed,1,1,1,0,django,orm,q11s0,0,0.343138,1048,ok,,15min,1.02,127888,132678946596208,2026-09-05T10:51:38.300+00:00
c57e22fdff9e,campaign-sf1,mado,tpch,Q11,Medium,postgresql,non-indexed,1,1,1,1,sqlalchemy,orm,q11s0,0,0.352556,1048,ok,,15min,1.02,127888,132678946596208,2026-09-05T10:51:38.653+00:00
c57e22fdff9e,campaign-sf1,mado,tpch,Q11,Medium,postgresql,non-indexed,1,1,1,2,django,sql,q11s0,0,0.344915,1048,ok,,15min,1.02,127888,132678946596208,2026-09-05T10:51:38.998+00:00
c57e22fdff9e,campaign-sf1,mado,tpch,Q11,Medium,postgresql,non-indexed,1,1,1,3,sqlalchemy,sql,q11s0,0,0.347215,1048,ok,,15min,1.02,127888,132678946596208,2026-09-05T10:51:39.345+00:00
c57e22fdff9e,campaign-sf1,mado,tpch,Q11,Medium,postgresql,non-indexed,1,2,3,-1,django,sql,q11s1,2,0.352762,,ok,,15min,1.02,127888,132678946596208,2026-09-05T10:51:39.703+00:00
c57e22fdff9e,campaign-sf1,mado,tpch,Q11,Medium,postgresql,non-indexed,1,2,3,-1,django,orm,q11s1,2,0.350152,,ok,,15min,1.02,127888,132678946596208,2026-09-05T10:51:40.053+00:00
c57e22fdff9e,campaign-sf1,mado,tpch,Q11,Medium,postgresql,non-indexed,1,2,3,-1,sqlalchemy,sql,q11s1,2,0.350555,,ok,,15min,1.02,127888,132678946596208,2026-09-05T10:51:40.403+00:00
c57e22fdff9e,campaign-sf1,mado,tpch,Q11,Medium,postgresql,non-indexed,1,2,3,-1,sqlalchemy,orm,q11s1,2,0.355049,,ok,,15min,1.02,127888,132678946596208,2026-09-05T10:51:40.759+00:00
c57e22fdff9e,campaign-sf1,mado,tpch,Q11,Medium,postgresql,non-indexed,1,2,3,0,sqlalchemy,sql,q11s1,0,0.350563,819,ok,,15min,1.02,127888,132678946596208,2026-09-05T10:51:41.109+00:00
c57e22fdff9e,campaign-sf1,mado,tpch,Q11,Medium,postgresql,non-indexed,1,2,3,1,django,sql,q11s1,0,0.348777,819,ok,,15min,1.02,127888,132678946596208,2026-09-05T10:51:41.458+00:00
c57e22fdff9e,campaign-sf1,mado,tpch,Q11,Medium,postgresql,non-indexed,1,2,3,2,sqlalchemy,orm,q11s1,0,0.35422,819,ok,,15min,1.02,127888,132678946596208,2026-09-05T10:51:41.812+00:00
c57e22fdff9e,campaign-sf1,mado,tpch,Q11,Medium,postgresql,non-indexed,1,2,3,3,django,orm,q11s1,0,0.349932,819,ok,,15min,1.02,127888,132678946596208,2026-09-05T10:51:42.162+00:00
c57e22fdff9e,campaign-sf1,mado,tpch,Q11,Medium,postgresql,non-indexed,1,3,2,-1,django,sql,q11s2,2,0.347729,,ok,,15min,1.02,127888,132678946596208,2026-09-05T10:51:42.515+00:00
c57e22fdff9e,campaign-sf1,mado,tpch,Q11,Medium,postgresql,non-indexed,1,3,2,-1,django,orm,q11s2,2,0.348982,,ok,,15min,1.02,127888,132678946596208,2026-09-05T10:51:42.864+00:00
c57e22fdff9e,campaign-sf1,mado,tpch,Q11,Medium,postgresql,non-indexed,1,3,2,-1,sqlalchemy,sql,q11s2,2,0.384815,,ok,,15min,1.02,127888,132678946596208,2026-09-05T10:51:43.249+00:00
c57e22fdff9e,campaign-sf1,mado,tpch,Q11,Medium,postgresql,non-indexed,1,3,2,-1,sqlalchemy,orm,q11s2,2,0.353218,,ok,,15min,1.02,127888,132678946596208,2026-09-05T10:51:43.602+00:00
c57e22fdff9e,campaign-sf1,mado,tpch,Q11,Medium,postgresql,non-indexed,1,3,2,0,sqlalchemy,orm,q11s2,0,0.3529,911,ok,,15min,1.02,127888,132678946596208,2026-09-05T10:51:43.955+00:00
c57e22fdff9e,campaign-sf1,mado,tpch,Q11,Medium,postgresql,non-indexed,1,3,2,1,sqlalchemy,sql,q11s2,0,0.349263,911,ok,,15min,1.02,127888,132678946596208,2026-09-05T10:51:44.304+00:00
c57e22fdff9e,campaign-sf1,mado,tpch,Q11,Medium,postgresql,non-indexed,1,3,2,2,django,orm,q11s2,0,0.345678,911,ok,,15min,1.02,127888,132678946596208,2026-09-05T10:51:44.650+00:00
c57e22fdff9e,campaign-sf1,mado,tpch,Q11,Medium,postgresql,non-indexed,1,3,2,3,django,sql,q11s2,0,0.346798,911,ok,,15min,1.02,127888,132678946596208,2026-09-05T10:51:44.997+00:00
c57e22fdff9e,campaign-sf1,mado,tpch,Q11,Medium,postgresql,non-indexed,1,4,0,-1,django,sql,q11s3,2,0.345142,,ok,,15min,1.02,127888,132678946596208,2026-09-05T10:51:45.346+00:00
c57e22fdff9e,campaign-sf1,mado,tpch,Q11,Medium,postgresql,non-indexed,1,4,0,-1,django,orm,q11s3,2,0.343577,,ok,,15min,1.02,127888,132678946596208,2026-09-05T10:51:45.690+00:00
c57e22fdff9e,campaign-sf1,mado,tpch,Q11,Medium,postgresql,non-indexed,1,4,0,-1,sqlalchemy,sql,q11s3,2,0.341358,,ok,,15min,1.02,127888,132678946596208,2026-09-05T10:51:46.032+00:00
c57e22fdff9e,campaign-sf1,mado,tpch,Q11,Medium,postgresql,non-indexed,1,4,0,-1,sqlalchemy,orm,q11s3,2,0.346677,,ok,,15min,1.02,127888,132678946596208,2026-09-05T10:51:46.378+00:00
c57e22fdff9e,campaign-sf1,mado,tpch,Q11,Medium,postgresql,non-indexed,1,4,0,0,django,sql,q11s3,0,0.341049,1217,ok,,15min,1.02,127888,132678946596208,2026-09-05T10:51:46.719+00:00
c57e22fdff9e,campaign-sf1,mado,tpch,Q11,Medium,postgresql,non-indexed,1,4,0,1,django,orm,q11s3,0,0.343398,1217,ok,,15min,1.01,127888,132678946596208,2026-09-05T10:51:47.063+00:00
c57e22fdff9e,campaign-sf1,mado,tpch,Q11,Medium,postgresql,non-indexed,1,4,0,2,sqlalchemy,sql,q11s3,0,0.342214,1217,ok,,15min,1.01,127888,132678946596208,2026-09-05T10:51:47.405+00:00
c57e22fdff9e,campaign-sf1,mado,tpch,Q11,Medium,postgresql,non-indexed,1,4,0,3,sqlalchemy,orm,q11s3,0,0.347085,1217,ok,,15min,1.01,127888,132678946596208,2026-09-05T10:51:47.752+00:00
c57e22fdff9e,campaign-sf1,mado,tpch,Q11,Medium,postgresql,non-indexed,1,5,2,-1,django,sql,q11s4,2,0.349145,,ok,,15min,1.01,127888,132678946596208,2026-09-05T10:51:48.106+00:00
c57e22fdff9e,campaign-sf1,mado,tpch,Q11,Medium,postgresql,non-indexed,1,5,2,-1,django,orm,q11s4,2,0.350763,,ok,,15min,1.01,127888,132678946596208,2026-09-05T10:51:48.457+00:00
c57e22fdff9e,campaign-sf1,mado,tpch,Q11,Medium,postgresql,non-indexed,1,5,2,-1,sqlalchemy,sql,q11s4,2,0.350555,,ok,,15min,1.01,127888,132678946596208,2026-09-05T10:51:48.808+00:00
c57e22fdff9e,campaign-sf1,mado,tpch,Q11,Medium,postgresql,non-indexed,1,5,2,-1,sqlalchemy,orm,q11s4,2,0.354458,,ok,,15min,1.01,127888,132678946596208,2026-09-05T10:51:49.162+00:00
c57e22fdff9e,campaign-sf1,mado,tpch,Q11,Medium,postgresql,non-indexed,1,5,2,0,sqlalchemy,orm,q11s4,0,0.354939,699,ok,,15min,1.01,127888,132678946596208,2026-09-05T10:51:49.517+00:00
c57e22fdff9e,campaign-sf1,mado,tpch,Q11,Medium,postgresql,non-indexed,1,5,2,1,sqlalchemy,sql,q11s4,0,0.350287,699,ok,,15min,1.01,127888,132678946596208,2026-09-05T10:51:49.868+00:00
c57e22fdff9e,campaign-sf1,mado,tpch,Q11,Medium,postgresql,non-indexed,1,5,2,2,django,orm,q11s4,0,0.347407,699,ok,,15min,1.01,127888,132678946596208,2026-09-05T10:51:50.215+00:00
c57e22fdff9e,campaign-sf1,mado,tpch,Q11,Medium,postgresql,non-indexed,1,5,2,3,django,sql,q11s4,0,0.350142,699,ok,,15min,1.01,127888,132678946596208,2026-09-05T10:51:50.565+00:00
c57e22fdff9e,campaign-sf1,mado,tpch,Q11,Medium,postgresql,non-indexed,1,6,0,-1,django,sql,q11s5,2,0.348232,,ok,,15min,1.01,127888,132678946596208,2026-09-05T10:51:50.918+00:00
c57e22fdff9e,campaign-sf1,mado,tpch,Q11,Medium,postgresql,non-indexed,1,6,0,-1,django,orm,q11s5,2,0.347033,,ok,,15min,1.01,127888,132678946596208,2026-09-05T10:51:51.265+00:00
c57e22fdff9e,campaign-sf1,mado,tpch,Q11,Medium,postgresql,non-indexed,1,6,0,-1,sqlalchemy,sql,q11s5,2,0.346646,,ok,,15min,1.01,127888,132678946596208,2026-09-05T10:51:51.612+00:00
c57e22fdff9e,campaign-sf1,mado,tpch,Q11,Medium,postgresql,non-indexed,1,6,0,-1,sqlalchemy,orm,q11s5,2,0.354936,,ok,,15min,1.01,127888,132678946596208,2026-09-05T10:51:51.967+00:00
c57e22fdff9e,campaign-sf1,mado,tpch,Q11,Medium,postgresql,non-indexed,1,6,0,0,django,sql,q11s5,0,0.345437,925,ok,,15min,1.01,127888,132678946596208,2026-09-05T10:51:52.313+00:00
c57e22fdff9e,campaign-sf1,mado,tpch,Q11,Medium,postgresql,non-indexed,1,6,0,1,django,orm,q11s5,0,0.34973,925,ok,,15min,1.01,127888,132678946596208,2026-09-05T10:51:52.663+00:00
c57e22fdff9e,campaign-sf1,mado,tpch,Q11,Medium,postgresql,non-indexed,1,6,0,2,sqlalchemy,sql,q11s5,0,0.345649,925,ok,,15min,1.01,127888,132678946596208,2026-09-05T10:51:53.008+00:00
c57e22fdff9e,campaign-sf1,mado,tpch,Q11,Medium,postgresql,non-indexed,1,6,0,3,sqlalchemy,orm,q11s5,0,0.351191,925,ok,,15min,1.01,127888,132678946596208,2026-09-05T10:51:53.360+00:00
c57e22fdff9e,campaign-sf1,mado,tpch,Q11,Medium,postgresql,non-indexed,1,7,1,-1,django,sql,q11s6,2,0.33756,,ok,,15min,1.01,127888,132678946596208,2026-09-05T10:51:53.701+00:00
c57e22fdff9e,campaign-sf1,mado,tpch,Q11,Medium,postgresql,non-indexed,1,7,1,-1,django,orm,q11s6,2,0.33932,,ok,,15min,1.01,127888,132678946596208,2026-09-05T10:51:54.040+00:00
c57e22fdff9e,campaign-sf1,mado,tpch,Q11,Medium,postgresql,non-indexed,1,7,1,-1,sqlalchemy,sql,q11s6,2,0.339275,,ok,,15min,1.01,127888,132678946596208,2026-09-05T10:51:54.379+00:00
c57e22fdff9e,campaign-sf1,mado,tpch,Q11,Medium,postgresql,non-indexed,1,7,1,-1,sqlalchemy,orm,q11s6,2,0.344693,,ok,,15min,1.01,127888,132678946596208,2026-09-05T10:51:54.724+00:00
c57e22fdff9e,campaign-sf1,mado,tpch,Q11,Medium,postgresql,non-indexed,1,7,1,0,django,orm,q11s6,0,0.336442,1469,ok,,15min,1.01,127888,132678946596208,2026-09-05T10:51:55.061+00:00
c57e22fdff9e,campaign-sf1,mado,tpch,Q11,Medium,postgresql,non-indexed,1,7,1,1,sqlalchemy,orm,q11s6,0,0.345142,1469,ok,,15min,1.01,127888,132678946596208,2026-09-05T10:51:55.406+00:00
c57e22fdff9e,campaign-sf1,mado,tpch,Q11,Medium,postgresql,non-indexed,1,7,1,2,django,sql,q11s6,0,0.337797,1469,ok,,15min,1.01,127888,132678946596208,2026-09-05T10:51:55.744+00:00
c57e22fdff9e,campaign-sf1,mado,tpch,Q11,Medium,postgresql,non-indexed,1,7,1,3,sqlalchemy,sql,q11s6,0,0.338374,1469,ok,,15min,1.01,127888,132678946596208,2026-09-05T10:51:56.082+00:00
c57e22fdff9e,campaign-sf1,mado,tpch,Q11,Medium,postgresql,non-indexed,1,8,3,-1,django,sql,q11s7,2,0.352538,,ok,,15min,1.01,127888,132678946596208,2026-09-05T10:51:56.439+00:00
c57e22fdff9e,campaign-sf1,mado,tpch,Q11,Medium,postgresql,non-indexed,1,8,3,-1,django,orm,q11s7,2,0.350128,,ok,,15min,1.01,127888,132678946596208,2026-09-05T10:51:56.790+00:00
c57e22fdff9e,campaign-sf1,mado,tpch,Q11,Medium,postgresql,non-indexed,1,8,3,-1,sqlalchemy,sql,q11s7,2,0.348963,,ok,,15min,1.01,127888,132678946596208,2026-09-05T10:51:57.139+00:00
c57e22fdff9e,campaign-sf1,mado,tpch,Q11,Medium,postgresql,non-indexed,1,8,3,-1,sqlalchemy,orm,q11s7,2,0.353647,,ok,,15min,1.01,127888,132678946596208,2026-09-05T10:51:57.492+00:00
c57e22fdff9e,campaign-sf1,mado,tpch,Q11,Medium,postgresql,non-indexed,1,8,3,0,sqlalchemy,sql,q11s7,0,0.349275,786,ok,,15min,1.01,127888,132678946596208,2026-09-05T10:51:57.842+00:00
c57e22fdff9e,campaign-sf1,mado,tpch,Q11,Medium,postgresql,non-indexed,1,8,3,1,django,sql,q11s7,0,0.348308,786,ok,,15min,1.01,127888,132678946596208,2026-09-05T10:51:58.190+00:00
c57e22fdff9e,campaign-sf1,mado,tpch,Q11,Medium,postgresql,non-indexed,1,8,3,2,sqlalchemy,orm,q11s7,0,0.353448,786,ok,,15min,1.01,127888,132678946596208,2026-09-05T10:51:58.544+00:00
c57e22fdff9e,campaign-sf1,mado,tpch,Q11,Medium,postgresql,non-indexed,1,8,3,3,django,orm,q11s7,0,0.350577,786,ok,,15min,1.01,127888,132678946596208,2026-09-05T10:51:58.894+00:00
a82a39e8b00e,campaign-sf1,mado,tpch,Q12,Medium,postgresql,non-indexed,1,0,0,0,django,sql,q12warm,1,2.760528,2,ok,,15min,1.09,127908,130509184902656,2026-09-05T10:52:02.897+00:00
a82a39e8b00e,campaign-sf1,mado,tpch,Q12,Medium,postgresql,non-indexed,1,0,0,1,django,orm,q12warm,1,2.000951,2,ok,,15min,1.09,127908,130509184902656,2026-09-05T10:52:04.898+00:00
a82a39e8b00e,campaign-sf1,mado,tpch,Q12,Medium,postgresql,non-indexed,1,0,0,2,sqlalchemy,sql,q12warm,1,2.767964,2,ok,,15min,1.08,127908,130509184902656,2026-09-05T10:52:07.666+00:00
a82a39e8b00e,campaign-sf1,mado,tpch,Q12,Medium,postgresql,non-indexed,1,0,0,3,sqlalchemy,orm,q12warm,1,2.599814,2,ok,,15min,1.08,127908,130509184902656,2026-09-05T10:52:10.266+00:00
a82a39e8b00e,campaign-sf1,mado,tpch,Q12,Medium,postgresql,non-indexed,1,1,3,-1,django,sql,q12s0,2,2.599866,,ok,,15min,1.08,127908,130509184902656,2026-09-05T10:52:12.871+00:00
a82a39e8b00e,campaign-sf1,mado,tpch,Q12,Medium,postgresql,non-indexed,1,1,3,-1,django,orm,q12s0,2,2.006811,,ok,,15min,1.08,127908,130509184902656,2026-09-05T10:52:14.878+00:00
a82a39e8b00e,campaign-sf1,mado,tpch,Q12,Medium,postgresql,non-indexed,1,1,3,-1,sqlalchemy,sql,q12s0,2,2.602603,,ok,,15min,1.07,127908,130509184902656,2026-09-05T10:52:17.480+00:00
a82a39e8b00e,campaign-sf1,mado,tpch,Q12,Medium,postgresql,non-indexed,1,1,3,-1,sqlalchemy,orm,q12s0,2,2.600884,,ok,,15min,1.07,127908,130509184902656,2026-09-05T10:52:20.081+00:00
a82a39e8b00e,campaign-sf1,mado,tpch,Q12,Medium,postgresql,non-indexed,1,1,3,0,sqlalchemy,sql,q12s0,0,2.60383,2,ok,,15min,1.06,127908,130509184902656,2026-09-05T10:52:22.685+00:00
a82a39e8b00e,campaign-sf1,mado,tpch,Q12,Medium,postgresql,non-indexed,1,1,3,1,django,sql,q12s0,0,2.583559,2,ok,,15min,1.06,127908,130509184902656,2026-09-05T10:52:25.269+00:00
a82a39e8b00e,campaign-sf1,mado,tpch,Q12,Medium,postgresql,non-indexed,1,1,3,2,sqlalchemy,orm,q12s0,0,2.602235,2,ok,,15min,1.06,127908,130509184902656,2026-09-05T10:52:27.871+00:00
a82a39e8b00e,campaign-sf1,mado,tpch,Q12,Medium,postgresql,non-indexed,1,1,3,3,django,orm,q12s0,0,1.995796,2,ok,,15min,1.06,127908,130509184902656,2026-09-05T10:52:29.867+00:00
a82a39e8b00e,campaign-sf1,mado,tpch,Q12,Medium,postgresql,non-indexed,1,2,2,-1,django,sql,q12s1,2,2.544535,,ok,,15min,1.05,127908,130509184902656,2026-09-05T10:52:32.416+00:00
a82a39e8b00e,campaign-sf1,mado,tpch,Q12,Medium,postgresql,non-indexed,1,2,2,-1,django,orm,q12s1,2,1.977534,,ok,,15min,1.05,127908,130509184902656,2026-09-05T10:52:34.394+00:00
a82a39e8b00e,campaign-sf1,mado,tpch,Q12,Medium,postgresql,non-indexed,1,2,2,-1,sqlalchemy,sql,q12s1,2,2.564822,,ok,,15min,1.05,127908,130509184902656,2026-09-05T10:52:36.959+00:00
a82a39e8b00e,campaign-sf1,mado,tpch,Q12,Medium,postgresql,non-indexed,1,2,2,-1,sqlalchemy,orm,q12s1,2,2.558869,,ok,,15min,1.05,127908,130509184902656,2026-09-05T10:52:39.518+00:00
a82a39e8b00e,campaign-sf1,mado,tpch,Q12,Medium,postgresql,non-indexed,1,2,2,0,sqlalchemy,orm,q12s1,0,2.557759,2,ok,,15min,1.05,127908,130509184902656,2026-09-05T10:52:42.076+00:00
a82a39e8b00e,campaign-sf1,mado,tpch,Q12,Medium,postgresql,non-indexed,1,2,2,1,sqlalchemy,sql,q12s1,0,2.563463,2,ok,,15min,1.05,127908,130509184902656,2026-09-05T10:52:44.639+00:00
a82a39e8b00e,campaign-sf1,mado,tpch,Q12,Medium,postgresql,non-indexed,1,2,2,2,django,orm,q12s1,0,1.997758,2,ok,,15min,1.05,127908,130509184902656,2026-09-05T10:52:46.637+00:00
a82a39e8b00e,campaign-sf1,mado,tpch,Q12,Medium,postgresql,non-indexed,1,2,2,3,django,sql,q12s1,0,2.543194,2,ok,,15min,1.04,127908,130509184902656,2026-09-05T10:52:49.180+00:00
a82a39e8b00e,campaign-sf1,mado,tpch,Q12,Medium,postgresql,non-indexed,1,3,0,-1,django,sql,q12s2,2,2.551189,,ok,,15min,1.04,127908,130509184902656,2026-09-05T10:52:51.736+00:00
a82a39e8b00e,campaign-sf1,mado,tpch,Q12,Medium,postgresql,non-indexed,1,3,0,-1,django,orm,q12s2,2,1.99697,,ok,,15min,1.04,127908,130509184902656,2026-09-05T10:52:53.733+00:00
a82a39e8b00e,campaign-sf1,mado,tpch,Q12,Medium,postgresql,non-indexed,1,3,0,-1,sqlalchemy,sql,q12s2,2,2.58183,,ok,,15min,1.04,127908,130509184902656,2026-09-05T10:52:56.315+00:00
a82a39e8b00e,campaign-sf1,mado,tpch,Q12,Medium,postgresql,non-indexed,1,3,0,-1,sqlalchemy,orm,q12s2,2,2.572342,,ok,,15min,1.03,127908,130509184902656,2026-09-05T10:52:58.888+00:00
a82a39e8b00e,campaign-sf1,mado,tpch,Q12,Medium,postgresql,non-indexed,1,3,0,0,django,sql,q12s2,0,2.55403,2,ok,,15min,1.03,127908,130509184902656,2026-09-05T10:53:01.442+00:00
a82a39e8b00e,campaign-sf1,mado,tpch,Q12,Medium,postgresql,non-indexed,1,3,0,1,django,orm,q12s2,0,1.998427,2,ok,,15min,1.03,127908,130509184902656,2026-09-05T10:53:03.440+00:00
a82a39e8b00e,campaign-sf1,mado,tpch,Q12,Medium,postgresql,non-indexed,1,3,0,2,sqlalchemy,sql,q12s2,0,2.58414,2,ok,,15min,1.03,127908,130509184902656,2026-09-05T10:53:06.024+00:00
a82a39e8b00e,campaign-sf1,mado,tpch,Q12,Medium,postgresql,non-indexed,1,3,0,3,sqlalchemy,orm,q12s2,0,2.558332,2,ok,,15min,1.03,127908,130509184902656,2026-09-05T10:53:08.583+00:00
a82a39e8b00e,campaign-sf1,mado,tpch,Q12,Medium,postgresql,non-indexed,1,4,1,-1,django,sql,q12s3,2,2.553714,,ok,,15min,1.03,127908,130509184902656,2026-09-05T10:53:11.141+00:00
a82a39e8b00e,campaign-sf1,mado,tpch,Q12,Medium,postgresql,non-indexed,1,4,1,-1,django,orm,q12s3,2,2.004212,,ok,,15min,1.03,127908,130509184902656,2026-09-05T10:53:13.146+00:00
a82a39e8b00e,campaign-sf1,mado,tpch,Q12,Medium,postgresql,non-indexed,1,4,1,-1,sqlalchemy,sql,q12s3,2,2.581462,,ok,,15min,1.03,127908,130509184902656,2026-09-05T10:53:15.727+00:00
a82a39e8b00e,campaign-sf1,mado,tpch,Q12,Medium,postgresql,non-indexed,1,4,1,-1,sqlalchemy,orm,q12s3,2,2.559291,,ok,,15min,1.02,127908,130509184902656,2026-09-05T10:53:18.287+00:00
a82a39e8b00e,campaign-sf1,mado,tpch,Q12,Medium,postgresql,non-indexed,1,4,1,0,django,orm,q12s3,0,2.005578,2,ok,,15min,1.02,127908,130509184902656,2026-09-05T10:53:20.292+00:00
a82a39e8b00e,campaign-sf1,mado,tpch,Q12,Medium,postgresql,non-indexed,1,4,1,1,sqlalchemy,orm,q12s3,0,2.568628,2,ok,,15min,1.02,127908,130509184902656,2026-09-05T10:53:22.861+00:00
a82a39e8b00e,campaign-sf1,mado,tpch,Q12,Medium,postgresql,non-indexed,1,4,1,2,django,sql,q12s3,0,2.558938,2,ok,,15min,1.02,127908,130509184902656,2026-09-05T10:53:25.420+00:00
a82a39e8b00e,campaign-sf1,mado,tpch,Q12,Medium,postgresql,non-indexed,1,4,1,3,sqlalchemy,sql,q12s3,0,2.5803,2,ok,,15min,1.02,127908,130509184902656,2026-09-05T10:53:28.000+00:00
a82a39e8b00e,campaign-sf1,mado,tpch,Q12,Medium,postgresql,non-indexed,1,5,1,-1,django,sql,q12s4,2,2.582975,,ok,,15min,1.02,127908,130509184902656,2026-09-05T10:53:30.588+00:00
a82a39e8b00e,campaign-sf1,mado,tpch,Q12,Medium,postgresql,non-indexed,1,5,1,-1,django,orm,q12s4,2,1.995157,,ok,,15min,1.02,127908,130509184902656,2026-09-05T10:53:32.583+00:00
a82a39e8b00e,campaign-sf1,mado,tpch,Q12,Medium,postgresql,non-indexed,1,5,1,-1,sqlalchemy,sql,q12s4,2,2.601774,,ok,,15min,1.02,127908,130509184902656,2026-09-05T10:53:35.185+00:00
a82a39e8b00e,campaign-sf1,mado,tpch,Q12,Medium,postgresql,non-indexed,1,5,1,-1,sqlalchemy,orm,q12s4,2,2.601479,,ok,,15min,1.02,127908,130509184902656,2026-09-05T10:53:37.787+00:00
a82a39e8b00e,campaign-sf1,mado,tpch,Q12,Medium,postgresql,non-indexed,1,5,1,0,django,orm,q12s4,0,2.005579,2,ok,,15min,1.02,127908,130509184902656,2026-09-05T10:53:39.792+00:00
a82a39e8b00e,campaign-sf1,mado,tpch,Q12,Medium,postgresql,non-indexed,1,5,1,1,sqlalchemy,orm,q12s4,0,2.597384,2,ok,,15min,1.02,127908,130509184902656,2026-09-05T10:53:42.390+00:00
a82a39e8b00e,campaign-sf1,mado,tpch,Q12,Medium,postgresql,non-indexed,1,5,1,2,django,sql,q12s4,0,2.587147,2,ok,,15min,1.02,127908,130509184902656,2026-09-05T10:53:44.977+00:00
a82a39e8b00e,campaign-sf1,mado,tpch,Q12,Medium,postgresql,non-indexed,1,5,1,3,sqlalchemy,sql,q12s4,0,2.604619,2,ok,,15min,1.01,127908,130509184902656,2026-09-05T10:53:47.582+00:00
a82a39e8b00e,campaign-sf1,mado,tpch,Q12,Medium,postgresql,non-indexed,1,6,3,-1,django,sql,q12s5,2,2.516505,,ok,,15min,1.01,127908,130509184902656,2026-09-05T10:53:50.103+00:00
a82a39e8b00e,campaign-sf1,mado,tpch,Q12,Medium,postgresql,non-indexed,1,6,3,-1,django,orm,q12s5,2,2.00091,,ok,,15min,1.01,127908,130509184902656,2026-09-05T10:53:52.104+00:00
a82a39e8b00e,campaign-sf1,mado,tpch,Q12,Medium,postgresql,non-indexed,1,6,3,-1,sqlalchemy,sql,q12s5,2,2.530997,,ok,,15min,1.01,127908,130509184902656,2026-09-05T10:53:54.635+00:00
a82a39e8b00e,campaign-sf1,mado,tpch,Q12,Medium,postgresql,non-indexed,1,6,3,-1,sqlalchemy,orm,q12s5,2,2.539226,,ok,,15min,1.01,127908,130509184902656,2026-09-05T10:53:57.174+00:00
a82a39e8b00e,campaign-sf1,mado,tpch,Q12,Medium,postgresql,non-indexed,1,6,3,0,sqlalchemy,sql,q12s5,0,2.530237,2,ok,,15min,1.01,127908,130509184902656,2026-09-05T10:53:59.704+00:00
a82a39e8b00e,campaign-sf1,mado,tpch,Q12,Medium,postgresql,non-indexed,1,6,3,1,django,sql,q12s5,0,2.522549,2,ok,,15min,1.01,127908,130509184902656,2026-09-05T10:54:02.227+00:00
a82a39e8b00e,campaign-sf1,mado,tpch,Q12,Medium,postgresql,non-indexed,1,6,3,2,sqlalchemy,orm,q12s5,0,2.542148,2,ok,,15min,1.01,127908,130509184902656,2026-09-05T10:54:04.769+00:00
a82a39e8b00e,campaign-sf1,mado,tpch,Q12,Medium,postgresql,non-indexed,1,6,3,3,django,orm,q12s5,0,2.004556,2,ok,,15min,1.01,127908,130509184902656,2026-09-05T10:54:06.774+00:00
a82a39e8b00e,campaign-sf1,mado,tpch,Q12,Medium,postgresql,non-indexed,1,7,0,-1,django,sql,q12s6,2,2.551039,,ok,,15min,1.01,127908,130509184902656,2026-09-05T10:54:09.330+00:00
a82a39e8b00e,campaign-sf1,mado,tpch,Q12,Medium,postgresql,non-indexed,1,7,0,-1,django,orm,q12s6,2,2.009246,,ok,,15min,1.01,127908,130509184902656,2026-09-05T10:54:11.339+00:00
a82a39e8b00e,campaign-sf1,mado,tpch,Q12,Medium,postgresql,non-indexed,1,7,0,-1,sqlalchemy,sql,q12s6,2,2.566147,,ok,,15min,1.01,127908,130509184902656,2026-09-05T10:54:13.905+00:00
a82a39e8b00e,campaign-sf1,mado,tpch,Q12,Medium,postgresql,non-indexed,1,7,0,-1,sqlalchemy,orm,q12s6,2,2.562454,,ok,,15min,1.01,127908,130509184902656,2026-09-05T10:54:16.468+00:00
a82a39e8b00e,campaign-sf1,mado,tpch,Q12,Medium,postgresql,non-indexed,1,7,0,0,django,sql,q12s6,0,2.549689,2,ok,,15min,1.01,127908,130509184902656,2026-09-05T10:54:19.018+00:00
a82a39e8b00e,campaign-sf1,mado,tpch,Q12,Medium,postgresql,non-indexed,1,7,0,1,django,orm,q12s6,0,1.997155,2,ok,,15min,1.01,127908,130509184902656,2026-09-05T10:54:21.015+00:00
a82a39e8b00e,campaign-sf1,mado,tpch,Q12,Medium,postgresql,non-indexed,1,7,0,2,sqlalchemy,sql,q12s6,0,2.565649,2,ok,,15min,1.01,127908,130509184902656,2026-09-05T10:54:23.581+00:00
a82a39e8b00e,campaign-sf1,mado,tpch,Q12,Medium,postgresql,non-indexed,1,7,0,3,sqlalchemy,orm,q12s6,0,2.559223,2,ok,,15min,1.01,127908,130509184902656,2026-09-05T10:54:26.140+00:00
a82a39e8b00e,campaign-sf1,mado,tpch,Q12,Medium,postgresql,non-indexed,1,8,2,-1,django,sql,q12s7,2,2.577608,,ok,,15min,1.01,127908,130509184902656,2026-09-05T10:54:28.722+00:00
a82a39e8b00e,campaign-sf1,mado,tpch,Q12,Medium,postgresql,non-indexed,1,8,2,-1,django,orm,q12s7,2,1.983669,,ok,,15min,1.01,127908,130509184902656,2026-09-05T10:54:30.706+00:00
a82a39e8b00e,campaign-sf1,mado,tpch,Q12,Medium,postgresql,non-indexed,1,8,2,-1,sqlalchemy,sql,q12s7,2,2.608069,,ok,,15min,1.0,127908,130509184902656,2026-09-05T10:54:33.314+00:00
a82a39e8b00e,campaign-sf1,mado,tpch,Q12,Medium,postgresql,non-indexed,1,8,2,-1,sqlalchemy,orm,q12s7,2,2.582707,,ok,,15min,1.0,127908,130509184902656,2026-09-05T10:54:35.897+00:00
a82a39e8b00e,campaign-sf1,mado,tpch,Q12,Medium,postgresql,non-indexed,1,8,2,0,sqlalchemy,orm,q12s7,0,2.580908,2,ok,,15min,1.0,127908,130509184902656,2026-09-05T10:54:38.478+00:00
a82a39e8b00e,campaign-sf1,mado,tpch,Q12,Medium,postgresql,non-indexed,1,8,2,1,sqlalchemy,sql,q12s7,0,2.611168,2,ok,,15min,1.0,127908,130509184902656,2026-09-05T10:54:41.089+00:00
a82a39e8b00e,campaign-sf1,mado,tpch,Q12,Medium,postgresql,non-indexed,1,8,2,2,django,orm,q12s7,0,1.979199,2,ok,,15min,1.0,127908,130509184902656,2026-09-05T10:54:43.068+00:00
a82a39e8b00e,campaign-sf1,mado,tpch,Q12,Medium,postgresql,non-indexed,1,8,2,3,django,sql,q12s7,0,2.581222,2,ok,,15min,1.0,127908,130509184902656,2026-09-05T10:54:45.650+00:00
657d27952d83,campaign-sf1,mado,tpch,Q13,Complex,postgresql,non-indexed,1,0,2,0,sqlalchemy,orm,q13warm,1,1.927182,42,ok,,15min,1.0,127943,128437063951392,2026-09-05T10:54:48.834+00:00
657d27952d83,campaign-sf1,mado,tpch,Q13,Complex,postgresql,non-indexed,1,0,2,1,sqlalchemy,sql,q13warm,1,1.81176,42,ok,,15min,1.0,127943,128437063951392,2026-09-05T10:54:50.646+00:00
657d27952d83,campaign-sf1,mado,tpch,Q13,Complex,postgresql,non-indexed,1,0,2,2,django,orm,q13warm,1,900.005276,,timeout,"OperationalError: canceling statement due to statement timeout
",15min,1.29,127943,128437063951392,2026-09-05T11:09:50.653+00:00
657d27952d83,campaign-sf1,mado,tpch,Q13,Complex,postgresql,non-indexed,1,0,2,3,django,sql,q13warm,1,1.828947,42,ok,,15min,1.27,127943,128437063951392,2026-09-05T11:09:52.482+00:00
657d27952d83,campaign-sf1,mado,tpch,Q13,Complex,postgresql,non-indexed,1,1,3,-1,django,sql,q13s0,2,1.886758,,ok,,15min,1.27,127943,128437063951392,2026-09-05T11:09:54.373+00:00
657d27952d83,campaign-sf1,mado,tpch,Q13,Complex,postgresql,non-indexed,1,1,3,-1,sqlalchemy,sql,q13s0,2,1.888578,,ok,,15min,1.27,127943,128437063951392,2026-09-05T11:09:56.262+00:00
657d27952d83,campaign-sf1,mado,tpch,Q13,Complex,postgresql,non-indexed,1,1,3,-1,sqlalchemy,orm,q13s0,2,1.903348,,ok,,15min,1.25,127943,128437063951392,2026-09-05T11:09:58.165+00:00
657d27952d83,campaign-sf1,mado,tpch,Q13,Complex,postgresql,non-indexed,1,1,3,0,sqlalchemy,sql,q13s0,0,1.890643,42,ok,,15min,1.25,127943,128437063951392,2026-09-05T11:10:00.056+00:00
657d27952d83,campaign-sf1,mado,tpch,Q13,Complex,postgresql,non-indexed,1,1,3,1,django,sql,q13s0,0,1.890477,42,ok,,15min,1.25,127943,128437063951392,2026-09-05T11:10:01.946+00:00
657d27952d83,campaign-sf1,mado,tpch,Q13,Complex,postgresql,non-indexed,1,1,3,2,sqlalchemy,orm,q13s0,0,1.927185,42,ok,,15min,1.23,127943,128437063951392,2026-09-05T11:10:03.874+00:00
657d27952d83,campaign-sf1,mado,tpch,Q13,Complex,postgresql,non-indexed,1,2,0,-1,django,sql,q13s1,2,1.76692,,ok,,15min,1.23,127943,128437063951392,2026-09-05T11:10:05.645+00:00
657d27952d83,campaign-sf1,mado,tpch,Q13,Complex,postgresql,non-indexed,1,2,0,-1,sqlalchemy,sql,q13s1,2,1.765531,,ok,,15min,1.21,127943,128437063951392,2026-09-05T11:10:07.411+00:00
657d27952d83,campaign-sf1,mado,tpch,Q13,Complex,postgresql,non-indexed,1,2,0,-1,sqlalchemy,orm,q13s1,2,1.796022,,ok,,15min,1.21,127943,128437063951392,2026-09-05T11:10:09.207+00:00
657d27952d83,campaign-sf1,mado,tpch,Q13,Complex,postgresql,non-indexed,1,2,0,0,django,sql,q13s1,0,1.771354,41,ok,,15min,1.21,127943,128437063951392,2026-09-05T11:10:10.978+00:00
657d27952d83,campaign-sf1,mado,tpch,Q13,Complex,postgresql,non-indexed,1,2,0,2,sqlalchemy,sql,q13s1,0,1.768959,41,ok,,15min,1.19,127943,128437063951392,2026-09-05T11:10:12.747+00:00
657d27952d83,campaign-sf1,mado,tpch,Q13,Complex,postgresql,non-indexed,1,2,0,3,sqlalchemy,orm,q13s1,0,1.778002,41,ok,,15min,1.19,127943,128437063951392,2026-09-05T11:10:14.526+00:00
657d27952d83,campaign-sf1,mado,tpch,Q13,Complex,postgresql,non-indexed,1,3,2,-1,django,sql,q13s2,2,1.819324,,ok,,15min,1.19,127943,128437063951392,2026-09-05T11:10:16.350+00:00
657d27952d83,campaign-sf1,mado,tpch,Q13,Complex,postgresql,non-indexed,1,3,2,-1,sqlalchemy,sql,q13s2,2,1.822789,,ok,,15min,1.17,127943,128437063951392,2026-09-05T11:10:18.172+00:00
657d27952d83,campaign-sf1,mado,tpch,Q13,Complex,postgresql,non-indexed,1,3,2,-1,sqlalchemy,orm,q13s2,2,1.836652,,ok,,15min,1.17,127943,128437063951392,2026-09-05T11:10:20.009+00:00
657d27952d83,campaign-sf1,mado,tpch,Q13,Complex,postgresql,non-indexed,1,3,2,0,sqlalchemy,orm,q13s2,0,1.830384,42,ok,,15min,1.17,127943,128437063951392,2026-09-05T11:10:21.840+00:00
657d27952d83,campaign-sf1,mado,tpch,Q13,Complex,postgresql,non-indexed,1,3,2,1,sqlalchemy,sql,q13s2,0,1.833974,42,ok,,15min,1.16,127943,128437063951392,2026-09-05T11:10:23.674+00:00
657d27952d83,campaign-sf1,mado,tpch,Q13,Complex,postgresql,non-indexed,1,3,2,3,django,sql,q13s2,0,1.82004,42,ok,,15min,1.16,127943,128437063951392,2026-09-05T11:10:25.494+00:00
657d27952d83,campaign-sf1,mado,tpch,Q13,Complex,postgresql,non-indexed,1,4,1,-1,django,sql,q13s3,2,1.951022,,ok,,15min,1.15,127943,128437063951392,2026-09-05T11:10:27.450+00:00
657d27952d83,campaign-sf1,mado,tpch,Q13,Complex,postgresql,non-indexed,1,4,1,-1,sqlalchemy,sql,q13s3,2,1.946481,,ok,,15min,1.15,127943,128437063951392,2026-09-05T11:10:29.396+00:00
657d27952d83,campaign-sf1,mado,tpch,Q13,Complex,postgresql,non-indexed,1,4,1,-1,sqlalchemy,orm,q13s3,2,1.957879,,ok,,15min,1.15,127943,128437063951392,2026-09-05T11:10:31.354+00:00
657d27952d83,campaign-sf1,mado,tpch,Q13,Complex,postgresql,non-indexed,1,4,1,1,sqlalchemy,orm,q13s3,0,1.945589,41,ok,,15min,1.14,127943,128437063951392,2026-09-05T11:10:33.300+00:00
657d27952d83,campaign-sf1,mado,tpch,Q13,Complex,postgresql,non-indexed,1,4,1,2,django,sql,q13s3,0,1.951812,41,ok,,15min,1.14,127943,128437063951392,2026-09-05T11:10:35.252+00:00
657d27952d83,campaign-sf1,mado,tpch,Q13,Complex,postgresql,non-indexed,1,4,1,3,sqlalchemy,sql,q13s3,0,1.955318,41,ok,,15min,1.12,127943,128437063951392,2026-09-05T11:10:37.207+00:00
657d27952d83,campaign-sf1,mado,tpch,Q13,Complex,postgresql,non-indexed,1,5,3,-1,django,sql,q13s4,2,1.885481,,ok,,15min,1.12,127943,128437063951392,2026-09-05T11:10:39.097+00:00
657d27952d83,campaign-sf1,mado,tpch,Q13,Complex,postgresql,non-indexed,1,5,3,-1,sqlalchemy,sql,q13s4,2,1.882336,,ok,,15min,1.12,127943,128437063951392,2026-09-05T11:10:40.979+00:00
657d27952d83,campaign-sf1,mado,tpch,Q13,Complex,postgresql,non-indexed,1,5,3,-1,sqlalchemy,orm,q13s4,2,1.904142,,ok,,15min,1.11,127943,128437063951392,2026-09-05T11:10:42.884+00:00
657d27952d83,campaign-sf1,mado,tpch,Q13,Complex,postgresql,non-indexed,1,5,3,0,sqlalchemy,sql,q13s4,0,1.885199,42,ok,,15min,1.11,127943,128437063951392,2026-09-05T11:10:44.769+00:00
657d27952d83,campaign-sf1,mado,tpch,Q13,Complex,postgresql,non-indexed,1,5,3,1,django,sql,q13s4,0,1.897782,42,ok,,15min,1.11,127943,128437063951392,2026-09-05T11:10:46.667+00:00
657d27952d83,campaign-sf1,mado,tpch,Q13,Complex,postgresql,non-indexed,1,5,3,2,sqlalchemy,orm,q13s4,0,1.910518,42,ok,,15min,1.1,127943,128437063951392,2026-09-05T11:10:48.577+00:00
657d27952d83,campaign-sf1,mado,tpch,Q13,Complex,postgresql,non-indexed,1,6,1,-1,django,sql,q13s5,2,1.942761,,ok,,15min,1.1,127943,128437063951392,2026-09-05T11:10:50.525+00:00
657d27952d83,campaign-sf1,mado,tpch,Q13,Complex,postgresql,non-indexed,1,6,1,-1,sqlalchemy,sql,q13s5,2,1.95888,,ok,,15min,1.1,127943,128437063951392,2026-09-05T11:10:52.484+00:00
657d27952d83,campaign-sf1,mado,tpch,Q13,Complex,postgresql,non-indexed,1,6,1,-1,sqlalchemy,orm,q13s5,2,1.971718,,ok,,15min,1.1,127943,128437063951392,2026-09-05T11:10:54.455+00:00
657d27952d83,campaign-sf1,mado,tpch,Q13,Complex,postgresql,non-indexed,1,6,1,1,sqlalchemy,orm,q13s5,0,1.947393,42,ok,,15min,1.1,127943,128437063951392,2026-09-05T11:10:56.403+00:00
657d27952d83,campaign-sf1,mado,tpch,Q13,Complex,postgresql,non-indexed,1,6,1,2,django,sql,q13s5,0,1.95774,42,ok,,15min,1.09,127943,128437063951392,2026-09-05T11:10:58.361+00:00
657d27952d83,campaign-sf1,mado,tpch,Q13,Complex,postgresql,non-indexed,1,6,1,3,sqlalchemy,sql,q13s5,0,1.957383,42,ok,,15min,1.09,127943,128437063951392,2026-09-05T11:11:00.318+00:00
657d27952d83,campaign-sf1,mado,tpch,Q13,Complex,postgresql,non-indexed,1,7,2,-1,django,sql,q13s6,2,1.768639,,ok,,15min,1.08,127943,128437063951392,2026-09-05T11:11:02.092+00:00
657d27952d83,campaign-sf1,mado,tpch,Q13,Complex,postgresql,non-indexed,1,7,2,-1,sqlalchemy,sql,q13s6,2,1.764119,,ok,,15min,1.08,127943,128437063951392,2026-09-05T11:11:03.856+00:00
657d27952d83,campaign-sf1,mado,tpch,Q13,Complex,postgresql,non-indexed,1,7,2,-1,sqlalchemy,orm,q13s6,2,1.779861,,ok,,15min,1.08,127943,128437063951392,2026-09-05T11:11:05.636+00:00
657d27952d83,campaign-sf1,mado,tpch,Q13,Complex,postgresql,non-indexed,1,7,2,0,sqlalchemy,orm,q13s6,0,1.769545,42,ok,,15min,1.07,127943,128437063951392,2026-09-05T11:11:07.405+00:00
657d27952d83,campaign-sf1,mado,tpch,Q13,Complex,postgresql,non-indexed,1,7,2,1,sqlalchemy,sql,q13s6,0,1.78172,42,ok,,15min,1.07,127943,128437063951392,2026-09-05T11:11:09.187+00:00
657d27952d83,campaign-sf1,mado,tpch,Q13,Complex,postgresql,non-indexed,1,7,2,3,django,sql,q13s6,0,1.774288,42,ok,,15min,1.07,127943,128437063951392,2026-09-05T11:11:10.962+00:00
657d27952d83,campaign-sf1,mado,tpch,Q13,Complex,postgresql,non-indexed,1,8,0,-1,django,sql,q13s7,2,1.955626,,ok,,15min,1.07,127943,128437063951392,2026-09-05T11:11:12.922+00:00
657d27952d83,campaign-sf1,mado,tpch,Q13,Complex,postgresql,non-indexed,1,8,0,-1,sqlalchemy,sql,q13s7,2,1.956242,,ok,,15min,1.07,127943,128437063951392,2026-09-05T11:11:14.878+00:00
657d27952d83,campaign-sf1,mado,tpch,Q13,Complex,postgresql,non-indexed,1,8,0,-1,sqlalchemy,orm,q13s7,2,1.95992,,ok,,15min,1.07,127943,128437063951392,2026-09-05T11:11:16.838+00:00
657d27952d83,campaign-sf1,mado,tpch,Q13,Complex,postgresql,non-indexed,1,8,0,0,django,sql,q13s7,0,1.94575,42,ok,,15min,1.06,127943,128437063951392,2026-09-05T11:11:18.784+00:00
657d27952d83,campaign-sf1,mado,tpch,Q13,Complex,postgresql,non-indexed,1,8,0,2,sqlalchemy,sql,q13s7,0,1.945753,42,ok,,15min,1.06,127943,128437063951392,2026-09-05T11:11:20.730+00:00
657d27952d83,campaign-sf1,mado,tpch,Q13,Complex,postgresql,non-indexed,1,8,0,3,sqlalchemy,orm,q13s7,0,1.964432,42,ok,,15min,1.06,127943,128437063951392,2026-09-05T11:11:22.695+00:00
5d04bcf97422,campaign-sf1,mado,tpch,Q14,Simple,postgresql,non-indexed,1,0,1,0,django,orm,q14warm,1,1.572439,1,ok,,15min,1.06,128431,131310294852640,2026-09-05T11:11:25.532+00:00
5d04bcf97422,campaign-sf1,mado,tpch,Q14,Simple,postgresql,non-indexed,1,0,1,1,sqlalchemy,orm,q14warm,1,1.615945,1,ok,,15min,1.05,128431,131310294852640,2026-09-05T11:11:27.148+00:00
5d04bcf97422,campaign-sf1,mado,tpch,Q14,Simple,postgresql,non-indexed,1,0,1,2,django,sql,q14warm,1,1.362915,1,ok,,15min,1.05,128431,131310294852640,2026-09-05T11:11:28.511+00:00
5d04bcf97422,campaign-sf1,mado,tpch,Q14,Simple,postgresql,non-indexed,1,0,1,3,sqlalchemy,sql,q14warm,1,1.368496,1,ok,,15min,1.05,128431,131310294852640,2026-09-05T11:11:29.879+00:00
5d04bcf97422,campaign-sf1,mado,tpch,Q14,Simple,postgresql,non-indexed,1,1,3,-1,django,sql,q14s0,2,1.352777,,ok,,15min,1.05,128431,131310294852640,2026-09-05T11:11:31.237+00:00
5d04bcf97422,campaign-sf1,mado,tpch,Q14,Simple,postgresql,non-indexed,1,1,3,-1,django,orm,q14s0,2,1.360401,,ok,,15min,1.05,128431,131310294852640,2026-09-05T11:11:32.597+00:00
5d04bcf97422,campaign-sf1,mado,tpch,Q14,Simple,postgresql,non-indexed,1,1,3,-1,sqlalchemy,sql,q14s0,2,1.367431,,ok,,15min,1.05,128431,131310294852640,2026-09-05T11:11:33.965+00:00
5d04bcf97422,campaign-sf1,mado,tpch,Q14,Simple,postgresql,non-indexed,1,1,3,-1,sqlalchemy,orm,q14s0,2,1.360026,,ok,,15min,1.05,128431,131310294852640,2026-09-05T11:11:35.325+00:00
5d04bcf97422,campaign-sf1,mado,tpch,Q14,Simple,postgresql,non-indexed,1,1,3,0,sqlalchemy,sql,q14s0,0,1.364394,1,ok,,15min,1.05,128431,131310294852640,2026-09-05T11:11:36.689+00:00
5d04bcf97422,campaign-sf1,mado,tpch,Q14,Simple,postgresql,non-indexed,1,1,3,1,django,sql,q14s0,0,1.363369,1,ok,,15min,1.04,128431,131310294852640,2026-09-05T11:11:38.053+00:00
5d04bcf97422,campaign-sf1,mado,tpch,Q14,Simple,postgresql,non-indexed,1,1,3,2,sqlalchemy,orm,q14s0,0,1.364392,1,ok,,15min,1.04,128431,131310294852640,2026-09-05T11:11:39.417+00:00
5d04bcf97422,campaign-sf1,mado,tpch,Q14,Simple,postgresql,non-indexed,1,1,3,3,django,orm,q14s0,0,1.364291,1,ok,,15min,1.04,128431,131310294852640,2026-09-05T11:11:40.782+00:00
5d04bcf97422,campaign-sf1,mado,tpch,Q14,Simple,postgresql,non-indexed,1,2,2,-1,django,sql,q14s1,2,1.363028,,ok,,15min,1.04,128431,131310294852640,2026-09-05T11:11:42.149+00:00
5d04bcf97422,campaign-sf1,mado,tpch,Q14,Simple,postgresql,non-indexed,1,2,2,-1,django,orm,q14s1,2,1.369459,,ok,,15min,1.04,128431,131310294852640,2026-09-05T11:11:43.519+00:00
5d04bcf97422,campaign-sf1,mado,tpch,Q14,Simple,postgresql,non-indexed,1,2,2,-1,sqlalchemy,sql,q14s1,2,1.368814,,ok,,15min,1.04,128431,131310294852640,2026-09-05T11:11:44.887+00:00
5d04bcf97422,campaign-sf1,mado,tpch,Q14,Simple,postgresql,non-indexed,1,2,2,-1,sqlalchemy,orm,q14s1,2,1.36926,,ok,,15min,1.04,128431,131310294852640,2026-09-05T11:11:46.257+00:00
5d04bcf97422,campaign-sf1,mado,tpch,Q14,Simple,postgresql,non-indexed,1,2,2,0,sqlalchemy,orm,q14s1,0,1.369742,1,ok,,15min,1.04,128431,131310294852640,2026-09-05T11:11:47.627+00:00
5d04bcf97422,campaign-sf1,mado,tpch,Q14,Simple,postgresql,non-indexed,1,2,2,1,sqlalchemy,sql,q14s1,0,1.370387,1,ok,,15min,1.04,128431,131310294852640,2026-09-05T11:11:48.997+00:00
5d04bcf97422,campaign-sf1,mado,tpch,Q14,Simple,postgresql,non-indexed,1,2,2,2,django,orm,q14s1,0,1.369516,1,ok,,15min,1.04,128431,131310294852640,2026-09-05T11:11:50.367+00:00
5d04bcf97422,campaign-sf1,mado,tpch,Q14,Simple,postgresql,non-indexed,1,2,2,3,django,sql,q14s1,0,1.368503,1,ok,,15min,1.04,128431,131310294852640,2026-09-05T11:11:51.735+00:00
5d04bcf97422,campaign-sf1,mado,tpch,Q14,Simple,postgresql,non-indexed,1,3,1,-1,django,sql,q14s2,2,1.325667,,ok,,15min,1.03,128431,131310294852640,2026-09-05T11:11:53.066+00:00
5d04bcf97422,campaign-sf1,mado,tpch,Q14,Simple,postgresql,non-indexed,1,3,1,-1,django,orm,q14s2,2,1.326716,,ok,,15min,1.03,128431,131310294852640,2026-09-05T11:11:54.393+00:00
5d04bcf97422,campaign-sf1,mado,tpch,Q14,Simple,postgresql,non-indexed,1,3,1,-1,sqlalchemy,sql,q14s2,2,1.331946,,ok,,15min,1.03,128431,131310294852640,2026-09-05T11:11:55.725+00:00
5d04bcf97422,campaign-sf1,mado,tpch,Q14,Simple,postgresql,non-indexed,1,3,1,-1,sqlalchemy,orm,q14s2,2,1.352671,,ok,,15min,1.03,128431,131310294852640,2026-09-05T11:11:57.077+00:00
5d04bcf97422,campaign-sf1,mado,tpch,Q14,Simple,postgresql,non-indexed,1,3,1,0,django,orm,q14s2,0,1.327467,1,ok,,15min,1.03,128431,131310294852640,2026-09-05T11:11:58.405+00:00
5d04bcf97422,campaign-sf1,mado,tpch,Q14,Simple,postgresql,non-indexed,1,3,1,1,sqlalchemy,orm,q14s2,0,1.359823,1,ok,,15min,1.03,128431,131310294852640,2026-09-05T11:11:59.765+00:00
5d04bcf97422,campaign-sf1,mado,tpch,Q14,Simple,postgresql,non-indexed,1,3,1,2,django,sql,q14s2,0,1.324851,1,ok,,15min,1.03,128431,131310294852640,2026-09-05T11:12:01.090+00:00
5d04bcf97422,campaign-sf1,mado,tpch,Q14,Simple,postgresql,non-indexed,1,3,1,3,sqlalchemy,sql,q14s2,0,1.356041,1,ok,,15min,1.03,128431,131310294852640,2026-09-05T11:12:02.446+00:00
5d04bcf97422,campaign-sf1,mado,tpch,Q14,Simple,postgresql,non-indexed,1,4,0,-1,django,sql,q14s3,2,1.364564,,ok,,15min,1.03,128431,131310294852640,2026-09-05T11:12:03.815+00:00
5d04bcf97422,campaign-sf1,mado,tpch,Q14,Simple,postgresql,non-indexed,1,4,0,-1,django,orm,q14s3,2,1.361041,,ok,,15min,1.03,128431,131310294852640,2026-09-05T11:12:05.176+00:00
5d04bcf97422,campaign-sf1,mado,tpch,Q14,Simple,postgresql,non-indexed,1,4,0,-1,sqlalchemy,sql,q14s3,2,1.362453,,ok,,15min,1.03,128431,131310294852640,2026-09-05T11:12:06.539+00:00
5d04bcf97422,campaign-sf1,mado,tpch,Q14,Simple,postgresql,non-indexed,1,4,0,-1,sqlalchemy,orm,q14s3,2,1.369969,,ok,,15min,1.02,128431,131310294852640,2026-09-05T11:12:07.909+00:00
5d04bcf97422,campaign-sf1,mado,tpch,Q14,Simple,postgresql,non-indexed,1,4,0,0,django,sql,q14s3,0,1.365888,1,ok,,15min,1.02,128431,131310294852640,2026-09-05T11:12:09.275+00:00
5d04bcf97422,campaign-sf1,mado,tpch,Q14,Simple,postgresql,non-indexed,1,4,0,1,django,orm,q14s3,0,1.36702,1,ok,,15min,1.02,128431,131310294852640,2026-09-05T11:12:10.642+00:00
5d04bcf97422,campaign-sf1,mado,tpch,Q14,Simple,postgresql,non-indexed,1,4,0,2,sqlalchemy,sql,q14s3,0,1.36515,1,ok,,15min,1.02,128431,131310294852640,2026-09-05T11:12:12.007+00:00
5d04bcf97422,campaign-sf1,mado,tpch,Q14,Simple,postgresql,non-indexed,1,4,0,3,sqlalchemy,orm,q14s3,0,1.365453,1,ok,,15min,0.94,128431,131310294852640,2026-09-05T11:12:13.373+00:00
5d04bcf97422,campaign-sf1,mado,tpch,Q14,Simple,postgresql,non-indexed,1,5,0,-1,django,sql,q14s4,2,1.369838,,ok,,15min,0.94,128431,131310294852640,2026-09-05T11:12:14.747+00:00
5d04bcf97422,campaign-sf1,mado,tpch,Q14,Simple,postgresql,non-indexed,1,5,0,-1,django,orm,q14s4,2,1.368444,,ok,,15min,0.94,128431,131310294852640,2026-09-05T11:12:16.116+00:00
5d04bcf97422,campaign-sf1,mado,tpch,Q14,Simple,postgresql,non-indexed,1,5,0,-1,sqlalchemy,sql,q14s4,2,1.366684,,ok,,15min,0.95,128431,131310294852640,2026-09-05T11:12:17.483+00:00
5d04bcf97422,campaign-sf1,mado,tpch,Q14,Simple,postgresql,non-indexed,1,5,0,-1,sqlalchemy,orm,q14s4,2,1.403453,,ok,,15min,0.95,128431,131310294852640,2026-09-05T11:12:18.886+00:00
5d04bcf97422,campaign-sf1,mado,tpch,Q14,Simple,postgresql,non-indexed,1,5,0,0,django,sql,q14s4,0,1.365965,1,ok,,15min,0.95,128431,131310294852640,2026-09-05T11:12:20.252+00:00
5d04bcf97422,campaign-sf1,mado,tpch,Q14,Simple,postgresql,non-indexed,1,5,0,1,django,orm,q14s4,0,1.371965,1,ok,,15min,0.95,128431,131310294852640,2026-09-05T11:12:21.624+00:00
5d04bcf97422,campaign-sf1,mado,tpch,Q14,Simple,postgresql,non-indexed,1,5,0,2,sqlalchemy,sql,q14s4,0,1.403623,1,ok,,15min,0.95,128431,131310294852640,2026-09-05T11:12:23.028+00:00
5d04bcf97422,campaign-sf1,mado,tpch,Q14,Simple,postgresql,non-indexed,1,5,0,3,sqlalchemy,orm,q14s4,0,1.371996,1,ok,,15min,0.95,128431,131310294852640,2026-09-05T11:12:24.400+00:00
5d04bcf97422,campaign-sf1,mado,tpch,Q14,Simple,postgresql,non-indexed,1,6,1,-1,django,sql,q14s5,2,1.368389,,ok,,15min,0.95,128431,131310294852640,2026-09-05T11:12:25.773+00:00
5d04bcf97422,campaign-sf1,mado,tpch,Q14,Simple,postgresql,non-indexed,1,6,1,-1,django,orm,q14s5,2,1.364531,,ok,,15min,0.96,128431,131310294852640,2026-09-05T11:12:27.138+00:00
5d04bcf97422,campaign-sf1,mado,tpch,Q14,Simple,postgresql,non-indexed,1,6,1,-1,sqlalchemy,sql,q14s5,2,1.393912,,ok,,15min,0.96,128431,131310294852640,2026-09-05T11:12:28.532+00:00
5d04bcf97422,campaign-sf1,mado,tpch,Q14,Simple,postgresql,non-indexed,1,6,1,-1,sqlalchemy,orm,q14s5,2,1.399014,,ok,,15min,0.96,128431,131310294852640,2026-09-05T11:12:29.931+00:00
5d04bcf97422,campaign-sf1,mado,tpch,Q14,Simple,postgresql,non-indexed,1,6,1,0,django,orm,q14s5,0,1.365437,1,ok,,15min,0.96,128431,131310294852640,2026-09-05T11:12:31.297+00:00
5d04bcf97422,campaign-sf1,mado,tpch,Q14,Simple,postgresql,non-indexed,1,6,1,1,sqlalchemy,orm,q14s5,0,1.396029,1,ok,,15min,0.96,128431,131310294852640,2026-09-05T11:12:32.693+00:00
5d04bcf97422,campaign-sf1,mado,tpch,Q14,Simple,postgresql,non-indexed,1,6,1,2,django,sql,q14s5,0,1.364215,1,ok,,15min,0.96,128431,131310294852640,2026-09-05T11:12:34.057+00:00
5d04bcf97422,campaign-sf1,mado,tpch,Q14,Simple,postgresql,non-indexed,1,6,1,3,sqlalchemy,sql,q14s5,0,1.362857,1,ok,,15min,0.96,128431,131310294852640,2026-09-05T11:12:35.420+00:00
5d04bcf97422,campaign-sf1,mado,tpch,Q14,Simple,postgresql,non-indexed,1,7,3,-1,django,sql,q14s6,2,1.35405,,ok,,15min,0.96,128431,131310294852640,2026-09-05T11:12:36.779+00:00
5d04bcf97422,campaign-sf1,mado,tpch,Q14,Simple,postgresql,non-indexed,1,7,3,-1,django,orm,q14s6,2,1.353799,,ok,,15min,0.96,128431,131310294852640,2026-09-05T11:12:38.133+00:00
5d04bcf97422,campaign-sf1,mado,tpch,Q14,Simple,postgresql,non-indexed,1,7,3,-1,sqlalchemy,sql,q14s6,2,1.358434,,ok,,15min,0.96,128431,131310294852640,2026-09-05T11:12:39.491+00:00
5d04bcf97422,campaign-sf1,mado,tpch,Q14,Simple,postgresql,non-indexed,1,7,3,-1,sqlalchemy,orm,q14s6,2,1.364302,,ok,,15min,0.96,128431,131310294852640,2026-09-05T11:12:40.855+00:00
5d04bcf97422,campaign-sf1,mado,tpch,Q14,Simple,postgresql,non-indexed,1,7,3,0,sqlalchemy,sql,q14s6,0,1.356377,1,ok,,15min,1.05,128431,131310294852640,2026-09-05T11:12:42.212+00:00
5d04bcf97422,campaign-sf1,mado,tpch,Q14,Simple,postgresql,non-indexed,1,7,3,1,django,sql,q14s6,0,1.35191,1,ok,,15min,1.05,128431,131310294852640,2026-09-05T11:12:43.564+00:00
5d04bcf97422,campaign-sf1,mado,tpch,Q14,Simple,postgresql,non-indexed,1,7,3,2,sqlalchemy,orm,q14s6,0,1.390636,1,ok,,15min,1.05,128431,131310294852640,2026-09-05T11:12:44.955+00:00
5d04bcf97422,campaign-sf1,mado,tpch,Q14,Simple,postgresql,non-indexed,1,7,3,3,django,orm,q14s6,0,1.353159,1,ok,,15min,1.05,128431,131310294852640,2026-09-05T11:12:46.308+00:00
5d04bcf97422,campaign-sf1,mado,tpch,Q14,Simple,postgresql,non-indexed,1,8,2,-1,django,sql,q14s7,2,1.353704,,ok,,15min,1.04,128431,131310294852640,2026-09-05T11:12:47.666+00:00
5d04bcf97422,campaign-sf1,mado,tpch,Q14,Simple,postgresql,non-indexed,1,8,2,-1,django,orm,q14s7,2,1.358427,,ok,,15min,1.04,128431,131310294852640,2026-09-05T11:12:49.025+00:00
5d04bcf97422,campaign-sf1,mado,tpch,Q14,Simple,postgresql,non-indexed,1,8,2,-1,sqlalchemy,sql,q14s7,2,1.384222,,ok,,15min,1.04,128431,131310294852640,2026-09-05T11:12:50.409+00:00
5d04bcf97422,campaign-sf1,mado,tpch,Q14,Simple,postgresql,non-indexed,1,8,2,-1,sqlalchemy,orm,q14s7,2,1.39056,,ok,,15min,1.04,128431,131310294852640,2026-09-05T11:12:51.800+00:00
5d04bcf97422,campaign-sf1,mado,tpch,Q14,Simple,postgresql,non-indexed,1,8,2,0,sqlalchemy,orm,q14s7,0,1.355036,1,ok,,15min,1.04,128431,131310294852640,2026-09-05T11:12:53.155+00:00
5d04bcf97422,campaign-sf1,mado,tpch,Q14,Simple,postgresql,non-indexed,1,8,2,1,sqlalchemy,sql,q14s7,0,1.360872,1,ok,,15min,1.04,128431,131310294852640,2026-09-05T11:12:54.516+00:00
5d04bcf97422,campaign-sf1,mado,tpch,Q14,Simple,postgresql,non-indexed,1,8,2,2,django,orm,q14s7,0,1.357891,1,ok,,15min,1.04,128431,131310294852640,2026-09-05T11:12:55.874+00:00
5d04bcf97422,campaign-sf1,mado,tpch,Q14,Simple,postgresql,non-indexed,1,8,2,3,django,sql,q14s7,0,1.350497,1,ok,,15min,1.04,128431,131310294852640,2026-09-05T11:12:57.224+00:00
488885fc57f2,campaign-sf1,mado,tpch,Q15,Complex,postgresql,non-indexed,1,0,3,0,sqlalchemy,sql,q15warm,1,2.996824,1,ok,,15min,1.04,128460,124147675390720,2026-09-05T11:13:01.473+00:00
488885fc57f2,campaign-sf1,mado,tpch,Q15,Complex,postgresql,non-indexed,1,0,3,1,django,sql,q15warm,1,1.635589,1,ok,,15min,1.03,128460,124147675390720,2026-09-05T11:13:03.108+00:00
488885fc57f2,campaign-sf1,mado,tpch,Q15,Complex,postgresql,non-indexed,1,0,3,2,sqlalchemy,orm,q15warm,1,2.843537,1,ok,,15min,1.03,128460,124147675390720,2026-09-05T11:13:05.952+00:00
488885fc57f2,campaign-sf1,mado,tpch,Q15,Complex,postgresql,non-indexed,1,0,3,3,django,orm,q15warm,1,2.790557,1,ok,,15min,1.03,128460,124147675390720,2026-09-05T11:13:08.743+00:00
488885fc57f2,campaign-sf1,mado,tpch,Q15,Complex,postgresql,non-indexed,1,1,2,-1,django,sql,q15s0,2,1.445798,,ok,,15min,1.03,128460,124147675390720,2026-09-05T11:13:10.193+00:00
488885fc57f2,campaign-sf1,mado,tpch,Q15,Complex,postgresql,non-indexed,1,1,2,-1,django,orm,q15s0,2,2.807205,,ok,,15min,1.03,128460,124147675390720,2026-09-05T11:13:13.000+00:00
488885fc57f2,campaign-sf1,mado,tpch,Q15,Complex,postgresql,non-indexed,1,1,2,-1,sqlalchemy,sql,q15s0,2,2.832846,,ok,,15min,1.03,128460,124147675390720,2026-09-05T11:13:15.833+00:00
488885fc57f2,campaign-sf1,mado,tpch,Q15,Complex,postgresql,non-indexed,1,1,2,-1,sqlalchemy,orm,q15s0,2,2.818244,,ok,,15min,1.02,128460,124147675390720,2026-09-05T11:13:18.651+00:00
488885fc57f2,campaign-sf1,mado,tpch,Q15,Complex,postgresql,non-indexed,1,1,2,0,sqlalchemy,orm,q15s0,0,2.82211,1,ok,,15min,1.02,128460,124147675390720,2026-09-05T11:13:21.474+00:00
488885fc57f2,campaign-sf1,mado,tpch,Q15,Complex,postgresql,non-indexed,1,1,2,1,sqlalchemy,sql,q15s0,0,2.82068,1,ok,,15min,1.02,128460,124147675390720,2026-09-05T11:13:24.294+00:00
488885fc57f2,campaign-sf1,mado,tpch,Q15,Complex,postgresql,non-indexed,1,1,2,2,django,orm,q15s0,0,2.804399,1,ok,,15min,1.02,128460,124147675390720,2026-09-05T11:13:27.099+00:00
488885fc57f2,campaign-sf1,mado,tpch,Q15,Complex,postgresql,non-indexed,1,1,2,3,django,sql,q15s0,0,1.448429,1,ok,,15min,1.02,128460,124147675390720,2026-09-05T11:13:28.547+00:00
488885fc57f2,campaign-sf1,mado,tpch,Q15,Complex,postgresql,non-indexed,1,2,3,-1,django,sql,q15s1,2,1.441144,,ok,,15min,1.02,128460,124147675390720,2026-09-05T11:13:29.993+00:00
488885fc57f2,campaign-sf1,mado,tpch,Q15,Complex,postgresql,non-indexed,1,2,3,-1,django,orm,q15s1,2,2.770719,,ok,,15min,1.02,128460,124147675390720,2026-09-05T11:13:32.764+00:00
488885fc57f2,campaign-sf1,mado,tpch,Q15,Complex,postgresql,non-indexed,1,2,3,-1,sqlalchemy,sql,q15s1,2,2.785576,,ok,,15min,1.02,128460,124147675390720,2026-09-05T11:13:35.549+00:00
488885fc57f2,campaign-sf1,mado,tpch,Q15,Complex,postgresql,non-indexed,1,2,3,-1,sqlalchemy,orm,q15s1,2,2.829777,,ok,,15min,1.02,128460,124147675390720,2026-09-05T11:13:38.379+00:00
488885fc57f2,campaign-sf1,mado,tpch,Q15,Complex,postgresql,non-indexed,1,2,3,0,sqlalchemy,sql,q15s1,0,2.785887,1,ok,,15min,1.02,128460,124147675390720,2026-09-05T11:13:41.165+00:00
488885fc57f2,campaign-sf1,mado,tpch,Q15,Complex,postgresql,non-indexed,1,2,3,1,django,sql,q15s1,0,1.439046,1,ok,,15min,1.02,128460,124147675390720,2026-09-05T11:13:42.604+00:00
488885fc57f2,campaign-sf1,mado,tpch,Q15,Complex,postgresql,non-indexed,1,2,3,2,sqlalchemy,orm,q15s1,0,2.787821,1,ok,,15min,1.02,128460,124147675390720,2026-09-05T11:13:45.392+00:00
488885fc57f2,campaign-sf1,mado,tpch,Q15,Complex,postgresql,non-indexed,1,2,3,3,django,orm,q15s1,0,2.765055,1,ok,,15min,1.01,128460,124147675390720,2026-09-05T11:13:48.157+00:00
488885fc57f2,campaign-sf1,mado,tpch,Q15,Complex,postgresql,non-indexed,1,3,1,-1,django,sql,q15s2,2,1.461936,,ok,,15min,1.01,128460,124147675390720,2026-09-05T11:13:49.624+00:00
488885fc57f2,campaign-sf1,mado,tpch,Q15,Complex,postgresql,non-indexed,1,3,1,-1,django,orm,q15s2,2,2.838813,,ok,,15min,1.01,128460,124147675390720,2026-09-05T11:13:52.463+00:00
488885fc57f2,campaign-sf1,mado,tpch,Q15,Complex,postgresql,non-indexed,1,3,1,-1,sqlalchemy,sql,q15s2,2,2.847582,,ok,,15min,1.01,128460,124147675390720,2026-09-05T11:13:55.311+00:00
488885fc57f2,campaign-sf1,mado,tpch,Q15,Complex,postgresql,non-indexed,1,3,1,-1,sqlalchemy,orm,q15s2,2,2.848135,,ok,,15min,1.01,128460,124147675390720,2026-09-05T11:13:58.159+00:00
488885fc57f2,campaign-sf1,mado,tpch,Q15,Complex,postgresql,non-indexed,1,3,1,0,django,orm,q15s2,0,2.837508,1,ok,,15min,1.01,128460,124147675390720,2026-09-05T11:14:00.996+00:00
488885fc57f2,campaign-sf1,mado,tpch,Q15,Complex,postgresql,non-indexed,1,3,1,1,sqlalchemy,orm,q15s2,0,2.847744,1,ok,,15min,1.01,128460,124147675390720,2026-09-05T11:14:03.844+00:00
488885fc57f2,campaign-sf1,mado,tpch,Q15,Complex,postgresql,non-indexed,1,3,1,2,django,sql,q15s2,0,1.459483,1,ok,,15min,1.01,128460,124147675390720,2026-09-05T11:14:05.304+00:00
488885fc57f2,campaign-sf1,mado,tpch,Q15,Complex,postgresql,non-indexed,1,3,1,3,sqlalchemy,sql,q15s2,0,2.842994,1,ok,,15min,1.01,128460,124147675390720,2026-09-05T11:14:08.147+00:00
488885fc57f2,campaign-sf1,mado,tpch,Q15,Complex,postgresql,non-indexed,1,4,0,-1,django,sql,q15s3,2,1.456062,,ok,,15min,1.01,128460,124147675390720,2026-09-05T11:14:09.607+00:00
488885fc57f2,campaign-sf1,mado,tpch,Q15,Complex,postgresql,non-indexed,1,4,0,-1,django,orm,q15s3,2,2.821021,,ok,,15min,1.01,128460,124147675390720,2026-09-05T11:14:12.429+00:00
488885fc57f2,campaign-sf1,mado,tpch,Q15,Complex,postgresql,non-indexed,1,4,0,-1,sqlalchemy,sql,q15s3,2,2.826179,,ok,,15min,1.01,128460,124147675390720,2026-09-05T11:14:15.255+00:00
488885fc57f2,campaign-sf1,mado,tpch,Q15,Complex,postgresql,non-indexed,1,4,0,-1,sqlalchemy,orm,q15s3,2,2.831233,,ok,,15min,1.01,128460,124147675390720,2026-09-05T11:14:18.086+00:00
488885fc57f2,campaign-sf1,mado,tpch,Q15,Complex,postgresql,non-indexed,1,4,0,0,django,sql,q15s3,0,1.455177,1,ok,,15min,1.01,128460,124147675390720,2026-09-05T11:14:19.541+00:00
488885fc57f2,campaign-sf1,mado,tpch,Q15,Complex,postgresql,non-indexed,1,4,0,1,django,orm,q15s3,0,2.816571,1,ok,,15min,1.01,128460,124147675390720,2026-09-05T11:14:22.358+00:00
488885fc57f2,campaign-sf1,mado,tpch,Q15,Complex,postgresql,non-indexed,1,4,0,2,sqlalchemy,sql,q15s3,0,2.838828,1,ok,,15min,1.01,128460,124147675390720,2026-09-05T11:14:25.197+00:00
488885fc57f2,campaign-sf1,mado,tpch,Q15,Complex,postgresql,non-indexed,1,4,0,3,sqlalchemy,orm,q15s3,0,2.869311,1,ok,,15min,1.01,128460,124147675390720,2026-09-05T11:14:28.066+00:00
488885fc57f2,campaign-sf1,mado,tpch,Q15,Complex,postgresql,non-indexed,1,5,2,-1,django,sql,q15s4,2,1.452718,,ok,,15min,1.01,128460,124147675390720,2026-09-05T11:14:29.523+00:00
488885fc57f2,campaign-sf1,mado,tpch,Q15,Complex,postgresql,non-indexed,1,5,2,-1,django,orm,q15s4,2,2.81778,,ok,,15min,1.0,128460,124147675390720,2026-09-05T11:14:32.341+00:00
488885fc57f2,campaign-sf1,mado,tpch,Q15,Complex,postgresql,non-indexed,1,5,2,-1,sqlalchemy,sql,q15s4,2,2.858202,,ok,,15min,1.0,128460,124147675390720,2026-09-05T11:14:35.199+00:00
488885fc57f2,campaign-sf1,mado,tpch,Q15,Complex,postgresql,non-indexed,1,5,2,-1,sqlalchemy,orm,q15s4,2,2.847613,,ok,,15min,1.0,128460,124147675390720,2026-09-05T11:14:38.047+00:00
488885fc57f2,campaign-sf1,mado,tpch,Q15,Complex,postgresql,non-indexed,1,5,2,0,sqlalchemy,orm,q15s4,0,2.840363,1,ok,,15min,1.0,128460,124147675390720,2026-09-05T11:14:40.887+00:00
488885fc57f2,campaign-sf1,mado,tpch,Q15,Complex,postgresql,non-indexed,1,5,2,1,sqlalchemy,sql,q15s4,0,2.840788,1,ok,,15min,1.0,128460,124147675390720,2026-09-05T11:14:43.728+00:00
488885fc57f2,campaign-sf1,mado,tpch,Q15,Complex,postgresql,non-indexed,1,5,2,2,django,orm,q15s4,0,2.805185,1,ok,,15min,1.0,128460,124147675390720,2026-09-05T11:14:46.533+00:00
488885fc57f2,campaign-sf1,mado,tpch,Q15,Complex,postgresql,non-indexed,1,5,2,3,django,sql,q15s4,0,1.454768,1,ok,,15min,1.0,128460,124147675390720,2026-09-05T11:14:47.988+00:00
488885fc57f2,campaign-sf1,mado,tpch,Q15,Complex,postgresql,non-indexed,1,6,1,-1,django,sql,q15s5,2,1.450921,,ok,,15min,1.0,128460,124147675390720,2026-09-05T11:14:49.444+00:00
488885fc57f2,campaign-sf1,mado,tpch,Q15,Complex,postgresql,non-indexed,1,6,1,-1,django,orm,q15s5,2,2.818439,,ok,,15min,1.0,128460,124147675390720,2026-09-05T11:14:52.262+00:00
488885fc57f2,campaign-sf1,mado,tpch,Q15,Complex,postgresql,non-indexed,1,6,1,-1,sqlalchemy,sql,q15s5,2,2.842224,,ok,,15min,1.0,128460,124147675390720,2026-09-05T11:14:55.105+00:00
488885fc57f2,campaign-sf1,mado,tpch,Q15,Complex,postgresql,non-indexed,1,6,1,-1,sqlalchemy,orm,q15s5,2,2.816735,,ok,,15min,1.0,128460,124147675390720,2026-09-05T11:14:57.921+00:00
488885fc57f2,campaign-sf1,mado,tpch,Q15,Complex,postgresql,non-indexed,1,6,1,0,django,orm,q15s5,0,2.814806,1,ok,,15min,1.0,128460,124147675390720,2026-09-05T11:15:00.736+00:00
488885fc57f2,campaign-sf1,mado,tpch,Q15,Complex,postgresql,non-indexed,1,6,1,1,sqlalchemy,orm,q15s5,0,2.843795,1,ok,,15min,1.0,128460,124147675390720,2026-09-05T11:15:03.580+00:00
488885fc57f2,campaign-sf1,mado,tpch,Q15,Complex,postgresql,non-indexed,1,6,1,2,django,sql,q15s5,0,1.463033,1,ok,,15min,1.0,128460,124147675390720,2026-09-05T11:15:05.043+00:00
488885fc57f2,campaign-sf1,mado,tpch,Q15,Complex,postgresql,non-indexed,1,6,1,3,sqlalchemy,sql,q15s5,0,2.819213,1,ok,,15min,1.0,128460,124147675390720,2026-09-05T11:15:07.863+00:00
488885fc57f2,campaign-sf1,mado,tpch,Q15,Complex,postgresql,non-indexed,1,7,3,-1,django,sql,q15s6,2,1.467353,,ok,,15min,1.0,128460,124147675390720,2026-09-05T11:15:09.335+00:00
488885fc57f2,campaign-sf1,mado,tpch,Q15,Complex,postgresql,non-indexed,1,7,3,-1,django,orm,q15s6,2,2.840838,,ok,,15min,1.0,128460,124147675390720,2026-09-05T11:15:12.175+00:00
488885fc57f2,campaign-sf1,mado,tpch,Q15,Complex,postgresql,non-indexed,1,7,3,-1,sqlalchemy,sql,q15s6,2,2.836246,,ok,,15min,1.0,128460,124147675390720,2026-09-05T11:15:15.012+00:00
488885fc57f2,campaign-sf1,mado,tpch,Q15,Complex,postgresql,non-indexed,1,7,3,-1,sqlalchemy,orm,q15s6,2,2.83556,,ok,,15min,1.0,128460,124147675390720,2026-09-05T11:15:17.847+00:00
488885fc57f2,campaign-sf1,mado,tpch,Q15,Complex,postgresql,non-indexed,1,7,3,0,sqlalchemy,sql,q15s6,0,2.838425,1,ok,,15min,1.0,128460,124147675390720,2026-09-05T11:15:20.686+00:00
488885fc57f2,campaign-sf1,mado,tpch,Q15,Complex,postgresql,non-indexed,1,7,3,1,django,sql,q15s6,0,1.476331,1,ok,,15min,1.0,128460,124147675390720,2026-09-05T11:15:22.162+00:00
488885fc57f2,campaign-sf1,mado,tpch,Q15,Complex,postgresql,non-indexed,1,7,3,2,sqlalchemy,orm,q15s6,0,2.848881,1,ok,,15min,1.0,128460,124147675390720,2026-09-05T11:15:25.011+00:00
488885fc57f2,campaign-sf1,mado,tpch,Q15,Complex,postgresql,non-indexed,1,7,3,3,django,orm,q15s6,0,2.830458,1,ok,,15min,1.0,128460,124147675390720,2026-09-05T11:15:27.842+00:00
488885fc57f2,campaign-sf1,mado,tpch,Q15,Complex,postgresql,non-indexed,1,8,0,-1,django,sql,q15s7,2,1.44051,,ok,,15min,1.0,128460,124147675390720,2026-09-05T11:15:29.287+00:00
488885fc57f2,campaign-sf1,mado,tpch,Q15,Complex,postgresql,non-indexed,1,8,0,-1,django,orm,q15s7,2,2.778891,,ok,,15min,1.0,128460,124147675390720,2026-09-05T11:15:32.066+00:00
488885fc57f2,campaign-sf1,mado,tpch,Q15,Complex,postgresql,non-indexed,1,8,0,-1,sqlalchemy,sql,q15s7,2,2.783229,,ok,,15min,1.0,128460,124147675390720,2026-09-05T11:15:34.849+00:00
488885fc57f2,campaign-sf1,mado,tpch,Q15,Complex,postgresql,non-indexed,1,8,0,-1,sqlalchemy,orm,q15s7,2,2.779979,,ok,,15min,1.0,128460,124147675390720,2026-09-05T11:15:37.629+00:00
488885fc57f2,campaign-sf1,mado,tpch,Q15,Complex,postgresql,non-indexed,1,8,0,0,django,sql,q15s7,0,1.439321,1,ok,,15min,1.0,128460,124147675390720,2026-09-05T11:15:39.069+00:00
488885fc57f2,campaign-sf1,mado,tpch,Q15,Complex,postgresql,non-indexed,1,8,0,1,django,orm,q15s7,0,2.781884,1,ok,,15min,1.0,128460,124147675390720,2026-09-05T11:15:41.851+00:00
488885fc57f2,campaign-sf1,mado,tpch,Q15,Complex,postgresql,non-indexed,1,8,0,2,sqlalchemy,sql,q15s7,0,2.777994,1,ok,,15min,1.0,128460,124147675390720,2026-09-05T11:15:44.629+00:00
488885fc57f2,campaign-sf1,mado,tpch,Q15,Complex,postgresql,non-indexed,1,8,0,3,sqlalchemy,orm,q15s7,0,2.788767,1,ok,,15min,1.0,128460,124147675390720,2026-09-05T11:15:47.418+00:00
58b0972d7afc,campaign-sf1,mado,tpch,Q16,Medium,postgresql,non-indexed,1,0,0,0,django,sql,q16warm,1,1.09569,18259,ok,,15min,1.0,128501,138914265883056,2026-09-05T11:15:49.774+00:00
58b0972d7afc,campaign-sf1,mado,tpch,Q16,Medium,postgresql,non-indexed,1,0,0,1,django,orm,q16warm,1,1.127299,18259,ok,,15min,1.0,128501,138914265883056,2026-09-05T11:15:50.901+00:00
58b0972d7afc,campaign-sf1,mado,tpch,Q16,Medium,postgresql,non-indexed,1,0,0,2,sqlalchemy,sql,q16warm,1,1.099179,18259,ok,,15min,1.0,128501,138914265883056,2026-09-05T11:15:52.000+00:00
58b0972d7afc,campaign-sf1,mado,tpch,Q16,Medium,postgresql,non-indexed,1,0,0,3,sqlalchemy,orm,q16warm,1,1.187727,18259,ok,,15min,1.0,128501,138914265883056,2026-09-05T11:15:53.188+00:00
58b0972d7afc,campaign-sf1,mado,tpch,Q16,Medium,postgresql,non-indexed,1,1,0,-1,django,sql,q16s0,2,1.063965,,ok,,15min,1.0,128501,138914265883056,2026-09-05T11:15:54.257+00:00
58b0972d7afc,campaign-sf1,mado,tpch,Q16,Medium,postgresql,non-indexed,1,1,0,-1,django,orm,q16s0,2,1.073969,,ok,,15min,1.0,128501,138914265883056,2026-09-05T11:15:55.331+00:00
58b0972d7afc,campaign-sf1,mado,tpch,Q16,Medium,postgresql,non-indexed,1,1,0,-1,sqlalchemy,sql,q16s0,2,1.113423,,ok,,15min,1.0,128501,138914265883056,2026-09-05T11:15:56.444+00:00
58b0972d7afc,campaign-sf1,mado,tpch,Q16,Medium,postgresql,non-indexed,1,1,0,-1,sqlalchemy,orm,q16s0,2,1.132766,,ok,,15min,1.0,128501,138914265883056,2026-09-05T11:15:57.577+00:00
58b0972d7afc,campaign-sf1,mado,tpch,Q16,Medium,postgresql,non-indexed,1,1,0,0,django,sql,q16s0,0,1.066527,18314,ok,,15min,1.0,128501,138914265883056,2026-09-05T11:15:58.644+00:00
58b0972d7afc,campaign-sf1,mado,tpch,Q16,Medium,postgresql,non-indexed,1,1,0,1,django,orm,q16s0,0,1.071727,18314,ok,,15min,1.0,128501,138914265883056,2026-09-05T11:15:59.715+00:00
58b0972d7afc,campaign-sf1,mado,tpch,Q16,Medium,postgresql,non-indexed,1,1,0,2,sqlalchemy,sql,q16s0,0,1.07632,18314,ok,,15min,1.0,128501,138914265883056,2026-09-05T11:16:00.792+00:00
58b0972d7afc,campaign-sf1,mado,tpch,Q16,Medium,postgresql,non-indexed,1,1,0,3,sqlalchemy,orm,q16s0,0,1.135977,18314,ok,,15min,1.0,128501,138914265883056,2026-09-05T11:16:01.928+00:00
58b0972d7afc,campaign-sf1,mado,tpch,Q16,Medium,postgresql,non-indexed,1,2,2,-1,django,sql,q16s1,2,1.070806,,ok,,15min,1.0,128501,138914265883056,2026-09-05T11:16:03.003+00:00
58b0972d7afc,campaign-sf1,mado,tpch,Q16,Medium,postgresql,non-indexed,1,2,2,-1,django,orm,q16s1,2,1.078915,,ok,,15min,1.0,128501,138914265883056,2026-09-05T11:16:04.083+00:00
58b0972d7afc,campaign-sf1,mado,tpch,Q16,Medium,postgresql,non-indexed,1,2,2,-1,sqlalchemy,sql,q16s1,2,1.117072,,ok,,15min,1.0,128501,138914265883056,2026-09-05T11:16:05.200+00:00
58b0972d7afc,campaign-sf1,mado,tpch,Q16,Medium,postgresql,non-indexed,1,2,2,-1,sqlalchemy,orm,q16s1,2,1.103625,,ok,,15min,1.0,128501,138914265883056,2026-09-05T11:16:06.303+00:00
58b0972d7afc,campaign-sf1,mado,tpch,Q16,Medium,postgresql,non-indexed,1,2,2,0,sqlalchemy,orm,q16s1,0,1.136653,18196,ok,,15min,1.0,128501,138914265883056,2026-09-05T11:16:07.440+00:00
58b0972d7afc,campaign-sf1,mado,tpch,Q16,Medium,postgresql,non-indexed,1,2,2,1,sqlalchemy,sql,q16s1,0,1.113388,18196,ok,,15min,1.0,128501,138914265883056,2026-09-05T11:16:08.554+00:00
58b0972d7afc,campaign-sf1,mado,tpch,Q16,Medium,postgresql,non-indexed,1,2,2,2,django,orm,q16s1,0,1.078781,18196,ok,,15min,1.0,128501,138914265883056,2026-09-05T11:16:09.633+00:00
58b0972d7afc,campaign-sf1,mado,tpch,Q16,Medium,postgresql,non-indexed,1,2,2,3,django,sql,q16s1,0,1.070842,18196,ok,,15min,1.0,128501,138914265883056,2026-09-05T11:16:10.703+00:00
58b0972d7afc,campaign-sf1,mado,tpch,Q16,Medium,postgresql,non-indexed,1,3,3,-1,django,sql,q16s2,2,1.066925,,ok,,15min,1.0,128501,138914265883056,2026-09-05T11:16:11.775+00:00
58b0972d7afc,campaign-sf1,mado,tpch,Q16,Medium,postgresql,non-indexed,1,3,3,-1,django,orm,q16s2,2,1.078958,,ok,,15min,1.0,128501,138914265883056,2026-09-05T11:16:12.854+00:00
58b0972d7afc,campaign-sf1,mado,tpch,Q16,Medium,postgresql,non-indexed,1,3,3,-1,sqlalchemy,sql,q16s2,2,1.076636,,ok,,15min,1.0,128501,138914265883056,2026-09-05T11:16:13.931+00:00
58b0972d7afc,campaign-sf1,mado,tpch,Q16,Medium,postgresql,non-indexed,1,3,3,-1,sqlalchemy,orm,q16s2,2,1.134168,,ok,,15min,1.0,128501,138914265883056,2026-09-05T11:16:15.065+00:00
58b0972d7afc,campaign-sf1,mado,tpch,Q16,Medium,postgresql,non-indexed,1,3,3,0,sqlalchemy,sql,q16s2,0,1.113406,18263,ok,,15min,1.0,128501,138914265883056,2026-09-05T11:16:16.179+00:00
58b0972d7afc,campaign-sf1,mado,tpch,Q16,Medium,postgresql,non-indexed,1,3,3,1,django,sql,q16s2,0,1.066107,18263,ok,,15min,1.0,128501,138914265883056,2026-09-05T11:16:17.245+00:00
58b0972d7afc,campaign-sf1,mado,tpch,Q16,Medium,postgresql,non-indexed,1,3,3,2,sqlalchemy,orm,q16s2,0,1.13073,18263,ok,,15min,1.0,128501,138914265883056,2026-09-05T11:16:18.376+00:00
58b0972d7afc,campaign-sf1,mado,tpch,Q16,Medium,postgresql,non-indexed,1,3,3,3,django,orm,q16s2,0,1.07531,18263,ok,,15min,1.0,128501,138914265883056,2026-09-05T11:16:19.451+00:00
58b0972d7afc,campaign-sf1,mado,tpch,Q16,Medium,postgresql,non-indexed,1,4,1,-1,django,sql,q16s3,2,1.072403,,ok,,15min,1.0,128501,138914265883056,2026-09-05T11:16:20.528+00:00
58b0972d7afc,campaign-sf1,mado,tpch,Q16,Medium,postgresql,non-indexed,1,4,1,-1,django,orm,q16s3,2,1.079338,,ok,,15min,1.0,128501,138914265883056,2026-09-05T11:16:21.608+00:00
58b0972d7afc,campaign-sf1,mado,tpch,Q16,Medium,postgresql,non-indexed,1,4,1,-1,sqlalchemy,sql,q16s3,2,1.079372,,ok,,15min,1.0,128501,138914265883056,2026-09-05T11:16:22.687+00:00
58b0972d7afc,campaign-sf1,mado,tpch,Q16,Medium,postgresql,non-indexed,1,4,1,-1,sqlalchemy,orm,q16s3,2,1.147512,,ok,,15min,1.0,128501,138914265883056,2026-09-05T11:16:23.835+00:00
58b0972d7afc,campaign-sf1,mado,tpch,Q16,Medium,postgresql,non-indexed,1,4,1,0,django,orm,q16s3,0,1.080786,18290,ok,,15min,1.0,128501,138914265883056,2026-09-05T11:16:24.916+00:00
58b0972d7afc,campaign-sf1,mado,tpch,Q16,Medium,postgresql,non-indexed,1,4,1,1,sqlalchemy,orm,q16s3,0,1.141589,18290,ok,,15min,1.0,128501,138914265883056,2026-09-05T11:16:26.058+00:00
58b0972d7afc,campaign-sf1,mado,tpch,Q16,Medium,postgresql,non-indexed,1,4,1,2,django,sql,q16s3,0,1.07626,18290,ok,,15min,1.0,128501,138914265883056,2026-09-05T11:16:27.134+00:00
58b0972d7afc,campaign-sf1,mado,tpch,Q16,Medium,postgresql,non-indexed,1,4,1,3,sqlalchemy,sql,q16s3,0,1.1147,18290,ok,,15min,1.0,128501,138914265883056,2026-09-05T11:16:28.249+00:00
58b0972d7afc,campaign-sf1,mado,tpch,Q16,Medium,postgresql,non-indexed,1,5,1,-1,django,sql,q16s4,2,1.069274,,ok,,15min,1.0,128501,138914265883056,2026-09-05T11:16:29.323+00:00
58b0972d7afc,campaign-sf1,mado,tpch,Q16,Medium,postgresql,non-indexed,1,5,1,-1,django,orm,q16s4,2,1.073881,,ok,,15min,1.0,128501,138914265883056,2026-09-05T11:16:30.397+00:00
58b0972d7afc,campaign-sf1,mado,tpch,Q16,Medium,postgresql,non-indexed,1,5,1,-1,sqlalchemy,sql,q16s4,2,1.116692,,ok,,15min,1.0,128501,138914265883056,2026-09-05T11:16:31.513+00:00
58b0972d7afc,campaign-sf1,mado,tpch,Q16,Medium,postgresql,non-indexed,1,5,1,-1,sqlalchemy,orm,q16s4,2,1.091906,,ok,,15min,1.0,128501,138914265883056,2026-09-05T11:16:32.605+00:00
58b0972d7afc,campaign-sf1,mado,tpch,Q16,Medium,postgresql,non-indexed,1,5,1,0,django,orm,q16s4,0,1.111655,18226,ok,,15min,1.0,128501,138914265883056,2026-09-05T11:16:33.717+00:00
58b0972d7afc,campaign-sf1,mado,tpch,Q16,Medium,postgresql,non-indexed,1,5,1,1,sqlalchemy,orm,q16s4,0,1.136709,18226,ok,,15min,1.0,128501,138914265883056,2026-09-05T11:16:34.854+00:00
58b0972d7afc,campaign-sf1,mado,tpch,Q16,Medium,postgresql,non-indexed,1,5,1,2,django,sql,q16s4,0,1.068993,18226,ok,,15min,1.0,128501,138914265883056,2026-09-05T11:16:35.923+00:00
58b0972d7afc,campaign-sf1,mado,tpch,Q16,Medium,postgresql,non-indexed,1,5,1,3,sqlalchemy,sql,q16s4,0,1.072539,18226,ok,,15min,1.0,128501,138914265883056,2026-09-05T11:16:36.996+00:00
58b0972d7afc,campaign-sf1,mado,tpch,Q16,Medium,postgresql,non-indexed,1,6,2,-1,django,sql,q16s5,2,1.072878,,ok,,15min,1.0,128501,138914265883056,2026-09-05T11:16:38.076+00:00
58b0972d7afc,campaign-sf1,mado,tpch,Q16,Medium,postgresql,non-indexed,1,6,2,-1,django,orm,q16s5,2,1.081817,,ok,,15min,1.0,128501,138914265883056,2026-09-05T11:16:39.158+00:00
58b0972d7afc,campaign-sf1,mado,tpch,Q16,Medium,postgresql,non-indexed,1,6,2,-1,sqlalchemy,sql,q16s5,2,1.121369,,ok,,15min,1.0,128501,138914265883056,2026-09-05T11:16:40.279+00:00
58b0972d7afc,campaign-sf1,mado,tpch,Q16,Medium,postgresql,non-indexed,1,6,2,-1,sqlalchemy,orm,q16s5,2,1.140793,,ok,,15min,1.0,128501,138914265883056,2026-09-05T11:16:41.420+00:00
58b0972d7afc,campaign-sf1,mado,tpch,Q16,Medium,postgresql,non-indexed,1,6,2,0,sqlalchemy,orm,q16s5,0,1.104506,18374,ok,,15min,1.0,128501,138914265883056,2026-09-05T11:16:42.525+00:00
58b0972d7afc,campaign-sf1,mado,tpch,Q16,Medium,postgresql,non-indexed,1,6,2,1,sqlalchemy,sql,q16s5,0,1.118467,18374,ok,,15min,1.0,128501,138914265883056,2026-09-05T11:16:43.643+00:00
58b0972d7afc,campaign-sf1,mado,tpch,Q16,Medium,postgresql,non-indexed,1,6,2,2,django,orm,q16s5,0,1.080362,18374,ok,,15min,1.0,128501,138914265883056,2026-09-05T11:16:44.724+00:00
58b0972d7afc,campaign-sf1,mado,tpch,Q16,Medium,postgresql,non-indexed,1,6,2,3,django,sql,q16s5,0,1.072419,18374,ok,,15min,1.0,128501,138914265883056,2026-09-05T11:16:45.796+00:00
58b0972d7afc,campaign-sf1,mado,tpch,Q16,Medium,postgresql,non-indexed,1,7,3,-1,django,sql,q16s6,2,1.074079,,ok,,15min,1.0,128501,138914265883056,2026-09-05T11:16:46.875+00:00
58b0972d7afc,campaign-sf1,mado,tpch,Q16,Medium,postgresql,non-indexed,1,7,3,-1,django,orm,q16s6,2,1.081347,,ok,,15min,1.0,128501,138914265883056,2026-09-05T11:16:47.957+00:00
58b0972d7afc,campaign-sf1,mado,tpch,Q16,Medium,postgresql,non-indexed,1,7,3,-1,sqlalchemy,sql,q16s6,2,1.082585,,ok,,15min,1.0,128501,138914265883056,2026-09-05T11:16:49.039+00:00
58b0972d7afc,campaign-sf1,mado,tpch,Q16,Medium,postgresql,non-indexed,1,7,3,-1,sqlalchemy,orm,q16s6,2,1.138639,,ok,,15min,1.0,128501,138914265883056,2026-09-05T11:16:50.178+00:00
58b0972d7afc,campaign-sf1,mado,tpch,Q16,Medium,postgresql,non-indexed,1,7,3,0,sqlalchemy,sql,q16s6,0,1.177838,18220,ok,,15min,1.0,128501,138914265883056,2026-09-05T11:16:51.356+00:00
58b0972d7afc,campaign-sf1,mado,tpch,Q16,Medium,postgresql,non-indexed,1,7,3,1,django,sql,q16s6,0,1.118994,18220,ok,,15min,1.32,128501,138914265883056,2026-09-05T11:16:52.475+00:00
58b0972d7afc,campaign-sf1,mado,tpch,Q16,Medium,postgresql,non-indexed,1,7,3,2,sqlalchemy,orm,q16s6,0,1.185708,18220,ok,,15min,1.32,128501,138914265883056,2026-09-05T11:16:53.661+00:00
58b0972d7afc,campaign-sf1,mado,tpch,Q16,Medium,postgresql,non-indexed,1,7,3,3,django,orm,q16s6,0,1.107953,18220,ok,,15min,1.32,128501,138914265883056,2026-09-05T11:16:54.769+00:00
58b0972d7afc,campaign-sf1,mado,tpch,Q16,Medium,postgresql,non-indexed,1,8,0,-1,django,sql,q16s7,2,1.070978,,ok,,15min,1.32,128501,138914265883056,2026-09-05T11:16:55.845+00:00
58b0972d7afc,campaign-sf1,mado,tpch,Q16,Medium,postgresql,non-indexed,1,8,0,-1,django,orm,q16s7,2,1.081638,,ok,,15min,1.32,128501,138914265883056,2026-09-05T11:16:56.927+00:00
58b0972d7afc,campaign-sf1,mado,tpch,Q16,Medium,postgresql,non-indexed,1,8,0,-1,sqlalchemy,sql,q16s7,2,1.081932,,ok,,15min,1.29,128501,138914265883056,2026-09-05T11:16:58.009+00:00
58b0972d7afc,campaign-sf1,mado,tpch,Q16,Medium,postgresql,non-indexed,1,8,0,-1,sqlalchemy,orm,q16s7,2,1.139375,,ok,,15min,1.29,128501,138914265883056,2026-09-05T11:16:59.149+00:00
58b0972d7afc,campaign-sf1,mado,tpch,Q16,Medium,postgresql,non-indexed,1,8,0,0,django,sql,q16s7,0,1.071152,18284,ok,,15min,1.29,128501,138914265883056,2026-09-05T11:17:00.220+00:00
58b0972d7afc,campaign-sf1,mado,tpch,Q16,Medium,postgresql,non-indexed,1,8,0,1,django,orm,q16s7,0,1.081654,18284,ok,,15min,1.29,128501,138914265883056,2026-09-05T11:17:01.302+00:00
58b0972d7afc,campaign-sf1,mado,tpch,Q16,Medium,postgresql,non-indexed,1,8,0,2,sqlalchemy,sql,q16s7,0,1.120058,18284,ok,,15min,1.27,128501,138914265883056,2026-09-05T11:17:02.422+00:00
58b0972d7afc,campaign-sf1,mado,tpch,Q16,Medium,postgresql,non-indexed,1,8,0,3,sqlalchemy,orm,q16s7,0,1.138137,18284,ok,,15min,1.27,128501,138914265883056,2026-09-05T11:17:03.560+00:00
bf854d8b5836,campaign-sf1,mado,tpch,Q17,Complex,postgresql,non-indexed,1,0,2,0,sqlalchemy,orm,q17warm,1,900.047201,,timeout,"OperationalError: (psycopg2.errors.QueryCanceled) canceling statement due to statement timeout

[SQL: SELECT sum(lineitem.l_extendedprice) / CAST(%(sum_1)s AS NUMERIC(1",15min,1.01,128547,133417162810352,2026-09-05T11:32:04.875+00:00
bf854d8b5836,campaign-sf1,mado,tpch,Q17,Complex,postgresql,non-indexed,1,0,2,1,sqlalchemy,sql,q17warm,1,900.000863,,timeout,"OperationalError: (psycopg2.errors.QueryCanceled) canceling statement due to statement timeout

[SQL: SELECT SUM(l_extendedprice) / 7.0 AS avg_yearly
FROM lineitem, par",15min,1.02,128547,133417162810352,2026-09-05T11:47:04.878+00:00
bf854d8b5836,campaign-sf1,mado,tpch,Q17,Complex,postgresql,non-indexed,1,0,2,2,django,orm,q17warm,1,900.005754,,timeout,"OperationalError: canceling statement due to statement timeout
",15min,1.13,128547,133417162810352,2026-09-05T12:02:04.885+00:00
bf854d8b5836,campaign-sf1,mado,tpch,Q17,Complex,postgresql,non-indexed,1,0,2,3,django,sql,q17warm,1,900.000637,,timeout,"OperationalError: canceling statement due to statement timeout
",15min,1.0,128547,133417162810352,2026-09-05T12:17:04.886+00:00
3c4b6ec32219,campaign-sf1,mado,tpch,Q18,Complex,postgresql,non-indexed,1,0,3,0,sqlalchemy,sql,q18warm,1,10.565056,9,ok,,15min,1.0,130027,137602289902336,2026-09-05T12:17:16.713+00:00
3c4b6ec32219,campaign-sf1,mado,tpch,Q18,Complex,postgresql,non-indexed,1,0,3,1,django,sql,q18warm,1,10.494675,9,ok,,15min,1.08,130027,137602289902336,2026-09-05T12:17:27.208+00:00
3c4b6ec32219,campaign-sf1,mado,tpch,Q18,Complex,postgresql,non-indexed,1,0,3,2,sqlalchemy,orm,q18warm,1,10.289514,9,ok,,15min,1.07,130027,137602289902336,2026-09-05T12:17:37.498+00:00
3c4b6ec32219,campaign-sf1,mado,tpch,Q18,Complex,postgresql,non-indexed,1,0,3,3,django,orm,q18warm,1,10.232093,9,ok,,15min,1.06,130027,137602289902336,2026-09-05T12:17:47.730+00:00
3c4b6ec32219,campaign-sf1,mado,tpch,Q18,Complex,postgresql,non-indexed,1,1,1,-1,django,sql,q18s0,2,10.160054,,ok,,15min,1.04,130027,137602289902336,2026-09-05T12:17:57.895+00:00
3c4b6ec32219,campaign-sf1,mado,tpch,Q18,Complex,postgresql,non-indexed,1,1,1,-1,django,orm,q18s0,2,10.215097,,ok,,15min,1.12,130027,137602289902336,2026-09-05T12:18:08.110+00:00
3c4b6ec32219,campaign-sf1,mado,tpch,Q18,Complex,postgresql,non-indexed,1,1,1,-1,sqlalchemy,sql,q18s0,2,10.135217,,ok,,15min,1.1,130027,137602289902336,2026-09-05T12:18:18.245+00:00
3c4b6ec32219,campaign-sf1,mado,tpch,Q18,Complex,postgresql,non-indexed,1,1,1,-1,sqlalchemy,orm,q18s0,2,10.207547,,ok,,15min,1.16,130027,137602289902336,2026-09-05T12:18:28.453+00:00
3c4b6ec32219,campaign-sf1,mado,tpch,Q18,Complex,postgresql,non-indexed,1,1,1,0,django,orm,q18s0,0,10.257889,57,ok,,15min,1.21,130027,137602289902336,2026-09-05T12:18:38.711+00:00
3c4b6ec32219,campaign-sf1,mado,tpch,Q18,Complex,postgresql,non-indexed,1,1,1,1,sqlalchemy,orm,q18s0,0,10.231364,57,ok,,15min,1.17,130027,137602289902336,2026-09-05T12:18:48.942+00:00
3c4b6ec32219,campaign-sf1,mado,tpch,Q18,Complex,postgresql,non-indexed,1,1,1,2,django,sql,q18s0,0,10.14608,57,ok,,15min,1.15,130027,137602289902336,2026-09-05T12:18:59.089+00:00
3c4b6ec32219,campaign-sf1,mado,tpch,Q18,Complex,postgresql,non-indexed,1,1,1,3,sqlalchemy,sql,q18s0,0,10.202785,57,ok,,15min,1.12,130027,137602289902336,2026-09-05T12:19:09.291+00:00
3c4b6ec32219,campaign-sf1,mado,tpch,Q18,Complex,postgresql,non-indexed,1,2,3,-1,django,sql,q18s1,2,10.136378,,ok,,15min,1.1,130027,137602289902336,2026-09-05T12:19:19.432+00:00
3c4b6ec32219,campaign-sf1,mado,tpch,Q18,Complex,postgresql,non-indexed,1,2,3,-1,django,orm,q18s1,2,10.212989,,ok,,15min,1.09,130027,137602289902336,2026-09-05T12:19:29.645+00:00
3c4b6ec32219,campaign-sf1,mado,tpch,Q18,Complex,postgresql,non-indexed,1,2,3,-1,sqlalchemy,sql,q18s1,2,10.18086,,ok,,15min,1.07,130027,137602289902336,2026-09-05T12:19:39.826+00:00
3c4b6ec32219,campaign-sf1,mado,tpch,Q18,Complex,postgresql,non-indexed,1,2,3,-1,sqlalchemy,orm,q18s1,2,10.219526,,ok,,15min,1.06,130027,137602289902336,2026-09-05T12:19:50.046+00:00
3c4b6ec32219,campaign-sf1,mado,tpch,Q18,Complex,postgresql,non-indexed,1,2,3,0,sqlalchemy,sql,q18s1,0,10.210356,9,ok,,15min,1.05,130027,137602289902336,2026-09-05T12:20:00.256+00:00
3c4b6ec32219,campaign-sf1,mado,tpch,Q18,Complex,postgresql,non-indexed,1,2,3,1,django,sql,q18s1,0,10.270504,9,ok,,15min,1.04,130027,137602289902336,2026-09-05T12:20:10.527+00:00
3c4b6ec32219,campaign-sf1,mado,tpch,Q18,Complex,postgresql,non-indexed,1,2,3,2,sqlalchemy,orm,q18s1,0,10.179897,9,ok,,15min,1.04,130027,137602289902336,2026-09-05T12:20:20.707+00:00
3c4b6ec32219,campaign-sf1,mado,tpch,Q18,Complex,postgresql,non-indexed,1,2,3,3,django,orm,q18s1,0,10.248608,9,ok,,15min,1.03,130027,137602289902336,2026-09-05T12:20:30.956+00:00
3c4b6ec32219,campaign-sf1,mado,tpch,Q18,Complex,postgresql,non-indexed,1,3,2,-1,django,sql,q18s2,2,10.120453,,ok,,15min,1.32,130027,137602289902336,2026-09-05T12:20:41.081+00:00
3c4b6ec32219,campaign-sf1,mado,tpch,Q18,Complex,postgresql,non-indexed,1,3,2,-1,django,orm,q18s2,2,10.253597,,ok,,15min,1.27,130027,137602289902336,2026-09-05T12:20:51.335+00:00
3c4b6ec32219,campaign-sf1,mado,tpch,Q18,Complex,postgresql,non-indexed,1,3,2,-1,sqlalchemy,sql,q18s2,2,10.226826,,ok,,15min,1.23,130027,137602289902336,2026-09-05T12:21:01.562+00:00
3c4b6ec32219,campaign-sf1,mado,tpch,Q18,Complex,postgresql,non-indexed,1,3,2,-1,sqlalchemy,orm,q18s2,2,10.225013,,ok,,15min,1.19,130027,137602289902336,2026-09-05T12:21:11.787+00:00
3c4b6ec32219,campaign-sf1,mado,tpch,Q18,Complex,postgresql,non-indexed,1,3,2,0,sqlalchemy,orm,q18s2,0,10.180744,9,ok,,15min,1.16,130027,137602289902336,2026-09-05T12:21:21.967+00:00
3c4b6ec32219,campaign-sf1,mado,tpch,Q18,Complex,postgresql,non-indexed,1,3,2,1,sqlalchemy,sql,q18s2,0,10.244811,9,ok,,15min,1.14,130027,137602289902336,2026-09-05T12:21:32.212+00:00
3c4b6ec32219,campaign-sf1,mado,tpch,Q18,Complex,postgresql,non-indexed,1,3,2,2,django,orm,q18s2,0,10.227035,9,ok,,15min,1.12,130027,137602289902336,2026-09-05T12:21:42.439+00:00
3c4b6ec32219,campaign-sf1,mado,tpch,Q18,Complex,postgresql,non-indexed,1,3,2,3,django,sql,q18s2,0,10.342355,9,ok,,15min,1.1,130027,137602289902336,2026-09-05T12:21:52.782+00:00
3c4b6ec32219,campaign-sf1,mado,tpch,Q18,Complex,postgresql,non-indexed,1,4,0,-1,django,sql,q18s3,2,10.32496,,ok,,15min,1.16,130027,137602289902336,2026-09-05T12:22:03.111+00:00
3c4b6ec32219,campaign-sf1,mado,tpch,Q18,Complex,postgresql,non-indexed,1,4,0,-1,django,orm,q18s3,2,10.246601,,ok,,15min,1.21,130027,137602289902336,2026-09-05T12:22:13.358+00:00
3c4b6ec32219,campaign-sf1,mado,tpch,Q18,Complex,postgresql,non-indexed,1,4,0,-1,sqlalchemy,sql,q18s3,2,10.201373,,ok,,15min,1.25,130027,137602289902336,2026-09-05T12:22:23.559+00:00
3c4b6ec32219,campaign-sf1,mado,tpch,Q18,Complex,postgresql,non-indexed,1,4,0,-1,sqlalchemy,orm,q18s3,2,10.198326,,ok,,15min,1.21,130027,137602289902336,2026-09-05T12:22:33.757+00:00
3c4b6ec32219,campaign-sf1,mado,tpch,Q18,Complex,postgresql,non-indexed,1,4,0,0,django,sql,q18s3,0,10.456042,9,ok,,15min,1.18,130027,137602289902336,2026-09-05T12:22:44.214+00:00
3c4b6ec32219,campaign-sf1,mado,tpch,Q18,Complex,postgresql,non-indexed,1,4,0,1,django,orm,q18s3,0,10.205221,9,ok,,15min,1.15,130027,137602289902336,2026-09-05T12:22:54.419+00:00
3c4b6ec32219,campaign-sf1,mado,tpch,Q18,Complex,postgresql,non-indexed,1,4,0,2,sqlalchemy,sql,q18s3,0,10.20807,9,ok,,15min,1.13,130027,137602289902336,2026-09-05T12:23:04.627+00:00
3c4b6ec32219,campaign-sf1,mado,tpch,Q18,Complex,postgresql,non-indexed,1,4,0,3,sqlalchemy,orm,q18s3,0,10.209944,9,ok,,15min,1.11,130027,137602289902336,2026-09-05T12:23:14.837+00:00
3c4b6ec32219,campaign-sf1,mado,tpch,Q18,Complex,postgresql,non-indexed,1,5,0,-1,django,sql,q18s4,2,10.361315,,ok,,15min,1.09,130027,137602289902336,2026-09-05T12:23:25.203+00:00
3c4b6ec32219,campaign-sf1,mado,tpch,Q18,Complex,postgresql,non-indexed,1,5,0,-1,django,orm,q18s4,2,10.384362,,ok,,15min,1.08,130027,137602289902336,2026-09-05T12:23:35.587+00:00
3c4b6ec32219,campaign-sf1,mado,tpch,Q18,Complex,postgresql,non-indexed,1,5,0,-1,sqlalchemy,sql,q18s4,2,10.208804,,ok,,15min,1.06,130027,137602289902336,2026-09-05T12:23:45.796+00:00
3c4b6ec32219,campaign-sf1,mado,tpch,Q18,Complex,postgresql,non-indexed,1,5,0,-1,sqlalchemy,orm,q18s4,2,10.219294,,ok,,15min,1.05,130027,137602289902336,2026-09-05T12:23:56.015+00:00
3c4b6ec32219,campaign-sf1,mado,tpch,Q18,Complex,postgresql,non-indexed,1,5,0,0,django,sql,q18s4,0,10.354036,10,ok,,15min,1.05,130027,137602289902336,2026-09-05T12:24:06.369+00:00
3c4b6ec32219,campaign-sf1,mado,tpch,Q18,Complex,postgresql,non-indexed,1,5,0,1,django,orm,q18s4,0,10.393144,10,ok,,15min,1.04,130027,137602289902336,2026-09-05T12:24:16.763+00:00
3c4b6ec32219,campaign-sf1,mado,tpch,Q18,Complex,postgresql,non-indexed,1,5,0,2,sqlalchemy,sql,q18s4,0,10.206717,10,ok,,15min,1.11,130027,137602289902336,2026-09-05T12:24:26.969+00:00
3c4b6ec32219,campaign-sf1,mado,tpch,Q18,Complex,postgresql,non-indexed,1,5,0,3,sqlalchemy,orm,q18s4,0,10.188378,10,ok,,15min,1.09,130027,137602289902336,2026-09-05T12:24:37.158+00:00
3c4b6ec32219,campaign-sf1,mado,tpch,Q18,Complex,postgresql,non-indexed,1,6,3,-1,django,sql,q18s5,2,10.352778,,ok,,15min,1.08,130027,137602289902336,2026-09-05T12:24:47.516+00:00
3c4b6ec32219,campaign-sf1,mado,tpch,Q18,Complex,postgresql,non-indexed,1,6,3,-1,django,orm,q18s5,2,10.211488,,ok,,15min,1.06,130027,137602289902336,2026-09-05T12:24:57.727+00:00
3c4b6ec32219,campaign-sf1,mado,tpch,Q18,Complex,postgresql,non-indexed,1,6,3,-1,sqlalchemy,sql,q18s5,2,10.20973,,ok,,15min,1.05,130027,137602289902336,2026-09-05T12:25:07.937+00:00
3c4b6ec32219,campaign-sf1,mado,tpch,Q18,Complex,postgresql,non-indexed,1,6,3,-1,sqlalchemy,orm,q18s5,2,10.195903,,ok,,15min,1.12,130027,137602289902336,2026-09-05T12:25:18.133+00:00
3c4b6ec32219,campaign-sf1,mado,tpch,Q18,Complex,postgresql,non-indexed,1,6,3,0,sqlalchemy,sql,q18s5,0,10.186162,10,ok,,15min,1.1,130027,137602289902336,2026-09-05T12:25:28.319+00:00
3c4b6ec32219,campaign-sf1,mado,tpch,Q18,Complex,postgresql,non-indexed,1,6,3,1,django,sql,q18s5,0,10.383144,10,ok,,15min,1.09,130027,137602289902336,2026-09-05T12:25:38.703+00:00
3c4b6ec32219,campaign-sf1,mado,tpch,Q18,Complex,postgresql,non-indexed,1,6,3,2,sqlalchemy,orm,q18s5,0,10.197296,10,ok,,15min,1.07,130027,137602289902336,2026-09-05T12:25:48.900+00:00
3c4b6ec32219,campaign-sf1,mado,tpch,Q18,Complex,postgresql,non-indexed,1,6,3,3,django,orm,q18s5,0,10.384743,10,ok,,15min,1.21,130027,137602289902336,2026-09-05T12:25:59.285+00:00
3c4b6ec32219,campaign-sf1,mado,tpch,Q18,Complex,postgresql,non-indexed,1,7,2,-1,django,sql,q18s6,2,10.381502,,ok,,15min,1.18,130027,137602289902336,2026-09-05T12:26:09.671+00:00
3c4b6ec32219,campaign-sf1,mado,tpch,Q18,Complex,postgresql,non-indexed,1,7,2,-1,django,orm,q18s6,2,10.215502,,ok,,15min,1.15,130027,137602289902336,2026-09-05T12:26:19.887+00:00
3c4b6ec32219,campaign-sf1,mado,tpch,Q18,Complex,postgresql,non-indexed,1,7,2,-1,sqlalchemy,sql,q18s6,2,10.222391,,ok,,15min,1.12,130027,137602289902336,2026-09-05T12:26:30.109+00:00
3c4b6ec32219,campaign-sf1,mado,tpch,Q18,Complex,postgresql,non-indexed,1,7,2,-1,sqlalchemy,orm,q18s6,2,10.170518,,ok,,15min,1.11,130027,137602289902336,2026-09-05T12:26:40.280+00:00
3c4b6ec32219,campaign-sf1,mado,tpch,Q18,Complex,postgresql,non-indexed,1,7,2,0,sqlalchemy,orm,q18s6,0,10.188619,9,ok,,15min,1.09,130027,137602289902336,2026-09-05T12:26:50.469+00:00
3c4b6ec32219,campaign-sf1,mado,tpch,Q18,Complex,postgresql,non-indexed,1,7,2,1,sqlalchemy,sql,q18s6,0,10.165986,9,ok,,15min,1.3,130027,137602289902336,2026-09-05T12:27:00.635+00:00
3c4b6ec32219,campaign-sf1,mado,tpch,Q18,Complex,postgresql,non-indexed,1,7,2,2,django,orm,q18s6,0,10.14265,9,ok,,15min,1.25,130027,137602289902336,2026-09-05T12:27:10.778+00:00
3c4b6ec32219,campaign-sf1,mado,tpch,Q18,Complex,postgresql,non-indexed,1,7,2,3,django,sql,q18s6,0,10.328869,9,ok,,15min,1.21,130027,137602289902336,2026-09-05T12:27:21.107+00:00
3c4b6ec32219,campaign-sf1,mado,tpch,Q18,Complex,postgresql,non-indexed,1,8,1,-1,django,sql,q18s7,2,10.370697,,ok,,15min,1.4,130027,137602289902336,2026-09-05T12:27:31.483+00:00
3c4b6ec32219,campaign-sf1,mado,tpch,Q18,Complex,postgresql,non-indexed,1,8,1,-1,django,orm,q18s7,2,10.208343,,ok,,15min,1.34,130027,137602289902336,2026-09-05T12:27:41.691+00:00
3c4b6ec32219,campaign-sf1,mado,tpch,Q18,Complex,postgresql,non-indexed,1,8,1,-1,sqlalchemy,sql,q18s7,2,10.117693,,ok,,15min,1.29,130027,137602289902336,2026-09-05T12:27:51.809+00:00
3c4b6ec32219,campaign-sf1,mado,tpch,Q18,Complex,postgresql,non-indexed,1,8,1,-1,sqlalchemy,orm,q18s7,2,10.115138,,ok,,15min,1.24,130027,137602289902336,2026-09-05T12:28:01.924+00:00
3c4b6ec32219,campaign-sf1,mado,tpch,Q18,Complex,postgresql,non-indexed,1,8,1,0,django,orm,q18s7,0,10.210879,9,ok,,15min,1.2,130027,137602289902336,2026-09-05T12:28:12.135+00:00
3c4b6ec32219,campaign-sf1,mado,tpch,Q18,Complex,postgresql,non-indexed,1,8,1,1,sqlalchemy,orm,q18s7,0,10.109381,9,ok,,15min,1.17,130027,137602289902336,2026-09-05T12:28:22.244+00:00
3c4b6ec32219,campaign-sf1,mado,tpch,Q18,Complex,postgresql,non-indexed,1,8,1,2,django,sql,q18s7,0,10.310031,9,ok,,15min,1.15,130027,137602289902336,2026-09-05T12:28:32.555+00:00
3c4b6ec32219,campaign-sf1,mado,tpch,Q18,Complex,postgresql,non-indexed,1,8,1,3,sqlalchemy,sql,q18s7,0,10.100016,9,ok,,15min,1.12,130027,137602289902336,2026-09-05T12:28:42.655+00:00
fa9ed995e8fe,campaign-sf1,mado,tpch,Q19,Simple,postgresql,non-indexed,1,0,2,0,sqlalchemy,orm,q19warm,1,2.533377,1,ok,,15min,1.11,130236,138160597230432,2026-09-05T12:28:46.447+00:00
fa9ed995e8fe,campaign-sf1,mado,tpch,Q19,Simple,postgresql,non-indexed,1,0,2,1,sqlalchemy,sql,q19warm,1,2.302313,1,ok,,15min,1.1,130236,138160597230432,2026-09-05T12:28:48.749+00:00
fa9ed995e8fe,campaign-sf1,mado,tpch,Q19,Simple,postgresql,non-indexed,1,0,2,2,django,orm,q19warm,1,2.501541,1,ok,,15min,1.1,130236,138160597230432,2026-09-05T12:28:51.251+00:00
fa9ed995e8fe,campaign-sf1,mado,tpch,Q19,Simple,postgresql,non-indexed,1,0,2,3,django,sql,q19warm,1,2.292961,1,ok,,15min,1.09,130236,138160597230432,2026-09-05T12:28:53.544+00:00
fa9ed995e8fe,campaign-sf1,mado,tpch,Q19,Simple,postgresql,non-indexed,1,1,2,-1,django,sql,q19s0,2,2.280615,,ok,,15min,1.09,130236,138160597230432,2026-09-05T12:28:55.829+00:00
fa9ed995e8fe,campaign-sf1,mado,tpch,Q19,Simple,postgresql,non-indexed,1,1,2,-1,django,orm,q19s0,2,2.301829,,ok,,15min,1.09,130236,138160597230432,2026-09-05T12:28:58.131+00:00
fa9ed995e8fe,campaign-sf1,mado,tpch,Q19,Simple,postgresql,non-indexed,1,1,2,-1,sqlalchemy,sql,q19s0,2,2.305064,,ok,,15min,1.09,130236,138160597230432,2026-09-05T12:29:00.436+00:00
fa9ed995e8fe,campaign-sf1,mado,tpch,Q19,Simple,postgresql,non-indexed,1,1,2,-1,sqlalchemy,orm,q19s0,2,2.309418,,ok,,15min,1.09,130236,138160597230432,2026-09-05T12:29:02.746+00:00
fa9ed995e8fe,campaign-sf1,mado,tpch,Q19,Simple,postgresql,non-indexed,1,1,2,0,sqlalchemy,orm,q19s0,0,2.295215,1,ok,,15min,1.08,130236,138160597230432,2026-09-05T12:29:05.041+00:00
fa9ed995e8fe,campaign-sf1,mado,tpch,Q19,Simple,postgresql,non-indexed,1,1,2,1,sqlalchemy,sql,q19s0,0,2.294778,1,ok,,15min,1.08,130236,138160597230432,2026-09-05T12:29:07.336+00:00
fa9ed995e8fe,campaign-sf1,mado,tpch,Q19,Simple,postgresql,non-indexed,1,1,2,2,django,orm,q19s0,0,2.296562,1,ok,,15min,1.07,130236,138160597230432,2026-09-05T12:29:09.632+00:00
fa9ed995e8fe,campaign-sf1,mado,tpch,Q19,Simple,postgresql,non-indexed,1,1,2,3,django,sql,q19s0,0,2.281935,1,ok,,15min,1.07,130236,138160597230432,2026-09-05T12:29:11.915+00:00
fa9ed995e8fe,campaign-sf1,mado,tpch,Q19,Simple,postgresql,non-indexed,1,2,0,-1,django,sql,q19s1,2,2.285843,,ok,,15min,1.07,130236,138160597230432,2026-09-05T12:29:14.205+00:00
fa9ed995e8fe,campaign-sf1,mado,tpch,Q19,Simple,postgresql,non-indexed,1,2,0,-1,django,orm,q19s1,2,2.291986,,ok,,15min,1.07,130236,138160597230432,2026-09-05T12:29:16.498+00:00
fa9ed995e8fe,campaign-sf1,mado,tpch,Q19,Simple,postgresql,non-indexed,1,2,0,-1,sqlalchemy,sql,q19s1,2,2.291545,,ok,,15min,1.06,130236,138160597230432,2026-09-05T12:29:18.789+00:00
fa9ed995e8fe,campaign-sf1,mado,tpch,Q19,Simple,postgresql,non-indexed,1,2,0,-1,sqlalchemy,orm,q19s1,2,2.288953,,ok,,15min,1.06,130236,138160597230432,2026-09-05T12:29:21.078+00:00
fa9ed995e8fe,campaign-sf1,mado,tpch,Q19,Simple,postgresql,non-indexed,1,2,0,0,django,sql,q19s1,0,2.278177,1,ok,,15min,1.06,130236,138160597230432,2026-09-05T12:29:23.356+00:00
fa9ed995e8fe,campaign-sf1,mado,tpch,Q19,Simple,postgresql,non-indexed,1,2,0,1,django,orm,q19s1,0,2.302024,1,ok,,15min,1.06,130236,138160597230432,2026-09-05T12:29:25.659+00:00
fa9ed995e8fe,campaign-sf1,mado,tpch,Q19,Simple,postgresql,non-indexed,1,2,0,2,sqlalchemy,sql,q19s1,0,2.292566,1,ok,,15min,1.05,130236,138160597230432,2026-09-05T12:29:27.951+00:00
fa9ed995e8fe,campaign-sf1,mado,tpch,Q19,Simple,postgresql,non-indexed,1,2,0,3,sqlalchemy,orm,q19s1,0,2.289896,1,ok,,15min,1.05,130236,138160597230432,2026-09-05T12:29:30.241+00:00
fa9ed995e8fe,campaign-sf1,mado,tpch,Q19,Simple,postgresql,non-indexed,1,3,3,-1,django,sql,q19s2,2,2.28543,,ok,,15min,1.05,130236,138160597230432,2026-09-05T12:29:32.531+00:00
fa9ed995e8fe,campaign-sf1,mado,tpch,Q19,Simple,postgresql,non-indexed,1,3,3,-1,django,orm,q19s2,2,2.291586,,ok,,15min,1.05,130236,138160597230432,2026-09-05T12:29:34.823+00:00
fa9ed995e8fe,campaign-sf1,mado,tpch,Q19,Simple,postgresql,non-indexed,1,3,3,-1,sqlalchemy,sql,q19s2,2,2.298875,,ok,,15min,1.05,130236,138160597230432,2026-09-05T12:29:37.122+00:00
fa9ed995e8fe,campaign-sf1,mado,tpch,Q19,Simple,postgresql,non-indexed,1,3,3,-1,sqlalchemy,orm,q19s2,2,2.288617,,ok,,15min,1.04,130236,138160597230432,2026-09-05T12:29:39.411+00:00
fa9ed995e8fe,campaign-sf1,mado,tpch,Q19,Simple,postgresql,non-indexed,1,3,3,0,sqlalchemy,sql,q19s2,0,2.302181,1,ok,,15min,1.04,130236,138160597230432,2026-09-05T12:29:41.713+00:00
fa9ed995e8fe,campaign-sf1,mado,tpch,Q19,Simple,postgresql,non-indexed,1,3,3,1,django,sql,q19s2,0,2.283279,1,ok,,15min,1.04,130236,138160597230432,2026-09-05T12:29:43.996+00:00
fa9ed995e8fe,campaign-sf1,mado,tpch,Q19,Simple,postgresql,non-indexed,1,3,3,2,sqlalchemy,orm,q19s2,0,2.288526,1,ok,,15min,1.04,130236,138160597230432,2026-09-05T12:29:46.285+00:00
fa9ed995e8fe,campaign-sf1,mado,tpch,Q19,Simple,postgresql,non-indexed,1,3,3,3,django,orm,q19s2,0,2.291227,1,ok,,15min,1.04,130236,138160597230432,2026-09-05T12:29:48.576+00:00
fa9ed995e8fe,campaign-sf1,mado,tpch,Q19,Simple,postgresql,non-indexed,1,4,1,-1,django,sql,q19s3,2,2.275532,,ok,,15min,1.04,130236,138160597230432,2026-09-05T12:29:50.856+00:00
fa9ed995e8fe,campaign-sf1,mado,tpch,Q19,Simple,postgresql,non-indexed,1,4,1,-1,django,orm,q19s3,2,2.292387,,ok,,15min,1.03,130236,138160597230432,2026-09-05T12:29:53.149+00:00
fa9ed995e8fe,campaign-sf1,mado,tpch,Q19,Simple,postgresql,non-indexed,1,4,1,-1,sqlalchemy,sql,q19s3,2,2.288973,,ok,,15min,1.03,130236,138160597230432,2026-09-05T12:29:55.438+00:00
fa9ed995e8fe,campaign-sf1,mado,tpch,Q19,Simple,postgresql,non-indexed,1,4,1,-1,sqlalchemy,orm,q19s3,2,2.299271,,ok,,15min,1.03,130236,138160597230432,2026-09-05T12:29:57.737+00:00
fa9ed995e8fe,campaign-sf1,mado,tpch,Q19,Simple,postgresql,non-indexed,1,4,1,0,django,orm,q19s3,0,2.290883,1,ok,,15min,1.03,130236,138160597230432,2026-09-05T12:30:00.028+00:00
fa9ed995e8fe,campaign-sf1,mado,tpch,Q19,Simple,postgresql,non-indexed,1,4,1,1,sqlalchemy,orm,q19s3,0,2.30256,1,ok,,15min,1.03,130236,138160597230432,2026-09-05T12:30:02.331+00:00
fa9ed995e8fe,campaign-sf1,mado,tpch,Q19,Simple,postgresql,non-indexed,1,4,1,2,django,sql,q19s3,0,2.285929,1,ok,,15min,1.03,130236,138160597230432,2026-09-05T12:30:04.617+00:00
fa9ed995e8fe,campaign-sf1,mado,tpch,Q19,Simple,postgresql,non-indexed,1,4,1,3,sqlalchemy,sql,q19s3,0,2.283364,1,ok,,15min,1.03,130236,138160597230432,2026-09-05T12:30:06.900+00:00
fa9ed995e8fe,campaign-sf1,mado,tpch,Q19,Simple,postgresql,non-indexed,1,5,0,-1,django,sql,q19s4,2,2.283715,,ok,,15min,1.02,130236,138160597230432,2026-09-05T12:30:09.189+00:00
fa9ed995e8fe,campaign-sf1,mado,tpch,Q19,Simple,postgresql,non-indexed,1,5,0,-1,django,orm,q19s4,2,2.295088,,ok,,15min,1.02,130236,138160597230432,2026-09-05T12:30:11.484+00:00
fa9ed995e8fe,campaign-sf1,mado,tpch,Q19,Simple,postgresql,non-indexed,1,5,0,-1,sqlalchemy,sql,q19s4,2,2.286148,,ok,,15min,1.02,130236,138160597230432,2026-09-05T12:30:13.770+00:00
fa9ed995e8fe,campaign-sf1,mado,tpch,Q19,Simple,postgresql,non-indexed,1,5,0,-1,sqlalchemy,orm,q19s4,2,2.283165,,ok,,15min,1.02,130236,138160597230432,2026-09-05T12:30:16.053+00:00
fa9ed995e8fe,campaign-sf1,mado,tpch,Q19,Simple,postgresql,non-indexed,1,5,0,0,django,sql,q19s4,0,2.280429,1,ok,,15min,1.02,130236,138160597230432,2026-09-05T12:30:18.334+00:00
fa9ed995e8fe,campaign-sf1,mado,tpch,Q19,Simple,postgresql,non-indexed,1,5,0,1,django,orm,q19s4,0,2.302968,1,ok,,15min,1.02,130236,138160597230432,2026-09-05T12:30:20.637+00:00
fa9ed995e8fe,campaign-sf1,mado,tpch,Q19,Simple,postgresql,non-indexed,1,5,0,2,sqlalchemy,sql,q19s4,0,2.280228,1,ok,,15min,1.02,130236,138160597230432,2026-09-05T12:30:22.917+00:00
fa9ed995e8fe,campaign-sf1,mado,tpch,Q19,Simple,postgresql,non-indexed,1,5,0,3,sqlalchemy,orm,q19s4,0,2.278065,1,ok,,15min,1.02,130236,138160597230432,2026-09-05T12:30:25.195+00:00
fa9ed995e8fe,campaign-sf1,mado,tpch,Q19,Simple,postgresql,non-indexed,1,6,2,-1,django,sql,q19s5,2,2.285038,,ok,,15min,1.02,130236,138160597230432,2026-09-05T12:30:27.485+00:00
fa9ed995e8fe,campaign-sf1,mado,tpch,Q19,Simple,postgresql,non-indexed,1,6,2,-1,django,orm,q19s5,2,2.300611,,ok,,15min,1.02,130236,138160597230432,2026-09-05T12:30:29.786+00:00
fa9ed995e8fe,campaign-sf1,mado,tpch,Q19,Simple,postgresql,non-indexed,1,6,2,-1,sqlalchemy,sql,q19s5,2,2.288242,,ok,,15min,1.02,130236,138160597230432,2026-09-05T12:30:32.074+00:00
fa9ed995e8fe,campaign-sf1,mado,tpch,Q19,Simple,postgresql,non-indexed,1,6,2,-1,sqlalchemy,orm,q19s5,2,2.274444,,ok,,15min,1.02,130236,138160597230432,2026-09-05T12:30:34.348+00:00
fa9ed995e8fe,campaign-sf1,mado,tpch,Q19,Simple,postgresql,non-indexed,1,6,2,0,sqlalchemy,orm,q19s5,0,2.278199,1,ok,,15min,1.02,130236,138160597230432,2026-09-05T12:30:36.627+00:00
fa9ed995e8fe,campaign-sf1,mado,tpch,Q19,Simple,postgresql,non-indexed,1,6,2,1,sqlalchemy,sql,q19s5,0,2.276418,1,ok,,15min,1.01,130236,138160597230432,2026-09-05T12:30:38.903+00:00
fa9ed995e8fe,campaign-sf1,mado,tpch,Q19,Simple,postgresql,non-indexed,1,6,2,2,django,orm,q19s5,0,2.290775,1,ok,,15min,1.01,130236,138160597230432,2026-09-05T12:30:41.194+00:00
fa9ed995e8fe,campaign-sf1,mado,tpch,Q19,Simple,postgresql,non-indexed,1,6,2,3,django,sql,q19s5,0,2.276988,1,ok,,15min,1.01,130236,138160597230432,2026-09-05T12:30:43.471+00:00
fa9ed995e8fe,campaign-sf1,mado,tpch,Q19,Simple,postgresql,non-indexed,1,7,3,-1,django,sql,q19s6,2,2.292013,,ok,,15min,1.01,130236,138160597230432,2026-09-05T12:30:45.768+00:00
fa9ed995e8fe,campaign-sf1,mado,tpch,Q19,Simple,postgresql,non-indexed,1,7,3,-1,django,orm,q19s6,2,2.29694,,ok,,15min,1.01,130236,138160597230432,2026-09-05T12:30:48.065+00:00
fa9ed995e8fe,campaign-sf1,mado,tpch,Q19,Simple,postgresql,non-indexed,1,7,3,-1,sqlalchemy,sql,q19s6,2,2.280313,,ok,,15min,1.01,130236,138160597230432,2026-09-05T12:30:50.345+00:00
fa9ed995e8fe,campaign-sf1,mado,tpch,Q19,Simple,postgresql,non-indexed,1,7,3,-1,sqlalchemy,orm,q19s6,2,2.290091,,ok,,15min,1.01,130236,138160597230432,2026-09-05T12:30:52.635+00:00
fa9ed995e8fe,campaign-sf1,mado,tpch,Q19,Simple,postgresql,non-indexed,1,7,3,0,sqlalchemy,sql,q19s6,0,2.282943,1,ok,,15min,1.01,130236,138160597230432,2026-09-05T12:30:54.918+00:00
fa9ed995e8fe,campaign-sf1,mado,tpch,Q19,Simple,postgresql,non-indexed,1,7,3,1,django,sql,q19s6,0,2.289916,1,ok,,15min,1.01,130236,138160597230432,2026-09-05T12:30:57.208+00:00
fa9ed995e8fe,campaign-sf1,mado,tpch,Q19,Simple,postgresql,non-indexed,1,7,3,2,sqlalchemy,orm,q19s6,0,2.28691,1,ok,,15min,1.01,130236,138160597230432,2026-09-05T12:30:59.495+00:00
fa9ed995e8fe,campaign-sf1,mado,tpch,Q19,Simple,postgresql,non-indexed,1,7,3,3,django,orm,q19s6,0,2.296156,1,ok,,15min,1.01,130236,138160597230432,2026-09-05T12:31:01.792+00:00
fa9ed995e8fe,campaign-sf1,mado,tpch,Q19,Simple,postgresql,non-indexed,1,8,1,-1,django,sql,q19s7,2,2.278283,,ok,,15min,1.01,130236,138160597230432,2026-09-05T12:31:04.075+00:00
fa9ed995e8fe,campaign-sf1,mado,tpch,Q19,Simple,postgresql,non-indexed,1,8,1,-1,django,orm,q19s7,2,2.289005,,ok,,15min,1.01,130236,138160597230432,2026-09-05T12:31:06.364+00:00
fa9ed995e8fe,campaign-sf1,mado,tpch,Q19,Simple,postgresql,non-indexed,1,8,1,-1,sqlalchemy,sql,q19s7,2,2.28583,,ok,,15min,1.01,130236,138160597230432,2026-09-05T12:31:08.650+00:00
fa9ed995e8fe,campaign-sf1,mado,tpch,Q19,Simple,postgresql,non-indexed,1,8,1,-1,sqlalchemy,orm,q19s7,2,2.275184,,ok,,15min,1.01,130236,138160597230432,2026-09-05T12:31:10.925+00:00
fa9ed995e8fe,campaign-sf1,mado,tpch,Q19,Simple,postgresql,non-indexed,1,8,1,0,django,orm,q19s7,0,2.289703,1,ok,,15min,1.01,130236,138160597230432,2026-09-05T12:31:13.215+00:00
fa9ed995e8fe,campaign-sf1,mado,tpch,Q19,Simple,postgresql,non-indexed,1,8,1,1,sqlalchemy,orm,q19s7,0,2.272974,1,ok,,15min,1.01,130236,138160597230432,2026-09-05T12:31:15.488+00:00
fa9ed995e8fe,campaign-sf1,mado,tpch,Q19,Simple,postgresql,non-indexed,1,8,1,2,django,sql,q19s7,0,2.284877,1,ok,,15min,1.01,130236,138160597230432,2026-09-05T12:31:17.773+00:00
fa9ed995e8fe,campaign-sf1,mado,tpch,Q19,Simple,postgresql,non-indexed,1,8,1,3,sqlalchemy,sql,q19s7,0,2.276246,1,ok,,15min,1.01,130236,138160597230432,2026-09-05T12:31:20.049+00:00
6affc4173d84,campaign-sf1,mado,tpch,Q20,Complex,postgresql,non-indexed,1,0,3,0,sqlalchemy,sql,q20warm,1,900.001071,,timeout,"OperationalError: (psycopg2.errors.QueryCanceled) canceling statement due to statement timeout

[SQL: SELECT s_name, s_address
FROM supplier, nation
WHERE s_suppkey IN ",15min,1.26,130275,138436109084160,2026-09-05T12:46:21.310+00:00
6affc4173d84,campaign-sf1,mado,tpch,Q20,Complex,postgresql,non-indexed,1,0,3,1,django,sql,q20warm,1,900.000767,,timeout,"OperationalError: canceling statement due to statement timeout
",15min,1.0,130275,138436109084160,2026-09-05T13:01:21.312+00:00
6affc4173d84,campaign-sf1,mado,tpch,Q20,Complex,postgresql,non-indexed,1,0,3,2,sqlalchemy,orm,q20warm,1,900.046373,,timeout,"OperationalError: (psycopg2.errors.QueryCanceled) canceling statement due to statement timeout

[SQL: SELECT supplier.s_name AS supplier_s_name, supplier.s_address AS s",15min,1.0,130275,138436109084160,2026-09-05T13:16:21.360+00:00
6affc4173d84,campaign-sf1,mado,tpch,Q20,Complex,postgresql,non-indexed,1,0,3,3,django,orm,q20warm,1,900.01052,,timeout,"OperationalError: canceling statement due to statement timeout
",15min,1.05,130275,138436109084160,2026-09-05T13:31:21.372+00:00
f0b76cd49d08,campaign-sf1,mado,tpch,Q21,Very Complex,postgresql,non-indexed,1,0,0,0,django,sql,q21warm,1,900.002436,,timeout,"OperationalError: canceling statement due to statement timeout
",15min,1.0,131467,133356192474000,2026-09-05T13:46:22.640+00:00
f0b76cd49d08,campaign-sf1,mado,tpch,Q21,Very Complex,postgresql,non-indexed,1,0,0,1,django,orm,q21warm,1,900.009273,,timeout,"OperationalError: canceling statement due to statement timeout
",15min,1.0,131467,133356192474000,2026-09-05T14:01:22.650+00:00
f0b76cd49d08,campaign-sf1,mado,tpch,Q21,Very Complex,postgresql,non-indexed,1,0,0,2,sqlalchemy,sql,q21warm,1,900.002966,,timeout,"OperationalError: (psycopg2.errors.QueryCanceled) canceling statement due to statement timeout

[SQL: SELECT s_name, COUNT(*) AS numwait
FROM supplier, lineitem l1, ord",15min,1.0,131467,133356192474000,2026-09-05T14:16:22.655+00:00
f0b76cd49d08,campaign-sf1,mado,tpch,Q21,Very Complex,postgresql,non-indexed,1,0,0,3,sqlalchemy,orm,q21warm,1,900.052355,,timeout,"OperationalError: (psycopg2.errors.QueryCanceled) canceling statement due to statement timeout

[SQL: SELECT supplier.s_name AS supplier_s_name, count(*) AS numwait 
FR",15min,1.18,131467,133356192474000,2026-09-05T14:31:22.709+00:00
07b7129909c3,campaign-sf1,mado,tpch,Q22,Very Complex,postgresql,non-indexed,1,0,2,0,sqlalchemy,orm,q22warm,1,0.5881,7,ok,,15min,1.16,132585,138346663404912,2026-09-05T14:31:24.552+00:00
07b7129909c3,campaign-sf1,mado,tpch,Q22,Very Complex,postgresql,non-indexed,1,0,2,1,sqlalchemy,sql,q22warm,1,0.481726,7,ok,,15min,1.16,132585,138346663404912,2026-09-05T14:31:25.034+00:00
07b7129909c3,campaign-sf1,mado,tpch,Q22,Very Complex,postgresql,non-indexed,1,0,2,2,django,orm,q22warm,1,0.635012,7,ok,,15min,1.16,132585,138346663404912,2026-09-05T14:31:25.669+00:00
07b7129909c3,campaign-sf1,mado,tpch,Q22,Very Complex,postgresql,non-indexed,1,0,2,3,django,sql,q22warm,1,0.47742,7,ok,,15min,1.16,132585,138346663404912,2026-09-05T14:31:26.146+00:00
07b7129909c3,campaign-sf1,mado,tpch,Q22,Very Complex,postgresql,non-indexed,1,1,2,-1,django,sql,q22s0,2,0.477314,,ok,,15min,1.16,132585,138346663404912,2026-09-05T14:31:26.628+00:00
07b7129909c3,campaign-sf1,mado,tpch,Q22,Very Complex,postgresql,non-indexed,1,1,2,-1,django,orm,q22s0,2,0.570893,,ok,,15min,1.16,132585,138346663404912,2026-09-05T14:31:27.199+00:00
07b7129909c3,campaign-sf1,mado,tpch,Q22,Very Complex,postgresql,non-indexed,1,1,2,-1,sqlalchemy,sql,q22s0,2,0.478339,,ok,,15min,1.16,132585,138346663404912,2026-09-05T14:31:27.677+00:00
07b7129909c3,campaign-sf1,mado,tpch,Q22,Very Complex,postgresql,non-indexed,1,1,2,-1,sqlalchemy,orm,q22s0,2,0.483806,,ok,,15min,1.16,132585,138346663404912,2026-09-05T14:31:28.161+00:00
07b7129909c3,campaign-sf1,mado,tpch,Q22,Very Complex,postgresql,non-indexed,1,1,2,0,sqlalchemy,orm,q22s0,0,0.481053,7,ok,,15min,1.16,132585,138346663404912,2026-09-05T14:31:28.643+00:00
07b7129909c3,campaign-sf1,mado,tpch,Q22,Very Complex,postgresql,non-indexed,1,1,2,1,sqlalchemy,sql,q22s0,0,0.4802,7,ok,,15min,1.16,132585,138346663404912,2026-09-05T14:31:29.123+00:00
07b7129909c3,campaign-sf1,mado,tpch,Q22,Very Complex,postgresql,non-indexed,1,1,2,2,django,orm,q22s0,0,0.570611,7,ok,,15min,1.15,132585,138346663404912,2026-09-05T14:31:29.694+00:00
07b7129909c3,campaign-sf1,mado,tpch,Q22,Very Complex,postgresql,non-indexed,1,1,2,3,django,sql,q22s0,0,0.477206,7,ok,,15min,1.15,132585,138346663404912,2026-09-05T14:31:30.171+00:00
07b7129909c3,campaign-sf1,mado,tpch,Q22,Very Complex,postgresql,non-indexed,1,2,1,-1,django,sql,q22s1,2,0.477677,,ok,,15min,1.15,132585,138346663404912,2026-09-05T14:31:30.653+00:00
07b7129909c3,campaign-sf1,mado,tpch,Q22,Very Complex,postgresql,non-indexed,1,2,1,-1,django,orm,q22s1,2,0.572052,,ok,,15min,1.15,132585,138346663404912,2026-09-05T14:31:31.225+00:00
07b7129909c3,campaign-sf1,mado,tpch,Q22,Very Complex,postgresql,non-indexed,1,2,1,-1,sqlalchemy,sql,q22s1,2,0.477664,,ok,,15min,1.15,132585,138346663404912,2026-09-05T14:31:31.703+00:00
07b7129909c3,campaign-sf1,mado,tpch,Q22,Very Complex,postgresql,non-indexed,1,2,1,-1,sqlalchemy,orm,q22s1,2,0.484595,,ok,,15min,1.15,132585,138346663404912,2026-09-05T14:31:32.188+00:00
07b7129909c3,campaign-sf1,mado,tpch,Q22,Very Complex,postgresql,non-indexed,1,2,1,0,django,orm,q22s1,0,0.571453,7,ok,,15min,1.15,132585,138346663404912,2026-09-05T14:31:32.759+00:00
07b7129909c3,campaign-sf1,mado,tpch,Q22,Very Complex,postgresql,non-indexed,1,2,1,1,sqlalchemy,orm,q22s1,0,0.482269,7,ok,,15min,1.15,132585,138346663404912,2026-09-05T14:31:33.242+00:00
07b7129909c3,campaign-sf1,mado,tpch,Q22,Very Complex,postgresql,non-indexed,1,2,1,2,django,sql,q22s1,0,0.477217,7,ok,,15min,1.15,132585,138346663404912,2026-09-05T14:31:33.719+00:00
07b7129909c3,campaign-sf1,mado,tpch,Q22,Very Complex,postgresql,non-indexed,1,2,1,3,sqlalchemy,sql,q22s1,0,0.479784,7,ok,,15min,1.15,132585,138346663404912,2026-09-05T14:31:34.199+00:00
07b7129909c3,campaign-sf1,mado,tpch,Q22,Very Complex,postgresql,non-indexed,1,3,0,-1,django,sql,q22s2,2,0.475548,,ok,,15min,1.14,132585,138346663404912,2026-09-05T14:31:34.679+00:00
07b7129909c3,campaign-sf1,mado,tpch,Q22,Very Complex,postgresql,non-indexed,1,3,0,-1,django,orm,q22s2,2,0.569346,,ok,,15min,1.14,132585,138346663404912,2026-09-05T14:31:35.248+00:00
07b7129909c3,campaign-sf1,mado,tpch,Q22,Very Complex,postgresql,non-indexed,1,3,0,-1,sqlalchemy,sql,q22s2,2,0.478043,,ok,,15min,1.14,132585,138346663404912,2026-09-05T14:31:35.726+00:00
07b7129909c3,campaign-sf1,mado,tpch,Q22,Very Complex,postgresql,non-indexed,1,3,0,-1,sqlalchemy,orm,q22s2,2,0.484768,,ok,,15min,1.14,132585,138346663404912,2026-09-05T14:31:36.211+00:00
07b7129909c3,campaign-sf1,mado,tpch,Q22,Very Complex,postgresql,non-indexed,1,3,0,0,django,sql,q22s2,0,0.475262,7,ok,,15min,1.14,132585,138346663404912,2026-09-05T14:31:36.687+00:00
07b7129909c3,campaign-sf1,mado,tpch,Q22,Very Complex,postgresql,non-indexed,1,3,0,1,django,orm,q22s2,0,0.569245,7,ok,,15min,1.14,132585,138346663404912,2026-09-05T14:31:37.256+00:00
07b7129909c3,campaign-sf1,mado,tpch,Q22,Very Complex,postgresql,non-indexed,1,3,0,2,sqlalchemy,sql,q22s2,0,0.475277,7,ok,,15min,1.14,132585,138346663404912,2026-09-05T14:31:37.731+00:00
07b7129909c3,campaign-sf1,mado,tpch,Q22,Very Complex,postgresql,non-indexed,1,3,0,3,sqlalchemy,orm,q22s2,0,0.48174,7,ok,,15min,1.14,132585,138346663404912,2026-09-05T14:31:38.213+00:00
07b7129909c3,campaign-sf1,mado,tpch,Q22,Very Complex,postgresql,non-indexed,1,4,3,-1,django,sql,q22s3,2,0.476367,,ok,,15min,1.14,132585,138346663404912,2026-09-05T14:31:38.694+00:00
07b7129909c3,campaign-sf1,mado,tpch,Q22,Very Complex,postgresql,non-indexed,1,4,3,-1,django,orm,q22s3,2,0.569377,,ok,,15min,1.14,132585,138346663404912,2026-09-05T14:31:39.263+00:00
07b7129909c3,campaign-sf1,mado,tpch,Q22,Very Complex,postgresql,non-indexed,1,4,3,-1,sqlalchemy,sql,q22s3,2,0.476628,,ok,,15min,1.12,132585,138346663404912,2026-09-05T14:31:39.740+00:00
07b7129909c3,campaign-sf1,mado,tpch,Q22,Very Complex,postgresql,non-indexed,1,4,3,-1,sqlalchemy,orm,q22s3,2,0.483043,,ok,,15min,1.12,132585,138346663404912,2026-09-05T14:31:40.223+00:00
07b7129909c3,campaign-sf1,mado,tpch,Q22,Very Complex,postgresql,non-indexed,1,4,3,0,sqlalchemy,sql,q22s3,0,0.476517,7,ok,,15min,1.12,132585,138346663404912,2026-09-05T14:31:40.700+00:00
07b7129909c3,campaign-sf1,mado,tpch,Q22,Very Complex,postgresql,non-indexed,1,4,3,1,django,sql,q22s3,0,0.475724,7,ok,,15min,1.12,132585,138346663404912,2026-09-05T14:31:41.176+00:00
07b7129909c3,campaign-sf1,mado,tpch,Q22,Very Complex,postgresql,non-indexed,1,4,3,2,sqlalchemy,orm,q22s3,0,0.488234,7,ok,,15min,1.12,132585,138346663404912,2026-09-05T14:31:41.664+00:00
07b7129909c3,campaign-sf1,mado,tpch,Q22,Very Complex,postgresql,non-indexed,1,4,3,3,django,orm,q22s3,0,0.569926,7,ok,,15min,1.12,132585,138346663404912,2026-09-05T14:31:42.234+00:00
07b7129909c3,campaign-sf1,mado,tpch,Q22,Very Complex,postgresql,non-indexed,1,5,1,-1,django,sql,q22s4,2,0.475244,,ok,,15min,1.12,132585,138346663404912,2026-09-05T14:31:42.714+00:00
07b7129909c3,campaign-sf1,mado,tpch,Q22,Very Complex,postgresql,non-indexed,1,5,1,-1,django,orm,q22s4,2,0.567926,,ok,,15min,1.12,132585,138346663404912,2026-09-05T14:31:43.282+00:00
07b7129909c3,campaign-sf1,mado,tpch,Q22,Very Complex,postgresql,non-indexed,1,5,1,-1,sqlalchemy,sql,q22s4,2,0.476216,,ok,,15min,1.12,132585,138346663404912,2026-09-05T14:31:43.758+00:00
07b7129909c3,campaign-sf1,mado,tpch,Q22,Very Complex,postgresql,non-indexed,1,5,1,-1,sqlalchemy,orm,q22s4,2,0.482842,,ok,,15min,1.12,132585,138346663404912,2026-09-05T14:31:44.241+00:00
07b7129909c3,campaign-sf1,mado,tpch,Q22,Very Complex,postgresql,non-indexed,1,5,1,0,django,orm,q22s4,0,0.567957,7,ok,,15min,1.11,132585,138346663404912,2026-09-05T14:31:44.809+00:00
07b7129909c3,campaign-sf1,mado,tpch,Q22,Very Complex,postgresql,non-indexed,1,5,1,1,sqlalchemy,orm,q22s4,0,0.479531,7,ok,,15min,1.11,132585,138346663404912,2026-09-05T14:31:45.289+00:00
07b7129909c3,campaign-sf1,mado,tpch,Q22,Very Complex,postgresql,non-indexed,1,5,1,2,django,sql,q22s4,0,0.475723,7,ok,,15min,1.11,132585,138346663404912,2026-09-05T14:31:45.765+00:00
07b7129909c3,campaign-sf1,mado,tpch,Q22,Very Complex,postgresql,non-indexed,1,5,1,3,sqlalchemy,sql,q22s4,0,0.478249,7,ok,,15min,1.11,132585,138346663404912,2026-09-05T14:31:46.243+00:00
07b7129909c3,campaign-sf1,mado,tpch,Q22,Very Complex,postgresql,non-indexed,1,6,3,-1,django,sql,q22s5,2,0.476401,,ok,,15min,1.11,132585,138346663404912,2026-09-05T14:31:46.724+00:00
07b7129909c3,campaign-sf1,mado,tpch,Q22,Very Complex,postgresql,non-indexed,1,6,3,-1,django,orm,q22s5,2,0.569057,,ok,,15min,1.11,132585,138346663404912,2026-09-05T14:31:47.293+00:00
07b7129909c3,campaign-sf1,mado,tpch,Q22,Very Complex,postgresql,non-indexed,1,6,3,-1,sqlalchemy,sql,q22s5,2,0.477048,,ok,,15min,1.11,132585,138346663404912,2026-09-05T14:31:47.770+00:00
07b7129909c3,campaign-sf1,mado,tpch,Q22,Very Complex,postgresql,non-indexed,1,6,3,-1,sqlalchemy,orm,q22s5,2,0.482921,,ok,,15min,1.11,132585,138346663404912,2026-09-05T14:31:48.254+00:00
07b7129909c3,campaign-sf1,mado,tpch,Q22,Very Complex,postgresql,non-indexed,1,6,3,0,sqlalchemy,sql,q22s5,0,0.476477,7,ok,,15min,1.11,132585,138346663404912,2026-09-05T14:31:48.730+00:00
07b7129909c3,campaign-sf1,mado,tpch,Q22,Very Complex,postgresql,non-indexed,1,6,3,1,django,sql,q22s5,0,0.475761,7,ok,,15min,1.11,132585,138346663404912,2026-09-05T14:31:49.206+00:00
07b7129909c3,campaign-sf1,mado,tpch,Q22,Very Complex,postgresql,non-indexed,1,6,3,2,sqlalchemy,orm,q22s5,0,0.482972,7,ok,,15min,1.1,132585,138346663404912,2026-09-05T14:31:49.689+00:00
07b7129909c3,campaign-sf1,mado,tpch,Q22,Very Complex,postgresql,non-indexed,1,6,3,3,django,orm,q22s5,0,0.569459,7,ok,,15min,1.1,132585,138346663404912,2026-09-05T14:31:50.259+00:00
07b7129909c3,campaign-sf1,mado,tpch,Q22,Very Complex,postgresql,non-indexed,1,7,0,-1,django,sql,q22s6,2,0.475151,,ok,,15min,1.1,132585,138346663404912,2026-09-05T14:31:50.738+00:00
07b7129909c3,campaign-sf1,mado,tpch,Q22,Very Complex,postgresql,non-indexed,1,7,0,-1,django,orm,q22s6,2,0.567897,,ok,,15min,1.1,132585,138346663404912,2026-09-05T14:31:51.306+00:00
07b7129909c3,campaign-sf1,mado,tpch,Q22,Very Complex,postgresql,non-indexed,1,7,0,-1,sqlalchemy,sql,q22s6,2,0.476516,,ok,,15min,1.1,132585,138346663404912,2026-09-05T14:31:51.783+00:00
07b7129909c3,campaign-sf1,mado,tpch,Q22,Very Complex,postgresql,non-indexed,1,7,0,-1,sqlalchemy,orm,q22s6,2,0.482122,,ok,,15min,1.1,132585,138346663404912,2026-09-05T14:31:52.265+00:00
07b7129909c3,campaign-sf1,mado,tpch,Q22,Very Complex,postgresql,non-indexed,1,7,0,0,django,sql,q22s6,0,0.476222,7,ok,,15min,1.1,132585,138346663404912,2026-09-05T14:31:52.741+00:00
07b7129909c3,campaign-sf1,mado,tpch,Q22,Very Complex,postgresql,non-indexed,1,7,0,1,django,orm,q22s6,0,0.570648,7,ok,,15min,1.1,132585,138346663404912,2026-09-05T14:31:53.312+00:00
07b7129909c3,campaign-sf1,mado,tpch,Q22,Very Complex,postgresql,non-indexed,1,7,0,2,sqlalchemy,sql,q22s6,0,0.476171,7,ok,,15min,1.1,132585,138346663404912,2026-09-05T14:31:53.788+00:00
07b7129909c3,campaign-sf1,mado,tpch,Q22,Very Complex,postgresql,non-indexed,1,7,0,3,sqlalchemy,orm,q22s6,0,0.48263,7,ok,,15min,1.1,132585,138346663404912,2026-09-05T14:31:54.271+00:00
07b7129909c3,campaign-sf1,mado,tpch,Q22,Very Complex,postgresql,non-indexed,1,8,2,-1,django,sql,q22s7,2,0.474799,,ok,,15min,1.1,132585,138346663404912,2026-09-05T14:31:54.750+00:00
07b7129909c3,campaign-sf1,mado,tpch,Q22,Very Complex,postgresql,non-indexed,1,8,2,-1,django,orm,q22s7,2,0.569808,,ok,,15min,1.1,132585,138346663404912,2026-09-05T14:31:55.320+00:00
07b7129909c3,campaign-sf1,mado,tpch,Q22,Very Complex,postgresql,non-indexed,1,8,2,-1,sqlalchemy,sql,q22s7,2,0.476037,,ok,,15min,1.1,132585,138346663404912,2026-09-05T14:31:55.796+00:00
07b7129909c3,campaign-sf1,mado,tpch,Q22,Very Complex,postgresql,non-indexed,1,8,2,-1,sqlalchemy,orm,q22s7,2,0.481828,,ok,,15min,1.1,132585,138346663404912,2026-09-05T14:31:56.278+00:00
07b7129909c3,campaign-sf1,mado,tpch,Q22,Very Complex,postgresql,non-indexed,1,8,2,0,sqlalchemy,orm,q22s7,0,0.480015,7,ok,,15min,1.1,132585,138346663404912,2026-09-05T14:31:56.758+00:00
07b7129909c3,campaign-sf1,mado,tpch,Q22,Very Complex,postgresql,non-indexed,1,8,2,1,sqlalchemy,sql,q22s7,0,0.478279,7,ok,,15min,1.1,132585,138346663404912,2026-09-05T14:31:57.237+00:00
07b7129909c3,campaign-sf1,mado,tpch,Q22,Very Complex,postgresql,non-indexed,1,8,2,2,django,orm,q22s7,0,0.569691,7,ok,,15min,1.1,132585,138346663404912,2026-09-05T14:31:57.807+00:00
07b7129909c3,campaign-sf1,mado,tpch,Q22,Very Complex,postgresql,non-indexed,1,8,2,3,django,sql,q22s7,0,0.475341,7,ok,,15min,1.1,132585,138346663404912,2026-09-05T14:31:58.282+00:00
