run_id,campaign_id,host,benchmark,query_id,band,dbms,schema_config,scale_factor,block,sequence_id,position,framework,path,param_set_id,is_warmup,elapsed_s,rows_returned,status,note,ceiling_s,load1,pid,session_id,timestamp
79456010fe38,campaign-sf1,mado,tpch,Q01,Medium,postgresql,indexed,1,0,3,0,sqlalchemy,sql,q01warm,1,10.476277,4,ok,,15min,0.75,81404,137862795355312,2026-09-05T01:38:20.531+00:00
79456010fe38,campaign-sf1,mado,tpch,Q01,Medium,postgresql,indexed,1,0,3,1,django,sql,q01warm,1,10.46715,4,ok,,15min,0.87,81404,137862795355312,2026-09-05T01:38:30.998+00:00
79456010fe38,campaign-sf1,mado,tpch,Q01,Medium,postgresql,indexed,1,0,3,2,sqlalchemy,orm,q01warm,1,10.317029,4,ok,,15min,0.89,81404,137862795355312,2026-09-05T01:38:41.315+00:00
79456010fe38,campaign-sf1,mado,tpch,Q01,Medium,postgresql,indexed,1,0,3,3,django,orm,q01warm,1,10.289578,4,ok,,15min,0.98,81404,137862795355312,2026-09-05T01:38:51.605+00:00
79456010fe38,campaign-sf1,mado,tpch,Q01,Medium,postgresql,indexed,1,1,0,-1,django,sql,q01s0,2,10.244549,,ok,,15min,1.14,81404,137862795355312,2026-09-05T01:39:01.855+00:00
79456010fe38,campaign-sf1,mado,tpch,Q01,Medium,postgresql,indexed,1,1,0,-1,django,orm,q01s0,2,10.264806,,ok,,15min,1.12,81404,137862795355312,2026-09-05T01:39:12.119+00:00
79456010fe38,campaign-sf1,mado,tpch,Q01,Medium,postgresql,indexed,1,1,0,-1,sqlalchemy,sql,q01s0,2,10.197415,,ok,,15min,1.1,81404,137862795355312,2026-09-05T01:39:22.317+00:00
79456010fe38,campaign-sf1,mado,tpch,Q01,Medium,postgresql,indexed,1,1,0,-1,sqlalchemy,orm,q01s0,2,10.181673,,ok,,15min,1.08,81404,137862795355312,2026-09-05T01:39:32.499+00:00
79456010fe38,campaign-sf1,mado,tpch,Q01,Medium,postgresql,indexed,1,1,0,0,django,sql,q01s0,0,10.175483,4,ok,,15min,1.07,81404,137862795355312,2026-09-05T01:39:42.674+00:00
79456010fe38,campaign-sf1,mado,tpch,Q01,Medium,postgresql,indexed,1,1,0,1,django,orm,q01s0,0,10.187019,4,ok,,15min,1.06,81404,137862795355312,2026-09-05T01:39:52.861+00:00
79456010fe38,campaign-sf1,mado,tpch,Q01,Medium,postgresql,indexed,1,1,0,2,sqlalchemy,sql,q01s0,0,10.17447,4,ok,,15min,1.05,81404,137862795355312,2026-09-05T01:40:03.036+00:00
79456010fe38,campaign-sf1,mado,tpch,Q01,Medium,postgresql,indexed,1,1,0,3,sqlalchemy,orm,q01s0,0,10.210988,4,ok,,15min,1.04,81404,137862795355312,2026-09-05T01:40:13.247+00:00
79456010fe38,campaign-sf1,mado,tpch,Q01,Medium,postgresql,indexed,1,2,3,-1,django,sql,q01s1,2,10.236189,,ok,,15min,1.03,81404,137862795355312,2026-09-05T01:40:23.488+00:00
79456010fe38,campaign-sf1,mado,tpch,Q01,Medium,postgresql,indexed,1,2,3,-1,django,orm,q01s1,2,10.237176,,ok,,15min,1.03,81404,137862795355312,2026-09-05T01:40:33.725+00:00
79456010fe38,campaign-sf1,mado,tpch,Q01,Medium,postgresql,indexed,1,2,3,-1,sqlalchemy,sql,q01s1,2,10.261682,,ok,,15min,1.02,81404,137862795355312,2026-09-05T01:40:43.987+00:00
79456010fe38,campaign-sf1,mado,tpch,Q01,Medium,postgresql,indexed,1,2,3,-1,sqlalchemy,orm,q01s1,2,10.222281,,ok,,15min,1.02,81404,137862795355312,2026-09-05T01:40:54.209+00:00
79456010fe38,campaign-sf1,mado,tpch,Q01,Medium,postgresql,indexed,1,2,3,0,sqlalchemy,sql,q01s1,0,10.229473,4,ok,,15min,1.02,81404,137862795355312,2026-09-05T01:41:04.439+00:00
79456010fe38,campaign-sf1,mado,tpch,Q01,Medium,postgresql,indexed,1,2,3,1,django,sql,q01s1,0,10.237765,4,ok,,15min,1.01,81404,137862795355312,2026-09-05T01:41:14.677+00:00
79456010fe38,campaign-sf1,mado,tpch,Q01,Medium,postgresql,indexed,1,2,3,2,sqlalchemy,orm,q01s1,0,10.249978,4,ok,,15min,1.01,81404,137862795355312,2026-09-05T01:41:24.927+00:00
79456010fe38,campaign-sf1,mado,tpch,Q01,Medium,postgresql,indexed,1,2,3,3,django,orm,q01s1,0,10.234207,4,ok,,15min,1.01,81404,137862795355312,2026-09-05T01:41:35.161+00:00
79456010fe38,campaign-sf1,mado,tpch,Q01,Medium,postgresql,indexed,1,3,1,-1,django,sql,q01s2,2,10.177552,,ok,,15min,1.01,81404,137862795355312,2026-09-05T01:41:45.343+00:00
79456010fe38,campaign-sf1,mado,tpch,Q01,Medium,postgresql,indexed,1,3,1,-1,django,orm,q01s2,2,10.190585,,ok,,15min,1.0,81404,137862795355312,2026-09-05T01:41:55.534+00:00
79456010fe38,campaign-sf1,mado,tpch,Q01,Medium,postgresql,indexed,1,3,1,-1,sqlalchemy,sql,q01s2,2,10.176445,,ok,,15min,1.08,81404,137862795355312,2026-09-05T01:42:05.710+00:00
79456010fe38,campaign-sf1,mado,tpch,Q01,Medium,postgresql,indexed,1,3,1,-1,sqlalchemy,orm,q01s2,2,10.189748,,ok,,15min,1.07,81404,137862795355312,2026-09-05T01:42:15.900+00:00
79456010fe38,campaign-sf1,mado,tpch,Q01,Medium,postgresql,indexed,1,3,1,0,django,orm,q01s2,0,10.184619,4,ok,,15min,1.06,81404,137862795355312,2026-09-05T01:42:26.085+00:00
79456010fe38,campaign-sf1,mado,tpch,Q01,Medium,postgresql,indexed,1,3,1,1,sqlalchemy,orm,q01s2,0,10.180778,4,ok,,15min,1.12,81404,137862795355312,2026-09-05T01:42:36.266+00:00
79456010fe38,campaign-sf1,mado,tpch,Q01,Medium,postgresql,indexed,1,3,1,2,django,sql,q01s2,0,10.160762,4,ok,,15min,1.1,81404,137862795355312,2026-09-05T01:42:46.427+00:00
79456010fe38,campaign-sf1,mado,tpch,Q01,Medium,postgresql,indexed,1,3,1,3,sqlalchemy,sql,q01s2,0,10.196784,4,ok,,15min,1.08,81404,137862795355312,2026-09-05T01:42:56.624+00:00
79456010fe38,campaign-sf1,mado,tpch,Q01,Medium,postgresql,indexed,1,4,2,-1,django,sql,q01s3,2,10.09198,,ok,,15min,1.07,81404,137862795355312,2026-09-05T01:43:06.720+00:00
79456010fe38,campaign-sf1,mado,tpch,Q01,Medium,postgresql,indexed,1,4,2,-1,django,orm,q01s3,2,10.087355,,ok,,15min,1.06,81404,137862795355312,2026-09-05T01:43:16.808+00:00
79456010fe38,campaign-sf1,mado,tpch,Q01,Medium,postgresql,indexed,1,4,2,-1,sqlalchemy,sql,q01s3,2,10.112242,,ok,,15min,1.05,81404,137862795355312,2026-09-05T01:43:26.920+00:00
79456010fe38,campaign-sf1,mado,tpch,Q01,Medium,postgresql,indexed,1,4,2,-1,sqlalchemy,orm,q01s3,2,10.104713,,ok,,15min,1.04,81404,137862795355312,2026-09-05T01:43:37.025+00:00
79456010fe38,campaign-sf1,mado,tpch,Q01,Medium,postgresql,indexed,1,4,2,0,sqlalchemy,orm,q01s3,0,10.109271,4,ok,,15min,1.04,81404,137862795355312,2026-09-05T01:43:47.134+00:00
79456010fe38,campaign-sf1,mado,tpch,Q01,Medium,postgresql,indexed,1,4,2,1,sqlalchemy,sql,q01s3,0,10.109175,4,ok,,15min,1.03,81404,137862795355312,2026-09-05T01:43:57.243+00:00
79456010fe38,campaign-sf1,mado,tpch,Q01,Medium,postgresql,indexed,1,4,2,2,django,orm,q01s3,0,10.0851,4,ok,,15min,1.02,81404,137862795355312,2026-09-05T01:44:07.328+00:00
79456010fe38,campaign-sf1,mado,tpch,Q01,Medium,postgresql,indexed,1,4,2,3,django,sql,q01s3,0,10.084724,4,ok,,15min,1.02,81404,137862795355312,2026-09-05T01:44:17.413+00:00
79456010fe38,campaign-sf1,mado,tpch,Q01,Medium,postgresql,indexed,1,5,0,-1,django,sql,q01s4,2,10.162504,,ok,,15min,1.02,81404,137862795355312,2026-09-05T01:44:27.580+00:00
79456010fe38,campaign-sf1,mado,tpch,Q01,Medium,postgresql,indexed,1,5,0,-1,django,orm,q01s4,2,10.150405,,ok,,15min,1.01,81404,137862795355312,2026-09-05T01:44:37.731+00:00
79456010fe38,campaign-sf1,mado,tpch,Q01,Medium,postgresql,indexed,1,5,0,-1,sqlalchemy,sql,q01s4,2,10.178211,,ok,,15min,1.01,81404,137862795355312,2026-09-05T01:44:47.909+00:00
79456010fe38,campaign-sf1,mado,tpch,Q01,Medium,postgresql,indexed,1,5,0,-1,sqlalchemy,orm,q01s4,2,10.174721,,ok,,15min,1.01,81404,137862795355312,2026-09-05T01:44:58.084+00:00
79456010fe38,campaign-sf1,mado,tpch,Q01,Medium,postgresql,indexed,1,5,0,0,django,sql,q01s4,0,10.166396,4,ok,,15min,1.01,81404,137862795355312,2026-09-05T01:45:08.250+00:00
79456010fe38,campaign-sf1,mado,tpch,Q01,Medium,postgresql,indexed,1,5,0,1,django,orm,q01s4,0,10.164421,4,ok,,15min,1.01,81404,137862795355312,2026-09-05T01:45:18.415+00:00
79456010fe38,campaign-sf1,mado,tpch,Q01,Medium,postgresql,indexed,1,5,0,2,sqlalchemy,sql,q01s4,0,10.154555,4,ok,,15min,1.0,81404,137862795355312,2026-09-05T01:45:28.570+00:00
79456010fe38,campaign-sf1,mado,tpch,Q01,Medium,postgresql,indexed,1,5,0,3,sqlalchemy,orm,q01s4,0,10.180637,4,ok,,15min,1.0,81404,137862795355312,2026-09-05T01:45:38.750+00:00
79456010fe38,campaign-sf1,mado,tpch,Q01,Medium,postgresql,indexed,1,6,2,-1,django,sql,q01s5,2,10.224293,,ok,,15min,1.0,81404,137862795355312,2026-09-05T01:45:48.979+00:00
79456010fe38,campaign-sf1,mado,tpch,Q01,Medium,postgresql,indexed,1,6,2,-1,django,orm,q01s5,2,10.237172,,ok,,15min,1.0,81404,137862795355312,2026-09-05T01:45:59.216+00:00
79456010fe38,campaign-sf1,mado,tpch,Q01,Medium,postgresql,indexed,1,6,2,-1,sqlalchemy,sql,q01s5,2,10.251199,,ok,,15min,1.0,81404,137862795355312,2026-09-05T01:46:09.468+00:00
79456010fe38,campaign-sf1,mado,tpch,Q01,Medium,postgresql,indexed,1,6,2,-1,sqlalchemy,orm,q01s5,2,10.257944,,ok,,15min,1.0,81404,137862795355312,2026-09-05T01:46:19.726+00:00
79456010fe38,campaign-sf1,mado,tpch,Q01,Medium,postgresql,indexed,1,6,2,0,sqlalchemy,orm,q01s5,0,10.254394,4,ok,,15min,1.0,81404,137862795355312,2026-09-05T01:46:29.980+00:00
79456010fe38,campaign-sf1,mado,tpch,Q01,Medium,postgresql,indexed,1,6,2,1,sqlalchemy,sql,q01s5,0,10.249369,4,ok,,15min,1.0,81404,137862795355312,2026-09-05T01:46:40.230+00:00
79456010fe38,campaign-sf1,mado,tpch,Q01,Medium,postgresql,indexed,1,6,2,2,django,orm,q01s5,0,10.244357,4,ok,,15min,1.0,81404,137862795355312,2026-09-05T01:46:50.474+00:00
79456010fe38,campaign-sf1,mado,tpch,Q01,Medium,postgresql,indexed,1,6,2,3,django,sql,q01s5,0,10.235037,4,ok,,15min,1.07,81404,137862795355312,2026-09-05T01:47:00.709+00:00
79456010fe38,campaign-sf1,mado,tpch,Q01,Medium,postgresql,indexed,1,7,3,-1,django,sql,q01s6,2,10.136176,,ok,,15min,1.06,81404,137862795355312,2026-09-05T01:47:10.850+00:00
79456010fe38,campaign-sf1,mado,tpch,Q01,Medium,postgresql,indexed,1,7,3,-1,django,orm,q01s6,2,10.125143,,ok,,15min,1.05,81404,137862795355312,2026-09-05T01:47:20.975+00:00
79456010fe38,campaign-sf1,mado,tpch,Q01,Medium,postgresql,indexed,1,7,3,-1,sqlalchemy,sql,q01s6,2,10.154276,,ok,,15min,1.04,81404,137862795355312,2026-09-05T01:47:31.130+00:00
79456010fe38,campaign-sf1,mado,tpch,Q01,Medium,postgresql,indexed,1,7,3,-1,sqlalchemy,orm,q01s6,2,10.175031,,ok,,15min,1.04,81404,137862795355312,2026-09-05T01:47:41.305+00:00
79456010fe38,campaign-sf1,mado,tpch,Q01,Medium,postgresql,indexed,1,7,3,0,sqlalchemy,sql,q01s6,0,10.147565,4,ok,,15min,1.03,81404,137862795355312,2026-09-05T01:47:51.453+00:00
79456010fe38,campaign-sf1,mado,tpch,Q01,Medium,postgresql,indexed,1,7,3,1,django,sql,q01s6,0,10.117017,4,ok,,15min,1.02,81404,137862795355312,2026-09-05T01:48:01.570+00:00
79456010fe38,campaign-sf1,mado,tpch,Q01,Medium,postgresql,indexed,1,7,3,2,sqlalchemy,orm,q01s6,0,10.157175,4,ok,,15min,1.02,81404,137862795355312,2026-09-05T01:48:11.727+00:00
79456010fe38,campaign-sf1,mado,tpch,Q01,Medium,postgresql,indexed,1,7,3,3,django,orm,q01s6,0,10.125508,4,ok,,15min,1.02,81404,137862795355312,2026-09-05T01:48:21.852+00:00
79456010fe38,campaign-sf1,mado,tpch,Q01,Medium,postgresql,indexed,1,8,1,-1,django,sql,q01s7,2,10.070865,,ok,,15min,1.01,81404,137862795355312,2026-09-05T01:48:31.928+00:00
79456010fe38,campaign-sf1,mado,tpch,Q01,Medium,postgresql,indexed,1,8,1,-1,django,orm,q01s7,2,10.070286,,ok,,15min,1.01,81404,137862795355312,2026-09-05T01:48:41.998+00:00
79456010fe38,campaign-sf1,mado,tpch,Q01,Medium,postgresql,indexed,1,8,1,-1,sqlalchemy,sql,q01s7,2,10.108291,,ok,,15min,1.01,81404,137862795355312,2026-09-05T01:48:52.106+00:00
79456010fe38,campaign-sf1,mado,tpch,Q01,Medium,postgresql,indexed,1,8,1,-1,sqlalchemy,orm,q01s7,2,10.10757,,ok,,15min,1.01,81404,137862795355312,2026-09-05T01:49:02.214+00:00
79456010fe38,campaign-sf1,mado,tpch,Q01,Medium,postgresql,indexed,1,8,1,0,django,orm,q01s7,0,10.082818,4,ok,,15min,1.01,81404,137862795355312,2026-09-05T01:49:12.297+00:00
79456010fe38,campaign-sf1,mado,tpch,Q01,Medium,postgresql,indexed,1,8,1,1,sqlalchemy,orm,q01s7,0,10.110311,4,ok,,15min,1.0,81404,137862795355312,2026-09-05T01:49:22.407+00:00
79456010fe38,campaign-sf1,mado,tpch,Q01,Medium,postgresql,indexed,1,8,1,2,django,sql,q01s7,0,10.084958,4,ok,,15min,1.0,81404,137862795355312,2026-09-05T01:49:32.492+00:00
79456010fe38,campaign-sf1,mado,tpch,Q01,Medium,postgresql,indexed,1,8,1,3,sqlalchemy,sql,q01s7,0,10.104772,4,ok,,15min,1.0,81404,137862795355312,2026-09-05T01:49:42.597+00:00
88940a65b51b,campaign-sf1,mado,tpch,Q02,Complex,postgresql,indexed,1,0,0,0,django,sql,q02warm,1,0.674496,100,ok,,15min,1.0,81759,124709500248784,2026-09-05T01:49:44.516+00:00
88940a65b51b,campaign-sf1,mado,tpch,Q02,Complex,postgresql,indexed,1,0,0,1,django,orm,q02warm,1,0.28954,100,ok,,15min,1.0,81759,124709500248784,2026-09-05T01:49:44.806+00:00
88940a65b51b,campaign-sf1,mado,tpch,Q02,Complex,postgresql,indexed,1,0,0,2,sqlalchemy,sql,q02warm,1,0.371884,100,ok,,15min,1.0,81759,124709500248784,2026-09-05T01:49:45.178+00:00
88940a65b51b,campaign-sf1,mado,tpch,Q02,Complex,postgresql,indexed,1,0,0,3,sqlalchemy,orm,q02warm,1,0.396784,100,ok,,15min,1.0,81759,124709500248784,2026-09-05T01:49:45.575+00:00
88940a65b51b,campaign-sf1,mado,tpch,Q02,Complex,postgresql,indexed,1,1,2,-1,django,sql,q02s0,2,0.322044,,ok,,15min,1.0,81759,124709500248784,2026-09-05T01:49:45.901+00:00
88940a65b51b,campaign-sf1,mado,tpch,Q02,Complex,postgresql,indexed,1,1,2,-1,django,orm,q02s0,2,0.174316,,ok,,15min,1.0,81759,124709500248784,2026-09-05T01:49:46.076+00:00
88940a65b51b,campaign-sf1,mado,tpch,Q02,Complex,postgresql,indexed,1,1,2,-1,sqlalchemy,sql,q02s0,2,0.347614,,ok,,15min,1.0,81759,124709500248784,2026-09-05T01:49:46.423+00:00
88940a65b51b,campaign-sf1,mado,tpch,Q02,Complex,postgresql,indexed,1,1,2,-1,sqlalchemy,orm,q02s0,2,0.350431,,ok,,15min,1.0,81759,124709500248784,2026-09-05T01:49:46.774+00:00
88940a65b51b,campaign-sf1,mado,tpch,Q02,Complex,postgresql,indexed,1,1,2,0,sqlalchemy,orm,q02s0,0,0.350292,100,ok,,15min,1.0,81759,124709500248784,2026-09-05T01:49:47.124+00:00
88940a65b51b,campaign-sf1,mado,tpch,Q02,Complex,postgresql,indexed,1,1,2,1,sqlalchemy,sql,q02s0,0,0.347231,100,ok,,15min,1.0,81759,124709500248784,2026-09-05T01:49:47.472+00:00
88940a65b51b,campaign-sf1,mado,tpch,Q02,Complex,postgresql,indexed,1,1,2,2,django,orm,q02s0,0,0.174374,100,ok,,15min,1.0,81759,124709500248784,2026-09-05T01:49:47.646+00:00
88940a65b51b,campaign-sf1,mado,tpch,Q02,Complex,postgresql,indexed,1,1,2,3,django,sql,q02s0,0,0.308704,100,ok,,15min,1.0,81759,124709500248784,2026-09-05T01:49:47.955+00:00
88940a65b51b,campaign-sf1,mado,tpch,Q02,Complex,postgresql,indexed,1,2,0,-1,django,sql,q02s1,2,0.323332,,ok,,15min,1.0,81759,124709500248784,2026-09-05T01:49:48.283+00:00
88940a65b51b,campaign-sf1,mado,tpch,Q02,Complex,postgresql,indexed,1,2,0,-1,django,orm,q02s1,2,0.187095,,ok,,15min,1.0,81759,124709500248784,2026-09-05T01:49:48.470+00:00
88940a65b51b,campaign-sf1,mado,tpch,Q02,Complex,postgresql,indexed,1,2,0,-1,sqlalchemy,sql,q02s1,2,0.357849,,ok,,15min,1.0,81759,124709500248784,2026-09-05T01:49:48.828+00:00
88940a65b51b,campaign-sf1,mado,tpch,Q02,Complex,postgresql,indexed,1,2,0,-1,sqlalchemy,orm,q02s1,2,0.3604,,ok,,15min,1.0,81759,124709500248784,2026-09-05T01:49:49.189+00:00
88940a65b51b,campaign-sf1,mado,tpch,Q02,Complex,postgresql,indexed,1,2,0,0,django,sql,q02s1,0,0.32084,100,ok,,15min,1.0,81759,124709500248784,2026-09-05T01:49:49.510+00:00
88940a65b51b,campaign-sf1,mado,tpch,Q02,Complex,postgresql,indexed,1,2,0,1,django,orm,q02s1,0,0.187379,100,ok,,15min,1.0,81759,124709500248784,2026-09-05T01:49:49.697+00:00
88940a65b51b,campaign-sf1,mado,tpch,Q02,Complex,postgresql,indexed,1,2,0,2,sqlalchemy,sql,q02s1,0,0.35796,100,ok,,15min,1.0,81759,124709500248784,2026-09-05T01:49:50.055+00:00
88940a65b51b,campaign-sf1,mado,tpch,Q02,Complex,postgresql,indexed,1,2,0,3,sqlalchemy,orm,q02s1,0,0.361446,100,ok,,15min,1.0,81759,124709500248784,2026-09-05T01:49:50.417+00:00
88940a65b51b,campaign-sf1,mado,tpch,Q02,Complex,postgresql,indexed,1,3,3,-1,django,sql,q02s2,2,0.319846,,ok,,15min,1.0,81759,124709500248784,2026-09-05T01:49:50.741+00:00
88940a65b51b,campaign-sf1,mado,tpch,Q02,Complex,postgresql,indexed,1,3,3,-1,django,orm,q02s2,2,0.17826,,ok,,15min,1.0,81759,124709500248784,2026-09-05T01:49:50.919+00:00
88940a65b51b,campaign-sf1,mado,tpch,Q02,Complex,postgresql,indexed,1,3,3,-1,sqlalchemy,sql,q02s2,2,0.352969,,ok,,15min,1.0,81759,124709500248784,2026-09-05T01:49:51.272+00:00
88940a65b51b,campaign-sf1,mado,tpch,Q02,Complex,postgresql,indexed,1,3,3,-1,sqlalchemy,orm,q02s2,2,0.358478,,ok,,15min,1.0,81759,124709500248784,2026-09-05T01:49:51.631+00:00
88940a65b51b,campaign-sf1,mado,tpch,Q02,Complex,postgresql,indexed,1,3,3,0,sqlalchemy,sql,q02s2,0,0.352049,100,ok,,15min,1.0,81759,124709500248784,2026-09-05T01:49:51.983+00:00
88940a65b51b,campaign-sf1,mado,tpch,Q02,Complex,postgresql,indexed,1,3,3,1,django,sql,q02s2,0,0.314956,100,ok,,15min,1.0,81759,124709500248784,2026-09-05T01:49:52.298+00:00
88940a65b51b,campaign-sf1,mado,tpch,Q02,Complex,postgresql,indexed,1,3,3,2,sqlalchemy,orm,q02s2,0,0.358781,100,ok,,15min,1.0,81759,124709500248784,2026-09-05T01:49:52.657+00:00
88940a65b51b,campaign-sf1,mado,tpch,Q02,Complex,postgresql,indexed,1,3,3,3,django,orm,q02s2,0,0.177989,100,ok,,15min,1.0,81759,124709500248784,2026-09-05T01:49:52.835+00:00
88940a65b51b,campaign-sf1,mado,tpch,Q02,Complex,postgresql,indexed,1,4,1,-1,django,sql,q02s3,2,0.322739,,ok,,15min,1.0,81759,124709500248784,2026-09-05T01:49:53.163+00:00
88940a65b51b,campaign-sf1,mado,tpch,Q02,Complex,postgresql,indexed,1,4,1,-1,django,orm,q02s3,2,0.270739,,ok,,15min,1.0,81759,124709500248784,2026-09-05T01:49:53.433+00:00
88940a65b51b,campaign-sf1,mado,tpch,Q02,Complex,postgresql,indexed,1,4,1,-1,sqlalchemy,sql,q02s3,2,0.360347,,ok,,15min,1.0,81759,124709500248784,2026-09-05T01:49:53.794+00:00
88940a65b51b,campaign-sf1,mado,tpch,Q02,Complex,postgresql,indexed,1,4,1,-1,sqlalchemy,orm,q02s3,2,0.362465,,ok,,15min,1.0,81759,124709500248784,2026-09-05T01:49:54.156+00:00
88940a65b51b,campaign-sf1,mado,tpch,Q02,Complex,postgresql,indexed,1,4,1,0,django,orm,q02s3,0,0.272377,100,ok,,15min,1.0,81759,124709500248784,2026-09-05T01:49:54.429+00:00
88940a65b51b,campaign-sf1,mado,tpch,Q02,Complex,postgresql,indexed,1,4,1,1,sqlalchemy,orm,q02s3,0,0.363356,100,ok,,15min,1.0,81759,124709500248784,2026-09-05T01:49:54.792+00:00
88940a65b51b,campaign-sf1,mado,tpch,Q02,Complex,postgresql,indexed,1,4,1,2,django,sql,q02s3,0,0.324953,100,ok,,15min,1.0,81759,124709500248784,2026-09-05T01:49:55.117+00:00
88940a65b51b,campaign-sf1,mado,tpch,Q02,Complex,postgresql,indexed,1,4,1,3,sqlalchemy,sql,q02s3,0,0.359645,100,ok,,15min,1.0,81759,124709500248784,2026-09-05T01:49:55.477+00:00
88940a65b51b,campaign-sf1,mado,tpch,Q02,Complex,postgresql,indexed,1,5,2,-1,django,sql,q02s4,2,0.314544,,ok,,15min,1.0,81759,124709500248784,2026-09-05T01:49:55.796+00:00
88940a65b51b,campaign-sf1,mado,tpch,Q02,Complex,postgresql,indexed,1,5,2,-1,django,orm,q02s4,2,0.184175,,ok,,15min,1.0,81759,124709500248784,2026-09-05T01:49:55.980+00:00
88940a65b51b,campaign-sf1,mado,tpch,Q02,Complex,postgresql,indexed,1,5,2,-1,sqlalchemy,sql,q02s4,2,0.35025,,ok,,15min,1.0,81759,124709500248784,2026-09-05T01:49:56.331+00:00
88940a65b51b,campaign-sf1,mado,tpch,Q02,Complex,postgresql,indexed,1,5,2,-1,sqlalchemy,orm,q02s4,2,0.353889,,ok,,15min,1.0,81759,124709500248784,2026-09-05T01:49:56.685+00:00
88940a65b51b,campaign-sf1,mado,tpch,Q02,Complex,postgresql,indexed,1,5,2,0,sqlalchemy,orm,q02s4,0,0.352303,100,ok,,15min,1.0,81759,124709500248784,2026-09-05T01:49:57.037+00:00
88940a65b51b,campaign-sf1,mado,tpch,Q02,Complex,postgresql,indexed,1,5,2,1,sqlalchemy,sql,q02s4,0,0.349339,100,ok,,15min,1.0,81759,124709500248784,2026-09-05T01:49:57.387+00:00
88940a65b51b,campaign-sf1,mado,tpch,Q02,Complex,postgresql,indexed,1,5,2,2,django,orm,q02s4,0,0.184689,100,ok,,15min,1.0,81759,124709500248784,2026-09-05T01:49:57.571+00:00
88940a65b51b,campaign-sf1,mado,tpch,Q02,Complex,postgresql,indexed,1,5,2,3,django,sql,q02s4,0,0.314528,100,ok,,15min,1.0,81759,124709500248784,2026-09-05T01:49:57.886+00:00
88940a65b51b,campaign-sf1,mado,tpch,Q02,Complex,postgresql,indexed,1,6,1,-1,django,sql,q02s5,2,0.31734,,ok,,15min,1.0,81759,124709500248784,2026-09-05T01:49:58.208+00:00
88940a65b51b,campaign-sf1,mado,tpch,Q02,Complex,postgresql,indexed,1,6,1,-1,django,orm,q02s5,2,0.266886,,ok,,15min,1.0,81759,124709500248784,2026-09-05T01:49:58.475+00:00
88940a65b51b,campaign-sf1,mado,tpch,Q02,Complex,postgresql,indexed,1,6,1,-1,sqlalchemy,sql,q02s5,2,0.352585,,ok,,15min,1.0,81759,124709500248784,2026-09-05T01:49:58.828+00:00
88940a65b51b,campaign-sf1,mado,tpch,Q02,Complex,postgresql,indexed,1,6,1,-1,sqlalchemy,orm,q02s5,2,0.355013,,ok,,15min,1.0,81759,124709500248784,2026-09-05T01:49:59.183+00:00
88940a65b51b,campaign-sf1,mado,tpch,Q02,Complex,postgresql,indexed,1,6,1,0,django,orm,q02s5,0,0.267099,100,ok,,15min,1.0,81759,124709500248784,2026-09-05T01:49:59.450+00:00
88940a65b51b,campaign-sf1,mado,tpch,Q02,Complex,postgresql,indexed,1,6,1,1,sqlalchemy,orm,q02s5,0,0.356043,100,ok,,15min,1.0,81759,124709500248784,2026-09-05T01:49:59.806+00:00
88940a65b51b,campaign-sf1,mado,tpch,Q02,Complex,postgresql,indexed,1,6,1,2,django,sql,q02s5,0,0.318531,100,ok,,15min,1.0,81759,124709500248784,2026-09-05T01:50:00.125+00:00
88940a65b51b,campaign-sf1,mado,tpch,Q02,Complex,postgresql,indexed,1,6,1,3,sqlalchemy,sql,q02s5,0,0.352318,100,ok,,15min,1.0,81759,124709500248784,2026-09-05T01:50:00.477+00:00
88940a65b51b,campaign-sf1,mado,tpch,Q02,Complex,postgresql,indexed,1,7,0,-1,django,sql,q02s6,2,0.311059,,ok,,15min,1.0,81759,124709500248784,2026-09-05T01:50:00.793+00:00
88940a65b51b,campaign-sf1,mado,tpch,Q02,Complex,postgresql,indexed,1,7,0,-1,django,orm,q02s6,2,0.262411,,ok,,15min,1.0,81759,124709500248784,2026-09-05T01:50:01.056+00:00
88940a65b51b,campaign-sf1,mado,tpch,Q02,Complex,postgresql,indexed,1,7,0,-1,sqlalchemy,sql,q02s6,2,0.346313,,ok,,15min,1.0,81759,124709500248784,2026-09-05T01:50:01.402+00:00
88940a65b51b,campaign-sf1,mado,tpch,Q02,Complex,postgresql,indexed,1,7,0,-1,sqlalchemy,orm,q02s6,2,0.349724,,ok,,15min,1.0,81759,124709500248784,2026-09-05T01:50:01.752+00:00
88940a65b51b,campaign-sf1,mado,tpch,Q02,Complex,postgresql,indexed,1,7,0,0,django,sql,q02s6,0,0.311729,100,ok,,15min,1.0,81759,124709500248784,2026-09-05T01:50:02.064+00:00
88940a65b51b,campaign-sf1,mado,tpch,Q02,Complex,postgresql,indexed,1,7,0,1,django,orm,q02s6,0,0.262791,100,ok,,15min,1.0,81759,124709500248784,2026-09-05T01:50:02.327+00:00
88940a65b51b,campaign-sf1,mado,tpch,Q02,Complex,postgresql,indexed,1,7,0,2,sqlalchemy,sql,q02s6,0,0.346234,100,ok,,15min,1.0,81759,124709500248784,2026-09-05T01:50:02.673+00:00
88940a65b51b,campaign-sf1,mado,tpch,Q02,Complex,postgresql,indexed,1,7,0,3,sqlalchemy,orm,q02s6,0,0.349167,100,ok,,15min,1.0,81759,124709500248784,2026-09-05T01:50:03.022+00:00
88940a65b51b,campaign-sf1,mado,tpch,Q02,Complex,postgresql,indexed,1,8,3,-1,django,sql,q02s7,2,0.318427,,ok,,15min,1.0,81759,124709500248784,2026-09-05T01:50:03.345+00:00
88940a65b51b,campaign-sf1,mado,tpch,Q02,Complex,postgresql,indexed,1,8,3,-1,django,orm,q02s7,2,0.264348,,ok,,15min,1.0,81759,124709500248784,2026-09-05T01:50:03.610+00:00
88940a65b51b,campaign-sf1,mado,tpch,Q02,Complex,postgresql,indexed,1,8,3,-1,sqlalchemy,sql,q02s7,2,0.353428,,ok,,15min,1.0,81759,124709500248784,2026-09-05T01:50:03.963+00:00
88940a65b51b,campaign-sf1,mado,tpch,Q02,Complex,postgresql,indexed,1,8,3,-1,sqlalchemy,orm,q02s7,2,0.356831,,ok,,15min,1.0,81759,124709500248784,2026-09-05T01:50:04.320+00:00
88940a65b51b,campaign-sf1,mado,tpch,Q02,Complex,postgresql,indexed,1,8,3,0,sqlalchemy,sql,q02s7,0,0.353237,100,ok,,15min,1.0,81759,124709500248784,2026-09-05T01:50:04.673+00:00
88940a65b51b,campaign-sf1,mado,tpch,Q02,Complex,postgresql,indexed,1,8,3,1,django,sql,q02s7,0,0.318522,100,ok,,15min,1.0,81759,124709500248784,2026-09-05T01:50:04.992+00:00
88940a65b51b,campaign-sf1,mado,tpch,Q02,Complex,postgresql,indexed,1,8,3,2,sqlalchemy,orm,q02s7,0,0.356932,100,ok,,15min,1.0,81759,124709500248784,2026-09-05T01:50:05.349+00:00
88940a65b51b,campaign-sf1,mado,tpch,Q02,Complex,postgresql,indexed,1,8,3,3,django,orm,q02s7,0,0.264154,100,ok,,15min,1.0,81759,124709500248784,2026-09-05T01:50:05.613+00:00
08016ccf1c9b,campaign-sf1,mado,tpch,Q03,Medium,postgresql,indexed,1,0,3,0,sqlalchemy,sql,q03warm,1,2.19094,10,ok,,15min,1.0,81780,131439038816928,2026-09-05T01:50:09.054+00:00
08016ccf1c9b,campaign-sf1,mado,tpch,Q03,Medium,postgresql,indexed,1,0,3,1,django,sql,q03warm,1,2.113139,10,ok,,15min,1.0,81780,131439038816928,2026-09-05T01:50:11.167+00:00
08016ccf1c9b,campaign-sf1,mado,tpch,Q03,Medium,postgresql,indexed,1,0,3,2,sqlalchemy,orm,q03warm,1,1.964035,10,ok,,15min,1.0,81780,131439038816928,2026-09-05T01:50:13.131+00:00
08016ccf1c9b,campaign-sf1,mado,tpch,Q03,Medium,postgresql,indexed,1,0,3,3,django,orm,q03warm,1,1.916741,10,ok,,15min,1.0,81780,131439038816928,2026-09-05T01:50:15.048+00:00
08016ccf1c9b,campaign-sf1,mado,tpch,Q03,Medium,postgresql,indexed,1,1,1,-1,django,sql,q03s0,2,1.917607,,ok,,15min,1.0,81780,131439038816928,2026-09-05T01:50:16.970+00:00
08016ccf1c9b,campaign-sf1,mado,tpch,Q03,Medium,postgresql,indexed,1,1,1,-1,django,orm,q03s0,2,1.919519,,ok,,15min,1.0,81780,131439038816928,2026-09-05T01:50:18.890+00:00
08016ccf1c9b,campaign-sf1,mado,tpch,Q03,Medium,postgresql,indexed,1,1,1,-1,sqlalchemy,sql,q03s0,2,1.929908,,ok,,15min,1.0,81780,131439038816928,2026-09-05T01:50:20.820+00:00
08016ccf1c9b,campaign-sf1,mado,tpch,Q03,Medium,postgresql,indexed,1,1,1,-1,sqlalchemy,orm,q03s0,2,1.923812,,ok,,15min,1.0,81780,131439038816928,2026-09-05T01:50:22.744+00:00
08016ccf1c9b,campaign-sf1,mado,tpch,Q03,Medium,postgresql,indexed,1,1,1,0,django,orm,q03s0,0,1.917308,10,ok,,15min,1.0,81780,131439038816928,2026-09-05T01:50:24.661+00:00
08016ccf1c9b,campaign-sf1,mado,tpch,Q03,Medium,postgresql,indexed,1,1,1,1,sqlalchemy,orm,q03s0,0,1.929152,10,ok,,15min,1.0,81780,131439038816928,2026-09-05T01:50:26.591+00:00
08016ccf1c9b,campaign-sf1,mado,tpch,Q03,Medium,postgresql,indexed,1,1,1,2,django,sql,q03s0,0,1.913648,10,ok,,15min,1.0,81780,131439038816928,2026-09-05T01:50:28.504+00:00
08016ccf1c9b,campaign-sf1,mado,tpch,Q03,Medium,postgresql,indexed,1,1,1,3,sqlalchemy,sql,q03s0,0,1.916609,10,ok,,15min,1.0,81780,131439038816928,2026-09-05T01:50:30.421+00:00
08016ccf1c9b,campaign-sf1,mado,tpch,Q03,Medium,postgresql,indexed,1,2,3,-1,django,sql,q03s1,2,1.915076,,ok,,15min,1.0,81780,131439038816928,2026-09-05T01:50:32.341+00:00
08016ccf1c9b,campaign-sf1,mado,tpch,Q03,Medium,postgresql,indexed,1,2,3,-1,django,orm,q03s1,2,1.915125,,ok,,15min,1.0,81780,131439038816928,2026-09-05T01:50:34.256+00:00
08016ccf1c9b,campaign-sf1,mado,tpch,Q03,Medium,postgresql,indexed,1,2,3,-1,sqlalchemy,sql,q03s1,2,1.927207,,ok,,15min,1.0,81780,131439038816928,2026-09-05T01:50:36.183+00:00
08016ccf1c9b,campaign-sf1,mado,tpch,Q03,Medium,postgresql,indexed,1,2,3,-1,sqlalchemy,orm,q03s1,2,1.923044,,ok,,15min,1.0,81780,131439038816928,2026-09-05T01:50:38.107+00:00
08016ccf1c9b,campaign-sf1,mado,tpch,Q03,Medium,postgresql,indexed,1,2,3,0,sqlalchemy,sql,q03s1,0,1.927675,10,ok,,15min,1.0,81780,131439038816928,2026-09-05T01:50:40.034+00:00
08016ccf1c9b,campaign-sf1,mado,tpch,Q03,Medium,postgresql,indexed,1,2,3,1,django,sql,q03s1,0,1.913934,10,ok,,15min,1.0,81780,131439038816928,2026-09-05T01:50:41.948+00:00
08016ccf1c9b,campaign-sf1,mado,tpch,Q03,Medium,postgresql,indexed,1,2,3,2,sqlalchemy,orm,q03s1,0,1.9208,10,ok,,15min,1.0,81780,131439038816928,2026-09-05T01:50:43.869+00:00
08016ccf1c9b,campaign-sf1,mado,tpch,Q03,Medium,postgresql,indexed,1,2,3,3,django,orm,q03s1,0,1.916489,10,ok,,15min,1.0,81780,131439038816928,2026-09-05T01:50:45.786+00:00
08016ccf1c9b,campaign-sf1,mado,tpch,Q03,Medium,postgresql,indexed,1,3,2,-1,django,sql,q03s2,2,1.913298,,ok,,15min,1.0,81780,131439038816928,2026-09-05T01:50:47.704+00:00
08016ccf1c9b,campaign-sf1,mado,tpch,Q03,Medium,postgresql,indexed,1,3,2,-1,django,orm,q03s2,2,1.912256,,ok,,15min,1.0,81780,131439038816928,2026-09-05T01:50:49.616+00:00
08016ccf1c9b,campaign-sf1,mado,tpch,Q03,Medium,postgresql,indexed,1,3,2,-1,sqlalchemy,sql,q03s2,2,1.931341,,ok,,15min,1.0,81780,131439038816928,2026-09-05T01:50:51.548+00:00
08016ccf1c9b,campaign-sf1,mado,tpch,Q03,Medium,postgresql,indexed,1,3,2,-1,sqlalchemy,orm,q03s2,2,1.912977,,ok,,15min,1.0,81780,131439038816928,2026-09-05T01:50:53.461+00:00
08016ccf1c9b,campaign-sf1,mado,tpch,Q03,Medium,postgresql,indexed,1,3,2,0,sqlalchemy,orm,q03s2,0,1.92229,10,ok,,15min,1.0,81780,131439038816928,2026-09-05T01:50:55.383+00:00
08016ccf1c9b,campaign-sf1,mado,tpch,Q03,Medium,postgresql,indexed,1,3,2,1,sqlalchemy,sql,q03s2,0,1.913891,10,ok,,15min,1.0,81780,131439038816928,2026-09-05T01:50:57.297+00:00
08016ccf1c9b,campaign-sf1,mado,tpch,Q03,Medium,postgresql,indexed,1,3,2,2,django,orm,q03s2,0,1.91388,10,ok,,15min,1.0,81780,131439038816928,2026-09-05T01:50:59.211+00:00
08016ccf1c9b,campaign-sf1,mado,tpch,Q03,Medium,postgresql,indexed,1,3,2,3,django,sql,q03s2,0,1.91493,10,ok,,15min,1.0,81780,131439038816928,2026-09-05T01:51:01.126+00:00
08016ccf1c9b,campaign-sf1,mado,tpch,Q03,Medium,postgresql,indexed,1,4,0,-1,django,sql,q03s3,2,1.918585,,ok,,15min,1.0,81780,131439038816928,2026-09-05T01:51:03.049+00:00
08016ccf1c9b,campaign-sf1,mado,tpch,Q03,Medium,postgresql,indexed,1,4,0,-1,django,orm,q03s3,2,1.916745,,ok,,15min,1.0,81780,131439038816928,2026-09-05T01:51:04.966+00:00
08016ccf1c9b,campaign-sf1,mado,tpch,Q03,Medium,postgresql,indexed,1,4,0,-1,sqlalchemy,sql,q03s3,2,1.927435,,ok,,15min,1.0,81780,131439038816928,2026-09-05T01:51:06.893+00:00
08016ccf1c9b,campaign-sf1,mado,tpch,Q03,Medium,postgresql,indexed,1,4,0,-1,sqlalchemy,orm,q03s3,2,1.918869,,ok,,15min,1.0,81780,131439038816928,2026-09-05T01:51:08.812+00:00
08016ccf1c9b,campaign-sf1,mado,tpch,Q03,Medium,postgresql,indexed,1,4,0,0,django,sql,q03s3,0,1.913909,10,ok,,15min,1.0,81780,131439038816928,2026-09-05T01:51:10.726+00:00
08016ccf1c9b,campaign-sf1,mado,tpch,Q03,Medium,postgresql,indexed,1,4,0,1,django,orm,q03s3,0,1.917002,10,ok,,15min,1.0,81780,131439038816928,2026-09-05T01:51:12.644+00:00
08016ccf1c9b,campaign-sf1,mado,tpch,Q03,Medium,postgresql,indexed,1,4,0,2,sqlalchemy,sql,q03s3,0,1.926101,10,ok,,15min,1.0,81780,131439038816928,2026-09-05T01:51:14.570+00:00
08016ccf1c9b,campaign-sf1,mado,tpch,Q03,Medium,postgresql,indexed,1,4,0,3,sqlalchemy,orm,q03s3,0,1.912969,10,ok,,15min,1.0,81780,131439038816928,2026-09-05T01:51:16.483+00:00
08016ccf1c9b,campaign-sf1,mado,tpch,Q03,Medium,postgresql,indexed,1,5,3,-1,django,sql,q03s4,2,1.909569,,ok,,15min,1.0,81780,131439038816928,2026-09-05T01:51:18.397+00:00
08016ccf1c9b,campaign-sf1,mado,tpch,Q03,Medium,postgresql,indexed,1,5,3,-1,django,orm,q03s4,2,1.908521,,ok,,15min,1.0,81780,131439038816928,2026-09-05T01:51:20.305+00:00
08016ccf1c9b,campaign-sf1,mado,tpch,Q03,Medium,postgresql,indexed,1,5,3,-1,sqlalchemy,sql,q03s4,2,1.923697,,ok,,15min,1.0,81780,131439038816928,2026-09-05T01:51:22.229+00:00
08016ccf1c9b,campaign-sf1,mado,tpch,Q03,Medium,postgresql,indexed,1,5,3,-1,sqlalchemy,orm,q03s4,2,1.913927,,ok,,15min,1.0,81780,131439038816928,2026-09-05T01:51:24.143+00:00
08016ccf1c9b,campaign-sf1,mado,tpch,Q03,Medium,postgresql,indexed,1,5,3,0,sqlalchemy,sql,q03s4,0,1.925237,10,ok,,15min,1.0,81780,131439038816928,2026-09-05T01:51:26.068+00:00
08016ccf1c9b,campaign-sf1,mado,tpch,Q03,Medium,postgresql,indexed,1,5,3,1,django,sql,q03s4,0,1.914818,10,ok,,15min,1.0,81780,131439038816928,2026-09-05T01:51:27.983+00:00
08016ccf1c9b,campaign-sf1,mado,tpch,Q03,Medium,postgresql,indexed,1,5,3,2,sqlalchemy,orm,q03s4,0,1.91503,10,ok,,15min,1.0,81780,131439038816928,2026-09-05T01:51:29.899+00:00
08016ccf1c9b,campaign-sf1,mado,tpch,Q03,Medium,postgresql,indexed,1,5,3,3,django,orm,q03s4,0,1.91145,10,ok,,15min,1.0,81780,131439038816928,2026-09-05T01:51:31.810+00:00
08016ccf1c9b,campaign-sf1,mado,tpch,Q03,Medium,postgresql,indexed,1,6,2,-1,django,sql,q03s5,2,1.908289,,ok,,15min,1.0,81780,131439038816928,2026-09-05T01:51:33.723+00:00
08016ccf1c9b,campaign-sf1,mado,tpch,Q03,Medium,postgresql,indexed,1,6,2,-1,django,orm,q03s5,2,1.910269,,ok,,15min,1.0,81780,131439038816928,2026-09-05T01:51:35.633+00:00
08016ccf1c9b,campaign-sf1,mado,tpch,Q03,Medium,postgresql,indexed,1,6,2,-1,sqlalchemy,sql,q03s5,2,1.931071,,ok,,15min,1.0,81780,131439038816928,2026-09-05T01:51:37.565+00:00
08016ccf1c9b,campaign-sf1,mado,tpch,Q03,Medium,postgresql,indexed,1,6,2,-1,sqlalchemy,orm,q03s5,2,1.914276,,ok,,15min,1.0,81780,131439038816928,2026-09-05T01:51:39.479+00:00
08016ccf1c9b,campaign-sf1,mado,tpch,Q03,Medium,postgresql,indexed,1,6,2,0,sqlalchemy,orm,q03s5,0,1.923714,10,ok,,15min,1.0,81780,131439038816928,2026-09-05T01:51:41.403+00:00
08016ccf1c9b,campaign-sf1,mado,tpch,Q03,Medium,postgresql,indexed,1,6,2,1,sqlalchemy,sql,q03s5,0,1.913701,10,ok,,15min,1.0,81780,131439038816928,2026-09-05T01:51:43.317+00:00
08016ccf1c9b,campaign-sf1,mado,tpch,Q03,Medium,postgresql,indexed,1,6,2,2,django,orm,q03s5,0,1.912687,10,ok,,15min,1.0,81780,131439038816928,2026-09-05T01:51:45.229+00:00
08016ccf1c9b,campaign-sf1,mado,tpch,Q03,Medium,postgresql,indexed,1,6,2,3,django,sql,q03s5,0,1.909469,10,ok,,15min,1.0,81780,131439038816928,2026-09-05T01:51:47.139+00:00
08016ccf1c9b,campaign-sf1,mado,tpch,Q03,Medium,postgresql,indexed,1,7,1,-1,django,sql,q03s6,2,1.915485,,ok,,15min,1.0,81780,131439038816928,2026-09-05T01:51:49.062+00:00
08016ccf1c9b,campaign-sf1,mado,tpch,Q03,Medium,postgresql,indexed,1,7,1,-1,django,orm,q03s6,2,1.923193,,ok,,15min,1.0,81780,131439038816928,2026-09-05T01:51:50.985+00:00
08016ccf1c9b,campaign-sf1,mado,tpch,Q03,Medium,postgresql,indexed,1,7,1,-1,sqlalchemy,sql,q03s6,2,1.930607,,ok,,15min,1.0,81780,131439038816928,2026-09-05T01:51:52.916+00:00
08016ccf1c9b,campaign-sf1,mado,tpch,Q03,Medium,postgresql,indexed,1,7,1,-1,sqlalchemy,orm,q03s6,2,1.926967,,ok,,15min,1.0,81780,131439038816928,2026-09-05T01:51:54.843+00:00
08016ccf1c9b,campaign-sf1,mado,tpch,Q03,Medium,postgresql,indexed,1,7,1,0,django,orm,q03s6,0,1.916133,10,ok,,15min,1.0,81780,131439038816928,2026-09-05T01:51:56.759+00:00
08016ccf1c9b,campaign-sf1,mado,tpch,Q03,Medium,postgresql,indexed,1,7,1,1,sqlalchemy,orm,q03s6,0,1.931406,10,ok,,15min,1.0,81780,131439038816928,2026-09-05T01:51:58.690+00:00
08016ccf1c9b,campaign-sf1,mado,tpch,Q03,Medium,postgresql,indexed,1,7,1,2,django,sql,q03s6,0,1.918867,10,ok,,15min,1.0,81780,131439038816928,2026-09-05T01:52:00.609+00:00
08016ccf1c9b,campaign-sf1,mado,tpch,Q03,Medium,postgresql,indexed,1,7,1,3,sqlalchemy,sql,q03s6,0,1.917749,10,ok,,15min,1.0,81780,131439038816928,2026-09-05T01:52:02.527+00:00
08016ccf1c9b,campaign-sf1,mado,tpch,Q03,Medium,postgresql,indexed,1,8,0,-1,django,sql,q03s7,2,1.910973,,ok,,15min,1.0,81780,131439038816928,2026-09-05T01:52:04.443+00:00
08016ccf1c9b,campaign-sf1,mado,tpch,Q03,Medium,postgresql,indexed,1,8,0,-1,django,orm,q03s7,2,1.911024,,ok,,15min,1.0,81780,131439038816928,2026-09-05T01:52:06.354+00:00
08016ccf1c9b,campaign-sf1,mado,tpch,Q03,Medium,postgresql,indexed,1,8,0,-1,sqlalchemy,sql,q03s7,2,1.929026,,ok,,15min,1.0,81780,131439038816928,2026-09-05T01:52:08.283+00:00
08016ccf1c9b,campaign-sf1,mado,tpch,Q03,Medium,postgresql,indexed,1,8,0,-1,sqlalchemy,orm,q03s7,2,1.91615,,ok,,15min,1.0,81780,131439038816928,2026-09-05T01:52:10.199+00:00
08016ccf1c9b,campaign-sf1,mado,tpch,Q03,Medium,postgresql,indexed,1,8,0,0,django,sql,q03s7,0,1.911935,10,ok,,15min,1.0,81780,131439038816928,2026-09-05T01:52:12.111+00:00
08016ccf1c9b,campaign-sf1,mado,tpch,Q03,Medium,postgresql,indexed,1,8,0,1,django,orm,q03s7,0,1.919265,10,ok,,15min,1.0,81780,131439038816928,2026-09-05T01:52:14.031+00:00
08016ccf1c9b,campaign-sf1,mado,tpch,Q03,Medium,postgresql,indexed,1,8,0,2,sqlalchemy,sql,q03s7,0,1.927331,10,ok,,15min,1.0,81780,131439038816928,2026-09-05T01:52:15.958+00:00
08016ccf1c9b,campaign-sf1,mado,tpch,Q03,Medium,postgresql,indexed,1,8,0,3,sqlalchemy,orm,q03s7,0,1.919172,10,ok,,15min,1.0,81780,131439038816928,2026-09-05T01:52:17.877+00:00
43dd8dc57deb,campaign-sf1,mado,tpch,Q04,Medium,postgresql,indexed,1,0,0,0,django,sql,q04warm,1,0.6425,5,ok,,15min,1.0,81815,134918096433280,2026-09-05T01:52:19.769+00:00
43dd8dc57deb,campaign-sf1,mado,tpch,Q04,Medium,postgresql,indexed,1,0,0,1,django,orm,q04warm,1,0.321211,5,ok,,15min,1.0,81815,134918096433280,2026-09-05T01:52:20.090+00:00
43dd8dc57deb,campaign-sf1,mado,tpch,Q04,Medium,postgresql,indexed,1,0,0,2,sqlalchemy,sql,q04warm,1,0.456593,5,ok,,15min,1.0,81815,134918096433280,2026-09-05T01:52:20.547+00:00
43dd8dc57deb,campaign-sf1,mado,tpch,Q04,Medium,postgresql,indexed,1,0,0,3,sqlalchemy,orm,q04warm,1,0.336858,5,ok,,15min,1.0,81815,134918096433280,2026-09-05T01:52:20.884+00:00
43dd8dc57deb,campaign-sf1,mado,tpch,Q04,Medium,postgresql,indexed,1,1,1,-1,django,sql,q04s0,2,0.300097,,ok,,15min,1.0,81815,134918096433280,2026-09-05T01:52:21.189+00:00
43dd8dc57deb,campaign-sf1,mado,tpch,Q04,Medium,postgresql,indexed,1,1,1,-1,django,orm,q04s0,2,0.308868,,ok,,15min,1.0,81815,134918096433280,2026-09-05T01:52:21.498+00:00
43dd8dc57deb,campaign-sf1,mado,tpch,Q04,Medium,postgresql,indexed,1,1,1,-1,sqlalchemy,sql,q04s0,2,0.29713,,ok,,15min,1.0,81815,134918096433280,2026-09-05T01:52:21.795+00:00
43dd8dc57deb,campaign-sf1,mado,tpch,Q04,Medium,postgresql,indexed,1,1,1,-1,sqlalchemy,orm,q04s0,2,0.295065,,ok,,15min,1.0,81815,134918096433280,2026-09-05T01:52:22.090+00:00
43dd8dc57deb,campaign-sf1,mado,tpch,Q04,Medium,postgresql,indexed,1,1,1,0,django,orm,q04s0,0,0.305757,5,ok,,15min,1.0,81815,134918096433280,2026-09-05T01:52:22.396+00:00
43dd8dc57deb,campaign-sf1,mado,tpch,Q04,Medium,postgresql,indexed,1,1,1,1,sqlalchemy,orm,q04s0,0,0.29548,5,ok,,15min,1.0,81815,134918096433280,2026-09-05T01:52:22.691+00:00
43dd8dc57deb,campaign-sf1,mado,tpch,Q04,Medium,postgresql,indexed,1,1,1,2,django,sql,q04s0,0,0.290744,5,ok,,15min,1.0,81815,134918096433280,2026-09-05T01:52:22.982+00:00
43dd8dc57deb,campaign-sf1,mado,tpch,Q04,Medium,postgresql,indexed,1,1,1,3,sqlalchemy,sql,q04s0,0,0.294709,5,ok,,15min,1.0,81815,134918096433280,2026-09-05T01:52:23.277+00:00
43dd8dc57deb,campaign-sf1,mado,tpch,Q04,Medium,postgresql,indexed,1,2,0,-1,django,sql,q04s1,2,0.299408,,ok,,15min,1.0,81815,134918096433280,2026-09-05T01:52:23.581+00:00
43dd8dc57deb,campaign-sf1,mado,tpch,Q04,Medium,postgresql,indexed,1,2,0,-1,django,orm,q04s1,2,0.31012,,ok,,15min,1.0,81815,134918096433280,2026-09-05T01:52:23.892+00:00
43dd8dc57deb,campaign-sf1,mado,tpch,Q04,Medium,postgresql,indexed,1,2,0,-1,sqlalchemy,sql,q04s1,2,0.295735,,ok,,15min,1.0,81815,134918096433280,2026-09-05T01:52:24.187+00:00
43dd8dc57deb,campaign-sf1,mado,tpch,Q04,Medium,postgresql,indexed,1,2,0,-1,sqlalchemy,orm,q04s1,2,0.297923,,ok,,15min,1.0,81815,134918096433280,2026-09-05T01:52:24.485+00:00
43dd8dc57deb,campaign-sf1,mado,tpch,Q04,Medium,postgresql,indexed,1,2,0,0,django,sql,q04s1,0,0.294067,5,ok,,15min,1.0,81815,134918096433280,2026-09-05T01:52:24.780+00:00
43dd8dc57deb,campaign-sf1,mado,tpch,Q04,Medium,postgresql,indexed,1,2,0,1,django,orm,q04s1,0,0.310422,5,ok,,15min,1.0,81815,134918096433280,2026-09-05T01:52:25.090+00:00
43dd8dc57deb,campaign-sf1,mado,tpch,Q04,Medium,postgresql,indexed,1,2,0,2,sqlalchemy,sql,q04s1,0,0.297087,5,ok,,15min,1.0,81815,134918096433280,2026-09-05T01:52:25.387+00:00
43dd8dc57deb,campaign-sf1,mado,tpch,Q04,Medium,postgresql,indexed,1,2,0,3,sqlalchemy,orm,q04s1,0,0.296369,5,ok,,15min,1.0,81815,134918096433280,2026-09-05T01:52:25.684+00:00
43dd8dc57deb,campaign-sf1,mado,tpch,Q04,Medium,postgresql,indexed,1,3,2,-1,django,sql,q04s2,2,0.284958,,ok,,15min,1.0,81815,134918096433280,2026-09-05T01:52:25.973+00:00
43dd8dc57deb,campaign-sf1,mado,tpch,Q04,Medium,postgresql,indexed,1,3,2,-1,django,orm,q04s2,2,0.299216,,ok,,15min,1.0,81815,134918096433280,2026-09-05T01:52:26.273+00:00
43dd8dc57deb,campaign-sf1,mado,tpch,Q04,Medium,postgresql,indexed,1,3,2,-1,sqlalchemy,sql,q04s2,2,0.28629,,ok,,15min,1.0,81815,134918096433280,2026-09-05T01:52:26.559+00:00
43dd8dc57deb,campaign-sf1,mado,tpch,Q04,Medium,postgresql,indexed,1,3,2,-1,sqlalchemy,orm,q04s2,2,0.287301,,ok,,15min,1.0,81815,134918096433280,2026-09-05T01:52:26.846+00:00
43dd8dc57deb,campaign-sf1,mado,tpch,Q04,Medium,postgresql,indexed,1,3,2,0,sqlalchemy,orm,q04s2,0,0.286651,5,ok,,15min,1.0,81815,134918096433280,2026-09-05T01:52:27.133+00:00
43dd8dc57deb,campaign-sf1,mado,tpch,Q04,Medium,postgresql,indexed,1,3,2,1,sqlalchemy,sql,q04s2,0,0.28663,5,ok,,15min,1.0,81815,134918096433280,2026-09-05T01:52:27.420+00:00
43dd8dc57deb,campaign-sf1,mado,tpch,Q04,Medium,postgresql,indexed,1,3,2,2,django,orm,q04s2,0,0.300359,5,ok,,15min,1.0,81815,134918096433280,2026-09-05T01:52:27.720+00:00
43dd8dc57deb,campaign-sf1,mado,tpch,Q04,Medium,postgresql,indexed,1,3,2,3,django,sql,q04s2,0,0.286292,5,ok,,15min,1.0,81815,134918096433280,2026-09-05T01:52:28.007+00:00
43dd8dc57deb,campaign-sf1,mado,tpch,Q04,Medium,postgresql,indexed,1,4,3,-1,django,sql,q04s3,2,0.293239,,ok,,15min,1.0,81815,134918096433280,2026-09-05T01:52:28.305+00:00
43dd8dc57deb,campaign-sf1,mado,tpch,Q04,Medium,postgresql,indexed,1,4,3,-1,django,orm,q04s3,2,0.304484,,ok,,15min,1.0,81815,134918096433280,2026-09-05T01:52:28.609+00:00
43dd8dc57deb,campaign-sf1,mado,tpch,Q04,Medium,postgresql,indexed,1,4,3,-1,sqlalchemy,sql,q04s3,2,0.290653,,ok,,15min,1.0,81815,134918096433280,2026-09-05T01:52:28.900+00:00
43dd8dc57deb,campaign-sf1,mado,tpch,Q04,Medium,postgresql,indexed,1,4,3,-1,sqlalchemy,orm,q04s3,2,0.291155,,ok,,15min,1.0,81815,134918096433280,2026-09-05T01:52:29.191+00:00
43dd8dc57deb,campaign-sf1,mado,tpch,Q04,Medium,postgresql,indexed,1,4,3,0,sqlalchemy,sql,q04s3,0,0.290693,5,ok,,15min,1.0,81815,134918096433280,2026-09-05T01:52:29.482+00:00
43dd8dc57deb,campaign-sf1,mado,tpch,Q04,Medium,postgresql,indexed,1,4,3,1,django,sql,q04s3,0,0.288797,5,ok,,15min,1.0,81815,134918096433280,2026-09-05T01:52:29.771+00:00
43dd8dc57deb,campaign-sf1,mado,tpch,Q04,Medium,postgresql,indexed,1,4,3,2,sqlalchemy,orm,q04s3,0,0.290741,5,ok,,15min,1.0,81815,134918096433280,2026-09-05T01:52:30.062+00:00
43dd8dc57deb,campaign-sf1,mado,tpch,Q04,Medium,postgresql,indexed,1,4,3,3,django,orm,q04s3,0,0.303809,5,ok,,15min,1.0,81815,134918096433280,2026-09-05T01:52:30.366+00:00
43dd8dc57deb,campaign-sf1,mado,tpch,Q04,Medium,postgresql,indexed,1,5,0,-1,django,sql,q04s4,2,0.294333,,ok,,15min,1.0,81815,134918096433280,2026-09-05T01:52:30.665+00:00
43dd8dc57deb,campaign-sf1,mado,tpch,Q04,Medium,postgresql,indexed,1,5,0,-1,django,orm,q04s4,2,0.307431,,ok,,15min,1.0,81815,134918096433280,2026-09-05T01:52:30.972+00:00
43dd8dc57deb,campaign-sf1,mado,tpch,Q04,Medium,postgresql,indexed,1,5,0,-1,sqlalchemy,sql,q04s4,2,0.295073,,ok,,15min,1.0,81815,134918096433280,2026-09-05T01:52:31.267+00:00
43dd8dc57deb,campaign-sf1,mado,tpch,Q04,Medium,postgresql,indexed,1,5,0,-1,sqlalchemy,orm,q04s4,2,0.295032,,ok,,15min,1.0,81815,134918096433280,2026-09-05T01:52:31.563+00:00
43dd8dc57deb,campaign-sf1,mado,tpch,Q04,Medium,postgresql,indexed,1,5,0,0,django,sql,q04s4,0,0.29353,5,ok,,15min,1.0,81815,134918096433280,2026-09-05T01:52:31.856+00:00
43dd8dc57deb,campaign-sf1,mado,tpch,Q04,Medium,postgresql,indexed,1,5,0,1,django,orm,q04s4,0,0.307674,5,ok,,15min,1.0,81815,134918096433280,2026-09-05T01:52:32.164+00:00
43dd8dc57deb,campaign-sf1,mado,tpch,Q04,Medium,postgresql,indexed,1,5,0,2,sqlalchemy,sql,q04s4,0,0.293239,5,ok,,15min,1.0,81815,134918096433280,2026-09-05T01:52:32.457+00:00
43dd8dc57deb,campaign-sf1,mado,tpch,Q04,Medium,postgresql,indexed,1,5,0,3,sqlalchemy,orm,q04s4,0,0.29452,5,ok,,15min,1.0,81815,134918096433280,2026-09-05T01:52:32.752+00:00
43dd8dc57deb,campaign-sf1,mado,tpch,Q04,Medium,postgresql,indexed,1,6,2,-1,django,sql,q04s5,2,0.301199,,ok,,15min,1.0,81815,134918096433280,2026-09-05T01:52:33.058+00:00
43dd8dc57deb,campaign-sf1,mado,tpch,Q04,Medium,postgresql,indexed,1,6,2,-1,django,orm,q04s5,2,0.310574,,ok,,15min,1.0,81815,134918096433280,2026-09-05T01:52:33.368+00:00
43dd8dc57deb,campaign-sf1,mado,tpch,Q04,Medium,postgresql,indexed,1,6,2,-1,sqlalchemy,sql,q04s5,2,0.297843,,ok,,15min,1.0,81815,134918096433280,2026-09-05T01:52:33.666+00:00
43dd8dc57deb,campaign-sf1,mado,tpch,Q04,Medium,postgresql,indexed,1,6,2,-1,sqlalchemy,orm,q04s5,2,0.298182,,ok,,15min,1.0,81815,134918096433280,2026-09-05T01:52:33.965+00:00
43dd8dc57deb,campaign-sf1,mado,tpch,Q04,Medium,postgresql,indexed,1,6,2,0,sqlalchemy,orm,q04s5,0,0.297794,5,ok,,15min,1.0,81815,134918096433280,2026-09-05T01:52:34.262+00:00
43dd8dc57deb,campaign-sf1,mado,tpch,Q04,Medium,postgresql,indexed,1,6,2,1,sqlalchemy,sql,q04s5,0,0.297668,5,ok,,15min,1.0,81815,134918096433280,2026-09-05T01:52:34.560+00:00
43dd8dc57deb,campaign-sf1,mado,tpch,Q04,Medium,postgresql,indexed,1,6,2,2,django,orm,q04s5,0,0.308421,5,ok,,15min,1.0,81815,134918096433280,2026-09-05T01:52:34.869+00:00
43dd8dc57deb,campaign-sf1,mado,tpch,Q04,Medium,postgresql,indexed,1,6,2,3,django,sql,q04s5,0,0.293801,5,ok,,15min,1.0,81815,134918096433280,2026-09-05T01:52:35.163+00:00
43dd8dc57deb,campaign-sf1,mado,tpch,Q04,Medium,postgresql,indexed,1,7,3,-1,django,sql,q04s6,2,0.287653,,ok,,15min,1.0,81815,134918096433280,2026-09-05T01:52:35.455+00:00
43dd8dc57deb,campaign-sf1,mado,tpch,Q04,Medium,postgresql,indexed,1,7,3,-1,django,orm,q04s6,2,0.299701,,ok,,15min,1.0,81815,134918096433280,2026-09-05T01:52:35.755+00:00
43dd8dc57deb,campaign-sf1,mado,tpch,Q04,Medium,postgresql,indexed,1,7,3,-1,sqlalchemy,sql,q04s6,2,0.286823,,ok,,15min,1.0,81815,134918096433280,2026-09-05T01:52:36.042+00:00
43dd8dc57deb,campaign-sf1,mado,tpch,Q04,Medium,postgresql,indexed,1,7,3,-1,sqlalchemy,orm,q04s6,2,0.286684,,ok,,15min,1.0,81815,134918096433280,2026-09-05T01:52:36.328+00:00
43dd8dc57deb,campaign-sf1,mado,tpch,Q04,Medium,postgresql,indexed,1,7,3,0,sqlalchemy,sql,q04s6,0,0.286791,5,ok,,15min,1.0,81815,134918096433280,2026-09-05T01:52:36.615+00:00
43dd8dc57deb,campaign-sf1,mado,tpch,Q04,Medium,postgresql,indexed,1,7,3,1,django,sql,q04s6,0,0.285637,5,ok,,15min,1.0,81815,134918096433280,2026-09-05T01:52:36.901+00:00
43dd8dc57deb,campaign-sf1,mado,tpch,Q04,Medium,postgresql,indexed,1,7,3,2,sqlalchemy,orm,q04s6,0,0.286702,5,ok,,15min,1.0,81815,134918096433280,2026-09-05T01:52:37.188+00:00
43dd8dc57deb,campaign-sf1,mado,tpch,Q04,Medium,postgresql,indexed,1,7,3,3,django,orm,q04s6,0,0.299864,5,ok,,15min,1.0,81815,134918096433280,2026-09-05T01:52:37.488+00:00
43dd8dc57deb,campaign-sf1,mado,tpch,Q04,Medium,postgresql,indexed,1,8,1,-1,django,sql,q04s7,2,0.300544,,ok,,15min,1.0,81815,134918096433280,2026-09-05T01:52:37.793+00:00
43dd8dc57deb,campaign-sf1,mado,tpch,Q04,Medium,postgresql,indexed,1,8,1,-1,django,orm,q04s7,2,0.30651,,ok,,15min,1.0,81815,134918096433280,2026-09-05T01:52:38.100+00:00
43dd8dc57deb,campaign-sf1,mado,tpch,Q04,Medium,postgresql,indexed,1,8,1,-1,sqlalchemy,sql,q04s7,2,0.292749,,ok,,15min,1.0,81815,134918096433280,2026-09-05T01:52:38.393+00:00
43dd8dc57deb,campaign-sf1,mado,tpch,Q04,Medium,postgresql,indexed,1,8,1,-1,sqlalchemy,orm,q04s7,2,0.293452,,ok,,15min,1.0,81815,134918096433280,2026-09-05T01:52:38.686+00:00
43dd8dc57deb,campaign-sf1,mado,tpch,Q04,Medium,postgresql,indexed,1,8,1,0,django,orm,q04s7,0,0.306904,5,ok,,15min,1.0,81815,134918096433280,2026-09-05T01:52:38.993+00:00
43dd8dc57deb,campaign-sf1,mado,tpch,Q04,Medium,postgresql,indexed,1,8,1,1,sqlalchemy,orm,q04s7,0,0.29387,5,ok,,15min,1.0,81815,134918096433280,2026-09-05T01:52:39.287+00:00
43dd8dc57deb,campaign-sf1,mado,tpch,Q04,Medium,postgresql,indexed,1,8,1,2,django,sql,q04s7,0,0.292408,5,ok,,15min,1.0,81815,134918096433280,2026-09-05T01:52:39.580+00:00
43dd8dc57deb,campaign-sf1,mado,tpch,Q04,Medium,postgresql,indexed,1,8,1,3,sqlalchemy,sql,q04s7,0,0.2922,5,ok,,15min,1.0,81815,134918096433280,2026-09-05T01:52:39.872+00:00
19027359f4d5,campaign-sf1,mado,tpch,Q05,Complex,postgresql,indexed,1,0,0,0,django,sql,q05warm,1,0.64152,5,ok,,15min,1.0,81837,134881763549808,2026-09-05T01:52:41.760+00:00
19027359f4d5,campaign-sf1,mado,tpch,Q05,Complex,postgresql,indexed,1,0,0,1,django,orm,q05warm,1,0.462059,5,ok,,15min,1.0,81837,134881763549808,2026-09-05T01:52:42.222+00:00
19027359f4d5,campaign-sf1,mado,tpch,Q05,Complex,postgresql,indexed,1,0,0,2,sqlalchemy,sql,q05warm,1,0.631696,5,ok,,15min,1.0,81837,134881763549808,2026-09-05T01:52:42.854+00:00
19027359f4d5,campaign-sf1,mado,tpch,Q05,Complex,postgresql,indexed,1,0,0,3,sqlalchemy,orm,q05warm,1,0.503426,5,ok,,15min,1.0,81837,134881763549808,2026-09-05T01:52:43.357+00:00
19027359f4d5,campaign-sf1,mado,tpch,Q05,Complex,postgresql,indexed,1,1,0,-1,django,sql,q05s0,2,0.474482,,ok,,15min,1.0,81837,134881763549808,2026-09-05T01:52:43.836+00:00
19027359f4d5,campaign-sf1,mado,tpch,Q05,Complex,postgresql,indexed,1,1,0,-1,django,orm,q05s0,2,0.466956,,ok,,15min,1.0,81837,134881763549808,2026-09-05T01:52:44.303+00:00
19027359f4d5,campaign-sf1,mado,tpch,Q05,Complex,postgresql,indexed,1,1,0,-1,sqlalchemy,sql,q05s0,2,0.469472,,ok,,15min,1.0,81837,134881763549808,2026-09-05T01:52:44.773+00:00
19027359f4d5,campaign-sf1,mado,tpch,Q05,Complex,postgresql,indexed,1,1,0,-1,sqlalchemy,orm,q05s0,2,0.466562,,ok,,15min,1.0,81837,134881763549808,2026-09-05T01:52:45.240+00:00
19027359f4d5,campaign-sf1,mado,tpch,Q05,Complex,postgresql,indexed,1,1,0,0,django,sql,q05s0,0,0.463534,5,ok,,15min,1.0,81837,134881763549808,2026-09-05T01:52:45.703+00:00
19027359f4d5,campaign-sf1,mado,tpch,Q05,Complex,postgresql,indexed,1,1,0,1,django,orm,q05s0,0,0.466554,5,ok,,15min,1.0,81837,134881763549808,2026-09-05T01:52:46.170+00:00
19027359f4d5,campaign-sf1,mado,tpch,Q05,Complex,postgresql,indexed,1,1,0,2,sqlalchemy,sql,q05s0,0,0.464982,5,ok,,15min,1.0,81837,134881763549808,2026-09-05T01:52:46.635+00:00
19027359f4d5,campaign-sf1,mado,tpch,Q05,Complex,postgresql,indexed,1,1,0,3,sqlalchemy,orm,q05s0,0,0.467007,5,ok,,15min,1.0,81837,134881763549808,2026-09-05T01:52:47.102+00:00
19027359f4d5,campaign-sf1,mado,tpch,Q05,Complex,postgresql,indexed,1,2,2,-1,django,sql,q05s1,2,0.467525,,ok,,15min,1.0,81837,134881763549808,2026-09-05T01:52:47.574+00:00
19027359f4d5,campaign-sf1,mado,tpch,Q05,Complex,postgresql,indexed,1,2,2,-1,django,orm,q05s1,2,0.460478,,ok,,15min,1.0,81837,134881763549808,2026-09-05T01:52:48.035+00:00
19027359f4d5,campaign-sf1,mado,tpch,Q05,Complex,postgresql,indexed,1,2,2,-1,sqlalchemy,sql,q05s1,2,0.459519,,ok,,15min,1.0,81837,134881763549808,2026-09-05T01:52:48.494+00:00
19027359f4d5,campaign-sf1,mado,tpch,Q05,Complex,postgresql,indexed,1,2,2,-1,sqlalchemy,orm,q05s1,2,0.461303,,ok,,15min,1.0,81837,134881763549808,2026-09-05T01:52:48.956+00:00
19027359f4d5,campaign-sf1,mado,tpch,Q05,Complex,postgresql,indexed,1,2,2,0,sqlalchemy,orm,q05s1,0,0.461134,5,ok,,15min,1.0,81837,134881763549808,2026-09-05T01:52:49.417+00:00
19027359f4d5,campaign-sf1,mado,tpch,Q05,Complex,postgresql,indexed,1,2,2,1,sqlalchemy,sql,q05s1,0,0.458339,5,ok,,15min,1.0,81837,134881763549808,2026-09-05T01:52:49.875+00:00
19027359f4d5,campaign-sf1,mado,tpch,Q05,Complex,postgresql,indexed,1,2,2,2,django,orm,q05s1,0,0.461261,5,ok,,15min,1.0,81837,134881763549808,2026-09-05T01:52:50.337+00:00
19027359f4d5,campaign-sf1,mado,tpch,Q05,Complex,postgresql,indexed,1,2,2,3,django,sql,q05s1,0,0.462212,5,ok,,15min,1.0,81837,134881763549808,2026-09-05T01:52:50.799+00:00
19027359f4d5,campaign-sf1,mado,tpch,Q05,Complex,postgresql,indexed,1,3,3,-1,django,sql,q05s2,2,0.459546,,ok,,15min,1.0,81837,134881763549808,2026-09-05T01:52:51.263+00:00
19027359f4d5,campaign-sf1,mado,tpch,Q05,Complex,postgresql,indexed,1,3,3,-1,django,orm,q05s2,2,0.462476,,ok,,15min,1.0,81837,134881763549808,2026-09-05T01:52:51.726+00:00
19027359f4d5,campaign-sf1,mado,tpch,Q05,Complex,postgresql,indexed,1,3,3,-1,sqlalchemy,sql,q05s2,2,0.46058,,ok,,15min,1.0,81837,134881763549808,2026-09-05T01:52:52.187+00:00
19027359f4d5,campaign-sf1,mado,tpch,Q05,Complex,postgresql,indexed,1,3,3,-1,sqlalchemy,orm,q05s2,2,0.466794,,ok,,15min,1.0,81837,134881763549808,2026-09-05T01:52:52.654+00:00
19027359f4d5,campaign-sf1,mado,tpch,Q05,Complex,postgresql,indexed,1,3,3,0,sqlalchemy,sql,q05s2,0,0.460503,5,ok,,15min,1.0,81837,134881763549808,2026-09-05T01:52:53.114+00:00
19027359f4d5,campaign-sf1,mado,tpch,Q05,Complex,postgresql,indexed,1,3,3,1,django,sql,q05s2,0,0.459325,5,ok,,15min,1.0,81837,134881763549808,2026-09-05T01:52:53.574+00:00
19027359f4d5,campaign-sf1,mado,tpch,Q05,Complex,postgresql,indexed,1,3,3,2,sqlalchemy,orm,q05s2,0,0.463884,5,ok,,15min,1.0,81837,134881763549808,2026-09-05T01:52:54.038+00:00
19027359f4d5,campaign-sf1,mado,tpch,Q05,Complex,postgresql,indexed,1,3,3,3,django,orm,q05s2,0,0.461536,5,ok,,15min,1.0,81837,134881763549808,2026-09-05T01:52:54.499+00:00
19027359f4d5,campaign-sf1,mado,tpch,Q05,Complex,postgresql,indexed,1,4,1,-1,django,sql,q05s3,2,0.46048,,ok,,15min,1.0,81837,134881763549808,2026-09-05T01:52:54.964+00:00
19027359f4d5,campaign-sf1,mado,tpch,Q05,Complex,postgresql,indexed,1,4,1,-1,django,orm,q05s3,2,0.460515,,ok,,15min,1.0,81837,134881763549808,2026-09-05T01:52:55.425+00:00
19027359f4d5,campaign-sf1,mado,tpch,Q05,Complex,postgresql,indexed,1,4,1,-1,sqlalchemy,sql,q05s3,2,0.46122,,ok,,15min,1.0,81837,134881763549808,2026-09-05T01:52:55.886+00:00
19027359f4d5,campaign-sf1,mado,tpch,Q05,Complex,postgresql,indexed,1,4,1,-1,sqlalchemy,orm,q05s3,2,0.4638,,ok,,15min,1.0,81837,134881763549808,2026-09-05T01:52:56.350+00:00
19027359f4d5,campaign-sf1,mado,tpch,Q05,Complex,postgresql,indexed,1,4,1,0,django,orm,q05s3,0,0.462104,5,ok,,15min,1.0,81837,134881763549808,2026-09-05T01:52:56.812+00:00
19027359f4d5,campaign-sf1,mado,tpch,Q05,Complex,postgresql,indexed,1,4,1,1,sqlalchemy,orm,q05s3,0,0.464276,5,ok,,15min,1.0,81837,134881763549808,2026-09-05T01:52:57.277+00:00
19027359f4d5,campaign-sf1,mado,tpch,Q05,Complex,postgresql,indexed,1,4,1,2,django,sql,q05s3,0,0.45952,5,ok,,15min,1.0,81837,134881763549808,2026-09-05T01:52:57.736+00:00
19027359f4d5,campaign-sf1,mado,tpch,Q05,Complex,postgresql,indexed,1,4,1,3,sqlalchemy,sql,q05s3,0,0.460428,5,ok,,15min,1.0,81837,134881763549808,2026-09-05T01:52:58.197+00:00
19027359f4d5,campaign-sf1,mado,tpch,Q05,Complex,postgresql,indexed,1,5,1,-1,django,sql,q05s4,2,0.466747,,ok,,15min,1.0,81837,134881763549808,2026-09-05T01:52:58.668+00:00
19027359f4d5,campaign-sf1,mado,tpch,Q05,Complex,postgresql,indexed,1,5,1,-1,django,orm,q05s4,2,0.465431,,ok,,15min,1.0,81837,134881763549808,2026-09-05T01:52:59.134+00:00
19027359f4d5,campaign-sf1,mado,tpch,Q05,Complex,postgresql,indexed,1,5,1,-1,sqlalchemy,sql,q05s4,2,0.465921,,ok,,15min,1.0,81837,134881763549808,2026-09-05T01:52:59.600+00:00
19027359f4d5,campaign-sf1,mado,tpch,Q05,Complex,postgresql,indexed,1,5,1,-1,sqlalchemy,orm,q05s4,2,0.468427,,ok,,15min,1.0,81837,134881763549808,2026-09-05T01:53:00.068+00:00
19027359f4d5,campaign-sf1,mado,tpch,Q05,Complex,postgresql,indexed,1,5,1,0,django,orm,q05s4,0,0.465858,5,ok,,15min,1.0,81837,134881763549808,2026-09-05T01:53:00.534+00:00
19027359f4d5,campaign-sf1,mado,tpch,Q05,Complex,postgresql,indexed,1,5,1,1,sqlalchemy,orm,q05s4,0,0.46779,5,ok,,15min,1.0,81837,134881763549808,2026-09-05T01:53:01.002+00:00
19027359f4d5,campaign-sf1,mado,tpch,Q05,Complex,postgresql,indexed,1,5,1,2,django,sql,q05s4,0,0.462483,5,ok,,15min,1.0,81837,134881763549808,2026-09-05T01:53:01.465+00:00
19027359f4d5,campaign-sf1,mado,tpch,Q05,Complex,postgresql,indexed,1,5,1,3,sqlalchemy,sql,q05s4,0,0.465119,5,ok,,15min,1.0,81837,134881763549808,2026-09-05T01:53:01.930+00:00
19027359f4d5,campaign-sf1,mado,tpch,Q05,Complex,postgresql,indexed,1,6,0,-1,django,sql,q05s5,2,0.460467,,ok,,15min,1.0,81837,134881763549808,2026-09-05T01:53:02.395+00:00
19027359f4d5,campaign-sf1,mado,tpch,Q05,Complex,postgresql,indexed,1,6,0,-1,django,orm,q05s5,2,0.463727,,ok,,15min,1.0,81837,134881763549808,2026-09-05T01:53:02.859+00:00
19027359f4d5,campaign-sf1,mado,tpch,Q05,Complex,postgresql,indexed,1,6,0,-1,sqlalchemy,sql,q05s5,2,0.46161,,ok,,15min,1.0,81837,134881763549808,2026-09-05T01:53:03.321+00:00
19027359f4d5,campaign-sf1,mado,tpch,Q05,Complex,postgresql,indexed,1,6,0,-1,sqlalchemy,orm,q05s5,2,0.465549,,ok,,15min,1.0,81837,134881763549808,2026-09-05T01:53:03.786+00:00
19027359f4d5,campaign-sf1,mado,tpch,Q05,Complex,postgresql,indexed,1,6,0,0,django,sql,q05s5,0,0.45963,5,ok,,15min,1.0,81837,134881763549808,2026-09-05T01:53:04.246+00:00
19027359f4d5,campaign-sf1,mado,tpch,Q05,Complex,postgresql,indexed,1,6,0,1,django,orm,q05s5,0,0.463325,5,ok,,15min,1.0,81837,134881763549808,2026-09-05T01:53:04.709+00:00
19027359f4d5,campaign-sf1,mado,tpch,Q05,Complex,postgresql,indexed,1,6,0,2,sqlalchemy,sql,q05s5,0,0.461528,5,ok,,15min,1.0,81837,134881763549808,2026-09-05T01:53:05.171+00:00
19027359f4d5,campaign-sf1,mado,tpch,Q05,Complex,postgresql,indexed,1,6,0,3,sqlalchemy,orm,q05s5,0,0.465574,5,ok,,15min,1.0,81837,134881763549808,2026-09-05T01:53:05.637+00:00
19027359f4d5,campaign-sf1,mado,tpch,Q05,Complex,postgresql,indexed,1,7,2,-1,django,sql,q05s6,2,0.457226,,ok,,15min,1.0,81837,134881763549808,2026-09-05T01:53:06.099+00:00
19027359f4d5,campaign-sf1,mado,tpch,Q05,Complex,postgresql,indexed,1,7,2,-1,django,orm,q05s6,2,0.461138,,ok,,15min,1.0,81837,134881763549808,2026-09-05T01:53:06.560+00:00
19027359f4d5,campaign-sf1,mado,tpch,Q05,Complex,postgresql,indexed,1,7,2,-1,sqlalchemy,sql,q05s6,2,0.459736,,ok,,15min,1.0,81837,134881763549808,2026-09-05T01:53:07.020+00:00
19027359f4d5,campaign-sf1,mado,tpch,Q05,Complex,postgresql,indexed,1,7,2,-1,sqlalchemy,orm,q05s6,2,0.46543,,ok,,15min,1.0,81837,134881763549808,2026-09-05T01:53:07.485+00:00
19027359f4d5,campaign-sf1,mado,tpch,Q05,Complex,postgresql,indexed,1,7,2,0,sqlalchemy,orm,q05s6,0,0.462349,5,ok,,15min,1.0,81837,134881763549808,2026-09-05T01:53:07.948+00:00
19027359f4d5,campaign-sf1,mado,tpch,Q05,Complex,postgresql,indexed,1,7,2,1,sqlalchemy,sql,q05s6,0,0.459972,5,ok,,15min,1.0,81837,134881763549808,2026-09-05T01:53:08.408+00:00
19027359f4d5,campaign-sf1,mado,tpch,Q05,Complex,postgresql,indexed,1,7,2,2,django,orm,q05s6,0,0.46054,5,ok,,15min,1.0,81837,134881763549808,2026-09-05T01:53:08.868+00:00
19027359f4d5,campaign-sf1,mado,tpch,Q05,Complex,postgresql,indexed,1,7,2,3,django,sql,q05s6,0,0.458625,5,ok,,15min,1.0,81837,134881763549808,2026-09-05T01:53:09.327+00:00
19027359f4d5,campaign-sf1,mado,tpch,Q05,Complex,postgresql,indexed,1,8,3,-1,django,sql,q05s7,2,0.462364,,ok,,15min,1.0,81837,134881763549808,2026-09-05T01:53:09.794+00:00
19027359f4d5,campaign-sf1,mado,tpch,Q05,Complex,postgresql,indexed,1,8,3,-1,django,orm,q05s7,2,0.463114,,ok,,15min,1.0,81837,134881763549808,2026-09-05T01:53:10.257+00:00
19027359f4d5,campaign-sf1,mado,tpch,Q05,Complex,postgresql,indexed,1,8,3,-1,sqlalchemy,sql,q05s7,2,0.46533,,ok,,15min,1.08,81837,134881763549808,2026-09-05T01:53:10.723+00:00
19027359f4d5,campaign-sf1,mado,tpch,Q05,Complex,postgresql,indexed,1,8,3,-1,sqlalchemy,orm,q05s7,2,0.466919,,ok,,15min,1.08,81837,134881763549808,2026-09-05T01:53:11.190+00:00
19027359f4d5,campaign-sf1,mado,tpch,Q05,Complex,postgresql,indexed,1,8,3,0,sqlalchemy,sql,q05s7,0,0.464194,5,ok,,15min,1.08,81837,134881763549808,2026-09-05T01:53:11.654+00:00
19027359f4d5,campaign-sf1,mado,tpch,Q05,Complex,postgresql,indexed,1,8,3,1,django,sql,q05s7,0,0.460792,5,ok,,15min,1.08,81837,134881763549808,2026-09-05T01:53:12.115+00:00
19027359f4d5,campaign-sf1,mado,tpch,Q05,Complex,postgresql,indexed,1,8,3,2,sqlalchemy,orm,q05s7,0,0.467884,5,ok,,15min,1.08,81837,134881763549808,2026-09-05T01:53:12.583+00:00
19027359f4d5,campaign-sf1,mado,tpch,Q05,Complex,postgresql,indexed,1,8,3,3,django,orm,q05s7,0,0.463233,5,ok,,15min,1.08,81837,134881763549808,2026-09-05T01:53:13.046+00:00
f1dbddbbc167,campaign-sf1,mado,tpch,Q06,Simple,postgresql,indexed,1,0,2,0,sqlalchemy,orm,q06warm,1,0.36778,1,ok,,15min,1.08,81860,133094569895424,2026-09-05T01:53:14.664+00:00
f1dbddbbc167,campaign-sf1,mado,tpch,Q06,Simple,postgresql,indexed,1,0,2,1,sqlalchemy,sql,q06warm,1,0.215088,1,ok,,15min,1.08,81860,133094569895424,2026-09-05T01:53:14.880+00:00
f1dbddbbc167,campaign-sf1,mado,tpch,Q06,Simple,postgresql,indexed,1,0,2,2,django,orm,q06warm,1,0.308939,1,ok,,15min,1.08,81860,133094569895424,2026-09-05T01:53:15.189+00:00
f1dbddbbc167,campaign-sf1,mado,tpch,Q06,Simple,postgresql,indexed,1,0,2,3,django,sql,q06warm,1,0.214408,1,ok,,15min,1.07,81860,133094569895424,2026-09-05T01:53:15.403+00:00
f1dbddbbc167,campaign-sf1,mado,tpch,Q06,Simple,postgresql,indexed,1,1,2,-1,django,sql,q06s0,2,0.24397,,ok,,15min,1.07,81860,133094569895424,2026-09-05T01:53:15.652+00:00
f1dbddbbc167,campaign-sf1,mado,tpch,Q06,Simple,postgresql,indexed,1,1,2,-1,django,orm,q06s0,2,0.20315,,ok,,15min,1.07,81860,133094569895424,2026-09-05T01:53:15.855+00:00
f1dbddbbc167,campaign-sf1,mado,tpch,Q06,Simple,postgresql,indexed,1,1,2,-1,sqlalchemy,sql,q06s0,2,0.228308,,ok,,15min,1.07,81860,133094569895424,2026-09-05T01:53:16.083+00:00
f1dbddbbc167,campaign-sf1,mado,tpch,Q06,Simple,postgresql,indexed,1,1,2,-1,sqlalchemy,orm,q06s0,2,0.203301,,ok,,15min,1.07,81860,133094569895424,2026-09-05T01:53:16.287+00:00
f1dbddbbc167,campaign-sf1,mado,tpch,Q06,Simple,postgresql,indexed,1,1,2,0,sqlalchemy,orm,q06s0,0,0.203083,1,ok,,15min,1.07,81860,133094569895424,2026-09-05T01:53:16.490+00:00
f1dbddbbc167,campaign-sf1,mado,tpch,Q06,Simple,postgresql,indexed,1,1,2,1,sqlalchemy,sql,q06s0,0,0.20214,1,ok,,15min,1.07,81860,133094569895424,2026-09-05T01:53:16.692+00:00
f1dbddbbc167,campaign-sf1,mado,tpch,Q06,Simple,postgresql,indexed,1,1,2,2,django,orm,q06s0,0,0.203294,1,ok,,15min,1.07,81860,133094569895424,2026-09-05T01:53:16.896+00:00
f1dbddbbc167,campaign-sf1,mado,tpch,Q06,Simple,postgresql,indexed,1,1,2,3,django,sql,q06s0,0,0.201647,1,ok,,15min,1.07,81860,133094569895424,2026-09-05T01:53:17.097+00:00
f1dbddbbc167,campaign-sf1,mado,tpch,Q06,Simple,postgresql,indexed,1,2,3,-1,django,sql,q06s1,2,0.222439,,ok,,15min,1.07,81860,133094569895424,2026-09-05T01:53:17.324+00:00
f1dbddbbc167,campaign-sf1,mado,tpch,Q06,Simple,postgresql,indexed,1,2,3,-1,django,orm,q06s1,2,0.210167,,ok,,15min,1.07,81860,133094569895424,2026-09-05T01:53:17.535+00:00
f1dbddbbc167,campaign-sf1,mado,tpch,Q06,Simple,postgresql,indexed,1,2,3,-1,sqlalchemy,sql,q06s1,2,0.215908,,ok,,15min,1.07,81860,133094569895424,2026-09-05T01:53:17.751+00:00
f1dbddbbc167,campaign-sf1,mado,tpch,Q06,Simple,postgresql,indexed,1,2,3,-1,sqlalchemy,orm,q06s1,2,0.209866,,ok,,15min,1.07,81860,133094569895424,2026-09-05T01:53:17.961+00:00
f1dbddbbc167,campaign-sf1,mado,tpch,Q06,Simple,postgresql,indexed,1,2,3,0,sqlalchemy,sql,q06s1,0,0.209041,1,ok,,15min,1.07,81860,133094569895424,2026-09-05T01:53:18.170+00:00
f1dbddbbc167,campaign-sf1,mado,tpch,Q06,Simple,postgresql,indexed,1,2,3,1,django,sql,q06s1,0,0.208688,1,ok,,15min,1.07,81860,133094569895424,2026-09-05T01:53:18.378+00:00
f1dbddbbc167,campaign-sf1,mado,tpch,Q06,Simple,postgresql,indexed,1,2,3,2,sqlalchemy,orm,q06s1,0,0.210087,1,ok,,15min,1.07,81860,133094569895424,2026-09-05T01:53:18.589+00:00
f1dbddbbc167,campaign-sf1,mado,tpch,Q06,Simple,postgresql,indexed,1,2,3,3,django,orm,q06s1,0,0.209903,1,ok,,15min,1.07,81860,133094569895424,2026-09-05T01:53:18.799+00:00
f1dbddbbc167,campaign-sf1,mado,tpch,Q06,Simple,postgresql,indexed,1,3,0,-1,django,sql,q06s2,2,0.234021,,ok,,15min,1.07,81860,133094569895424,2026-09-05T01:53:19.038+00:00
f1dbddbbc167,campaign-sf1,mado,tpch,Q06,Simple,postgresql,indexed,1,3,0,-1,django,orm,q06s2,2,0.211671,,ok,,15min,1.07,81860,133094569895424,2026-09-05T01:53:19.249+00:00
f1dbddbbc167,campaign-sf1,mado,tpch,Q06,Simple,postgresql,indexed,1,3,0,-1,sqlalchemy,sql,q06s2,2,0.219807,,ok,,15min,1.07,81860,133094569895424,2026-09-05T01:53:19.469+00:00
f1dbddbbc167,campaign-sf1,mado,tpch,Q06,Simple,postgresql,indexed,1,3,0,-1,sqlalchemy,orm,q06s2,2,0.212651,,ok,,15min,1.07,81860,133094569895424,2026-09-05T01:53:19.682+00:00
f1dbddbbc167,campaign-sf1,mado,tpch,Q06,Simple,postgresql,indexed,1,3,0,0,django,sql,q06s2,0,0.211026,1,ok,,15min,1.07,81860,133094569895424,2026-09-05T01:53:19.893+00:00
f1dbddbbc167,campaign-sf1,mado,tpch,Q06,Simple,postgresql,indexed,1,3,0,1,django,orm,q06s2,0,0.211781,1,ok,,15min,1.07,81860,133094569895424,2026-09-05T01:53:20.105+00:00
f1dbddbbc167,campaign-sf1,mado,tpch,Q06,Simple,postgresql,indexed,1,3,0,2,sqlalchemy,sql,q06s2,0,0.211257,1,ok,,15min,1.07,81860,133094569895424,2026-09-05T01:53:20.316+00:00
f1dbddbbc167,campaign-sf1,mado,tpch,Q06,Simple,postgresql,indexed,1,3,0,3,sqlalchemy,orm,q06s2,0,0.212342,1,ok,,15min,1.07,81860,133094569895424,2026-09-05T01:53:20.529+00:00
f1dbddbbc167,campaign-sf1,mado,tpch,Q06,Simple,postgresql,indexed,1,4,1,-1,django,sql,q06s3,2,0.225025,,ok,,15min,1.07,81860,133094569895424,2026-09-05T01:53:20.757+00:00
f1dbddbbc167,campaign-sf1,mado,tpch,Q06,Simple,postgresql,indexed,1,4,1,-1,django,orm,q06s3,2,0.211924,,ok,,15min,1.07,81860,133094569895424,2026-09-05T01:53:20.969+00:00
f1dbddbbc167,campaign-sf1,mado,tpch,Q06,Simple,postgresql,indexed,1,4,1,-1,sqlalchemy,sql,q06s3,2,0.214593,,ok,,15min,1.07,81860,133094569895424,2026-09-05T01:53:21.184+00:00
f1dbddbbc167,campaign-sf1,mado,tpch,Q06,Simple,postgresql,indexed,1,4,1,-1,sqlalchemy,orm,q06s3,2,0.211764,,ok,,15min,1.07,81860,133094569895424,2026-09-05T01:53:21.396+00:00
f1dbddbbc167,campaign-sf1,mado,tpch,Q06,Simple,postgresql,indexed,1,4,1,0,django,orm,q06s3,0,0.212195,1,ok,,15min,1.07,81860,133094569895424,2026-09-05T01:53:21.608+00:00
f1dbddbbc167,campaign-sf1,mado,tpch,Q06,Simple,postgresql,indexed,1,4,1,1,sqlalchemy,orm,q06s3,0,0.212499,1,ok,,15min,1.07,81860,133094569895424,2026-09-05T01:53:21.821+00:00
f1dbddbbc167,campaign-sf1,mado,tpch,Q06,Simple,postgresql,indexed,1,4,1,2,django,sql,q06s3,0,0.210652,1,ok,,15min,1.07,81860,133094569895424,2026-09-05T01:53:22.031+00:00
f1dbddbbc167,campaign-sf1,mado,tpch,Q06,Simple,postgresql,indexed,1,4,1,3,sqlalchemy,sql,q06s3,0,0.211174,1,ok,,15min,1.07,81860,133094569895424,2026-09-05T01:53:22.243+00:00
f1dbddbbc167,campaign-sf1,mado,tpch,Q06,Simple,postgresql,indexed,1,5,2,-1,django,sql,q06s4,2,0.220616,,ok,,15min,1.07,81860,133094569895424,2026-09-05T01:53:22.468+00:00
f1dbddbbc167,campaign-sf1,mado,tpch,Q06,Simple,postgresql,indexed,1,5,2,-1,django,orm,q06s4,2,0.204902,,ok,,15min,1.07,81860,133094569895424,2026-09-05T01:53:22.673+00:00
f1dbddbbc167,campaign-sf1,mado,tpch,Q06,Simple,postgresql,indexed,1,5,2,-1,sqlalchemy,sql,q06s4,2,0.207421,,ok,,15min,1.07,81860,133094569895424,2026-09-05T01:53:22.881+00:00
f1dbddbbc167,campaign-sf1,mado,tpch,Q06,Simple,postgresql,indexed,1,5,2,-1,sqlalchemy,orm,q06s4,2,0.20588,,ok,,15min,1.07,81860,133094569895424,2026-09-05T01:53:23.087+00:00
f1dbddbbc167,campaign-sf1,mado,tpch,Q06,Simple,postgresql,indexed,1,5,2,0,sqlalchemy,orm,q06s4,0,0.204701,1,ok,,15min,1.07,81860,133094569895424,2026-09-05T01:53:23.291+00:00
f1dbddbbc167,campaign-sf1,mado,tpch,Q06,Simple,postgresql,indexed,1,5,2,1,sqlalchemy,sql,q06s4,0,0.204138,1,ok,,15min,1.07,81860,133094569895424,2026-09-05T01:53:23.496+00:00
f1dbddbbc167,campaign-sf1,mado,tpch,Q06,Simple,postgresql,indexed,1,5,2,2,django,orm,q06s4,0,0.205162,1,ok,,15min,1.07,81860,133094569895424,2026-09-05T01:53:23.701+00:00
f1dbddbbc167,campaign-sf1,mado,tpch,Q06,Simple,postgresql,indexed,1,5,2,3,django,sql,q06s4,0,0.203863,1,ok,,15min,1.07,81860,133094569895424,2026-09-05T01:53:23.905+00:00
f1dbddbbc167,campaign-sf1,mado,tpch,Q06,Simple,postgresql,indexed,1,6,1,-1,django,sql,q06s5,2,0.20703,,ok,,15min,1.07,81860,133094569895424,2026-09-05T01:53:24.117+00:00
f1dbddbbc167,campaign-sf1,mado,tpch,Q06,Simple,postgresql,indexed,1,6,1,-1,django,orm,q06s5,2,0.203396,,ok,,15min,1.07,81860,133094569895424,2026-09-05T01:53:24.320+00:00
f1dbddbbc167,campaign-sf1,mado,tpch,Q06,Simple,postgresql,indexed,1,6,1,-1,sqlalchemy,sql,q06s5,2,0.204358,,ok,,15min,1.07,81860,133094569895424,2026-09-05T01:53:24.524+00:00
f1dbddbbc167,campaign-sf1,mado,tpch,Q06,Simple,postgresql,indexed,1,6,1,-1,sqlalchemy,orm,q06s5,2,0.204392,,ok,,15min,1.07,81860,133094569895424,2026-09-05T01:53:24.729+00:00
f1dbddbbc167,campaign-sf1,mado,tpch,Q06,Simple,postgresql,indexed,1,6,1,0,django,orm,q06s5,0,0.203561,1,ok,,15min,1.07,81860,133094569895424,2026-09-05T01:53:24.933+00:00
f1dbddbbc167,campaign-sf1,mado,tpch,Q06,Simple,postgresql,indexed,1,6,1,1,sqlalchemy,orm,q06s5,0,0.204648,1,ok,,15min,1.07,81860,133094569895424,2026-09-05T01:53:25.137+00:00
f1dbddbbc167,campaign-sf1,mado,tpch,Q06,Simple,postgresql,indexed,1,6,1,2,django,sql,q06s5,0,0.202359,1,ok,,15min,1.06,81860,133094569895424,2026-09-05T01:53:25.340+00:00
f1dbddbbc167,campaign-sf1,mado,tpch,Q06,Simple,postgresql,indexed,1,6,1,3,sqlalchemy,sql,q06s5,0,0.203982,1,ok,,15min,1.06,81860,133094569895424,2026-09-05T01:53:25.544+00:00
f1dbddbbc167,campaign-sf1,mado,tpch,Q06,Simple,postgresql,indexed,1,7,0,-1,django,sql,q06s6,2,0.210112,,ok,,15min,1.06,81860,133094569895424,2026-09-05T01:53:25.759+00:00
f1dbddbbc167,campaign-sf1,mado,tpch,Q06,Simple,postgresql,indexed,1,7,0,-1,django,orm,q06s6,2,0.21176,,ok,,15min,1.06,81860,133094569895424,2026-09-05T01:53:25.971+00:00
f1dbddbbc167,campaign-sf1,mado,tpch,Q06,Simple,postgresql,indexed,1,7,0,-1,sqlalchemy,sql,q06s6,2,0.211725,,ok,,15min,1.06,81860,133094569895424,2026-09-05T01:53:26.182+00:00
f1dbddbbc167,campaign-sf1,mado,tpch,Q06,Simple,postgresql,indexed,1,7,0,-1,sqlalchemy,orm,q06s6,2,0.21223,,ok,,15min,1.06,81860,133094569895424,2026-09-05T01:53:26.395+00:00
f1dbddbbc167,campaign-sf1,mado,tpch,Q06,Simple,postgresql,indexed,1,7,0,0,django,sql,q06s6,0,0.210809,1,ok,,15min,1.06,81860,133094569895424,2026-09-05T01:53:26.606+00:00
f1dbddbbc167,campaign-sf1,mado,tpch,Q06,Simple,postgresql,indexed,1,7,0,1,django,orm,q06s6,0,0.211102,1,ok,,15min,1.06,81860,133094569895424,2026-09-05T01:53:26.817+00:00
f1dbddbbc167,campaign-sf1,mado,tpch,Q06,Simple,postgresql,indexed,1,7,0,2,sqlalchemy,sql,q06s6,0,0.211395,1,ok,,15min,1.06,81860,133094569895424,2026-09-05T01:53:27.028+00:00
f1dbddbbc167,campaign-sf1,mado,tpch,Q06,Simple,postgresql,indexed,1,7,0,3,sqlalchemy,orm,q06s6,0,0.212659,1,ok,,15min,1.06,81860,133094569895424,2026-09-05T01:53:27.241+00:00
f1dbddbbc167,campaign-sf1,mado,tpch,Q06,Simple,postgresql,indexed,1,8,3,-1,django,sql,q06s7,2,0.220195,,ok,,15min,1.06,81860,133094569895424,2026-09-05T01:53:27.466+00:00
f1dbddbbc167,campaign-sf1,mado,tpch,Q06,Simple,postgresql,indexed,1,8,3,-1,django,orm,q06s7,2,0.205709,,ok,,15min,1.06,81860,133094569895424,2026-09-05T01:53:27.672+00:00
f1dbddbbc167,campaign-sf1,mado,tpch,Q06,Simple,postgresql,indexed,1,8,3,-1,sqlalchemy,sql,q06s7,2,0.208087,,ok,,15min,1.06,81860,133094569895424,2026-09-05T01:53:27.880+00:00
f1dbddbbc167,campaign-sf1,mado,tpch,Q06,Simple,postgresql,indexed,1,8,3,-1,sqlalchemy,orm,q06s7,2,0.206139,,ok,,15min,1.06,81860,133094569895424,2026-09-05T01:53:28.086+00:00
f1dbddbbc167,campaign-sf1,mado,tpch,Q06,Simple,postgresql,indexed,1,8,3,0,sqlalchemy,sql,q06s7,0,0.205725,1,ok,,15min,1.06,81860,133094569895424,2026-09-05T01:53:28.292+00:00
f1dbddbbc167,campaign-sf1,mado,tpch,Q06,Simple,postgresql,indexed,1,8,3,1,django,sql,q06s7,0,0.205757,1,ok,,15min,1.06,81860,133094569895424,2026-09-05T01:53:28.498+00:00
f1dbddbbc167,campaign-sf1,mado,tpch,Q06,Simple,postgresql,indexed,1,8,3,2,sqlalchemy,orm,q06s7,0,0.206179,1,ok,,15min,1.06,81860,133094569895424,2026-09-05T01:53:28.704+00:00
f1dbddbbc167,campaign-sf1,mado,tpch,Q06,Simple,postgresql,indexed,1,8,3,3,django,orm,q06s7,0,0.20634,1,ok,,15min,1.06,81860,133094569895424,2026-09-05T01:53:28.911+00:00
2154a648b6d6,campaign-sf1,mado,tpch,Q07,Complex,postgresql,indexed,1,0,0,0,django,sql,q07warm,1,0.997986,4,ok,,15min,1.06,81882,124260168737728,2026-09-05T01:53:31.155+00:00
2154a648b6d6,campaign-sf1,mado,tpch,Q07,Complex,postgresql,indexed,1,0,0,1,django,orm,q07warm,1,0.797619,4,ok,,15min,1.06,81882,124260168737728,2026-09-05T01:53:31.953+00:00
2154a648b6d6,campaign-sf1,mado,tpch,Q07,Complex,postgresql,indexed,1,0,0,2,sqlalchemy,sql,q07warm,1,0.919144,4,ok,,15min,1.06,81882,124260168737728,2026-09-05T01:53:32.872+00:00
2154a648b6d6,campaign-sf1,mado,tpch,Q07,Complex,postgresql,indexed,1,0,0,3,sqlalchemy,orm,q07warm,1,0.841527,4,ok,,15min,1.06,81882,124260168737728,2026-09-05T01:53:33.714+00:00
2154a648b6d6,campaign-sf1,mado,tpch,Q07,Complex,postgresql,indexed,1,1,2,-1,django,sql,q07s0,2,0.818503,,ok,,15min,1.06,81882,124260168737728,2026-09-05T01:53:34.537+00:00
2154a648b6d6,campaign-sf1,mado,tpch,Q07,Complex,postgresql,indexed,1,1,2,-1,django,orm,q07s0,2,0.805052,,ok,,15min,1.05,81882,124260168737728,2026-09-05T01:53:35.342+00:00
2154a648b6d6,campaign-sf1,mado,tpch,Q07,Complex,postgresql,indexed,1,1,2,-1,sqlalchemy,sql,q07s0,2,0.804434,,ok,,15min,1.05,81882,124260168737728,2026-09-05T01:53:36.147+00:00
2154a648b6d6,campaign-sf1,mado,tpch,Q07,Complex,postgresql,indexed,1,1,2,-1,sqlalchemy,orm,q07s0,2,0.808918,,ok,,15min,1.05,81882,124260168737728,2026-09-05T01:53:36.956+00:00
2154a648b6d6,campaign-sf1,mado,tpch,Q07,Complex,postgresql,indexed,1,1,2,0,sqlalchemy,orm,q07s0,0,0.810718,4,ok,,15min,1.05,81882,124260168737728,2026-09-05T01:53:37.766+00:00
2154a648b6d6,campaign-sf1,mado,tpch,Q07,Complex,postgresql,indexed,1,1,2,1,sqlalchemy,sql,q07s0,0,0.803065,4,ok,,15min,1.05,81882,124260168737728,2026-09-05T01:53:38.570+00:00
2154a648b6d6,campaign-sf1,mado,tpch,Q07,Complex,postgresql,indexed,1,1,2,2,django,orm,q07s0,0,0.804055,4,ok,,15min,1.05,81882,124260168737728,2026-09-05T01:53:39.374+00:00
2154a648b6d6,campaign-sf1,mado,tpch,Q07,Complex,postgresql,indexed,1,1,2,3,django,sql,q07s0,0,0.803688,4,ok,,15min,1.05,81882,124260168737728,2026-09-05T01:53:40.177+00:00
2154a648b6d6,campaign-sf1,mado,tpch,Q07,Complex,postgresql,indexed,1,2,0,-1,django,sql,q07s1,2,0.811982,,ok,,15min,1.05,81882,124260168737728,2026-09-05T01:53:40.994+00:00
2154a648b6d6,campaign-sf1,mado,tpch,Q07,Complex,postgresql,indexed,1,2,0,-1,django,orm,q07s1,2,0.8066,,ok,,15min,1.05,81882,124260168737728,2026-09-05T01:53:41.801+00:00
2154a648b6d6,campaign-sf1,mado,tpch,Q07,Complex,postgresql,indexed,1,2,0,-1,sqlalchemy,sql,q07s1,2,0.807275,,ok,,15min,1.05,81882,124260168737728,2026-09-05T01:53:42.608+00:00
2154a648b6d6,campaign-sf1,mado,tpch,Q07,Complex,postgresql,indexed,1,2,0,-1,sqlalchemy,orm,q07s1,2,0.804764,,ok,,15min,1.05,81882,124260168737728,2026-09-05T01:53:43.413+00:00
2154a648b6d6,campaign-sf1,mado,tpch,Q07,Complex,postgresql,indexed,1,2,0,0,django,sql,q07s1,0,0.803958,4,ok,,15min,1.05,81882,124260168737728,2026-09-05T01:53:44.217+00:00
2154a648b6d6,campaign-sf1,mado,tpch,Q07,Complex,postgresql,indexed,1,2,0,1,django,orm,q07s1,0,0.808007,4,ok,,15min,1.05,81882,124260168737728,2026-09-05T01:53:45.025+00:00
2154a648b6d6,campaign-sf1,mado,tpch,Q07,Complex,postgresql,indexed,1,2,0,2,sqlalchemy,sql,q07s1,0,0.800156,4,ok,,15min,1.04,81882,124260168737728,2026-09-05T01:53:45.825+00:00
2154a648b6d6,campaign-sf1,mado,tpch,Q07,Complex,postgresql,indexed,1,2,0,3,sqlalchemy,orm,q07s1,0,0.80648,4,ok,,15min,1.04,81882,124260168737728,2026-09-05T01:53:46.632+00:00
2154a648b6d6,campaign-sf1,mado,tpch,Q07,Complex,postgresql,indexed,1,3,3,-1,django,sql,q07s2,2,0.772525,,ok,,15min,1.04,81882,124260168737728,2026-09-05T01:53:47.409+00:00
2154a648b6d6,campaign-sf1,mado,tpch,Q07,Complex,postgresql,indexed,1,3,3,-1,django,orm,q07s2,2,0.763317,,ok,,15min,1.04,81882,124260168737728,2026-09-05T01:53:48.173+00:00
2154a648b6d6,campaign-sf1,mado,tpch,Q07,Complex,postgresql,indexed,1,3,3,-1,sqlalchemy,sql,q07s2,2,0.758018,,ok,,15min,1.04,81882,124260168737728,2026-09-05T01:53:48.931+00:00
2154a648b6d6,campaign-sf1,mado,tpch,Q07,Complex,postgresql,indexed,1,3,3,-1,sqlalchemy,orm,q07s2,2,0.762689,,ok,,15min,1.04,81882,124260168737728,2026-09-05T01:53:49.693+00:00
2154a648b6d6,campaign-sf1,mado,tpch,Q07,Complex,postgresql,indexed,1,3,3,0,sqlalchemy,sql,q07s2,0,0.760956,4,ok,,15min,1.04,81882,124260168737728,2026-09-05T01:53:50.455+00:00
2154a648b6d6,campaign-sf1,mado,tpch,Q07,Complex,postgresql,indexed,1,3,3,1,django,sql,q07s2,0,0.761002,4,ok,,15min,1.04,81882,124260168737728,2026-09-05T01:53:51.216+00:00
2154a648b6d6,campaign-sf1,mado,tpch,Q07,Complex,postgresql,indexed,1,3,3,2,sqlalchemy,orm,q07s2,0,0.762657,4,ok,,15min,1.04,81882,124260168737728,2026-09-05T01:53:51.978+00:00
2154a648b6d6,campaign-sf1,mado,tpch,Q07,Complex,postgresql,indexed,1,3,3,3,django,orm,q07s2,0,0.764291,4,ok,,15min,1.04,81882,124260168737728,2026-09-05T01:53:52.743+00:00
2154a648b6d6,campaign-sf1,mado,tpch,Q07,Complex,postgresql,indexed,1,4,1,-1,django,sql,q07s3,2,0.801801,,ok,,15min,1.04,81882,124260168737728,2026-09-05T01:53:53.549+00:00
2154a648b6d6,campaign-sf1,mado,tpch,Q07,Complex,postgresql,indexed,1,4,1,-1,django,orm,q07s3,2,0.794675,,ok,,15min,1.04,81882,124260168737728,2026-09-05T01:53:54.344+00:00
2154a648b6d6,campaign-sf1,mado,tpch,Q07,Complex,postgresql,indexed,1,4,1,-1,sqlalchemy,sql,q07s3,2,0.789788,,ok,,15min,1.04,81882,124260168737728,2026-09-05T01:53:55.134+00:00
2154a648b6d6,campaign-sf1,mado,tpch,Q07,Complex,postgresql,indexed,1,4,1,-1,sqlalchemy,orm,q07s3,2,0.795262,,ok,,15min,1.04,81882,124260168737728,2026-09-05T01:53:55.929+00:00
2154a648b6d6,campaign-sf1,mado,tpch,Q07,Complex,postgresql,indexed,1,4,1,0,django,orm,q07s3,0,0.795523,4,ok,,15min,1.04,81882,124260168737728,2026-09-05T01:53:56.725+00:00
2154a648b6d6,campaign-sf1,mado,tpch,Q07,Complex,postgresql,indexed,1,4,1,1,sqlalchemy,orm,q07s3,0,0.797221,4,ok,,15min,1.04,81882,124260168737728,2026-09-05T01:53:57.522+00:00
2154a648b6d6,campaign-sf1,mado,tpch,Q07,Complex,postgresql,indexed,1,4,1,2,django,sql,q07s3,0,0.789988,4,ok,,15min,1.04,81882,124260168737728,2026-09-05T01:53:58.312+00:00
2154a648b6d6,campaign-sf1,mado,tpch,Q07,Complex,postgresql,indexed,1,4,1,3,sqlalchemy,sql,q07s3,0,0.789882,4,ok,,15min,1.04,81882,124260168737728,2026-09-05T01:53:59.102+00:00
2154a648b6d6,campaign-sf1,mado,tpch,Q07,Complex,postgresql,indexed,1,5,0,-1,django,sql,q07s4,2,0.767794,,ok,,15min,1.04,81882,124260168737728,2026-09-05T01:53:59.875+00:00
2154a648b6d6,campaign-sf1,mado,tpch,Q07,Complex,postgresql,indexed,1,5,0,-1,django,orm,q07s4,2,0.766861,,ok,,15min,1.03,81882,124260168737728,2026-09-05T01:54:00.642+00:00
2154a648b6d6,campaign-sf1,mado,tpch,Q07,Complex,postgresql,indexed,1,5,0,-1,sqlalchemy,sql,q07s4,2,0.758378,,ok,,15min,1.03,81882,124260168737728,2026-09-05T01:54:01.400+00:00
2154a648b6d6,campaign-sf1,mado,tpch,Q07,Complex,postgresql,indexed,1,5,0,-1,sqlalchemy,orm,q07s4,2,0.764197,,ok,,15min,1.03,81882,124260168737728,2026-09-05T01:54:02.164+00:00
2154a648b6d6,campaign-sf1,mado,tpch,Q07,Complex,postgresql,indexed,1,5,0,0,django,sql,q07s4,0,0.76255,4,ok,,15min,1.03,81882,124260168737728,2026-09-05T01:54:02.927+00:00
2154a648b6d6,campaign-sf1,mado,tpch,Q07,Complex,postgresql,indexed,1,5,0,1,django,orm,q07s4,0,0.764539,4,ok,,15min,1.03,81882,124260168737728,2026-09-05T01:54:03.692+00:00
2154a648b6d6,campaign-sf1,mado,tpch,Q07,Complex,postgresql,indexed,1,5,0,2,sqlalchemy,sql,q07s4,0,0.757438,4,ok,,15min,1.03,81882,124260168737728,2026-09-05T01:54:04.449+00:00
2154a648b6d6,campaign-sf1,mado,tpch,Q07,Complex,postgresql,indexed,1,5,0,3,sqlalchemy,orm,q07s4,0,0.762875,4,ok,,15min,1.03,81882,124260168737728,2026-09-05T01:54:05.212+00:00
2154a648b6d6,campaign-sf1,mado,tpch,Q07,Complex,postgresql,indexed,1,6,1,-1,django,sql,q07s5,2,0.812623,,ok,,15min,1.03,81882,124260168737728,2026-09-05T01:54:06.032+00:00
2154a648b6d6,campaign-sf1,mado,tpch,Q07,Complex,postgresql,indexed,1,6,1,-1,django,orm,q07s5,2,0.808127,,ok,,15min,1.03,81882,124260168737728,2026-09-05T01:54:06.840+00:00
2154a648b6d6,campaign-sf1,mado,tpch,Q07,Complex,postgresql,indexed,1,6,1,-1,sqlalchemy,sql,q07s5,2,0.805454,,ok,,15min,1.03,81882,124260168737728,2026-09-05T01:54:07.646+00:00
2154a648b6d6,campaign-sf1,mado,tpch,Q07,Complex,postgresql,indexed,1,6,1,-1,sqlalchemy,orm,q07s5,2,0.805782,,ok,,15min,1.03,81882,124260168737728,2026-09-05T01:54:08.451+00:00
2154a648b6d6,campaign-sf1,mado,tpch,Q07,Complex,postgresql,indexed,1,6,1,0,django,orm,q07s5,0,0.810726,4,ok,,15min,1.03,81882,124260168737728,2026-09-05T01:54:09.262+00:00
2154a648b6d6,campaign-sf1,mado,tpch,Q07,Complex,postgresql,indexed,1,6,1,1,sqlalchemy,orm,q07s5,0,0.807253,4,ok,,15min,1.03,81882,124260168737728,2026-09-05T01:54:10.070+00:00
2154a648b6d6,campaign-sf1,mado,tpch,Q07,Complex,postgresql,indexed,1,6,1,2,django,sql,q07s5,0,0.808942,4,ok,,15min,1.11,81882,124260168737728,2026-09-05T01:54:10.879+00:00
2154a648b6d6,campaign-sf1,mado,tpch,Q07,Complex,postgresql,indexed,1,6,1,3,sqlalchemy,sql,q07s5,0,0.802031,4,ok,,15min,1.11,81882,124260168737728,2026-09-05T01:54:11.681+00:00
2154a648b6d6,campaign-sf1,mado,tpch,Q07,Complex,postgresql,indexed,1,7,2,-1,django,sql,q07s6,2,0.8047,,ok,,15min,1.11,81882,124260168737728,2026-09-05T01:54:12.490+00:00
2154a648b6d6,campaign-sf1,mado,tpch,Q07,Complex,postgresql,indexed,1,7,2,-1,django,orm,q07s6,2,0.805007,,ok,,15min,1.11,81882,124260168737728,2026-09-05T01:54:13.296+00:00
2154a648b6d6,campaign-sf1,mado,tpch,Q07,Complex,postgresql,indexed,1,7,2,-1,sqlalchemy,sql,q07s6,2,0.79947,,ok,,15min,1.11,81882,124260168737728,2026-09-05T01:54:14.095+00:00
2154a648b6d6,campaign-sf1,mado,tpch,Q07,Complex,postgresql,indexed,1,7,2,-1,sqlalchemy,orm,q07s6,2,0.805566,,ok,,15min,1.11,81882,124260168737728,2026-09-05T01:54:14.901+00:00
2154a648b6d6,campaign-sf1,mado,tpch,Q07,Complex,postgresql,indexed,1,7,2,0,sqlalchemy,orm,q07s6,0,0.804559,4,ok,,15min,1.1,81882,124260168737728,2026-09-05T01:54:15.705+00:00
2154a648b6d6,campaign-sf1,mado,tpch,Q07,Complex,postgresql,indexed,1,7,2,1,sqlalchemy,sql,q07s6,0,0.798538,4,ok,,15min,1.1,81882,124260168737728,2026-09-05T01:54:16.504+00:00
2154a648b6d6,campaign-sf1,mado,tpch,Q07,Complex,postgresql,indexed,1,7,2,2,django,orm,q07s6,0,0.803328,4,ok,,15min,1.1,81882,124260168737728,2026-09-05T01:54:17.307+00:00
2154a648b6d6,campaign-sf1,mado,tpch,Q07,Complex,postgresql,indexed,1,7,2,3,django,sql,q07s6,0,0.80323,4,ok,,15min,1.1,81882,124260168737728,2026-09-05T01:54:18.111+00:00
2154a648b6d6,campaign-sf1,mado,tpch,Q07,Complex,postgresql,indexed,1,8,3,-1,django,sql,q07s7,2,0.801943,,ok,,15min,1.1,81882,124260168737728,2026-09-05T01:54:18.917+00:00
2154a648b6d6,campaign-sf1,mado,tpch,Q07,Complex,postgresql,indexed,1,8,3,-1,django,orm,q07s7,2,0.80242,,ok,,15min,1.1,81882,124260168737728,2026-09-05T01:54:19.720+00:00
2154a648b6d6,campaign-sf1,mado,tpch,Q07,Complex,postgresql,indexed,1,8,3,-1,sqlalchemy,sql,q07s7,2,0.797305,,ok,,15min,1.09,81882,124260168737728,2026-09-05T01:54:20.517+00:00
2154a648b6d6,campaign-sf1,mado,tpch,Q07,Complex,postgresql,indexed,1,8,3,-1,sqlalchemy,orm,q07s7,2,0.801825,,ok,,15min,1.09,81882,124260168737728,2026-09-05T01:54:21.319+00:00
2154a648b6d6,campaign-sf1,mado,tpch,Q07,Complex,postgresql,indexed,1,8,3,0,sqlalchemy,sql,q07s7,0,0.797139,4,ok,,15min,1.09,81882,124260168737728,2026-09-05T01:54:22.116+00:00
2154a648b6d6,campaign-sf1,mado,tpch,Q07,Complex,postgresql,indexed,1,8,3,1,django,sql,q07s7,0,0.799063,4,ok,,15min,1.09,81882,124260168737728,2026-09-05T01:54:22.916+00:00
2154a648b6d6,campaign-sf1,mado,tpch,Q07,Complex,postgresql,indexed,1,8,3,2,sqlalchemy,orm,q07s7,0,0.801569,4,ok,,15min,1.09,81882,124260168737728,2026-09-05T01:54:23.717+00:00
2154a648b6d6,campaign-sf1,mado,tpch,Q07,Complex,postgresql,indexed,1,8,3,3,django,orm,q07s7,0,0.801656,4,ok,,15min,1.09,81882,124260168737728,2026-09-05T01:54:24.519+00:00
71fd04eb324b,campaign-sf1,mado,tpch,Q08,Very Complex,postgresql,indexed,1,0,0,0,django,sql,q08warm,1,0.903425,2,ok,,15min,1.08,81906,124283426431840,2026-09-05T01:54:26.671+00:00
71fd04eb324b,campaign-sf1,mado,tpch,Q08,Very Complex,postgresql,indexed,1,0,0,1,django,orm,q08warm,1,0.349982,2,ok,,15min,1.08,81906,124283426431840,2026-09-05T01:54:27.021+00:00
71fd04eb324b,campaign-sf1,mado,tpch,Q08,Very Complex,postgresql,indexed,1,0,0,2,sqlalchemy,sql,q08warm,1,0.508191,2,ok,,15min,1.08,81906,124283426431840,2026-09-05T01:54:27.529+00:00
71fd04eb324b,campaign-sf1,mado,tpch,Q08,Very Complex,postgresql,indexed,1,0,0,3,sqlalchemy,orm,q08warm,1,0.393341,2,ok,,15min,1.08,81906,124283426431840,2026-09-05T01:54:27.922+00:00
71fd04eb324b,campaign-sf1,mado,tpch,Q08,Very Complex,postgresql,indexed,1,1,3,-1,django,sql,q08s0,2,0.504064,,ok,,15min,1.08,81906,124283426431840,2026-09-05T01:54:28.431+00:00
71fd04eb324b,campaign-sf1,mado,tpch,Q08,Very Complex,postgresql,indexed,1,1,3,-1,django,orm,q08s0,2,0.378314,,ok,,15min,1.08,81906,124283426431840,2026-09-05T01:54:28.809+00:00
71fd04eb324b,campaign-sf1,mado,tpch,Q08,Very Complex,postgresql,indexed,1,1,3,-1,sqlalchemy,sql,q08s0,2,0.382643,,ok,,15min,1.08,81906,124283426431840,2026-09-05T01:54:29.192+00:00
71fd04eb324b,campaign-sf1,mado,tpch,Q08,Very Complex,postgresql,indexed,1,1,3,-1,sqlalchemy,orm,q08s0,2,0.375977,,ok,,15min,1.08,81906,124283426431840,2026-09-05T01:54:29.568+00:00
71fd04eb324b,campaign-sf1,mado,tpch,Q08,Very Complex,postgresql,indexed,1,1,3,0,sqlalchemy,sql,q08s0,0,0.371315,2,ok,,15min,1.08,81906,124283426431840,2026-09-05T01:54:29.940+00:00
71fd04eb324b,campaign-sf1,mado,tpch,Q08,Very Complex,postgresql,indexed,1,1,3,1,django,sql,q08s0,0,0.370857,2,ok,,15min,1.08,81906,124283426431840,2026-09-05T01:54:30.311+00:00
71fd04eb324b,campaign-sf1,mado,tpch,Q08,Very Complex,postgresql,indexed,1,1,3,2,sqlalchemy,orm,q08s0,0,0.374835,2,ok,,15min,1.08,81906,124283426431840,2026-09-05T01:54:30.686+00:00
71fd04eb324b,campaign-sf1,mado,tpch,Q08,Very Complex,postgresql,indexed,1,1,3,3,django,orm,q08s0,0,0.377943,2,ok,,15min,1.08,81906,124283426431840,2026-09-05T01:54:31.064+00:00
71fd04eb324b,campaign-sf1,mado,tpch,Q08,Very Complex,postgresql,indexed,1,2,2,-1,django,sql,q08s1,2,0.423333,,ok,,15min,1.08,81906,124283426431840,2026-09-05T01:54:31.491+00:00
71fd04eb324b,campaign-sf1,mado,tpch,Q08,Very Complex,postgresql,indexed,1,2,2,-1,django,orm,q08s1,2,0.353693,,ok,,15min,1.08,81906,124283426431840,2026-09-05T01:54:31.845+00:00
71fd04eb324b,campaign-sf1,mado,tpch,Q08,Very Complex,postgresql,indexed,1,2,2,-1,sqlalchemy,sql,q08s1,2,0.348532,,ok,,15min,1.08,81906,124283426431840,2026-09-05T01:54:32.194+00:00
71fd04eb324b,campaign-sf1,mado,tpch,Q08,Very Complex,postgresql,indexed,1,2,2,-1,sqlalchemy,orm,q08s1,2,0.351346,,ok,,15min,1.08,81906,124283426431840,2026-09-05T01:54:32.545+00:00
71fd04eb324b,campaign-sf1,mado,tpch,Q08,Very Complex,postgresql,indexed,1,2,2,0,sqlalchemy,orm,q08s1,0,0.350651,2,ok,,15min,1.08,81906,124283426431840,2026-09-05T01:54:32.896+00:00
71fd04eb324b,campaign-sf1,mado,tpch,Q08,Very Complex,postgresql,indexed,1,2,2,1,sqlalchemy,sql,q08s1,0,0.346719,2,ok,,15min,1.08,81906,124283426431840,2026-09-05T01:54:33.243+00:00
71fd04eb324b,campaign-sf1,mado,tpch,Q08,Very Complex,postgresql,indexed,1,2,2,2,django,orm,q08s1,0,0.355133,2,ok,,15min,1.08,81906,124283426431840,2026-09-05T01:54:33.598+00:00
71fd04eb324b,campaign-sf1,mado,tpch,Q08,Very Complex,postgresql,indexed,1,2,2,3,django,sql,q08s1,0,0.345908,2,ok,,15min,1.08,81906,124283426431840,2026-09-05T01:54:33.944+00:00
71fd04eb324b,campaign-sf1,mado,tpch,Q08,Very Complex,postgresql,indexed,1,3,0,-1,django,sql,q08s2,2,0.405449,,ok,,15min,1.08,81906,124283426431840,2026-09-05T01:54:34.354+00:00
71fd04eb324b,campaign-sf1,mado,tpch,Q08,Very Complex,postgresql,indexed,1,3,0,-1,django,orm,q08s2,2,0.359672,,ok,,15min,1.08,81906,124283426431840,2026-09-05T01:54:34.714+00:00
71fd04eb324b,campaign-sf1,mado,tpch,Q08,Very Complex,postgresql,indexed,1,3,0,-1,sqlalchemy,sql,q08s2,2,0.356427,,ok,,15min,1.08,81906,124283426431840,2026-09-05T01:54:35.071+00:00
71fd04eb324b,campaign-sf1,mado,tpch,Q08,Very Complex,postgresql,indexed,1,3,0,-1,sqlalchemy,orm,q08s2,2,0.35909,,ok,,15min,1.07,81906,124283426431840,2026-09-05T01:54:35.430+00:00
71fd04eb324b,campaign-sf1,mado,tpch,Q08,Very Complex,postgresql,indexed,1,3,0,0,django,sql,q08s2,0,0.356841,2,ok,,15min,1.07,81906,124283426431840,2026-09-05T01:54:35.787+00:00
71fd04eb324b,campaign-sf1,mado,tpch,Q08,Very Complex,postgresql,indexed,1,3,0,1,django,orm,q08s2,0,0.358339,2,ok,,15min,1.07,81906,124283426431840,2026-09-05T01:54:36.145+00:00
71fd04eb324b,campaign-sf1,mado,tpch,Q08,Very Complex,postgresql,indexed,1,3,0,2,sqlalchemy,sql,q08s2,0,0.354656,2,ok,,15min,1.07,81906,124283426431840,2026-09-05T01:54:36.500+00:00
71fd04eb324b,campaign-sf1,mado,tpch,Q08,Very Complex,postgresql,indexed,1,3,0,3,sqlalchemy,orm,q08s2,0,0.357277,2,ok,,15min,1.07,81906,124283426431840,2026-09-05T01:54:36.857+00:00
71fd04eb324b,campaign-sf1,mado,tpch,Q08,Very Complex,postgresql,indexed,1,4,1,-1,django,sql,q08s3,2,0.380422,,ok,,15min,1.07,81906,124283426431840,2026-09-05T01:54:37.242+00:00
71fd04eb324b,campaign-sf1,mado,tpch,Q08,Very Complex,postgresql,indexed,1,4,1,-1,django,orm,q08s3,2,0.353697,,ok,,15min,1.07,81906,124283426431840,2026-09-05T01:54:37.596+00:00
71fd04eb324b,campaign-sf1,mado,tpch,Q08,Very Complex,postgresql,indexed,1,4,1,-1,sqlalchemy,sql,q08s3,2,0.344631,,ok,,15min,1.07,81906,124283426431840,2026-09-05T01:54:37.941+00:00
71fd04eb324b,campaign-sf1,mado,tpch,Q08,Very Complex,postgresql,indexed,1,4,1,-1,sqlalchemy,orm,q08s3,2,0.34648,,ok,,15min,1.07,81906,124283426431840,2026-09-05T01:54:38.288+00:00
71fd04eb324b,campaign-sf1,mado,tpch,Q08,Very Complex,postgresql,indexed,1,4,1,0,django,orm,q08s3,0,0.353011,2,ok,,15min,1.07,81906,124283426431840,2026-09-05T01:54:38.641+00:00
71fd04eb324b,campaign-sf1,mado,tpch,Q08,Very Complex,postgresql,indexed,1,4,1,1,sqlalchemy,orm,q08s3,0,0.347304,2,ok,,15min,1.07,81906,124283426431840,2026-09-05T01:54:38.988+00:00
71fd04eb324b,campaign-sf1,mado,tpch,Q08,Very Complex,postgresql,indexed,1,4,1,2,django,sql,q08s3,0,0.345255,2,ok,,15min,1.07,81906,124283426431840,2026-09-05T01:54:39.333+00:00
71fd04eb324b,campaign-sf1,mado,tpch,Q08,Very Complex,postgresql,indexed,1,4,1,3,sqlalchemy,sql,q08s3,0,0.344775,2,ok,,15min,1.07,81906,124283426431840,2026-09-05T01:54:39.678+00:00
71fd04eb324b,campaign-sf1,mado,tpch,Q08,Very Complex,postgresql,indexed,1,5,1,-1,django,sql,q08s4,2,0.380357,,ok,,15min,1.07,81906,124283426431840,2026-09-05T01:54:40.063+00:00
71fd04eb324b,campaign-sf1,mado,tpch,Q08,Very Complex,postgresql,indexed,1,5,1,-1,django,orm,q08s4,2,0.372837,,ok,,15min,1.06,81906,124283426431840,2026-09-05T01:54:40.436+00:00
71fd04eb324b,campaign-sf1,mado,tpch,Q08,Very Complex,postgresql,indexed,1,5,1,-1,sqlalchemy,sql,q08s4,2,0.362848,,ok,,15min,1.06,81906,124283426431840,2026-09-05T01:54:40.799+00:00
71fd04eb324b,campaign-sf1,mado,tpch,Q08,Very Complex,postgresql,indexed,1,5,1,-1,sqlalchemy,orm,q08s4,2,0.364475,,ok,,15min,1.06,81906,124283426431840,2026-09-05T01:54:41.164+00:00
71fd04eb324b,campaign-sf1,mado,tpch,Q08,Very Complex,postgresql,indexed,1,5,1,0,django,orm,q08s4,0,0.368169,2,ok,,15min,1.06,81906,124283426431840,2026-09-05T01:54:41.532+00:00
71fd04eb324b,campaign-sf1,mado,tpch,Q08,Very Complex,postgresql,indexed,1,5,1,1,sqlalchemy,orm,q08s4,0,0.363763,2,ok,,15min,1.06,81906,124283426431840,2026-09-05T01:54:41.896+00:00
71fd04eb324b,campaign-sf1,mado,tpch,Q08,Very Complex,postgresql,indexed,1,5,1,2,django,sql,q08s4,0,0.361038,2,ok,,15min,1.06,81906,124283426431840,2026-09-05T01:54:42.257+00:00
71fd04eb324b,campaign-sf1,mado,tpch,Q08,Very Complex,postgresql,indexed,1,5,1,3,sqlalchemy,sql,q08s4,0,0.361166,2,ok,,15min,1.06,81906,124283426431840,2026-09-05T01:54:42.618+00:00
71fd04eb324b,campaign-sf1,mado,tpch,Q08,Very Complex,postgresql,indexed,1,6,2,-1,django,sql,q08s5,2,0.366989,,ok,,15min,1.06,81906,124283426431840,2026-09-05T01:54:42.990+00:00
71fd04eb324b,campaign-sf1,mado,tpch,Q08,Very Complex,postgresql,indexed,1,6,2,-1,django,orm,q08s5,2,0.355841,,ok,,15min,1.06,81906,124283426431840,2026-09-05T01:54:43.346+00:00
71fd04eb324b,campaign-sf1,mado,tpch,Q08,Very Complex,postgresql,indexed,1,6,2,-1,sqlalchemy,sql,q08s5,2,0.350138,,ok,,15min,1.06,81906,124283426431840,2026-09-05T01:54:43.696+00:00
71fd04eb324b,campaign-sf1,mado,tpch,Q08,Very Complex,postgresql,indexed,1,6,2,-1,sqlalchemy,orm,q08s5,2,0.351785,,ok,,15min,1.06,81906,124283426431840,2026-09-05T01:54:44.048+00:00
71fd04eb324b,campaign-sf1,mado,tpch,Q08,Very Complex,postgresql,indexed,1,6,2,0,sqlalchemy,orm,q08s5,0,0.351267,2,ok,,15min,1.06,81906,124283426431840,2026-09-05T01:54:44.399+00:00
71fd04eb324b,campaign-sf1,mado,tpch,Q08,Very Complex,postgresql,indexed,1,6,2,1,sqlalchemy,sql,q08s5,0,0.348535,2,ok,,15min,1.06,81906,124283426431840,2026-09-05T01:54:44.748+00:00
71fd04eb324b,campaign-sf1,mado,tpch,Q08,Very Complex,postgresql,indexed,1,6,2,2,django,orm,q08s5,0,0.355452,2,ok,,15min,1.06,81906,124283426431840,2026-09-05T01:54:45.104+00:00
71fd04eb324b,campaign-sf1,mado,tpch,Q08,Very Complex,postgresql,indexed,1,6,2,3,django,sql,q08s5,0,0.348929,2,ok,,15min,1.06,81906,124283426431840,2026-09-05T01:54:45.453+00:00
71fd04eb324b,campaign-sf1,mado,tpch,Q08,Very Complex,postgresql,indexed,1,7,3,-1,django,sql,q08s6,2,0.362411,,ok,,15min,1.06,81906,124283426431840,2026-09-05T01:54:45.820+00:00
71fd04eb324b,campaign-sf1,mado,tpch,Q08,Very Complex,postgresql,indexed,1,7,3,-1,django,orm,q08s6,2,0.357527,,ok,,15min,1.06,81906,124283426431840,2026-09-05T01:54:46.177+00:00
71fd04eb324b,campaign-sf1,mado,tpch,Q08,Very Complex,postgresql,indexed,1,7,3,-1,sqlalchemy,sql,q08s6,2,0.352293,,ok,,15min,1.06,81906,124283426431840,2026-09-05T01:54:46.530+00:00
71fd04eb324b,campaign-sf1,mado,tpch,Q08,Very Complex,postgresql,indexed,1,7,3,-1,sqlalchemy,orm,q08s6,2,0.354156,,ok,,15min,1.06,81906,124283426431840,2026-09-05T01:54:46.884+00:00
71fd04eb324b,campaign-sf1,mado,tpch,Q08,Very Complex,postgresql,indexed,1,7,3,0,sqlalchemy,sql,q08s6,0,0.351118,2,ok,,15min,1.06,81906,124283426431840,2026-09-05T01:54:47.235+00:00
71fd04eb324b,campaign-sf1,mado,tpch,Q08,Very Complex,postgresql,indexed,1,7,3,1,django,sql,q08s6,0,0.354346,2,ok,,15min,1.06,81906,124283426431840,2026-09-05T01:54:47.590+00:00
71fd04eb324b,campaign-sf1,mado,tpch,Q08,Very Complex,postgresql,indexed,1,7,3,2,sqlalchemy,orm,q08s6,0,0.356522,2,ok,,15min,1.06,81906,124283426431840,2026-09-05T01:54:47.946+00:00
71fd04eb324b,campaign-sf1,mado,tpch,Q08,Very Complex,postgresql,indexed,1,7,3,3,django,orm,q08s6,0,0.357949,2,ok,,15min,1.06,81906,124283426431840,2026-09-05T01:54:48.304+00:00
71fd04eb324b,campaign-sf1,mado,tpch,Q08,Very Complex,postgresql,indexed,1,8,0,-1,django,sql,q08s7,2,0.347559,,ok,,15min,1.06,81906,124283426431840,2026-09-05T01:54:48.656+00:00
71fd04eb324b,campaign-sf1,mado,tpch,Q08,Very Complex,postgresql,indexed,1,8,0,-1,django,orm,q08s7,2,0.348094,,ok,,15min,1.06,81906,124283426431840,2026-09-05T01:54:49.005+00:00
71fd04eb324b,campaign-sf1,mado,tpch,Q08,Very Complex,postgresql,indexed,1,8,0,-1,sqlalchemy,sql,q08s7,2,0.340264,,ok,,15min,1.06,81906,124283426431840,2026-09-05T01:54:49.345+00:00
71fd04eb324b,campaign-sf1,mado,tpch,Q08,Very Complex,postgresql,indexed,1,8,0,-1,sqlalchemy,orm,q08s7,2,0.343798,,ok,,15min,1.06,81906,124283426431840,2026-09-05T01:54:49.689+00:00
71fd04eb324b,campaign-sf1,mado,tpch,Q08,Very Complex,postgresql,indexed,1,8,0,0,django,sql,q08s7,0,0.340421,2,ok,,15min,1.06,81906,124283426431840,2026-09-05T01:54:50.029+00:00
71fd04eb324b,campaign-sf1,mado,tpch,Q08,Very Complex,postgresql,indexed,1,8,0,1,django,orm,q08s7,0,0.349248,2,ok,,15min,1.05,81906,124283426431840,2026-09-05T01:54:50.379+00:00
71fd04eb324b,campaign-sf1,mado,tpch,Q08,Very Complex,postgresql,indexed,1,8,0,2,sqlalchemy,sql,q08s7,0,0.353275,2,ok,,15min,1.05,81906,124283426431840,2026-09-05T01:54:50.732+00:00
71fd04eb324b,campaign-sf1,mado,tpch,Q08,Very Complex,postgresql,indexed,1,8,0,3,sqlalchemy,orm,q08s7,0,0.343543,2,ok,,15min,1.05,81906,124283426431840,2026-09-05T01:54:51.076+00:00
ad47cfdde84f,campaign-sf1,mado,tpch,Q09,Very Complex,postgresql,indexed,1,0,0,0,django,sql,q09warm,1,4.918434,175,ok,,15min,1.05,81928,131623403234672,2026-09-05T01:54:57.248+00:00
ad47cfdde84f,campaign-sf1,mado,tpch,Q09,Very Complex,postgresql,indexed,1,0,0,1,django,orm,q09warm,1,5.50377,175,ok,,15min,1.05,81928,131623403234672,2026-09-05T01:55:02.752+00:00
ad47cfdde84f,campaign-sf1,mado,tpch,Q09,Very Complex,postgresql,indexed,1,0,0,2,sqlalchemy,sql,q09warm,1,4.681687,175,ok,,15min,1.04,81928,131623403234672,2026-09-05T01:55:07.434+00:00
ad47cfdde84f,campaign-sf1,mado,tpch,Q09,Very Complex,postgresql,indexed,1,0,0,3,sqlalchemy,orm,q09warm,1,4.482217,175,ok,,15min,1.04,81928,131623403234672,2026-09-05T01:55:11.916+00:00
ad47cfdde84f,campaign-sf1,mado,tpch,Q09,Very Complex,postgresql,indexed,1,1,0,-1,django,sql,q09s0,2,4.570452,,ok,,15min,1.03,81928,131623403234672,2026-09-05T01:55:16.491+00:00
ad47cfdde84f,campaign-sf1,mado,tpch,Q09,Very Complex,postgresql,indexed,1,1,0,-1,django,orm,q09s0,2,4.844717,,ok,,15min,1.03,81928,131623403234672,2026-09-05T01:55:21.336+00:00
ad47cfdde84f,campaign-sf1,mado,tpch,Q09,Very Complex,postgresql,indexed,1,1,0,-1,sqlalchemy,sql,q09s0,2,4.599425,,ok,,15min,1.03,81928,131623403234672,2026-09-05T01:55:25.936+00:00
ad47cfdde84f,campaign-sf1,mado,tpch,Q09,Very Complex,postgresql,indexed,1,1,0,-1,sqlalchemy,orm,q09s0,2,4.580859,,ok,,15min,1.03,81928,131623403234672,2026-09-05T01:55:30.516+00:00
ad47cfdde84f,campaign-sf1,mado,tpch,Q09,Very Complex,postgresql,indexed,1,1,0,0,django,sql,q09s0,0,4.51467,175,ok,,15min,1.03,81928,131623403234672,2026-09-05T01:55:35.031+00:00
ad47cfdde84f,campaign-sf1,mado,tpch,Q09,Very Complex,postgresql,indexed,1,1,0,1,django,orm,q09s0,0,4.830736,175,ok,,15min,1.02,81928,131623403234672,2026-09-05T01:55:39.862+00:00
ad47cfdde84f,campaign-sf1,mado,tpch,Q09,Very Complex,postgresql,indexed,1,1,0,2,sqlalchemy,sql,q09s0,0,4.586153,175,ok,,15min,1.02,81928,131623403234672,2026-09-05T01:55:44.448+00:00
ad47cfdde84f,campaign-sf1,mado,tpch,Q09,Very Complex,postgresql,indexed,1,1,0,3,sqlalchemy,orm,q09s0,0,4.577662,175,ok,,15min,1.02,81928,131623403234672,2026-09-05T01:55:49.026+00:00
ad47cfdde84f,campaign-sf1,mado,tpch,Q09,Very Complex,postgresql,indexed,1,2,3,-1,django,sql,q09s1,2,4.325467,,ok,,15min,1.02,81928,131623403234672,2026-09-05T01:55:53.356+00:00
ad47cfdde84f,campaign-sf1,mado,tpch,Q09,Very Complex,postgresql,indexed,1,2,3,-1,django,orm,q09s1,2,4.577448,,ok,,15min,1.02,81928,131623403234672,2026-09-05T01:55:57.934+00:00
ad47cfdde84f,campaign-sf1,mado,tpch,Q09,Very Complex,postgresql,indexed,1,2,3,-1,sqlalchemy,sql,q09s1,2,4.411564,,ok,,15min,1.02,81928,131623403234672,2026-09-05T01:56:02.345+00:00
ad47cfdde84f,campaign-sf1,mado,tpch,Q09,Very Complex,postgresql,indexed,1,2,3,-1,sqlalchemy,orm,q09s1,2,4.404388,,ok,,15min,1.01,81928,131623403234672,2026-09-05T01:56:06.750+00:00
ad47cfdde84f,campaign-sf1,mado,tpch,Q09,Very Complex,postgresql,indexed,1,2,3,0,sqlalchemy,sql,q09s1,0,4.4094,175,ok,,15min,1.01,81928,131623403234672,2026-09-05T01:56:11.159+00:00
ad47cfdde84f,campaign-sf1,mado,tpch,Q09,Very Complex,postgresql,indexed,1,2,3,1,django,sql,q09s1,0,4.320997,175,ok,,15min,1.01,81928,131623403234672,2026-09-05T01:56:15.480+00:00
ad47cfdde84f,campaign-sf1,mado,tpch,Q09,Very Complex,postgresql,indexed,1,2,3,2,sqlalchemy,orm,q09s1,0,4.410212,175,ok,,15min,1.01,81928,131623403234672,2026-09-05T01:56:19.891+00:00
ad47cfdde84f,campaign-sf1,mado,tpch,Q09,Very Complex,postgresql,indexed,1,2,3,3,django,orm,q09s1,0,4.613946,175,ok,,15min,1.01,81928,131623403234672,2026-09-05T01:56:24.505+00:00
ad47cfdde84f,campaign-sf1,mado,tpch,Q09,Very Complex,postgresql,indexed,1,3,2,-1,django,sql,q09s2,2,4.318182,,ok,,15min,1.01,81928,131623403234672,2026-09-05T01:56:28.827+00:00
ad47cfdde84f,campaign-sf1,mado,tpch,Q09,Very Complex,postgresql,indexed,1,3,2,-1,django,orm,q09s2,2,4.471261,,ok,,15min,1.01,81928,131623403234672,2026-09-05T01:56:33.299+00:00
ad47cfdde84f,campaign-sf1,mado,tpch,Q09,Very Complex,postgresql,indexed,1,3,2,-1,sqlalchemy,sql,q09s2,2,4.382316,,ok,,15min,1.01,81928,131623403234672,2026-09-05T01:56:37.681+00:00
ad47cfdde84f,campaign-sf1,mado,tpch,Q09,Very Complex,postgresql,indexed,1,3,2,-1,sqlalchemy,orm,q09s2,2,4.394342,,ok,,15min,1.01,81928,131623403234672,2026-09-05T01:56:42.075+00:00
ad47cfdde84f,campaign-sf1,mado,tpch,Q09,Very Complex,postgresql,indexed,1,3,2,0,sqlalchemy,orm,q09s2,0,4.394539,175,ok,,15min,1.01,81928,131623403234672,2026-09-05T01:56:46.470+00:00
ad47cfdde84f,campaign-sf1,mado,tpch,Q09,Very Complex,postgresql,indexed,1,3,2,1,sqlalchemy,sql,q09s2,0,4.386396,175,ok,,15min,1.17,81928,131623403234672,2026-09-05T01:56:50.857+00:00
ad47cfdde84f,campaign-sf1,mado,tpch,Q09,Very Complex,postgresql,indexed,1,3,2,2,django,orm,q09s2,0,4.481377,175,ok,,15min,1.17,81928,131623403234672,2026-09-05T01:56:55.338+00:00
ad47cfdde84f,campaign-sf1,mado,tpch,Q09,Very Complex,postgresql,indexed,1,3,2,3,django,sql,q09s2,0,4.358813,175,ok,,15min,1.15,81928,131623403234672,2026-09-05T01:56:59.697+00:00
ad47cfdde84f,campaign-sf1,mado,tpch,Q09,Very Complex,postgresql,indexed,1,4,1,-1,django,sql,q09s3,2,4.709493,,ok,,15min,1.14,81928,131623403234672,2026-09-05T01:57:04.411+00:00
ad47cfdde84f,campaign-sf1,mado,tpch,Q09,Very Complex,postgresql,indexed,1,4,1,-1,django,orm,q09s3,2,5.132367,,ok,,15min,1.13,81928,131623403234672,2026-09-05T01:57:09.543+00:00
ad47cfdde84f,campaign-sf1,mado,tpch,Q09,Very Complex,postgresql,indexed,1,4,1,-1,sqlalchemy,sql,q09s3,2,4.745314,,ok,,15min,1.12,81928,131623403234672,2026-09-05T01:57:14.289+00:00
ad47cfdde84f,campaign-sf1,mado,tpch,Q09,Very Complex,postgresql,indexed,1,4,1,-1,sqlalchemy,orm,q09s3,2,4.703041,,ok,,15min,1.11,81928,131623403234672,2026-09-05T01:57:18.992+00:00
ad47cfdde84f,campaign-sf1,mado,tpch,Q09,Very Complex,postgresql,indexed,1,4,1,0,django,orm,q09s3,0,5.139732,175,ok,,15min,1.74,81928,131623403234672,2026-09-05T01:57:24.132+00:00
ad47cfdde84f,campaign-sf1,mado,tpch,Q09,Very Complex,postgresql,indexed,1,4,1,1,sqlalchemy,orm,q09s3,0,4.708505,175,ok,,15min,1.68,81928,131623403234672,2026-09-05T01:57:28.840+00:00
ad47cfdde84f,campaign-sf1,mado,tpch,Q09,Very Complex,postgresql,indexed,1,4,1,2,django,sql,q09s3,0,4.705747,175,ok,,15min,1.63,81928,131623403234672,2026-09-05T01:57:33.546+00:00
ad47cfdde84f,campaign-sf1,mado,tpch,Q09,Very Complex,postgresql,indexed,1,4,1,3,sqlalchemy,sql,q09s3,0,4.754468,175,ok,,15min,1.58,81928,131623403234672,2026-09-05T01:57:38.301+00:00
ad47cfdde84f,campaign-sf1,mado,tpch,Q09,Very Complex,postgresql,indexed,1,5,2,-1,django,sql,q09s4,2,4.432373,,ok,,15min,1.53,81928,131623403234672,2026-09-05T01:57:42.738+00:00
ad47cfdde84f,campaign-sf1,mado,tpch,Q09,Very Complex,postgresql,indexed,1,5,2,-1,django,orm,q09s4,2,4.91367,,ok,,15min,1.49,81928,131623403234672,2026-09-05T01:57:47.652+00:00
ad47cfdde84f,campaign-sf1,mado,tpch,Q09,Very Complex,postgresql,indexed,1,5,2,-1,sqlalchemy,sql,q09s4,2,4.440583,,ok,,15min,1.53,81928,131623403234672,2026-09-05T01:57:52.092+00:00
ad47cfdde84f,campaign-sf1,mado,tpch,Q09,Very Complex,postgresql,indexed,1,5,2,-1,sqlalchemy,orm,q09s4,2,4.458472,,ok,,15min,1.49,81928,131623403234672,2026-09-05T01:57:56.551+00:00
ad47cfdde84f,campaign-sf1,mado,tpch,Q09,Very Complex,postgresql,indexed,1,5,2,0,sqlalchemy,orm,q09s4,0,4.45553,175,ok,,15min,1.45,81928,131623403234672,2026-09-05T01:58:01.006+00:00
ad47cfdde84f,campaign-sf1,mado,tpch,Q09,Very Complex,postgresql,indexed,1,5,2,1,sqlalchemy,sql,q09s4,0,4.44142,175,ok,,15min,1.41,81928,131623403234672,2026-09-05T01:58:05.448+00:00
ad47cfdde84f,campaign-sf1,mado,tpch,Q09,Very Complex,postgresql,indexed,1,5,2,2,django,orm,q09s4,0,4.903684,175,ok,,15min,1.41,81928,131623403234672,2026-09-05T01:58:10.352+00:00
ad47cfdde84f,campaign-sf1,mado,tpch,Q09,Very Complex,postgresql,indexed,1,5,2,3,django,sql,q09s4,0,4.416769,175,ok,,15min,1.38,81928,131623403234672,2026-09-05T01:58:14.769+00:00
ad47cfdde84f,campaign-sf1,mado,tpch,Q09,Very Complex,postgresql,indexed,1,6,0,-1,django,sql,q09s5,2,4.464573,,ok,,15min,1.35,81928,131623403234672,2026-09-05T01:58:19.238+00:00
ad47cfdde84f,campaign-sf1,mado,tpch,Q09,Very Complex,postgresql,indexed,1,6,0,-1,django,orm,q09s5,2,4.648216,,ok,,15min,1.32,81928,131623403234672,2026-09-05T01:58:23.886+00:00
ad47cfdde84f,campaign-sf1,mado,tpch,Q09,Very Complex,postgresql,indexed,1,6,0,-1,sqlalchemy,sql,q09s5,2,4.476809,,ok,,15min,1.29,81928,131623403234672,2026-09-05T01:58:28.363+00:00
ad47cfdde84f,campaign-sf1,mado,tpch,Q09,Very Complex,postgresql,indexed,1,6,0,-1,sqlalchemy,orm,q09s5,2,4.485303,,ok,,15min,1.27,81928,131623403234672,2026-09-05T01:58:32.848+00:00
ad47cfdde84f,campaign-sf1,mado,tpch,Q09,Very Complex,postgresql,indexed,1,6,0,0,django,sql,q09s5,0,4.451322,175,ok,,15min,1.25,81928,131623403234672,2026-09-05T01:58:37.300+00:00
ad47cfdde84f,campaign-sf1,mado,tpch,Q09,Very Complex,postgresql,indexed,1,6,0,1,django,orm,q09s5,0,4.663704,175,ok,,15min,1.23,81928,131623403234672,2026-09-05T01:58:41.964+00:00
ad47cfdde84f,campaign-sf1,mado,tpch,Q09,Very Complex,postgresql,indexed,1,6,0,2,sqlalchemy,sql,q09s5,0,4.478616,175,ok,,15min,1.21,81928,131623403234672,2026-09-05T01:58:46.442+00:00
ad47cfdde84f,campaign-sf1,mado,tpch,Q09,Very Complex,postgresql,indexed,1,6,0,3,sqlalchemy,orm,q09s5,0,4.485516,175,ok,,15min,1.19,81928,131623403234672,2026-09-05T01:58:50.928+00:00
ad47cfdde84f,campaign-sf1,mado,tpch,Q09,Very Complex,postgresql,indexed,1,7,1,-1,django,sql,q09s6,2,4.447578,,ok,,15min,1.19,81928,131623403234672,2026-09-05T01:58:55.380+00:00
ad47cfdde84f,campaign-sf1,mado,tpch,Q09,Very Complex,postgresql,indexed,1,7,1,-1,django,orm,q09s6,2,4.513243,,ok,,15min,1.18,81928,131623403234672,2026-09-05T01:58:59.894+00:00
ad47cfdde84f,campaign-sf1,mado,tpch,Q09,Very Complex,postgresql,indexed,1,7,1,-1,sqlalchemy,sql,q09s6,2,4.449337,,ok,,15min,1.16,81928,131623403234672,2026-09-05T01:59:04.343+00:00
ad47cfdde84f,campaign-sf1,mado,tpch,Q09,Very Complex,postgresql,indexed,1,7,1,-1,sqlalchemy,orm,q09s6,2,4.468592,,ok,,15min,1.15,81928,131623403234672,2026-09-05T01:59:08.812+00:00
ad47cfdde84f,campaign-sf1,mado,tpch,Q09,Very Complex,postgresql,indexed,1,7,1,0,django,orm,q09s6,0,4.517185,175,ok,,15min,1.14,81928,131623403234672,2026-09-05T01:59:13.329+00:00
ad47cfdde84f,campaign-sf1,mado,tpch,Q09,Very Complex,postgresql,indexed,1,7,1,1,sqlalchemy,orm,q09s6,0,4.478943,175,ok,,15min,1.13,81928,131623403234672,2026-09-05T01:59:17.808+00:00
ad47cfdde84f,campaign-sf1,mado,tpch,Q09,Very Complex,postgresql,indexed,1,7,1,2,django,sql,q09s6,0,4.448436,175,ok,,15min,1.12,81928,131623403234672,2026-09-05T01:59:22.257+00:00
ad47cfdde84f,campaign-sf1,mado,tpch,Q09,Very Complex,postgresql,indexed,1,7,1,3,sqlalchemy,sql,q09s6,0,4.44322,175,ok,,15min,1.11,81928,131623403234672,2026-09-05T01:59:26.700+00:00
ad47cfdde84f,campaign-sf1,mado,tpch,Q09,Very Complex,postgresql,indexed,1,8,3,-1,django,sql,q09s7,2,4.675083,,ok,,15min,1.1,81928,131623403234672,2026-09-05T01:59:31.380+00:00
ad47cfdde84f,campaign-sf1,mado,tpch,Q09,Very Complex,postgresql,indexed,1,8,3,-1,django,orm,q09s7,2,4.918594,,ok,,15min,1.09,81928,131623403234672,2026-09-05T01:59:36.298+00:00
ad47cfdde84f,campaign-sf1,mado,tpch,Q09,Very Complex,postgresql,indexed,1,8,3,-1,sqlalchemy,sql,q09s7,2,4.688358,,ok,,15min,1.08,81928,131623403234672,2026-09-05T01:59:40.987+00:00
ad47cfdde84f,campaign-sf1,mado,tpch,Q09,Very Complex,postgresql,indexed,1,8,3,-1,sqlalchemy,orm,q09s7,2,4.66818,,ok,,15min,1.08,81928,131623403234672,2026-09-05T01:59:45.655+00:00
ad47cfdde84f,campaign-sf1,mado,tpch,Q09,Very Complex,postgresql,indexed,1,8,3,0,sqlalchemy,sql,q09s7,0,4.691353,175,ok,,15min,1.08,81928,131623403234672,2026-09-05T01:59:50.346+00:00
ad47cfdde84f,campaign-sf1,mado,tpch,Q09,Very Complex,postgresql,indexed,1,8,3,1,django,sql,q09s7,0,4.670044,175,ok,,15min,1.07,81928,131623403234672,2026-09-05T01:59:55.017+00:00
ad47cfdde84f,campaign-sf1,mado,tpch,Q09,Very Complex,postgresql,indexed,1,8,3,2,sqlalchemy,orm,q09s7,0,4.673645,175,ok,,15min,1.06,81928,131623403234672,2026-09-05T01:59:59.690+00:00
ad47cfdde84f,campaign-sf1,mado,tpch,Q09,Very Complex,postgresql,indexed,1,8,3,3,django,orm,q09s7,0,4.909508,175,ok,,15min,1.06,81928,131623403234672,2026-09-05T02:00:04.600+00:00
aba96e0ebe35,campaign-sf1,mado,tpch,Q10,Complex,postgresql,indexed,1,0,2,0,sqlalchemy,orm,q10warm,1,2.138962,20,ok,,15min,1.05,81993,123752514971136,2026-09-05T02:00:07.990+00:00
aba96e0ebe35,campaign-sf1,mado,tpch,Q10,Complex,postgresql,indexed,1,0,2,1,sqlalchemy,sql,q10warm,1,1.905474,20,ok,,15min,1.05,81993,123752514971136,2026-09-05T02:00:09.896+00:00
aba96e0ebe35,campaign-sf1,mado,tpch,Q10,Complex,postgresql,indexed,1,0,2,2,django,orm,q10warm,1,2.176089,20,ok,,15min,1.05,81993,123752514971136,2026-09-05T02:00:12.072+00:00
aba96e0ebe35,campaign-sf1,mado,tpch,Q10,Complex,postgresql,indexed,1,0,2,3,django,sql,q10warm,1,1.909706,20,ok,,15min,1.05,81993,123752514971136,2026-09-05T02:00:13.982+00:00
aba96e0ebe35,campaign-sf1,mado,tpch,Q10,Complex,postgresql,indexed,1,1,3,-1,django,sql,q10s0,2,1.925635,,ok,,15min,1.04,81993,123752514971136,2026-09-05T02:00:15.912+00:00
aba96e0ebe35,campaign-sf1,mado,tpch,Q10,Complex,postgresql,indexed,1,1,3,-1,django,orm,q10s0,2,1.995498,,ok,,15min,1.04,81993,123752514971136,2026-09-05T02:00:17.907+00:00
aba96e0ebe35,campaign-sf1,mado,tpch,Q10,Complex,postgresql,indexed,1,1,3,-1,sqlalchemy,sql,q10s0,2,1.901356,,ok,,15min,1.04,81993,123752514971136,2026-09-05T02:00:19.809+00:00
aba96e0ebe35,campaign-sf1,mado,tpch,Q10,Complex,postgresql,indexed,1,1,3,-1,sqlalchemy,orm,q10s0,2,1.893097,,ok,,15min,1.04,81993,123752514971136,2026-09-05T02:00:21.702+00:00
aba96e0ebe35,campaign-sf1,mado,tpch,Q10,Complex,postgresql,indexed,1,1,3,0,sqlalchemy,sql,q10s0,0,1.891092,20,ok,,15min,1.04,81993,123752514971136,2026-09-05T02:00:23.593+00:00
aba96e0ebe35,campaign-sf1,mado,tpch,Q10,Complex,postgresql,indexed,1,1,3,1,django,sql,q10s0,0,1.90414,20,ok,,15min,1.04,81993,123752514971136,2026-09-05T02:00:25.497+00:00
aba96e0ebe35,campaign-sf1,mado,tpch,Q10,Complex,postgresql,indexed,1,1,3,2,sqlalchemy,orm,q10s0,0,1.897897,20,ok,,15min,1.04,81993,123752514971136,2026-09-05T02:00:27.395+00:00
aba96e0ebe35,campaign-sf1,mado,tpch,Q10,Complex,postgresql,indexed,1,1,3,3,django,orm,q10s0,0,2.001654,20,ok,,15min,1.04,81993,123752514971136,2026-09-05T02:00:29.397+00:00
aba96e0ebe35,campaign-sf1,mado,tpch,Q10,Complex,postgresql,indexed,1,2,1,-1,django,sql,q10s1,2,1.870401,,ok,,15min,1.03,81993,123752514971136,2026-09-05T02:00:31.272+00:00
aba96e0ebe35,campaign-sf1,mado,tpch,Q10,Complex,postgresql,indexed,1,2,1,-1,django,orm,q10s1,2,1.943549,,ok,,15min,1.03,81993,123752514971136,2026-09-05T02:00:33.216+00:00
aba96e0ebe35,campaign-sf1,mado,tpch,Q10,Complex,postgresql,indexed,1,2,1,-1,sqlalchemy,sql,q10s1,2,1.857707,,ok,,15min,1.03,81993,123752514971136,2026-09-05T02:00:35.073+00:00
aba96e0ebe35,campaign-sf1,mado,tpch,Q10,Complex,postgresql,indexed,1,2,1,-1,sqlalchemy,orm,q10s1,2,1.854513,,ok,,15min,1.03,81993,123752514971136,2026-09-05T02:00:36.928+00:00
aba96e0ebe35,campaign-sf1,mado,tpch,Q10,Complex,postgresql,indexed,1,2,1,0,django,orm,q10s1,0,1.943267,20,ok,,15min,1.03,81993,123752514971136,2026-09-05T02:00:38.871+00:00
aba96e0ebe35,campaign-sf1,mado,tpch,Q10,Complex,postgresql,indexed,1,2,1,1,sqlalchemy,orm,q10s1,0,1.855182,20,ok,,15min,1.03,81993,123752514971136,2026-09-05T02:00:40.727+00:00
aba96e0ebe35,campaign-sf1,mado,tpch,Q10,Complex,postgresql,indexed,1,2,1,2,django,sql,q10s1,0,1.864725,20,ok,,15min,1.03,81993,123752514971136,2026-09-05T02:00:42.591+00:00
aba96e0ebe35,campaign-sf1,mado,tpch,Q10,Complex,postgresql,indexed,1,2,1,3,sqlalchemy,sql,q10s1,0,1.855303,20,ok,,15min,1.03,81993,123752514971136,2026-09-05T02:00:44.447+00:00
aba96e0ebe35,campaign-sf1,mado,tpch,Q10,Complex,postgresql,indexed,1,3,0,-1,django,sql,q10s2,2,1.915182,,ok,,15min,1.03,81993,123752514971136,2026-09-05T02:00:46.367+00:00
aba96e0ebe35,campaign-sf1,mado,tpch,Q10,Complex,postgresql,indexed,1,3,0,-1,django,orm,q10s2,2,1.99705,,ok,,15min,1.03,81993,123752514971136,2026-09-05T02:00:48.364+00:00
aba96e0ebe35,campaign-sf1,mado,tpch,Q10,Complex,postgresql,indexed,1,3,0,-1,sqlalchemy,sql,q10s2,2,1.899894,,ok,,15min,1.03,81993,123752514971136,2026-09-05T02:00:50.264+00:00
aba96e0ebe35,campaign-sf1,mado,tpch,Q10,Complex,postgresql,indexed,1,3,0,-1,sqlalchemy,orm,q10s2,2,1.899342,,ok,,15min,1.02,81993,123752514971136,2026-09-05T02:00:52.163+00:00
aba96e0ebe35,campaign-sf1,mado,tpch,Q10,Complex,postgresql,indexed,1,3,0,0,django,sql,q10s2,0,1.908257,20,ok,,15min,1.02,81993,123752514971136,2026-09-05T02:00:54.072+00:00
aba96e0ebe35,campaign-sf1,mado,tpch,Q10,Complex,postgresql,indexed,1,3,0,1,django,orm,q10s2,0,2.004036,20,ok,,15min,1.02,81993,123752514971136,2026-09-05T02:00:56.076+00:00
aba96e0ebe35,campaign-sf1,mado,tpch,Q10,Complex,postgresql,indexed,1,3,0,2,sqlalchemy,sql,q10s2,0,1.902819,20,ok,,15min,1.02,81993,123752514971136,2026-09-05T02:00:57.979+00:00
aba96e0ebe35,campaign-sf1,mado,tpch,Q10,Complex,postgresql,indexed,1,3,0,3,sqlalchemy,orm,q10s2,0,1.89989,20,ok,,15min,1.02,81993,123752514971136,2026-09-05T02:00:59.879+00:00
aba96e0ebe35,campaign-sf1,mado,tpch,Q10,Complex,postgresql,indexed,1,4,2,-1,django,sql,q10s3,2,1.894989,,ok,,15min,1.02,81993,123752514971136,2026-09-05T02:01:01.778+00:00
aba96e0ebe35,campaign-sf1,mado,tpch,Q10,Complex,postgresql,indexed,1,4,2,-1,django,orm,q10s3,2,1.976293,,ok,,15min,1.02,81993,123752514971136,2026-09-05T02:01:03.755+00:00
aba96e0ebe35,campaign-sf1,mado,tpch,Q10,Complex,postgresql,indexed,1,4,2,-1,sqlalchemy,sql,q10s3,2,1.881138,,ok,,15min,1.02,81993,123752514971136,2026-09-05T02:01:05.636+00:00
aba96e0ebe35,campaign-sf1,mado,tpch,Q10,Complex,postgresql,indexed,1,4,2,-1,sqlalchemy,orm,q10s3,2,1.877612,,ok,,15min,1.02,81993,123752514971136,2026-09-05T02:01:07.513+00:00
aba96e0ebe35,campaign-sf1,mado,tpch,Q10,Complex,postgresql,indexed,1,4,2,0,sqlalchemy,orm,q10s3,0,1.88208,20,ok,,15min,1.02,81993,123752514971136,2026-09-05T02:01:09.396+00:00
aba96e0ebe35,campaign-sf1,mado,tpch,Q10,Complex,postgresql,indexed,1,4,2,1,sqlalchemy,sql,q10s3,0,1.885005,20,ok,,15min,1.02,81993,123752514971136,2026-09-05T02:01:11.281+00:00
aba96e0ebe35,campaign-sf1,mado,tpch,Q10,Complex,postgresql,indexed,1,4,2,2,django,orm,q10s3,0,1.97937,20,ok,,15min,1.02,81993,123752514971136,2026-09-05T02:01:13.260+00:00
aba96e0ebe35,campaign-sf1,mado,tpch,Q10,Complex,postgresql,indexed,1,4,2,3,django,sql,q10s3,0,1.897417,20,ok,,15min,1.02,81993,123752514971136,2026-09-05T02:01:15.158+00:00
aba96e0ebe35,campaign-sf1,mado,tpch,Q10,Complex,postgresql,indexed,1,5,1,-1,django,sql,q10s4,2,1.912395,,ok,,15min,1.01,81993,123752514971136,2026-09-05T02:01:17.075+00:00
aba96e0ebe35,campaign-sf1,mado,tpch,Q10,Complex,postgresql,indexed,1,5,1,-1,django,orm,q10s4,2,2.008589,,ok,,15min,1.01,81993,123752514971136,2026-09-05T02:01:19.083+00:00
aba96e0ebe35,campaign-sf1,mado,tpch,Q10,Complex,postgresql,indexed,1,5,1,-1,sqlalchemy,sql,q10s4,2,1.901442,,ok,,15min,1.01,81993,123752514971136,2026-09-05T02:01:20.985+00:00
aba96e0ebe35,campaign-sf1,mado,tpch,Q10,Complex,postgresql,indexed,1,5,1,-1,sqlalchemy,orm,q10s4,2,1.903904,,ok,,15min,1.01,81993,123752514971136,2026-09-05T02:01:22.889+00:00
aba96e0ebe35,campaign-sf1,mado,tpch,Q10,Complex,postgresql,indexed,1,5,1,0,django,orm,q10s4,0,1.989731,20,ok,,15min,1.01,81993,123752514971136,2026-09-05T02:01:24.879+00:00
aba96e0ebe35,campaign-sf1,mado,tpch,Q10,Complex,postgresql,indexed,1,5,1,1,sqlalchemy,orm,q10s4,0,1.899948,20,ok,,15min,1.01,81993,123752514971136,2026-09-05T02:01:26.779+00:00
aba96e0ebe35,campaign-sf1,mado,tpch,Q10,Complex,postgresql,indexed,1,5,1,2,django,sql,q10s4,0,1.910309,20,ok,,15min,1.01,81993,123752514971136,2026-09-05T02:01:28.689+00:00
aba96e0ebe35,campaign-sf1,mado,tpch,Q10,Complex,postgresql,indexed,1,5,1,3,sqlalchemy,sql,q10s4,0,1.89656,20,ok,,15min,1.01,81993,123752514971136,2026-09-05T02:01:30.586+00:00
aba96e0ebe35,campaign-sf1,mado,tpch,Q10,Complex,postgresql,indexed,1,6,2,-1,django,sql,q10s5,2,1.906188,,ok,,15min,1.01,81993,123752514971136,2026-09-05T02:01:32.497+00:00
aba96e0ebe35,campaign-sf1,mado,tpch,Q10,Complex,postgresql,indexed,1,6,2,-1,django,orm,q10s5,2,1.997642,,ok,,15min,1.01,81993,123752514971136,2026-09-05T02:01:34.494+00:00
aba96e0ebe35,campaign-sf1,mado,tpch,Q10,Complex,postgresql,indexed,1,6,2,-1,sqlalchemy,sql,q10s5,2,1.899051,,ok,,15min,1.01,81993,123752514971136,2026-09-05T02:01:36.394+00:00
aba96e0ebe35,campaign-sf1,mado,tpch,Q10,Complex,postgresql,indexed,1,6,2,-1,sqlalchemy,orm,q10s5,2,1.903277,,ok,,15min,1.01,81993,123752514971136,2026-09-05T02:01:38.297+00:00
aba96e0ebe35,campaign-sf1,mado,tpch,Q10,Complex,postgresql,indexed,1,6,2,0,sqlalchemy,orm,q10s5,0,1.897302,20,ok,,15min,1.01,81993,123752514971136,2026-09-05T02:01:40.194+00:00
aba96e0ebe35,campaign-sf1,mado,tpch,Q10,Complex,postgresql,indexed,1,6,2,1,sqlalchemy,sql,q10s5,0,1.89818,20,ok,,15min,1.01,81993,123752514971136,2026-09-05T02:01:42.093+00:00
aba96e0ebe35,campaign-sf1,mado,tpch,Q10,Complex,postgresql,indexed,1,6,2,2,django,orm,q10s5,0,2.008259,20,ok,,15min,1.01,81993,123752514971136,2026-09-05T02:01:44.101+00:00
aba96e0ebe35,campaign-sf1,mado,tpch,Q10,Complex,postgresql,indexed,1,6,2,3,django,sql,q10s5,0,1.904338,20,ok,,15min,1.01,81993,123752514971136,2026-09-05T02:01:46.005+00:00
aba96e0ebe35,campaign-sf1,mado,tpch,Q10,Complex,postgresql,indexed,1,7,3,-1,django,sql,q10s6,2,1.904063,,ok,,15min,1.01,81993,123752514971136,2026-09-05T02:01:47.914+00:00
aba96e0ebe35,campaign-sf1,mado,tpch,Q10,Complex,postgresql,indexed,1,7,3,-1,django,orm,q10s6,2,1.990248,,ok,,15min,1.01,81993,123752514971136,2026-09-05T02:01:49.904+00:00
aba96e0ebe35,campaign-sf1,mado,tpch,Q10,Complex,postgresql,indexed,1,7,3,-1,sqlalchemy,sql,q10s6,2,1.898396,,ok,,15min,1.01,81993,123752514971136,2026-09-05T02:01:51.803+00:00
aba96e0ebe35,campaign-sf1,mado,tpch,Q10,Complex,postgresql,indexed,1,7,3,-1,sqlalchemy,orm,q10s6,2,1.896525,,ok,,15min,1.01,81993,123752514971136,2026-09-05T02:01:53.699+00:00
aba96e0ebe35,campaign-sf1,mado,tpch,Q10,Complex,postgresql,indexed,1,7,3,0,sqlalchemy,sql,q10s6,0,1.896561,20,ok,,15min,1.01,81993,123752514971136,2026-09-05T02:01:55.596+00:00
aba96e0ebe35,campaign-sf1,mado,tpch,Q10,Complex,postgresql,indexed,1,7,3,1,django,sql,q10s6,0,1.899852,20,ok,,15min,1.01,81993,123752514971136,2026-09-05T02:01:57.496+00:00
aba96e0ebe35,campaign-sf1,mado,tpch,Q10,Complex,postgresql,indexed,1,7,3,2,sqlalchemy,orm,q10s6,0,1.901676,20,ok,,15min,1.01,81993,123752514971136,2026-09-05T02:01:59.398+00:00
aba96e0ebe35,campaign-sf1,mado,tpch,Q10,Complex,postgresql,indexed,1,7,3,3,django,orm,q10s6,0,1.992163,20,ok,,15min,1.0,81993,123752514971136,2026-09-05T02:02:01.390+00:00
aba96e0ebe35,campaign-sf1,mado,tpch,Q10,Complex,postgresql,indexed,1,8,0,-1,django,sql,q10s7,2,1.896897,,ok,,15min,1.0,81993,123752514971136,2026-09-05T02:02:03.292+00:00
aba96e0ebe35,campaign-sf1,mado,tpch,Q10,Complex,postgresql,indexed,1,8,0,-1,django,orm,q10s7,2,1.977721,,ok,,15min,1.0,81993,123752514971136,2026-09-05T02:02:05.270+00:00
aba96e0ebe35,campaign-sf1,mado,tpch,Q10,Complex,postgresql,indexed,1,8,0,-1,sqlalchemy,sql,q10s7,2,1.88875,,ok,,15min,1.0,81993,123752514971136,2026-09-05T02:02:07.158+00:00
aba96e0ebe35,campaign-sf1,mado,tpch,Q10,Complex,postgresql,indexed,1,8,0,-1,sqlalchemy,orm,q10s7,2,1.888574,,ok,,15min,1.0,81993,123752514971136,2026-09-05T02:02:09.047+00:00
aba96e0ebe35,campaign-sf1,mado,tpch,Q10,Complex,postgresql,indexed,1,8,0,0,django,sql,q10s7,0,1.887135,20,ok,,15min,1.0,81993,123752514971136,2026-09-05T02:02:10.934+00:00
aba96e0ebe35,campaign-sf1,mado,tpch,Q10,Complex,postgresql,indexed,1,8,0,1,django,orm,q10s7,0,1.988654,20,ok,,15min,1.0,81993,123752514971136,2026-09-05T02:02:12.923+00:00
aba96e0ebe35,campaign-sf1,mado,tpch,Q10,Complex,postgresql,indexed,1,8,0,2,sqlalchemy,sql,q10s7,0,1.887445,20,ok,,15min,1.0,81993,123752514971136,2026-09-05T02:02:14.811+00:00
aba96e0ebe35,campaign-sf1,mado,tpch,Q10,Complex,postgresql,indexed,1,8,0,3,sqlalchemy,orm,q10s7,0,1.882858,20,ok,,15min,1.0,81993,123752514971136,2026-09-05T02:02:16.694+00:00
0594ac6c7a2b,campaign-sf1,mado,tpch,Q11,Medium,postgresql,indexed,1,0,3,0,sqlalchemy,sql,q11warm,1,0.165517,753,ok,,15min,1.0,82024,125472114520192,2026-09-05T02:02:18.104+00:00
0594ac6c7a2b,campaign-sf1,mado,tpch,Q11,Medium,postgresql,indexed,1,0,3,1,django,sql,q11warm,1,0.155533,753,ok,,15min,1.0,82024,125472114520192,2026-09-05T02:02:18.259+00:00
0594ac6c7a2b,campaign-sf1,mado,tpch,Q11,Medium,postgresql,indexed,1,0,3,2,sqlalchemy,orm,q11warm,1,0.180821,753,ok,,15min,1.0,82024,125472114520192,2026-09-05T02:02:18.440+00:00
0594ac6c7a2b,campaign-sf1,mado,tpch,Q11,Medium,postgresql,indexed,1,0,3,3,django,orm,q11warm,1,0.137414,753,ok,,15min,1.0,82024,125472114520192,2026-09-05T02:02:18.578+00:00
0594ac6c7a2b,campaign-sf1,mado,tpch,Q11,Medium,postgresql,indexed,1,1,3,-1,django,sql,q11s0,2,0.127969,,ok,,15min,1.0,82024,125472114520192,2026-09-05T02:02:18.710+00:00
0594ac6c7a2b,campaign-sf1,mado,tpch,Q11,Medium,postgresql,indexed,1,1,3,-1,django,orm,q11s0,2,0.12908,,ok,,15min,1.0,82024,125472114520192,2026-09-05T02:02:18.839+00:00
0594ac6c7a2b,campaign-sf1,mado,tpch,Q11,Medium,postgresql,indexed,1,1,3,-1,sqlalchemy,sql,q11s0,2,0.128611,,ok,,15min,1.0,82024,125472114520192,2026-09-05T02:02:18.968+00:00
0594ac6c7a2b,campaign-sf1,mado,tpch,Q11,Medium,postgresql,indexed,1,1,3,-1,sqlalchemy,orm,q11s0,2,0.133167,,ok,,15min,1.0,82024,125472114520192,2026-09-05T02:02:19.101+00:00
0594ac6c7a2b,campaign-sf1,mado,tpch,Q11,Medium,postgresql,indexed,1,1,3,0,sqlalchemy,sql,q11s0,0,0.128102,1048,ok,,15min,1.0,82024,125472114520192,2026-09-05T02:02:19.229+00:00
0594ac6c7a2b,campaign-sf1,mado,tpch,Q11,Medium,postgresql,indexed,1,1,3,1,django,sql,q11s0,0,0.125243,1048,ok,,15min,1.0,82024,125472114520192,2026-09-05T02:02:19.355+00:00
0594ac6c7a2b,campaign-sf1,mado,tpch,Q11,Medium,postgresql,indexed,1,1,3,2,sqlalchemy,orm,q11s0,0,0.132434,1048,ok,,15min,1.0,82024,125472114520192,2026-09-05T02:02:19.487+00:00
0594ac6c7a2b,campaign-sf1,mado,tpch,Q11,Medium,postgresql,indexed,1,1,3,3,django,orm,q11s0,0,0.129759,1048,ok,,15min,1.0,82024,125472114520192,2026-09-05T02:02:19.617+00:00
0594ac6c7a2b,campaign-sf1,mado,tpch,Q11,Medium,postgresql,indexed,1,2,1,-1,django,sql,q11s1,2,0.131463,,ok,,15min,1.0,82024,125472114520192,2026-09-05T02:02:19.753+00:00
0594ac6c7a2b,campaign-sf1,mado,tpch,Q11,Medium,postgresql,indexed,1,2,1,-1,django,orm,q11s1,2,0.132685,,ok,,15min,1.0,82024,125472114520192,2026-09-05T02:02:19.886+00:00
0594ac6c7a2b,campaign-sf1,mado,tpch,Q11,Medium,postgresql,indexed,1,2,1,-1,sqlalchemy,sql,q11s1,2,0.133214,,ok,,15min,1.0,82024,125472114520192,2026-09-05T02:02:20.019+00:00
0594ac6c7a2b,campaign-sf1,mado,tpch,Q11,Medium,postgresql,indexed,1,2,1,-1,sqlalchemy,orm,q11s1,2,0.136648,,ok,,15min,1.0,82024,125472114520192,2026-09-05T02:02:20.156+00:00
0594ac6c7a2b,campaign-sf1,mado,tpch,Q11,Medium,postgresql,indexed,1,2,1,0,django,orm,q11s1,0,0.130928,819,ok,,15min,1.0,82024,125472114520192,2026-09-05T02:02:20.287+00:00
0594ac6c7a2b,campaign-sf1,mado,tpch,Q11,Medium,postgresql,indexed,1,2,1,1,sqlalchemy,orm,q11s1,0,0.13639,819,ok,,15min,1.0,82024,125472114520192,2026-09-05T02:02:20.423+00:00
0594ac6c7a2b,campaign-sf1,mado,tpch,Q11,Medium,postgresql,indexed,1,2,1,2,django,sql,q11s1,0,0.129232,819,ok,,15min,1.0,82024,125472114520192,2026-09-05T02:02:20.553+00:00
0594ac6c7a2b,campaign-sf1,mado,tpch,Q11,Medium,postgresql,indexed,1,2,1,3,sqlalchemy,sql,q11s1,0,0.132362,819,ok,,15min,1.0,82024,125472114520192,2026-09-05T02:02:20.685+00:00
0594ac6c7a2b,campaign-sf1,mado,tpch,Q11,Medium,postgresql,indexed,1,3,0,-1,django,sql,q11s2,2,0.130133,,ok,,15min,1.0,82024,125472114520192,2026-09-05T02:02:20.820+00:00
0594ac6c7a2b,campaign-sf1,mado,tpch,Q11,Medium,postgresql,indexed,1,3,0,-1,django,orm,q11s2,2,0.131875,,ok,,15min,1.0,82024,125472114520192,2026-09-05T02:02:20.952+00:00
0594ac6c7a2b,campaign-sf1,mado,tpch,Q11,Medium,postgresql,indexed,1,3,0,-1,sqlalchemy,sql,q11s2,2,0.165733,,ok,,15min,1.0,82024,125472114520192,2026-09-05T02:02:21.118+00:00
0594ac6c7a2b,campaign-sf1,mado,tpch,Q11,Medium,postgresql,indexed,1,3,0,-1,sqlalchemy,orm,q11s2,2,0.134096,,ok,,15min,1.0,82024,125472114520192,2026-09-05T02:02:21.252+00:00
0594ac6c7a2b,campaign-sf1,mado,tpch,Q11,Medium,postgresql,indexed,1,3,0,0,django,sql,q11s2,0,0.127154,911,ok,,15min,1.0,82024,125472114520192,2026-09-05T02:02:21.379+00:00
0594ac6c7a2b,campaign-sf1,mado,tpch,Q11,Medium,postgresql,indexed,1,3,0,1,django,orm,q11s2,0,0.131204,911,ok,,15min,1.0,82024,125472114520192,2026-09-05T02:02:21.511+00:00
0594ac6c7a2b,campaign-sf1,mado,tpch,Q11,Medium,postgresql,indexed,1,3,0,2,sqlalchemy,sql,q11s2,0,0.13049,911,ok,,15min,1.0,82024,125472114520192,2026-09-05T02:02:21.641+00:00
0594ac6c7a2b,campaign-sf1,mado,tpch,Q11,Medium,postgresql,indexed,1,3,0,3,sqlalchemy,orm,q11s2,0,0.134789,911,ok,,15min,1.0,82024,125472114520192,2026-09-05T02:02:21.776+00:00
0594ac6c7a2b,campaign-sf1,mado,tpch,Q11,Medium,postgresql,indexed,1,4,2,-1,django,sql,q11s3,2,0.119142,,ok,,15min,1.0,82024,125472114520192,2026-09-05T02:02:21.900+00:00
0594ac6c7a2b,campaign-sf1,mado,tpch,Q11,Medium,postgresql,indexed,1,4,2,-1,django,orm,q11s3,2,0.123892,,ok,,15min,1.0,82024,125472114520192,2026-09-05T02:02:22.024+00:00
0594ac6c7a2b,campaign-sf1,mado,tpch,Q11,Medium,postgresql,indexed,1,4,2,-1,sqlalchemy,sql,q11s3,2,0.122329,,ok,,15min,1.0,82024,125472114520192,2026-09-05T02:02:22.146+00:00
0594ac6c7a2b,campaign-sf1,mado,tpch,Q11,Medium,postgresql,indexed,1,4,2,-1,sqlalchemy,orm,q11s3,2,0.127202,,ok,,15min,1.0,82024,125472114520192,2026-09-05T02:02:22.273+00:00
0594ac6c7a2b,campaign-sf1,mado,tpch,Q11,Medium,postgresql,indexed,1,4,2,0,sqlalchemy,orm,q11s3,0,0.127175,1217,ok,,15min,1.0,82024,125472114520192,2026-09-05T02:02:22.401+00:00
0594ac6c7a2b,campaign-sf1,mado,tpch,Q11,Medium,postgresql,indexed,1,4,2,1,sqlalchemy,sql,q11s3,0,0.122455,1217,ok,,15min,1.0,82024,125472114520192,2026-09-05T02:02:22.523+00:00
0594ac6c7a2b,campaign-sf1,mado,tpch,Q11,Medium,postgresql,indexed,1,4,2,2,django,orm,q11s3,0,0.122333,1217,ok,,15min,1.0,82024,125472114520192,2026-09-05T02:02:22.646+00:00
0594ac6c7a2b,campaign-sf1,mado,tpch,Q11,Medium,postgresql,indexed,1,4,2,3,django,sql,q11s3,0,0.119727,1217,ok,,15min,1.0,82024,125472114520192,2026-09-05T02:02:22.765+00:00
0594ac6c7a2b,campaign-sf1,mado,tpch,Q11,Medium,postgresql,indexed,1,5,3,-1,django,sql,q11s4,2,0.131296,,ok,,15min,1.0,82024,125472114520192,2026-09-05T02:02:22.901+00:00
0594ac6c7a2b,campaign-sf1,mado,tpch,Q11,Medium,postgresql,indexed,1,5,3,-1,django,orm,q11s4,2,0.133345,,ok,,15min,1.0,82024,125472114520192,2026-09-05T02:02:23.035+00:00
0594ac6c7a2b,campaign-sf1,mado,tpch,Q11,Medium,postgresql,indexed,1,5,3,-1,sqlalchemy,sql,q11s4,2,0.13217,,ok,,15min,1.0,82024,125472114520192,2026-09-05T02:02:23.167+00:00
0594ac6c7a2b,campaign-sf1,mado,tpch,Q11,Medium,postgresql,indexed,1,5,3,-1,sqlalchemy,orm,q11s4,2,0.136189,,ok,,15min,1.0,82024,125472114520192,2026-09-05T02:02:23.303+00:00
0594ac6c7a2b,campaign-sf1,mado,tpch,Q11,Medium,postgresql,indexed,1,5,3,0,sqlalchemy,sql,q11s4,0,0.132159,699,ok,,15min,1.0,82024,125472114520192,2026-09-05T02:02:23.436+00:00
0594ac6c7a2b,campaign-sf1,mado,tpch,Q11,Medium,postgresql,indexed,1,5,3,1,django,sql,q11s4,0,0.129302,699,ok,,15min,1.0,82024,125472114520192,2026-09-05T02:02:23.565+00:00
0594ac6c7a2b,campaign-sf1,mado,tpch,Q11,Medium,postgresql,indexed,1,5,3,2,sqlalchemy,orm,q11s4,0,0.136362,699,ok,,15min,1.0,82024,125472114520192,2026-09-05T02:02:23.701+00:00
0594ac6c7a2b,campaign-sf1,mado,tpch,Q11,Medium,postgresql,indexed,1,5,3,3,django,orm,q11s4,0,0.134096,699,ok,,15min,1.0,82024,125472114520192,2026-09-05T02:02:23.836+00:00
0594ac6c7a2b,campaign-sf1,mado,tpch,Q11,Medium,postgresql,indexed,1,6,0,-1,django,sql,q11s5,2,0.125828,,ok,,15min,1.0,82024,125472114520192,2026-09-05T02:02:23.966+00:00
0594ac6c7a2b,campaign-sf1,mado,tpch,Q11,Medium,postgresql,indexed,1,6,0,-1,django,orm,q11s5,2,0.129868,,ok,,15min,1.0,82024,125472114520192,2026-09-05T02:02:24.096+00:00
0594ac6c7a2b,campaign-sf1,mado,tpch,Q11,Medium,postgresql,indexed,1,6,0,-1,sqlalchemy,sql,q11s5,2,0.128556,,ok,,15min,1.0,82024,125472114520192,2026-09-05T02:02:24.225+00:00
0594ac6c7a2b,campaign-sf1,mado,tpch,Q11,Medium,postgresql,indexed,1,6,0,-1,sqlalchemy,orm,q11s5,2,0.132695,,ok,,15min,1.0,82024,125472114520192,2026-09-05T02:02:24.358+00:00
0594ac6c7a2b,campaign-sf1,mado,tpch,Q11,Medium,postgresql,indexed,1,6,0,0,django,sql,q11s5,0,0.125499,925,ok,,15min,1.0,82024,125472114520192,2026-09-05T02:02:24.483+00:00
0594ac6c7a2b,campaign-sf1,mado,tpch,Q11,Medium,postgresql,indexed,1,6,0,1,django,orm,q11s5,0,0.129957,925,ok,,15min,1.0,82024,125472114520192,2026-09-05T02:02:24.613+00:00
0594ac6c7a2b,campaign-sf1,mado,tpch,Q11,Medium,postgresql,indexed,1,6,0,2,sqlalchemy,sql,q11s5,0,0.128373,925,ok,,15min,1.0,82024,125472114520192,2026-09-05T02:02:24.742+00:00
0594ac6c7a2b,campaign-sf1,mado,tpch,Q11,Medium,postgresql,indexed,1,6,0,3,sqlalchemy,orm,q11s5,0,0.133006,925,ok,,15min,1.0,82024,125472114520192,2026-09-05T02:02:24.875+00:00
0594ac6c7a2b,campaign-sf1,mado,tpch,Q11,Medium,postgresql,indexed,1,7,1,-1,django,sql,q11s6,2,0.115666,,ok,,15min,1.0,82024,125472114520192,2026-09-05T02:02:24.995+00:00
0594ac6c7a2b,campaign-sf1,mado,tpch,Q11,Medium,postgresql,indexed,1,7,1,-1,django,orm,q11s6,2,0.120253,,ok,,15min,1.0,82024,125472114520192,2026-09-05T02:02:25.116+00:00
0594ac6c7a2b,campaign-sf1,mado,tpch,Q11,Medium,postgresql,indexed,1,7,1,-1,sqlalchemy,sql,q11s6,2,0.118936,,ok,,15min,1.0,82024,125472114520192,2026-09-05T02:02:25.235+00:00
0594ac6c7a2b,campaign-sf1,mado,tpch,Q11,Medium,postgresql,indexed,1,7,1,-1,sqlalchemy,orm,q11s6,2,0.123973,,ok,,15min,1.0,82024,125472114520192,2026-09-05T02:02:25.359+00:00
0594ac6c7a2b,campaign-sf1,mado,tpch,Q11,Medium,postgresql,indexed,1,7,1,0,django,orm,q11s6,0,0.117532,1469,ok,,15min,1.0,82024,125472114520192,2026-09-05T02:02:25.476+00:00
0594ac6c7a2b,campaign-sf1,mado,tpch,Q11,Medium,postgresql,indexed,1,7,1,1,sqlalchemy,orm,q11s6,0,0.124812,1469,ok,,15min,1.0,82024,125472114520192,2026-09-05T02:02:25.601+00:00
0594ac6c7a2b,campaign-sf1,mado,tpch,Q11,Medium,postgresql,indexed,1,7,1,2,django,sql,q11s6,0,0.115832,1469,ok,,15min,1.0,82024,125472114520192,2026-09-05T02:02:25.717+00:00
0594ac6c7a2b,campaign-sf1,mado,tpch,Q11,Medium,postgresql,indexed,1,7,1,3,sqlalchemy,sql,q11s6,0,0.118903,1469,ok,,15min,1.0,82024,125472114520192,2026-09-05T02:02:25.836+00:00
0594ac6c7a2b,campaign-sf1,mado,tpch,Q11,Medium,postgresql,indexed,1,8,2,-1,django,sql,q11s7,2,0.13189,,ok,,15min,1.0,82024,125472114520192,2026-09-05T02:02:25.973+00:00
0594ac6c7a2b,campaign-sf1,mado,tpch,Q11,Medium,postgresql,indexed,1,8,2,-1,django,orm,q11s7,2,0.133441,,ok,,15min,1.0,82024,125472114520192,2026-09-05T02:02:26.106+00:00
0594ac6c7a2b,campaign-sf1,mado,tpch,Q11,Medium,postgresql,indexed,1,8,2,-1,sqlalchemy,sql,q11s7,2,0.1324,,ok,,15min,1.0,82024,125472114520192,2026-09-05T02:02:26.239+00:00
0594ac6c7a2b,campaign-sf1,mado,tpch,Q11,Medium,postgresql,indexed,1,8,2,-1,sqlalchemy,orm,q11s7,2,0.136178,,ok,,15min,1.0,82024,125472114520192,2026-09-05T02:02:26.375+00:00
0594ac6c7a2b,campaign-sf1,mado,tpch,Q11,Medium,postgresql,indexed,1,8,2,0,sqlalchemy,orm,q11s7,0,0.13664,786,ok,,15min,1.0,82024,125472114520192,2026-09-05T02:02:26.512+00:00
0594ac6c7a2b,campaign-sf1,mado,tpch,Q11,Medium,postgresql,indexed,1,8,2,1,sqlalchemy,sql,q11s7,0,0.132574,786,ok,,15min,1.0,82024,125472114520192,2026-09-05T02:02:26.644+00:00
0594ac6c7a2b,campaign-sf1,mado,tpch,Q11,Medium,postgresql,indexed,1,8,2,2,django,orm,q11s7,0,0.131012,786,ok,,15min,1.0,82024,125472114520192,2026-09-05T02:02:26.775+00:00
0594ac6c7a2b,campaign-sf1,mado,tpch,Q11,Medium,postgresql,indexed,1,8,2,3,django,sql,q11s7,0,0.129927,786,ok,,15min,1.0,82024,125472114520192,2026-09-05T02:02:26.905+00:00
bd9d32dcd35a,campaign-sf1,mado,tpch,Q12,Medium,postgresql,indexed,1,0,2,0,sqlalchemy,orm,q12warm,1,0.935439,2,ok,,15min,1.0,82044,123348234511632,2026-09-05T02:02:29.088+00:00
bd9d32dcd35a,campaign-sf1,mado,tpch,Q12,Medium,postgresql,indexed,1,0,2,1,sqlalchemy,sql,q12warm,1,0.692836,2,ok,,15min,1.0,82044,123348234511632,2026-09-05T02:02:29.780+00:00
bd9d32dcd35a,campaign-sf1,mado,tpch,Q12,Medium,postgresql,indexed,1,0,2,2,django,orm,q12warm,1,0.86832,2,ok,,15min,1.0,82044,123348234511632,2026-09-05T02:02:30.649+00:00
bd9d32dcd35a,campaign-sf1,mado,tpch,Q12,Medium,postgresql,indexed,1,0,2,3,django,sql,q12warm,1,0.694637,2,ok,,15min,1.0,82044,123348234511632,2026-09-05T02:02:31.344+00:00
bd9d32dcd35a,campaign-sf1,mado,tpch,Q12,Medium,postgresql,indexed,1,1,0,-1,django,sql,q12s0,2,0.719766,,ok,,15min,1.0,82044,123348234511632,2026-09-05T02:02:32.068+00:00
bd9d32dcd35a,campaign-sf1,mado,tpch,Q12,Medium,postgresql,indexed,1,1,0,-1,django,orm,q12s0,2,0.697452,,ok,,15min,1.0,82044,123348234511632,2026-09-05T02:02:32.766+00:00
bd9d32dcd35a,campaign-sf1,mado,tpch,Q12,Medium,postgresql,indexed,1,1,0,-1,sqlalchemy,sql,q12s0,2,0.684384,,ok,,15min,1.0,82044,123348234511632,2026-09-05T02:02:33.450+00:00
bd9d32dcd35a,campaign-sf1,mado,tpch,Q12,Medium,postgresql,indexed,1,1,0,-1,sqlalchemy,orm,q12s0,2,0.686877,,ok,,15min,1.0,82044,123348234511632,2026-09-05T02:02:34.137+00:00
bd9d32dcd35a,campaign-sf1,mado,tpch,Q12,Medium,postgresql,indexed,1,1,0,0,django,sql,q12s0,0,0.694862,2,ok,,15min,1.0,82044,123348234511632,2026-09-05T02:02:34.832+00:00
bd9d32dcd35a,campaign-sf1,mado,tpch,Q12,Medium,postgresql,indexed,1,1,0,1,django,orm,q12s0,0,0.69795,2,ok,,15min,1.0,82044,123348234511632,2026-09-05T02:02:35.530+00:00
bd9d32dcd35a,campaign-sf1,mado,tpch,Q12,Medium,postgresql,indexed,1,1,0,2,sqlalchemy,sql,q12s0,0,0.697487,2,ok,,15min,1.0,82044,123348234511632,2026-09-05T02:02:36.228+00:00
bd9d32dcd35a,campaign-sf1,mado,tpch,Q12,Medium,postgresql,indexed,1,1,0,3,sqlalchemy,orm,q12s0,0,0.696947,2,ok,,15min,1.0,82044,123348234511632,2026-09-05T02:02:36.925+00:00
bd9d32dcd35a,campaign-sf1,mado,tpch,Q12,Medium,postgresql,indexed,1,2,2,-1,django,sql,q12s1,2,0.718245,,ok,,15min,1.0,82044,123348234511632,2026-09-05T02:02:37.648+00:00
bd9d32dcd35a,campaign-sf1,mado,tpch,Q12,Medium,postgresql,indexed,1,2,2,-1,django,orm,q12s1,2,0.686956,,ok,,15min,1.0,82044,123348234511632,2026-09-05T02:02:38.335+00:00
bd9d32dcd35a,campaign-sf1,mado,tpch,Q12,Medium,postgresql,indexed,1,2,2,-1,sqlalchemy,sql,q12s1,2,0.700968,,ok,,15min,1.0,82044,123348234511632,2026-09-05T02:02:39.036+00:00
bd9d32dcd35a,campaign-sf1,mado,tpch,Q12,Medium,postgresql,indexed,1,2,2,-1,sqlalchemy,orm,q12s1,2,0.698178,,ok,,15min,1.0,82044,123348234511632,2026-09-05T02:02:39.734+00:00
bd9d32dcd35a,campaign-sf1,mado,tpch,Q12,Medium,postgresql,indexed,1,2,2,0,sqlalchemy,orm,q12s1,0,0.688853,2,ok,,15min,1.0,82044,123348234511632,2026-09-05T02:02:40.423+00:00
bd9d32dcd35a,campaign-sf1,mado,tpch,Q12,Medium,postgresql,indexed,1,2,2,1,sqlalchemy,sql,q12s1,0,0.687674,2,ok,,15min,1.0,82044,123348234511632,2026-09-05T02:02:41.111+00:00
bd9d32dcd35a,campaign-sf1,mado,tpch,Q12,Medium,postgresql,indexed,1,2,2,2,django,orm,q12s1,0,0.688188,2,ok,,15min,1.0,82044,123348234511632,2026-09-05T02:02:41.799+00:00
bd9d32dcd35a,campaign-sf1,mado,tpch,Q12,Medium,postgresql,indexed,1,2,2,3,django,sql,q12s1,0,0.684039,2,ok,,15min,1.0,82044,123348234511632,2026-09-05T02:02:42.483+00:00
bd9d32dcd35a,campaign-sf1,mado,tpch,Q12,Medium,postgresql,indexed,1,3,3,-1,django,sql,q12s2,2,0.714129,,ok,,15min,1.0,82044,123348234511632,2026-09-05T02:02:43.201+00:00
bd9d32dcd35a,campaign-sf1,mado,tpch,Q12,Medium,postgresql,indexed,1,3,3,-1,django,orm,q12s2,2,0.686766,,ok,,15min,1.0,82044,123348234511632,2026-09-05T02:02:43.888+00:00
bd9d32dcd35a,campaign-sf1,mado,tpch,Q12,Medium,postgresql,indexed,1,3,3,-1,sqlalchemy,sql,q12s2,2,0.687003,,ok,,15min,1.0,82044,123348234511632,2026-09-05T02:02:44.575+00:00
bd9d32dcd35a,campaign-sf1,mado,tpch,Q12,Medium,postgresql,indexed,1,3,3,-1,sqlalchemy,orm,q12s2,2,0.687354,,ok,,15min,1.0,82044,123348234511632,2026-09-05T02:02:45.263+00:00
bd9d32dcd35a,campaign-sf1,mado,tpch,Q12,Medium,postgresql,indexed,1,3,3,0,sqlalchemy,sql,q12s2,0,0.686642,2,ok,,15min,1.0,82044,123348234511632,2026-09-05T02:02:45.949+00:00
bd9d32dcd35a,campaign-sf1,mado,tpch,Q12,Medium,postgresql,indexed,1,3,3,1,django,sql,q12s2,0,0.683647,2,ok,,15min,1.0,82044,123348234511632,2026-09-05T02:02:46.633+00:00
bd9d32dcd35a,campaign-sf1,mado,tpch,Q12,Medium,postgresql,indexed,1,3,3,2,sqlalchemy,orm,q12s2,0,0.686496,2,ok,,15min,1.0,82044,123348234511632,2026-09-05T02:02:47.320+00:00
bd9d32dcd35a,campaign-sf1,mado,tpch,Q12,Medium,postgresql,indexed,1,3,3,3,django,orm,q12s2,0,0.685963,2,ok,,15min,1.0,82044,123348234511632,2026-09-05T02:02:48.006+00:00
bd9d32dcd35a,campaign-sf1,mado,tpch,Q12,Medium,postgresql,indexed,1,4,1,-1,django,sql,q12s3,2,0.710674,,ok,,15min,1.0,82044,123348234511632,2026-09-05T02:02:48.724+00:00
bd9d32dcd35a,campaign-sf1,mado,tpch,Q12,Medium,postgresql,indexed,1,4,1,-1,django,orm,q12s3,2,0.704603,,ok,,15min,1.0,82044,123348234511632,2026-09-05T02:02:49.428+00:00
bd9d32dcd35a,campaign-sf1,mado,tpch,Q12,Medium,postgresql,indexed,1,4,1,-1,sqlalchemy,sql,q12s3,2,0.69701,,ok,,15min,1.0,82044,123348234511632,2026-09-05T02:02:50.126+00:00
bd9d32dcd35a,campaign-sf1,mado,tpch,Q12,Medium,postgresql,indexed,1,4,1,-1,sqlalchemy,orm,q12s3,2,0.690604,,ok,,15min,1.0,82044,123348234511632,2026-09-05T02:02:50.816+00:00
bd9d32dcd35a,campaign-sf1,mado,tpch,Q12,Medium,postgresql,indexed,1,4,1,0,django,orm,q12s3,0,0.686298,2,ok,,15min,1.0,82044,123348234511632,2026-09-05T02:02:51.503+00:00
bd9d32dcd35a,campaign-sf1,mado,tpch,Q12,Medium,postgresql,indexed,1,4,1,1,sqlalchemy,orm,q12s3,0,0.686662,2,ok,,15min,1.0,82044,123348234511632,2026-09-05T02:02:52.189+00:00
bd9d32dcd35a,campaign-sf1,mado,tpch,Q12,Medium,postgresql,indexed,1,4,1,2,django,sql,q12s3,0,0.686926,2,ok,,15min,1.0,82044,123348234511632,2026-09-05T02:02:52.876+00:00
bd9d32dcd35a,campaign-sf1,mado,tpch,Q12,Medium,postgresql,indexed,1,4,1,3,sqlalchemy,sql,q12s3,0,0.686216,2,ok,,15min,1.0,82044,123348234511632,2026-09-05T02:02:53.563+00:00
bd9d32dcd35a,campaign-sf1,mado,tpch,Q12,Medium,postgresql,indexed,1,5,2,-1,django,sql,q12s4,2,0.70516,,ok,,15min,1.0,82044,123348234511632,2026-09-05T02:02:54.272+00:00
bd9d32dcd35a,campaign-sf1,mado,tpch,Q12,Medium,postgresql,indexed,1,5,2,-1,django,orm,q12s4,2,0.690567,,ok,,15min,1.0,82044,123348234511632,2026-09-05T02:02:54.963+00:00
bd9d32dcd35a,campaign-sf1,mado,tpch,Q12,Medium,postgresql,indexed,1,5,2,-1,sqlalchemy,sql,q12s4,2,0.686404,,ok,,15min,1.0,82044,123348234511632,2026-09-05T02:02:55.649+00:00
bd9d32dcd35a,campaign-sf1,mado,tpch,Q12,Medium,postgresql,indexed,1,5,2,-1,sqlalchemy,orm,q12s4,2,0.700515,,ok,,15min,1.0,82044,123348234511632,2026-09-05T02:02:56.350+00:00
bd9d32dcd35a,campaign-sf1,mado,tpch,Q12,Medium,postgresql,indexed,1,5,2,0,sqlalchemy,orm,q12s4,0,0.687588,2,ok,,15min,1.0,82044,123348234511632,2026-09-05T02:02:57.038+00:00
bd9d32dcd35a,campaign-sf1,mado,tpch,Q12,Medium,postgresql,indexed,1,5,2,1,sqlalchemy,sql,q12s4,0,0.685924,2,ok,,15min,1.0,82044,123348234511632,2026-09-05T02:02:57.724+00:00
bd9d32dcd35a,campaign-sf1,mado,tpch,Q12,Medium,postgresql,indexed,1,5,2,2,django,orm,q12s4,0,0.687993,2,ok,,15min,1.0,82044,123348234511632,2026-09-05T02:02:58.412+00:00
bd9d32dcd35a,campaign-sf1,mado,tpch,Q12,Medium,postgresql,indexed,1,5,2,3,django,sql,q12s4,0,0.700289,2,ok,,15min,1.0,82044,123348234511632,2026-09-05T02:02:59.112+00:00
bd9d32dcd35a,campaign-sf1,mado,tpch,Q12,Medium,postgresql,indexed,1,6,0,-1,django,sql,q12s5,2,0.717183,,ok,,15min,1.0,82044,123348234511632,2026-09-05T02:02:59.834+00:00
bd9d32dcd35a,campaign-sf1,mado,tpch,Q12,Medium,postgresql,indexed,1,6,0,-1,django,orm,q12s5,2,0.691331,,ok,,15min,1.0,82044,123348234511632,2026-09-05T02:03:00.525+00:00
bd9d32dcd35a,campaign-sf1,mado,tpch,Q12,Medium,postgresql,indexed,1,6,0,-1,sqlalchemy,sql,q12s5,2,0.688882,,ok,,15min,1.0,82044,123348234511632,2026-09-05T02:03:01.214+00:00
bd9d32dcd35a,campaign-sf1,mado,tpch,Q12,Medium,postgresql,indexed,1,6,0,-1,sqlalchemy,orm,q12s5,2,0.688564,,ok,,15min,1.0,82044,123348234511632,2026-09-05T02:03:01.903+00:00
bd9d32dcd35a,campaign-sf1,mado,tpch,Q12,Medium,postgresql,indexed,1,6,0,0,django,sql,q12s5,0,0.684753,2,ok,,15min,1.0,82044,123348234511632,2026-09-05T02:03:02.588+00:00
bd9d32dcd35a,campaign-sf1,mado,tpch,Q12,Medium,postgresql,indexed,1,6,0,1,django,orm,q12s5,0,0.690614,2,ok,,15min,1.0,82044,123348234511632,2026-09-05T02:03:03.279+00:00
bd9d32dcd35a,campaign-sf1,mado,tpch,Q12,Medium,postgresql,indexed,1,6,0,2,sqlalchemy,sql,q12s5,0,0.686151,2,ok,,15min,1.0,82044,123348234511632,2026-09-05T02:03:03.965+00:00
bd9d32dcd35a,campaign-sf1,mado,tpch,Q12,Medium,postgresql,indexed,1,6,0,3,sqlalchemy,orm,q12s5,0,0.687662,2,ok,,15min,1.0,82044,123348234511632,2026-09-05T02:03:04.653+00:00
bd9d32dcd35a,campaign-sf1,mado,tpch,Q12,Medium,postgresql,indexed,1,7,3,-1,django,sql,q12s6,2,0.694949,,ok,,15min,1.0,82044,123348234511632,2026-09-05T02:03:05.355+00:00
bd9d32dcd35a,campaign-sf1,mado,tpch,Q12,Medium,postgresql,indexed,1,7,3,-1,django,orm,q12s6,2,0.688309,,ok,,15min,1.0,82044,123348234511632,2026-09-05T02:03:06.043+00:00
bd9d32dcd35a,campaign-sf1,mado,tpch,Q12,Medium,postgresql,indexed,1,7,3,-1,sqlalchemy,sql,q12s6,2,0.68728,,ok,,15min,1.0,82044,123348234511632,2026-09-05T02:03:06.730+00:00
bd9d32dcd35a,campaign-sf1,mado,tpch,Q12,Medium,postgresql,indexed,1,7,3,-1,sqlalchemy,orm,q12s6,2,0.687707,,ok,,15min,1.0,82044,123348234511632,2026-09-05T02:03:07.418+00:00
bd9d32dcd35a,campaign-sf1,mado,tpch,Q12,Medium,postgresql,indexed,1,7,3,0,sqlalchemy,sql,q12s6,0,0.686963,2,ok,,15min,1.0,82044,123348234511632,2026-09-05T02:03:08.105+00:00
bd9d32dcd35a,campaign-sf1,mado,tpch,Q12,Medium,postgresql,indexed,1,7,3,1,django,sql,q12s6,0,0.688776,2,ok,,15min,1.0,82044,123348234511632,2026-09-05T02:03:08.794+00:00
bd9d32dcd35a,campaign-sf1,mado,tpch,Q12,Medium,postgresql,indexed,1,7,3,2,sqlalchemy,orm,q12s6,0,0.688042,2,ok,,15min,1.0,82044,123348234511632,2026-09-05T02:03:09.482+00:00
bd9d32dcd35a,campaign-sf1,mado,tpch,Q12,Medium,postgresql,indexed,1,7,3,3,django,orm,q12s6,0,0.688587,2,ok,,15min,1.0,82044,123348234511632,2026-09-05T02:03:10.171+00:00
bd9d32dcd35a,campaign-sf1,mado,tpch,Q12,Medium,postgresql,indexed,1,8,1,-1,django,sql,q12s7,2,0.698986,,ok,,15min,1.0,82044,123348234511632,2026-09-05T02:03:10.875+00:00
bd9d32dcd35a,campaign-sf1,mado,tpch,Q12,Medium,postgresql,indexed,1,8,1,-1,django,orm,q12s7,2,0.687571,,ok,,15min,1.0,82044,123348234511632,2026-09-05T02:03:11.562+00:00
bd9d32dcd35a,campaign-sf1,mado,tpch,Q12,Medium,postgresql,indexed,1,8,1,-1,sqlalchemy,sql,q12s7,2,0.688104,,ok,,15min,1.0,82044,123348234511632,2026-09-05T02:03:12.250+00:00
bd9d32dcd35a,campaign-sf1,mado,tpch,Q12,Medium,postgresql,indexed,1,8,1,-1,sqlalchemy,orm,q12s7,2,0.689074,,ok,,15min,1.0,82044,123348234511632,2026-09-05T02:03:12.940+00:00
bd9d32dcd35a,campaign-sf1,mado,tpch,Q12,Medium,postgresql,indexed,1,8,1,0,django,orm,q12s7,0,0.694692,2,ok,,15min,1.0,82044,123348234511632,2026-09-05T02:03:13.634+00:00
bd9d32dcd35a,campaign-sf1,mado,tpch,Q12,Medium,postgresql,indexed,1,8,1,1,sqlalchemy,orm,q12s7,0,0.689079,2,ok,,15min,1.0,82044,123348234511632,2026-09-05T02:03:14.324+00:00
bd9d32dcd35a,campaign-sf1,mado,tpch,Q12,Medium,postgresql,indexed,1,8,1,2,django,sql,q12s7,0,0.685198,2,ok,,15min,1.0,82044,123348234511632,2026-09-05T02:03:15.009+00:00
bd9d32dcd35a,campaign-sf1,mado,tpch,Q12,Medium,postgresql,indexed,1,8,1,3,sqlalchemy,sql,q12s7,0,0.686204,2,ok,,15min,1.0,82044,123348234511632,2026-09-05T02:03:15.695+00:00
e6907fd7ba49,campaign-sf1,mado,tpch,Q13,Complex,postgresql,indexed,1,0,2,0,sqlalchemy,orm,q13warm,1,1.937175,42,ok,,15min,1.0,82069,130844044944464,2026-09-05T02:03:18.884+00:00
e6907fd7ba49,campaign-sf1,mado,tpch,Q13,Complex,postgresql,indexed,1,0,2,1,sqlalchemy,sql,q13warm,1,1.816646,42,ok,,15min,1.0,82069,130844044944464,2026-09-05T02:03:20.701+00:00
e6907fd7ba49,campaign-sf1,mado,tpch,Q13,Complex,postgresql,indexed,1,0,2,2,django,orm,q13warm,1,3.524257,42,ok,,15min,1.0,82069,130844044944464,2026-09-05T02:03:24.226+00:00
e6907fd7ba49,campaign-sf1,mado,tpch,Q13,Complex,postgresql,indexed,1,0,2,3,django,sql,q13warm,1,1.81554,42,ok,,15min,1.0,82069,130844044944464,2026-09-05T02:03:26.041+00:00
e6907fd7ba49,campaign-sf1,mado,tpch,Q13,Complex,postgresql,indexed,1,1,3,-1,django,sql,q13s0,2,1.887469,,ok,,15min,1.0,82069,130844044944464,2026-09-05T02:03:27.933+00:00
e6907fd7ba49,campaign-sf1,mado,tpch,Q13,Complex,postgresql,indexed,1,1,3,-1,django,orm,q13s0,2,3.36876,,ok,,15min,1.0,82069,130844044944464,2026-09-05T02:03:31.302+00:00
e6907fd7ba49,campaign-sf1,mado,tpch,Q13,Complex,postgresql,indexed,1,1,3,-1,sqlalchemy,sql,q13s0,2,1.893372,,ok,,15min,1.0,82069,130844044944464,2026-09-05T02:03:33.196+00:00
e6907fd7ba49,campaign-sf1,mado,tpch,Q13,Complex,postgresql,indexed,1,1,3,-1,sqlalchemy,orm,q13s0,2,1.892296,,ok,,15min,1.0,82069,130844044944464,2026-09-05T02:03:35.088+00:00
e6907fd7ba49,campaign-sf1,mado,tpch,Q13,Complex,postgresql,indexed,1,1,3,0,sqlalchemy,sql,q13s0,0,1.893423,42,ok,,15min,1.0,82069,130844044944464,2026-09-05T02:03:36.982+00:00
e6907fd7ba49,campaign-sf1,mado,tpch,Q13,Complex,postgresql,indexed,1,1,3,1,django,sql,q13s0,0,1.887544,42,ok,,15min,1.0,82069,130844044944464,2026-09-05T02:03:38.869+00:00
e6907fd7ba49,campaign-sf1,mado,tpch,Q13,Complex,postgresql,indexed,1,1,3,2,sqlalchemy,orm,q13s0,0,1.904644,42,ok,,15min,1.08,82069,130844044944464,2026-09-05T02:03:40.774+00:00
e6907fd7ba49,campaign-sf1,mado,tpch,Q13,Complex,postgresql,indexed,1,1,3,3,django,orm,q13s0,0,3.404098,42,ok,,15min,1.08,82069,130844044944464,2026-09-05T02:03:44.178+00:00
e6907fd7ba49,campaign-sf1,mado,tpch,Q13,Complex,postgresql,indexed,1,2,1,-1,django,sql,q13s1,2,1.762005,,ok,,15min,1.07,82069,130844044944464,2026-09-05T02:03:45.945+00:00
e6907fd7ba49,campaign-sf1,mado,tpch,Q13,Complex,postgresql,indexed,1,2,1,-1,django,orm,q13s1,2,3.276982,,ok,,15min,1.07,82069,130844044944464,2026-09-05T02:03:49.222+00:00
e6907fd7ba49,campaign-sf1,mado,tpch,Q13,Complex,postgresql,indexed,1,2,1,-1,sqlalchemy,sql,q13s1,2,1.78888,,ok,,15min,1.07,82069,130844044944464,2026-09-05T02:03:51.011+00:00
e6907fd7ba49,campaign-sf1,mado,tpch,Q13,Complex,postgresql,indexed,1,2,1,-1,sqlalchemy,orm,q13s1,2,1.771371,,ok,,15min,1.07,82069,130844044944464,2026-09-05T02:03:52.782+00:00
e6907fd7ba49,campaign-sf1,mado,tpch,Q13,Complex,postgresql,indexed,1,2,1,0,django,orm,q13s1,0,3.253544,41,ok,,15min,1.06,82069,130844044944464,2026-09-05T02:03:56.036+00:00
e6907fd7ba49,campaign-sf1,mado,tpch,Q13,Complex,postgresql,indexed,1,2,1,1,sqlalchemy,orm,q13s1,0,1.783595,41,ok,,15min,1.06,82069,130844044944464,2026-09-05T02:03:57.820+00:00
e6907fd7ba49,campaign-sf1,mado,tpch,Q13,Complex,postgresql,indexed,1,2,1,2,django,sql,q13s1,0,1.762877,41,ok,,15min,1.06,82069,130844044944464,2026-09-05T02:03:59.583+00:00
e6907fd7ba49,campaign-sf1,mado,tpch,Q13,Complex,postgresql,indexed,1,2,1,3,sqlalchemy,sql,q13s1,0,1.784382,41,ok,,15min,1.06,82069,130844044944464,2026-09-05T02:04:01.367+00:00
e6907fd7ba49,campaign-sf1,mado,tpch,Q13,Complex,postgresql,indexed,1,3,2,-1,django,sql,q13s2,2,1.807439,,ok,,15min,1.06,82069,130844044944464,2026-09-05T02:04:03.179+00:00
e6907fd7ba49,campaign-sf1,mado,tpch,Q13,Complex,postgresql,indexed,1,3,2,-1,django,orm,q13s2,2,3.313012,,ok,,15min,1.05,82069,130844044944464,2026-09-05T02:04:06.492+00:00
e6907fd7ba49,campaign-sf1,mado,tpch,Q13,Complex,postgresql,indexed,1,3,2,-1,sqlalchemy,sql,q13s2,2,1.829419,,ok,,15min,1.05,82069,130844044944464,2026-09-05T02:04:08.322+00:00
e6907fd7ba49,campaign-sf1,mado,tpch,Q13,Complex,postgresql,indexed,1,3,2,-1,sqlalchemy,orm,q13s2,2,1.827749,,ok,,15min,1.05,82069,130844044944464,2026-09-05T02:04:10.149+00:00
e6907fd7ba49,campaign-sf1,mado,tpch,Q13,Complex,postgresql,indexed,1,3,2,0,sqlalchemy,orm,q13s2,0,1.837256,42,ok,,15min,1.05,82069,130844044944464,2026-09-05T02:04:11.987+00:00
e6907fd7ba49,campaign-sf1,mado,tpch,Q13,Complex,postgresql,indexed,1,3,2,1,sqlalchemy,sql,q13s2,0,1.819415,42,ok,,15min,1.05,82069,130844044944464,2026-09-05T02:04:13.806+00:00
e6907fd7ba49,campaign-sf1,mado,tpch,Q13,Complex,postgresql,indexed,1,3,2,2,django,orm,q13s2,0,3.278028,42,ok,,15min,1.04,82069,130844044944464,2026-09-05T02:04:17.084+00:00
e6907fd7ba49,campaign-sf1,mado,tpch,Q13,Complex,postgresql,indexed,1,3,2,3,django,sql,q13s2,0,1.817227,42,ok,,15min,1.04,82069,130844044944464,2026-09-05T02:04:18.902+00:00
e6907fd7ba49,campaign-sf1,mado,tpch,Q13,Complex,postgresql,indexed,1,4,0,-1,django,sql,q13s3,2,1.935723,,ok,,15min,1.04,82069,130844044944464,2026-09-05T02:04:20.842+00:00
e6907fd7ba49,campaign-sf1,mado,tpch,Q13,Complex,postgresql,indexed,1,4,0,-1,django,orm,q13s3,2,3.438119,,ok,,15min,1.04,82069,130844044944464,2026-09-05T02:04:24.280+00:00
e6907fd7ba49,campaign-sf1,mado,tpch,Q13,Complex,postgresql,indexed,1,4,0,-1,sqlalchemy,sql,q13s3,2,1.958215,,ok,,15min,1.04,82069,130844044944464,2026-09-05T02:04:26.239+00:00
e6907fd7ba49,campaign-sf1,mado,tpch,Q13,Complex,postgresql,indexed,1,4,0,-1,sqlalchemy,orm,q13s3,2,1.947344,,ok,,15min,1.04,82069,130844044944464,2026-09-05T02:04:28.186+00:00
e6907fd7ba49,campaign-sf1,mado,tpch,Q13,Complex,postgresql,indexed,1,4,0,0,django,sql,q13s3,0,1.931841,41,ok,,15min,1.04,82069,130844044944464,2026-09-05T02:04:30.118+00:00
e6907fd7ba49,campaign-sf1,mado,tpch,Q13,Complex,postgresql,indexed,1,4,0,1,django,orm,q13s3,0,3.448868,41,ok,,15min,1.03,82069,130844044944464,2026-09-05T02:04:33.567+00:00
e6907fd7ba49,campaign-sf1,mado,tpch,Q13,Complex,postgresql,indexed,1,4,0,2,sqlalchemy,sql,q13s3,0,1.985269,41,ok,,15min,1.03,82069,130844044944464,2026-09-05T02:04:35.552+00:00
e6907fd7ba49,campaign-sf1,mado,tpch,Q13,Complex,postgresql,indexed,1,4,0,3,sqlalchemy,orm,q13s3,0,1.952641,41,ok,,15min,1.03,82069,130844044944464,2026-09-05T02:04:37.505+00:00
e6907fd7ba49,campaign-sf1,mado,tpch,Q13,Complex,postgresql,indexed,1,5,2,-1,django,sql,q13s4,2,1.878205,,ok,,15min,1.03,82069,130844044944464,2026-09-05T02:04:39.388+00:00
e6907fd7ba49,campaign-sf1,mado,tpch,Q13,Complex,postgresql,indexed,1,5,2,-1,django,orm,q13s4,2,3.363267,,ok,,15min,1.03,82069,130844044944464,2026-09-05T02:04:42.751+00:00
e6907fd7ba49,campaign-sf1,mado,tpch,Q13,Complex,postgresql,indexed,1,5,2,-1,sqlalchemy,sql,q13s4,2,1.890895,,ok,,15min,1.03,82069,130844044944464,2026-09-05T02:04:44.642+00:00
e6907fd7ba49,campaign-sf1,mado,tpch,Q13,Complex,postgresql,indexed,1,5,2,-1,sqlalchemy,orm,q13s4,2,1.886454,,ok,,15min,1.02,82069,130844044944464,2026-09-05T02:04:46.529+00:00
e6907fd7ba49,campaign-sf1,mado,tpch,Q13,Complex,postgresql,indexed,1,5,2,0,sqlalchemy,orm,q13s4,0,1.898893,42,ok,,15min,1.02,82069,130844044944464,2026-09-05T02:04:48.428+00:00
e6907fd7ba49,campaign-sf1,mado,tpch,Q13,Complex,postgresql,indexed,1,5,2,1,sqlalchemy,sql,q13s4,0,1.898566,42,ok,,15min,1.02,82069,130844044944464,2026-09-05T02:04:50.327+00:00
e6907fd7ba49,campaign-sf1,mado,tpch,Q13,Complex,postgresql,indexed,1,5,2,2,django,orm,q13s4,0,3.355094,42,ok,,15min,1.02,82069,130844044944464,2026-09-05T02:04:53.682+00:00
e6907fd7ba49,campaign-sf1,mado,tpch,Q13,Complex,postgresql,indexed,1,5,2,3,django,sql,q13s4,0,1.870783,42,ok,,15min,1.02,82069,130844044944464,2026-09-05T02:04:55.553+00:00
e6907fd7ba49,campaign-sf1,mado,tpch,Q13,Complex,postgresql,indexed,1,6,3,-1,django,sql,q13s5,2,1.939596,,ok,,15min,1.02,82069,130844044944464,2026-09-05T02:04:57.497+00:00
e6907fd7ba49,campaign-sf1,mado,tpch,Q13,Complex,postgresql,indexed,1,6,3,-1,django,orm,q13s5,2,3.434932,,ok,,15min,1.02,82069,130844044944464,2026-09-05T02:05:00.932+00:00
e6907fd7ba49,campaign-sf1,mado,tpch,Q13,Complex,postgresql,indexed,1,6,3,-1,sqlalchemy,sql,q13s5,2,1.966873,,ok,,15min,1.02,82069,130844044944464,2026-09-05T02:05:02.899+00:00
e6907fd7ba49,campaign-sf1,mado,tpch,Q13,Complex,postgresql,indexed,1,6,3,-1,sqlalchemy,orm,q13s5,2,1.95153,,ok,,15min,1.02,82069,130844044944464,2026-09-05T02:05:04.850+00:00
e6907fd7ba49,campaign-sf1,mado,tpch,Q13,Complex,postgresql,indexed,1,6,3,0,sqlalchemy,sql,q13s5,0,1.958649,42,ok,,15min,1.02,82069,130844044944464,2026-09-05T02:05:06.809+00:00
e6907fd7ba49,campaign-sf1,mado,tpch,Q13,Complex,postgresql,indexed,1,6,3,1,django,sql,q13s5,0,1.932822,42,ok,,15min,1.02,82069,130844044944464,2026-09-05T02:05:08.742+00:00
e6907fd7ba49,campaign-sf1,mado,tpch,Q13,Complex,postgresql,indexed,1,6,3,2,sqlalchemy,orm,q13s5,0,1.960834,42,ok,,15min,1.02,82069,130844044944464,2026-09-05T02:05:10.703+00:00
e6907fd7ba49,campaign-sf1,mado,tpch,Q13,Complex,postgresql,indexed,1,6,3,3,django,orm,q13s5,0,3.435873,42,ok,,15min,1.02,82069,130844044944464,2026-09-05T02:05:14.139+00:00
e6907fd7ba49,campaign-sf1,mado,tpch,Q13,Complex,postgresql,indexed,1,7,1,-1,django,sql,q13s6,2,1.754298,,ok,,15min,1.01,82069,130844044944464,2026-09-05T02:05:15.898+00:00
e6907fd7ba49,campaign-sf1,mado,tpch,Q13,Complex,postgresql,indexed,1,7,1,-1,django,orm,q13s6,2,3.244538,,ok,,15min,1.01,82069,130844044944464,2026-09-05T02:05:19.143+00:00
e6907fd7ba49,campaign-sf1,mado,tpch,Q13,Complex,postgresql,indexed,1,7,1,-1,sqlalchemy,sql,q13s6,2,1.783104,,ok,,15min,1.01,82069,130844044944464,2026-09-05T02:05:20.926+00:00
e6907fd7ba49,campaign-sf1,mado,tpch,Q13,Complex,postgresql,indexed,1,7,1,-1,sqlalchemy,orm,q13s6,2,1.77566,,ok,,15min,1.01,82069,130844044944464,2026-09-05T02:05:22.702+00:00
e6907fd7ba49,campaign-sf1,mado,tpch,Q13,Complex,postgresql,indexed,1,7,1,0,django,orm,q13s6,0,3.224059,42,ok,,15min,1.01,82069,130844044944464,2026-09-05T02:05:25.926+00:00
e6907fd7ba49,campaign-sf1,mado,tpch,Q13,Complex,postgresql,indexed,1,7,1,1,sqlalchemy,orm,q13s6,0,1.789533,42,ok,,15min,1.01,82069,130844044944464,2026-09-05T02:05:27.715+00:00
e6907fd7ba49,campaign-sf1,mado,tpch,Q13,Complex,postgresql,indexed,1,7,1,2,django,sql,q13s6,0,1.75094,42,ok,,15min,1.01,82069,130844044944464,2026-09-05T02:05:29.466+00:00
e6907fd7ba49,campaign-sf1,mado,tpch,Q13,Complex,postgresql,indexed,1,7,1,3,sqlalchemy,sql,q13s6,0,1.776915,42,ok,,15min,1.01,82069,130844044944464,2026-09-05T02:05:31.243+00:00
e6907fd7ba49,campaign-sf1,mado,tpch,Q13,Complex,postgresql,indexed,1,8,0,-1,django,sql,q13s7,2,1.938066,,ok,,15min,1.01,82069,130844044944464,2026-09-05T02:05:33.186+00:00
e6907fd7ba49,campaign-sf1,mado,tpch,Q13,Complex,postgresql,indexed,1,8,0,-1,django,orm,q13s7,2,3.437051,,ok,,15min,1.09,82069,130844044944464,2026-09-05T02:05:36.623+00:00
e6907fd7ba49,campaign-sf1,mado,tpch,Q13,Complex,postgresql,indexed,1,8,0,-1,sqlalchemy,sql,q13s7,2,1.957546,,ok,,15min,1.09,82069,130844044944464,2026-09-05T02:05:38.581+00:00
e6907fd7ba49,campaign-sf1,mado,tpch,Q13,Complex,postgresql,indexed,1,8,0,-1,sqlalchemy,orm,q13s7,2,1.948556,,ok,,15min,1.08,82069,130844044944464,2026-09-05T02:05:40.530+00:00
e6907fd7ba49,campaign-sf1,mado,tpch,Q13,Complex,postgresql,indexed,1,8,0,0,django,sql,q13s7,0,1.938468,42,ok,,15min,1.08,82069,130844044944464,2026-09-05T02:05:42.468+00:00
e6907fd7ba49,campaign-sf1,mado,tpch,Q13,Complex,postgresql,indexed,1,8,0,1,django,orm,q13s7,0,3.433141,42,ok,,15min,1.08,82069,130844044944464,2026-09-05T02:05:45.901+00:00
e6907fd7ba49,campaign-sf1,mado,tpch,Q13,Complex,postgresql,indexed,1,8,0,2,sqlalchemy,sql,q13s7,0,1.991456,42,ok,,15min,1.08,82069,130844044944464,2026-09-05T02:05:47.893+00:00
e6907fd7ba49,campaign-sf1,mado,tpch,Q13,Complex,postgresql,indexed,1,8,0,3,sqlalchemy,orm,q13s7,0,1.950791,42,ok,,15min,1.08,82069,130844044944464,2026-09-05T02:05:49.844+00:00
a733e4a6ebfc,campaign-sf1,mado,tpch,Q14,Simple,postgresql,indexed,1,0,1,0,django,orm,q14warm,1,0.397359,1,ok,,15min,1.07,82141,137034311869376,2026-09-05T02:05:51.501+00:00
a733e4a6ebfc,campaign-sf1,mado,tpch,Q14,Simple,postgresql,indexed,1,0,1,1,sqlalchemy,orm,q14warm,1,0.434438,1,ok,,15min,1.07,82141,137034311869376,2026-09-05T02:05:51.935+00:00
a733e4a6ebfc,campaign-sf1,mado,tpch,Q14,Simple,postgresql,indexed,1,0,1,2,django,sql,q14warm,1,0.242051,1,ok,,15min,1.07,82141,137034311869376,2026-09-05T02:05:52.177+00:00
a733e4a6ebfc,campaign-sf1,mado,tpch,Q14,Simple,postgresql,indexed,1,0,1,3,sqlalchemy,sql,q14warm,1,0.255047,1,ok,,15min,1.07,82141,137034311869376,2026-09-05T02:05:52.432+00:00
a733e4a6ebfc,campaign-sf1,mado,tpch,Q14,Simple,postgresql,indexed,1,1,3,-1,django,sql,q14s0,2,0.243176,,ok,,15min,1.07,82141,137034311869376,2026-09-05T02:05:52.680+00:00
a733e4a6ebfc,campaign-sf1,mado,tpch,Q14,Simple,postgresql,indexed,1,1,3,-1,django,orm,q14s0,2,0.240258,,ok,,15min,1.07,82141,137034311869376,2026-09-05T02:05:52.920+00:00
a733e4a6ebfc,campaign-sf1,mado,tpch,Q14,Simple,postgresql,indexed,1,1,3,-1,sqlalchemy,sql,q14s0,2,0.259211,,ok,,15min,1.07,82141,137034311869376,2026-09-05T02:05:53.180+00:00
a733e4a6ebfc,campaign-sf1,mado,tpch,Q14,Simple,postgresql,indexed,1,1,3,-1,sqlalchemy,orm,q14s0,2,0.256365,,ok,,15min,1.07,82141,137034311869376,2026-09-05T02:05:53.436+00:00
a733e4a6ebfc,campaign-sf1,mado,tpch,Q14,Simple,postgresql,indexed,1,1,3,0,sqlalchemy,sql,q14s0,0,0.255034,1,ok,,15min,1.07,82141,137034311869376,2026-09-05T02:05:53.691+00:00
a733e4a6ebfc,campaign-sf1,mado,tpch,Q14,Simple,postgresql,indexed,1,1,3,1,django,sql,q14s0,0,0.238321,1,ok,,15min,1.07,82141,137034311869376,2026-09-05T02:05:53.930+00:00
a733e4a6ebfc,campaign-sf1,mado,tpch,Q14,Simple,postgresql,indexed,1,1,3,2,sqlalchemy,orm,q14s0,0,0.256118,1,ok,,15min,1.07,82141,137034311869376,2026-09-05T02:05:54.186+00:00
a733e4a6ebfc,campaign-sf1,mado,tpch,Q14,Simple,postgresql,indexed,1,1,3,3,django,orm,q14s0,0,0.240201,1,ok,,15min,1.07,82141,137034311869376,2026-09-05T02:05:54.426+00:00
a733e4a6ebfc,campaign-sf1,mado,tpch,Q14,Simple,postgresql,indexed,1,2,0,-1,django,sql,q14s1,2,0.242436,,ok,,15min,1.07,82141,137034311869376,2026-09-05T02:05:54.673+00:00
a733e4a6ebfc,campaign-sf1,mado,tpch,Q14,Simple,postgresql,indexed,1,2,0,-1,django,orm,q14s1,2,0.242236,,ok,,15min,1.07,82141,137034311869376,2026-09-05T02:05:54.915+00:00
a733e4a6ebfc,campaign-sf1,mado,tpch,Q14,Simple,postgresql,indexed,1,2,0,-1,sqlalchemy,sql,q14s1,2,0.258129,,ok,,15min,1.07,82141,137034311869376,2026-09-05T02:05:55.174+00:00
a733e4a6ebfc,campaign-sf1,mado,tpch,Q14,Simple,postgresql,indexed,1,2,0,-1,sqlalchemy,orm,q14s1,2,0.259979,,ok,,15min,1.07,82141,137034311869376,2026-09-05T02:05:55.434+00:00
a733e4a6ebfc,campaign-sf1,mado,tpch,Q14,Simple,postgresql,indexed,1,2,0,0,django,sql,q14s1,0,0.240948,1,ok,,15min,1.06,82141,137034311869376,2026-09-05T02:05:55.675+00:00
a733e4a6ebfc,campaign-sf1,mado,tpch,Q14,Simple,postgresql,indexed,1,2,0,1,django,orm,q14s1,0,0.24225,1,ok,,15min,1.06,82141,137034311869376,2026-09-05T02:05:55.917+00:00
a733e4a6ebfc,campaign-sf1,mado,tpch,Q14,Simple,postgresql,indexed,1,2,0,2,sqlalchemy,sql,q14s1,0,0.258036,1,ok,,15min,1.06,82141,137034311869376,2026-09-05T02:05:56.175+00:00
a733e4a6ebfc,campaign-sf1,mado,tpch,Q14,Simple,postgresql,indexed,1,2,0,3,sqlalchemy,orm,q14s1,0,0.26007,1,ok,,15min,1.06,82141,137034311869376,2026-09-05T02:05:56.435+00:00
a733e4a6ebfc,campaign-sf1,mado,tpch,Q14,Simple,postgresql,indexed,1,3,2,-1,django,sql,q14s2,2,0.236876,,ok,,15min,1.06,82141,137034311869376,2026-09-05T02:05:56.677+00:00
a733e4a6ebfc,campaign-sf1,mado,tpch,Q14,Simple,postgresql,indexed,1,3,2,-1,django,orm,q14s2,2,0.237174,,ok,,15min,1.06,82141,137034311869376,2026-09-05T02:05:56.914+00:00
a733e4a6ebfc,campaign-sf1,mado,tpch,Q14,Simple,postgresql,indexed,1,3,2,-1,sqlalchemy,sql,q14s2,2,0.253083,,ok,,15min,1.06,82141,137034311869376,2026-09-05T02:05:57.167+00:00
a733e4a6ebfc,campaign-sf1,mado,tpch,Q14,Simple,postgresql,indexed,1,3,2,-1,sqlalchemy,orm,q14s2,2,0.254622,,ok,,15min,1.06,82141,137034311869376,2026-09-05T02:05:57.422+00:00
a733e4a6ebfc,campaign-sf1,mado,tpch,Q14,Simple,postgresql,indexed,1,3,2,0,sqlalchemy,orm,q14s2,0,0.254025,1,ok,,15min,1.06,82141,137034311869376,2026-09-05T02:05:57.676+00:00
a733e4a6ebfc,campaign-sf1,mado,tpch,Q14,Simple,postgresql,indexed,1,3,2,1,sqlalchemy,sql,q14s2,0,0.25204,1,ok,,15min,1.06,82141,137034311869376,2026-09-05T02:05:57.928+00:00
a733e4a6ebfc,campaign-sf1,mado,tpch,Q14,Simple,postgresql,indexed,1,3,2,2,django,orm,q14s2,0,0.237132,1,ok,,15min,1.06,82141,137034311869376,2026-09-05T02:05:58.165+00:00
a733e4a6ebfc,campaign-sf1,mado,tpch,Q14,Simple,postgresql,indexed,1,3,2,3,django,sql,q14s2,0,0.234841,1,ok,,15min,1.06,82141,137034311869376,2026-09-05T02:05:58.400+00:00
a733e4a6ebfc,campaign-sf1,mado,tpch,Q14,Simple,postgresql,indexed,1,4,1,-1,django,sql,q14s3,2,0.241895,,ok,,15min,1.06,82141,137034311869376,2026-09-05T02:05:58.647+00:00
a733e4a6ebfc,campaign-sf1,mado,tpch,Q14,Simple,postgresql,indexed,1,4,1,-1,django,orm,q14s3,2,0.241728,,ok,,15min,1.06,82141,137034311869376,2026-09-05T02:05:58.889+00:00
a733e4a6ebfc,campaign-sf1,mado,tpch,Q14,Simple,postgresql,indexed,1,4,1,-1,sqlalchemy,sql,q14s3,2,0.257562,,ok,,15min,1.06,82141,137034311869376,2026-09-05T02:05:59.147+00:00
a733e4a6ebfc,campaign-sf1,mado,tpch,Q14,Simple,postgresql,indexed,1,4,1,-1,sqlalchemy,orm,q14s3,2,0.258826,,ok,,15min,1.06,82141,137034311869376,2026-09-05T02:05:59.405+00:00
a733e4a6ebfc,campaign-sf1,mado,tpch,Q14,Simple,postgresql,indexed,1,4,1,0,django,orm,q14s3,0,0.242633,1,ok,,15min,1.06,82141,137034311869376,2026-09-05T02:05:59.648+00:00
a733e4a6ebfc,campaign-sf1,mado,tpch,Q14,Simple,postgresql,indexed,1,4,1,1,sqlalchemy,orm,q14s3,0,0.259132,1,ok,,15min,1.06,82141,137034311869376,2026-09-05T02:05:59.907+00:00
a733e4a6ebfc,campaign-sf1,mado,tpch,Q14,Simple,postgresql,indexed,1,4,1,2,django,sql,q14s3,0,0.241142,1,ok,,15min,1.06,82141,137034311869376,2026-09-05T02:06:00.149+00:00
a733e4a6ebfc,campaign-sf1,mado,tpch,Q14,Simple,postgresql,indexed,1,4,1,3,sqlalchemy,sql,q14s3,0,0.257662,1,ok,,15min,1.06,82141,137034311869376,2026-09-05T02:06:00.406+00:00
a733e4a6ebfc,campaign-sf1,mado,tpch,Q14,Simple,postgresql,indexed,1,5,3,-1,django,sql,q14s4,2,0.242043,,ok,,15min,1.14,82141,137034311869376,2026-09-05T02:06:00.653+00:00
a733e4a6ebfc,campaign-sf1,mado,tpch,Q14,Simple,postgresql,indexed,1,5,3,-1,django,orm,q14s4,2,0.242273,,ok,,15min,1.14,82141,137034311869376,2026-09-05T02:06:00.895+00:00
a733e4a6ebfc,campaign-sf1,mado,tpch,Q14,Simple,postgresql,indexed,1,5,3,-1,sqlalchemy,sql,q14s4,2,0.258552,,ok,,15min,1.14,82141,137034311869376,2026-09-05T02:06:01.154+00:00
a733e4a6ebfc,campaign-sf1,mado,tpch,Q14,Simple,postgresql,indexed,1,5,3,-1,sqlalchemy,orm,q14s4,2,0.258517,,ok,,15min,1.14,82141,137034311869376,2026-09-05T02:06:01.412+00:00
a733e4a6ebfc,campaign-sf1,mado,tpch,Q14,Simple,postgresql,indexed,1,5,3,0,sqlalchemy,sql,q14s4,0,0.257085,1,ok,,15min,1.14,82141,137034311869376,2026-09-05T02:06:01.670+00:00
a733e4a6ebfc,campaign-sf1,mado,tpch,Q14,Simple,postgresql,indexed,1,5,3,1,django,sql,q14s4,0,0.239067,1,ok,,15min,1.14,82141,137034311869376,2026-09-05T02:06:01.909+00:00
a733e4a6ebfc,campaign-sf1,mado,tpch,Q14,Simple,postgresql,indexed,1,5,3,2,sqlalchemy,orm,q14s4,0,0.258554,1,ok,,15min,1.14,82141,137034311869376,2026-09-05T02:06:02.167+00:00
a733e4a6ebfc,campaign-sf1,mado,tpch,Q14,Simple,postgresql,indexed,1,5,3,3,django,orm,q14s4,0,0.242666,1,ok,,15min,1.14,82141,137034311869376,2026-09-05T02:06:02.410+00:00
a733e4a6ebfc,campaign-sf1,mado,tpch,Q14,Simple,postgresql,indexed,1,6,2,-1,django,sql,q14s5,2,0.241648,,ok,,15min,1.14,82141,137034311869376,2026-09-05T02:06:02.656+00:00
a733e4a6ebfc,campaign-sf1,mado,tpch,Q14,Simple,postgresql,indexed,1,6,2,-1,django,orm,q14s5,2,0.241915,,ok,,15min,1.14,82141,137034311869376,2026-09-05T02:06:02.899+00:00
a733e4a6ebfc,campaign-sf1,mado,tpch,Q14,Simple,postgresql,indexed,1,6,2,-1,sqlalchemy,sql,q14s5,2,0.25799,,ok,,15min,1.14,82141,137034311869376,2026-09-05T02:06:03.157+00:00
a733e4a6ebfc,campaign-sf1,mado,tpch,Q14,Simple,postgresql,indexed,1,6,2,-1,sqlalchemy,orm,q14s5,2,0.25888,,ok,,15min,1.14,82141,137034311869376,2026-09-05T02:06:03.416+00:00
a733e4a6ebfc,campaign-sf1,mado,tpch,Q14,Simple,postgresql,indexed,1,6,2,0,sqlalchemy,orm,q14s5,0,0.259605,1,ok,,15min,1.14,82141,137034311869376,2026-09-05T02:06:03.675+00:00
a733e4a6ebfc,campaign-sf1,mado,tpch,Q14,Simple,postgresql,indexed,1,6,2,1,sqlalchemy,sql,q14s5,0,0.257112,1,ok,,15min,1.14,82141,137034311869376,2026-09-05T02:06:03.932+00:00
a733e4a6ebfc,campaign-sf1,mado,tpch,Q14,Simple,postgresql,indexed,1,6,2,2,django,orm,q14s5,0,0.242951,1,ok,,15min,1.14,82141,137034311869376,2026-09-05T02:06:04.175+00:00
a733e4a6ebfc,campaign-sf1,mado,tpch,Q14,Simple,postgresql,indexed,1,6,2,3,django,sql,q14s5,0,0.240257,1,ok,,15min,1.14,82141,137034311869376,2026-09-05T02:06:04.416+00:00
a733e4a6ebfc,campaign-sf1,mado,tpch,Q14,Simple,postgresql,indexed,1,7,0,-1,django,sql,q14s6,2,0.247275,,ok,,15min,1.14,82141,137034311869376,2026-09-05T02:06:04.668+00:00
a733e4a6ebfc,campaign-sf1,mado,tpch,Q14,Simple,postgresql,indexed,1,7,0,-1,django,orm,q14s6,2,0.242391,,ok,,15min,1.14,82141,137034311869376,2026-09-05T02:06:04.910+00:00
a733e4a6ebfc,campaign-sf1,mado,tpch,Q14,Simple,postgresql,indexed,1,7,0,-1,sqlalchemy,sql,q14s6,2,0.25764,,ok,,15min,1.14,82141,137034311869376,2026-09-05T02:06:05.168+00:00
a733e4a6ebfc,campaign-sf1,mado,tpch,Q14,Simple,postgresql,indexed,1,7,0,-1,sqlalchemy,orm,q14s6,2,0.259427,,ok,,15min,1.14,82141,137034311869376,2026-09-05T02:06:05.427+00:00
a733e4a6ebfc,campaign-sf1,mado,tpch,Q14,Simple,postgresql,indexed,1,7,0,0,django,sql,q14s6,0,0.240132,1,ok,,15min,1.13,82141,137034311869376,2026-09-05T02:06:05.667+00:00
a733e4a6ebfc,campaign-sf1,mado,tpch,Q14,Simple,postgresql,indexed,1,7,0,1,django,orm,q14s6,0,0.241483,1,ok,,15min,1.13,82141,137034311869376,2026-09-05T02:06:05.909+00:00
a733e4a6ebfc,campaign-sf1,mado,tpch,Q14,Simple,postgresql,indexed,1,7,0,2,sqlalchemy,sql,q14s6,0,0.257313,1,ok,,15min,1.13,82141,137034311869376,2026-09-05T02:06:06.166+00:00
a733e4a6ebfc,campaign-sf1,mado,tpch,Q14,Simple,postgresql,indexed,1,7,0,3,sqlalchemy,orm,q14s6,0,0.258429,1,ok,,15min,1.13,82141,137034311869376,2026-09-05T02:06:06.425+00:00
a733e4a6ebfc,campaign-sf1,mado,tpch,Q14,Simple,postgresql,indexed,1,8,1,-1,django,sql,q14s7,2,0.229019,,ok,,15min,1.13,82141,137034311869376,2026-09-05T02:06:06.658+00:00
a733e4a6ebfc,campaign-sf1,mado,tpch,Q14,Simple,postgresql,indexed,1,8,1,-1,django,orm,q14s7,2,0.229261,,ok,,15min,1.13,82141,137034311869376,2026-09-05T02:06:06.888+00:00
a733e4a6ebfc,campaign-sf1,mado,tpch,Q14,Simple,postgresql,indexed,1,8,1,-1,sqlalchemy,sql,q14s7,2,0.245217,,ok,,15min,1.13,82141,137034311869376,2026-09-05T02:06:07.133+00:00
a733e4a6ebfc,campaign-sf1,mado,tpch,Q14,Simple,postgresql,indexed,1,8,1,-1,sqlalchemy,orm,q14s7,2,0.247064,,ok,,15min,1.13,82141,137034311869376,2026-09-05T02:06:07.380+00:00
a733e4a6ebfc,campaign-sf1,mado,tpch,Q14,Simple,postgresql,indexed,1,8,1,0,django,orm,q14s7,0,0.230116,1,ok,,15min,1.13,82141,137034311869376,2026-09-05T02:06:07.610+00:00
a733e4a6ebfc,campaign-sf1,mado,tpch,Q14,Simple,postgresql,indexed,1,8,1,1,sqlalchemy,orm,q14s7,0,0.247004,1,ok,,15min,1.13,82141,137034311869376,2026-09-05T02:06:07.858+00:00
a733e4a6ebfc,campaign-sf1,mado,tpch,Q14,Simple,postgresql,indexed,1,8,1,2,django,sql,q14s7,0,0.227571,1,ok,,15min,1.13,82141,137034311869376,2026-09-05T02:06:08.085+00:00
a733e4a6ebfc,campaign-sf1,mado,tpch,Q14,Simple,postgresql,indexed,1,8,1,3,sqlalchemy,sql,q14s7,0,0.244439,1,ok,,15min,1.13,82141,137034311869376,2026-09-05T02:06:08.330+00:00
f45bed0dbb94,campaign-sf1,mado,tpch,Q15,Complex,postgresql,indexed,1,0,2,0,sqlalchemy,orm,q15warm,1,0.890594,1,ok,,15min,1.12,82164,135707445683664,2026-09-05T02:06:10.473+00:00
f45bed0dbb94,campaign-sf1,mado,tpch,Q15,Complex,postgresql,indexed,1,0,2,1,sqlalchemy,sql,q15warm,1,0.68932,1,ok,,15min,1.12,82164,135707445683664,2026-09-05T02:06:11.163+00:00
f45bed0dbb94,campaign-sf1,mado,tpch,Q15,Complex,postgresql,indexed,1,0,2,2,django,orm,q15warm,1,0.827635,1,ok,,15min,1.12,82164,135707445683664,2026-09-05T02:06:11.990+00:00
f45bed0dbb94,campaign-sf1,mado,tpch,Q15,Complex,postgresql,indexed,1,0,2,3,django,sql,q15warm,1,0.348556,1,ok,,15min,1.12,82164,135707445683664,2026-09-05T02:06:12.339+00:00
f45bed0dbb94,campaign-sf1,mado,tpch,Q15,Complex,postgresql,indexed,1,1,3,-1,django,sql,q15s0,2,0.344926,,ok,,15min,1.12,82164,135707445683664,2026-09-05T02:06:12.689+00:00
f45bed0dbb94,campaign-sf1,mado,tpch,Q15,Complex,postgresql,indexed,1,1,3,-1,django,orm,q15s0,2,0.656151,,ok,,15min,1.12,82164,135707445683664,2026-09-05T02:06:13.345+00:00
f45bed0dbb94,campaign-sf1,mado,tpch,Q15,Complex,postgresql,indexed,1,1,3,-1,sqlalchemy,sql,q15s0,2,0.685344,,ok,,15min,1.12,82164,135707445683664,2026-09-05T02:06:14.030+00:00
f45bed0dbb94,campaign-sf1,mado,tpch,Q15,Complex,postgresql,indexed,1,1,3,-1,sqlalchemy,orm,q15s0,2,0.680249,,ok,,15min,1.12,82164,135707445683664,2026-09-05T02:06:14.711+00:00
f45bed0dbb94,campaign-sf1,mado,tpch,Q15,Complex,postgresql,indexed,1,1,3,0,sqlalchemy,sql,q15s0,0,0.678156,1,ok,,15min,1.12,82164,135707445683664,2026-09-05T02:06:15.389+00:00
f45bed0dbb94,campaign-sf1,mado,tpch,Q15,Complex,postgresql,indexed,1,1,3,1,django,sql,q15s0,0,0.342879,1,ok,,15min,1.11,82164,135707445683664,2026-09-05T02:06:15.732+00:00
f45bed0dbb94,campaign-sf1,mado,tpch,Q15,Complex,postgresql,indexed,1,1,3,2,sqlalchemy,orm,q15s0,0,0.679612,1,ok,,15min,1.11,82164,135707445683664,2026-09-05T02:06:16.411+00:00
f45bed0dbb94,campaign-sf1,mado,tpch,Q15,Complex,postgresql,indexed,1,1,3,3,django,orm,q15s0,0,0.657646,1,ok,,15min,1.11,82164,135707445683664,2026-09-05T02:06:17.069+00:00
f45bed0dbb94,campaign-sf1,mado,tpch,Q15,Complex,postgresql,indexed,1,2,1,-1,django,sql,q15s1,2,0.346638,,ok,,15min,1.11,82164,135707445683664,2026-09-05T02:06:17.420+00:00
f45bed0dbb94,campaign-sf1,mado,tpch,Q15,Complex,postgresql,indexed,1,2,1,-1,django,orm,q15s1,2,0.661614,,ok,,15min,1.11,82164,135707445683664,2026-09-05T02:06:18.082+00:00
f45bed0dbb94,campaign-sf1,mado,tpch,Q15,Complex,postgresql,indexed,1,2,1,-1,sqlalchemy,sql,q15s1,2,0.680967,,ok,,15min,1.11,82164,135707445683664,2026-09-05T02:06:18.763+00:00
f45bed0dbb94,campaign-sf1,mado,tpch,Q15,Complex,postgresql,indexed,1,2,1,-1,sqlalchemy,orm,q15s1,2,0.680882,,ok,,15min,1.11,82164,135707445683664,2026-09-05T02:06:19.444+00:00
f45bed0dbb94,campaign-sf1,mado,tpch,Q15,Complex,postgresql,indexed,1,2,1,0,django,orm,q15s1,0,0.66232,1,ok,,15min,1.11,82164,135707445683664,2026-09-05T02:06:20.107+00:00
f45bed0dbb94,campaign-sf1,mado,tpch,Q15,Complex,postgresql,indexed,1,2,1,1,sqlalchemy,orm,q15s1,0,0.686484,1,ok,,15min,1.1,82164,135707445683664,2026-09-05T02:06:20.793+00:00
f45bed0dbb94,campaign-sf1,mado,tpch,Q15,Complex,postgresql,indexed,1,2,1,2,django,sql,q15s1,0,0.343128,1,ok,,15min,1.1,82164,135707445683664,2026-09-05T02:06:21.136+00:00
f45bed0dbb94,campaign-sf1,mado,tpch,Q15,Complex,postgresql,indexed,1,2,1,3,sqlalchemy,sql,q15s1,0,0.68301,1,ok,,15min,1.1,82164,135707445683664,2026-09-05T02:06:21.819+00:00
f45bed0dbb94,campaign-sf1,mado,tpch,Q15,Complex,postgresql,indexed,1,3,2,-1,django,sql,q15s2,2,0.348104,,ok,,15min,1.1,82164,135707445683664,2026-09-05T02:06:22.172+00:00
f45bed0dbb94,campaign-sf1,mado,tpch,Q15,Complex,postgresql,indexed,1,3,2,-1,django,orm,q15s2,2,0.666949,,ok,,15min,1.1,82164,135707445683664,2026-09-05T02:06:22.839+00:00
f45bed0dbb94,campaign-sf1,mado,tpch,Q15,Complex,postgresql,indexed,1,3,2,-1,sqlalchemy,sql,q15s2,2,0.688255,,ok,,15min,1.1,82164,135707445683664,2026-09-05T02:06:23.527+00:00
f45bed0dbb94,campaign-sf1,mado,tpch,Q15,Complex,postgresql,indexed,1,3,2,-1,sqlalchemy,orm,q15s2,2,0.689477,,ok,,15min,1.1,82164,135707445683664,2026-09-05T02:06:24.217+00:00
f45bed0dbb94,campaign-sf1,mado,tpch,Q15,Complex,postgresql,indexed,1,3,2,0,sqlalchemy,orm,q15s2,0,0.688922,1,ok,,15min,1.1,82164,135707445683664,2026-09-05T02:06:24.906+00:00
f45bed0dbb94,campaign-sf1,mado,tpch,Q15,Complex,postgresql,indexed,1,3,2,1,sqlalchemy,sql,q15s2,0,0.683651,1,ok,,15min,1.09,82164,135707445683664,2026-09-05T02:06:25.590+00:00
f45bed0dbb94,campaign-sf1,mado,tpch,Q15,Complex,postgresql,indexed,1,3,2,2,django,orm,q15s2,0,0.666748,1,ok,,15min,1.09,82164,135707445683664,2026-09-05T02:06:26.257+00:00
f45bed0dbb94,campaign-sf1,mado,tpch,Q15,Complex,postgresql,indexed,1,3,2,3,django,sql,q15s2,0,0.34569,1,ok,,15min,1.09,82164,135707445683664,2026-09-05T02:06:26.602+00:00
f45bed0dbb94,campaign-sf1,mado,tpch,Q15,Complex,postgresql,indexed,1,4,0,-1,django,sql,q15s3,2,0.342825,,ok,,15min,1.09,82164,135707445683664,2026-09-05T02:06:26.950+00:00
f45bed0dbb94,campaign-sf1,mado,tpch,Q15,Complex,postgresql,indexed,1,4,0,-1,django,orm,q15s3,2,0.652805,,ok,,15min,1.09,82164,135707445683664,2026-09-05T02:06:27.603+00:00
f45bed0dbb94,campaign-sf1,mado,tpch,Q15,Complex,postgresql,indexed,1,4,0,-1,sqlalchemy,sql,q15s3,2,0.672554,,ok,,15min,1.09,82164,135707445683664,2026-09-05T02:06:28.275+00:00
f45bed0dbb94,campaign-sf1,mado,tpch,Q15,Complex,postgresql,indexed,1,4,0,-1,sqlalchemy,orm,q15s3,2,0.675679,,ok,,15min,1.09,82164,135707445683664,2026-09-05T02:06:28.951+00:00
f45bed0dbb94,campaign-sf1,mado,tpch,Q15,Complex,postgresql,indexed,1,4,0,0,django,sql,q15s3,0,0.341397,1,ok,,15min,1.09,82164,135707445683664,2026-09-05T02:06:29.292+00:00
f45bed0dbb94,campaign-sf1,mado,tpch,Q15,Complex,postgresql,indexed,1,4,0,1,django,orm,q15s3,0,0.656357,1,ok,,15min,1.09,82164,135707445683664,2026-09-05T02:06:29.949+00:00
f45bed0dbb94,campaign-sf1,mado,tpch,Q15,Complex,postgresql,indexed,1,4,0,2,sqlalchemy,sql,q15s3,0,0.67353,1,ok,,15min,1.08,82164,135707445683664,2026-09-05T02:06:30.623+00:00
f45bed0dbb94,campaign-sf1,mado,tpch,Q15,Complex,postgresql,indexed,1,4,0,3,sqlalchemy,orm,q15s3,0,0.675932,1,ok,,15min,1.08,82164,135707445683664,2026-09-05T02:06:31.299+00:00
f45bed0dbb94,campaign-sf1,mado,tpch,Q15,Complex,postgresql,indexed,1,5,2,-1,django,sql,q15s4,2,0.349817,,ok,,15min,1.08,82164,135707445683664,2026-09-05T02:06:31.653+00:00
f45bed0dbb94,campaign-sf1,mado,tpch,Q15,Complex,postgresql,indexed,1,5,2,-1,django,orm,q15s4,2,0.670401,,ok,,15min,1.08,82164,135707445683664,2026-09-05T02:06:32.323+00:00
f45bed0dbb94,campaign-sf1,mado,tpch,Q15,Complex,postgresql,indexed,1,5,2,-1,sqlalchemy,sql,q15s4,2,0.686305,,ok,,15min,1.08,82164,135707445683664,2026-09-05T02:06:33.010+00:00
f45bed0dbb94,campaign-sf1,mado,tpch,Q15,Complex,postgresql,indexed,1,5,2,-1,sqlalchemy,orm,q15s4,2,0.688058,,ok,,15min,1.08,82164,135707445683664,2026-09-05T02:06:33.698+00:00
f45bed0dbb94,campaign-sf1,mado,tpch,Q15,Complex,postgresql,indexed,1,5,2,0,sqlalchemy,orm,q15s4,0,0.685955,1,ok,,15min,1.08,82164,135707445683664,2026-09-05T02:06:34.384+00:00
f45bed0dbb94,campaign-sf1,mado,tpch,Q15,Complex,postgresql,indexed,1,5,2,1,sqlalchemy,sql,q15s4,0,0.685664,1,ok,,15min,1.08,82164,135707445683664,2026-09-05T02:06:35.070+00:00
f45bed0dbb94,campaign-sf1,mado,tpch,Q15,Complex,postgresql,indexed,1,5,2,2,django,orm,q15s4,0,0.670383,1,ok,,15min,1.08,82164,135707445683664,2026-09-05T02:06:35.740+00:00
f45bed0dbb94,campaign-sf1,mado,tpch,Q15,Complex,postgresql,indexed,1,5,2,3,django,sql,q15s4,0,0.348043,1,ok,,15min,1.08,82164,135707445683664,2026-09-05T02:06:36.088+00:00
f45bed0dbb94,campaign-sf1,mado,tpch,Q15,Complex,postgresql,indexed,1,6,0,-1,django,sql,q15s5,2,0.348259,,ok,,15min,1.08,82164,135707445683664,2026-09-05T02:06:36.441+00:00
f45bed0dbb94,campaign-sf1,mado,tpch,Q15,Complex,postgresql,indexed,1,6,0,-1,django,orm,q15s5,2,0.670375,,ok,,15min,1.08,82164,135707445683664,2026-09-05T02:06:37.112+00:00
f45bed0dbb94,campaign-sf1,mado,tpch,Q15,Complex,postgresql,indexed,1,6,0,-1,sqlalchemy,sql,q15s5,2,0.686417,,ok,,15min,1.08,82164,135707445683664,2026-09-05T02:06:37.798+00:00
f45bed0dbb94,campaign-sf1,mado,tpch,Q15,Complex,postgresql,indexed,1,6,0,-1,sqlalchemy,orm,q15s5,2,0.685717,,ok,,15min,1.08,82164,135707445683664,2026-09-05T02:06:38.484+00:00
f45bed0dbb94,campaign-sf1,mado,tpch,Q15,Complex,postgresql,indexed,1,6,0,0,django,sql,q15s5,0,0.348694,1,ok,,15min,1.08,82164,135707445683664,2026-09-05T02:06:38.833+00:00
f45bed0dbb94,campaign-sf1,mado,tpch,Q15,Complex,postgresql,indexed,1,6,0,1,django,orm,q15s5,0,0.667633,1,ok,,15min,1.08,82164,135707445683664,2026-09-05T02:06:39.501+00:00
f45bed0dbb94,campaign-sf1,mado,tpch,Q15,Complex,postgresql,indexed,1,6,0,2,sqlalchemy,sql,q15s5,0,0.685717,1,ok,,15min,1.08,82164,135707445683664,2026-09-05T02:06:40.186+00:00
f45bed0dbb94,campaign-sf1,mado,tpch,Q15,Complex,postgresql,indexed,1,6,0,3,sqlalchemy,orm,q15s5,0,0.686624,1,ok,,15min,1.07,82164,135707445683664,2026-09-05T02:06:40.873+00:00
f45bed0dbb94,campaign-sf1,mado,tpch,Q15,Complex,postgresql,indexed,1,7,1,-1,django,sql,q15s6,2,0.34934,,ok,,15min,1.07,82164,135707445683664,2026-09-05T02:06:41.227+00:00
f45bed0dbb94,campaign-sf1,mado,tpch,Q15,Complex,postgresql,indexed,1,7,1,-1,django,orm,q15s6,2,0.666331,,ok,,15min,1.07,82164,135707445683664,2026-09-05T02:06:41.893+00:00
f45bed0dbb94,campaign-sf1,mado,tpch,Q15,Complex,postgresql,indexed,1,7,1,-1,sqlalchemy,sql,q15s6,2,0.683135,,ok,,15min,1.07,82164,135707445683664,2026-09-05T02:06:42.577+00:00
f45bed0dbb94,campaign-sf1,mado,tpch,Q15,Complex,postgresql,indexed,1,7,1,-1,sqlalchemy,orm,q15s6,2,0.685483,,ok,,15min,1.07,82164,135707445683664,2026-09-05T02:06:43.262+00:00
f45bed0dbb94,campaign-sf1,mado,tpch,Q15,Complex,postgresql,indexed,1,7,1,0,django,orm,q15s6,0,0.667542,1,ok,,15min,1.07,82164,135707445683664,2026-09-05T02:06:43.930+00:00
f45bed0dbb94,campaign-sf1,mado,tpch,Q15,Complex,postgresql,indexed,1,7,1,1,sqlalchemy,orm,q15s6,0,0.68473,1,ok,,15min,1.07,82164,135707445683664,2026-09-05T02:06:44.615+00:00
f45bed0dbb94,campaign-sf1,mado,tpch,Q15,Complex,postgresql,indexed,1,7,1,2,django,sql,q15s6,0,0.347162,1,ok,,15min,1.07,82164,135707445683664,2026-09-05T02:06:44.962+00:00
f45bed0dbb94,campaign-sf1,mado,tpch,Q15,Complex,postgresql,indexed,1,7,1,3,sqlalchemy,sql,q15s6,0,0.683984,1,ok,,15min,1.06,82164,135707445683664,2026-09-05T02:06:45.646+00:00
f45bed0dbb94,campaign-sf1,mado,tpch,Q15,Complex,postgresql,indexed,1,8,3,-1,django,sql,q15s7,2,0.348928,,ok,,15min,1.06,82164,135707445683664,2026-09-05T02:06:46.000+00:00
f45bed0dbb94,campaign-sf1,mado,tpch,Q15,Complex,postgresql,indexed,1,8,3,-1,django,orm,q15s7,2,0.670405,,ok,,15min,1.06,82164,135707445683664,2026-09-05T02:06:46.670+00:00
f45bed0dbb94,campaign-sf1,mado,tpch,Q15,Complex,postgresql,indexed,1,8,3,-1,sqlalchemy,sql,q15s7,2,0.684425,,ok,,15min,1.06,82164,135707445683664,2026-09-05T02:06:47.355+00:00
f45bed0dbb94,campaign-sf1,mado,tpch,Q15,Complex,postgresql,indexed,1,8,3,-1,sqlalchemy,orm,q15s7,2,0.689525,,ok,,15min,1.06,82164,135707445683664,2026-09-05T02:06:48.044+00:00
f45bed0dbb94,campaign-sf1,mado,tpch,Q15,Complex,postgresql,indexed,1,8,3,0,sqlalchemy,sql,q15s7,0,0.686581,1,ok,,15min,1.06,82164,135707445683664,2026-09-05T02:06:48.731+00:00
f45bed0dbb94,campaign-sf1,mado,tpch,Q15,Complex,postgresql,indexed,1,8,3,1,django,sql,q15s7,0,0.347002,1,ok,,15min,1.06,82164,135707445683664,2026-09-05T02:06:49.078+00:00
f45bed0dbb94,campaign-sf1,mado,tpch,Q15,Complex,postgresql,indexed,1,8,3,2,sqlalchemy,orm,q15s7,0,0.687217,1,ok,,15min,1.06,82164,135707445683664,2026-09-05T02:06:49.765+00:00
f45bed0dbb94,campaign-sf1,mado,tpch,Q15,Complex,postgresql,indexed,1,8,3,3,django,orm,q15s7,0,0.676851,1,ok,,15min,1.06,82164,135707445683664,2026-09-05T02:06:50.442+00:00
3a5d380a01b7,campaign-sf1,mado,tpch,Q16,Medium,postgresql,indexed,1,0,2,0,sqlalchemy,orm,q16warm,1,1.213117,18259,ok,,15min,1.06,82188,135856991691568,2026-09-05T02:06:52.909+00:00
3a5d380a01b7,campaign-sf1,mado,tpch,Q16,Medium,postgresql,indexed,1,0,2,1,sqlalchemy,sql,q16warm,1,1.096254,18259,ok,,15min,1.06,82188,135856991691568,2026-09-05T02:06:54.005+00:00
3a5d380a01b7,campaign-sf1,mado,tpch,Q16,Medium,postgresql,indexed,1,0,2,2,django,orm,q16warm,1,1.143997,18259,ok,,15min,1.06,82188,135856991691568,2026-09-05T02:06:55.149+00:00
3a5d380a01b7,campaign-sf1,mado,tpch,Q16,Medium,postgresql,indexed,1,0,2,3,django,sql,q16warm,1,1.073082,18259,ok,,15min,1.05,82188,135856991691568,2026-09-05T02:06:56.222+00:00
3a5d380a01b7,campaign-sf1,mado,tpch,Q16,Medium,postgresql,indexed,1,1,3,-1,django,sql,q16s0,2,1.06709,,ok,,15min,1.05,82188,135856991691568,2026-09-05T02:06:57.294+00:00
3a5d380a01b7,campaign-sf1,mado,tpch,Q16,Medium,postgresql,indexed,1,1,3,-1,django,orm,q16s0,2,1.074162,,ok,,15min,1.05,82188,135856991691568,2026-09-05T02:06:58.369+00:00
3a5d380a01b7,campaign-sf1,mado,tpch,Q16,Medium,postgresql,indexed,1,1,3,-1,sqlalchemy,sql,q16s0,2,1.07807,,ok,,15min,1.05,82188,135856991691568,2026-09-05T02:06:59.447+00:00
3a5d380a01b7,campaign-sf1,mado,tpch,Q16,Medium,postgresql,indexed,1,1,3,-1,sqlalchemy,orm,q16s0,2,1.149425,,ok,,15min,1.05,82188,135856991691568,2026-09-05T02:07:00.596+00:00
3a5d380a01b7,campaign-sf1,mado,tpch,Q16,Medium,postgresql,indexed,1,1,3,0,sqlalchemy,sql,q16s0,0,1.116088,18314,ok,,15min,1.05,82188,135856991691568,2026-09-05T02:07:01.712+00:00
3a5d380a01b7,campaign-sf1,mado,tpch,Q16,Medium,postgresql,indexed,1,1,3,1,django,sql,q16s0,0,1.066619,18314,ok,,15min,1.05,82188,135856991691568,2026-09-05T02:07:02.779+00:00
3a5d380a01b7,campaign-sf1,mado,tpch,Q16,Medium,postgresql,indexed,1,1,3,2,sqlalchemy,orm,q16s0,0,1.145095,18314,ok,,15min,1.05,82188,135856991691568,2026-09-05T02:07:03.924+00:00
3a5d380a01b7,campaign-sf1,mado,tpch,Q16,Medium,postgresql,indexed,1,1,3,3,django,orm,q16s0,0,1.074563,18314,ok,,15min,1.05,82188,135856991691568,2026-09-05T02:07:04.999+00:00
3a5d380a01b7,campaign-sf1,mado,tpch,Q16,Medium,postgresql,indexed,1,2,1,-1,django,sql,q16s1,2,1.068079,,ok,,15min,1.04,82188,135856991691568,2026-09-05T02:07:06.072+00:00
3a5d380a01b7,campaign-sf1,mado,tpch,Q16,Medium,postgresql,indexed,1,2,1,-1,django,orm,q16s1,2,1.074535,,ok,,15min,1.04,82188,135856991691568,2026-09-05T02:07:07.146+00:00
3a5d380a01b7,campaign-sf1,mado,tpch,Q16,Medium,postgresql,indexed,1,2,1,-1,sqlalchemy,sql,q16s1,2,1.084794,,ok,,15min,1.04,82188,135856991691568,2026-09-05T02:07:08.231+00:00
3a5d380a01b7,campaign-sf1,mado,tpch,Q16,Medium,postgresql,indexed,1,2,1,-1,sqlalchemy,orm,q16s1,2,1.152191,,ok,,15min,1.04,82188,135856991691568,2026-09-05T02:07:09.384+00:00
3a5d380a01b7,campaign-sf1,mado,tpch,Q16,Medium,postgresql,indexed,1,2,1,0,django,orm,q16s1,0,1.076198,18196,ok,,15min,1.04,82188,135856991691568,2026-09-05T02:07:10.460+00:00
3a5d380a01b7,campaign-sf1,mado,tpch,Q16,Medium,postgresql,indexed,1,2,1,1,sqlalchemy,orm,q16s1,0,1.144342,18196,ok,,15min,1.04,82188,135856991691568,2026-09-05T02:07:11.604+00:00
3a5d380a01b7,campaign-sf1,mado,tpch,Q16,Medium,postgresql,indexed,1,2,1,2,django,sql,q16s1,0,1.066555,18196,ok,,15min,1.04,82188,135856991691568,2026-09-05T02:07:12.671+00:00
3a5d380a01b7,campaign-sf1,mado,tpch,Q16,Medium,postgresql,indexed,1,2,1,3,sqlalchemy,sql,q16s1,0,1.125403,18196,ok,,15min,1.04,82188,135856991691568,2026-09-05T02:07:13.797+00:00
3a5d380a01b7,campaign-sf1,mado,tpch,Q16,Medium,postgresql,indexed,1,3,0,-1,django,sql,q16s2,2,1.071092,,ok,,15min,1.04,82188,135856991691568,2026-09-05T02:07:14.873+00:00
3a5d380a01b7,campaign-sf1,mado,tpch,Q16,Medium,postgresql,indexed,1,3,0,-1,django,orm,q16s2,2,1.078495,,ok,,15min,1.04,82188,135856991691568,2026-09-05T02:07:15.951+00:00
3a5d380a01b7,campaign-sf1,mado,tpch,Q16,Medium,postgresql,indexed,1,3,0,-1,sqlalchemy,sql,q16s2,2,1.080222,,ok,,15min,1.04,82188,135856991691568,2026-09-05T02:07:17.032+00:00
3a5d380a01b7,campaign-sf1,mado,tpch,Q16,Medium,postgresql,indexed,1,3,0,-1,sqlalchemy,orm,q16s2,2,1.144139,,ok,,15min,1.04,82188,135856991691568,2026-09-05T02:07:18.176+00:00
3a5d380a01b7,campaign-sf1,mado,tpch,Q16,Medium,postgresql,indexed,1,3,0,0,django,sql,q16s2,0,1.069005,18263,ok,,15min,1.04,82188,135856991691568,2026-09-05T02:07:19.245+00:00
3a5d380a01b7,campaign-sf1,mado,tpch,Q16,Medium,postgresql,indexed,1,3,0,1,django,orm,q16s2,0,1.074473,18263,ok,,15min,1.04,82188,135856991691568,2026-09-05T02:07:20.320+00:00
3a5d380a01b7,campaign-sf1,mado,tpch,Q16,Medium,postgresql,indexed,1,3,0,2,sqlalchemy,sql,q16s2,0,1.118943,18263,ok,,15min,1.03,82188,135856991691568,2026-09-05T02:07:21.439+00:00
3a5d380a01b7,campaign-sf1,mado,tpch,Q16,Medium,postgresql,indexed,1,3,0,3,sqlalchemy,orm,q16s2,0,1.148334,18263,ok,,15min,1.03,82188,135856991691568,2026-09-05T02:07:22.587+00:00
3a5d380a01b7,campaign-sf1,mado,tpch,Q16,Medium,postgresql,indexed,1,4,2,-1,django,sql,q16s3,2,1.073319,,ok,,15min,1.03,82188,135856991691568,2026-09-05T02:07:23.665+00:00
3a5d380a01b7,campaign-sf1,mado,tpch,Q16,Medium,postgresql,indexed,1,4,2,-1,django,orm,q16s3,2,1.080837,,ok,,15min,1.03,82188,135856991691568,2026-09-05T02:07:24.746+00:00
3a5d380a01b7,campaign-sf1,mado,tpch,Q16,Medium,postgresql,indexed,1,4,2,-1,sqlalchemy,sql,q16s3,2,1.085228,,ok,,15min,1.03,82188,135856991691568,2026-09-05T02:07:25.831+00:00
3a5d380a01b7,campaign-sf1,mado,tpch,Q16,Medium,postgresql,indexed,1,4,2,-1,sqlalchemy,orm,q16s3,2,1.153907,,ok,,15min,1.03,82188,135856991691568,2026-09-05T02:07:26.985+00:00
3a5d380a01b7,campaign-sf1,mado,tpch,Q16,Medium,postgresql,indexed,1,4,2,0,sqlalchemy,orm,q16s3,0,1.154783,18290,ok,,15min,1.03,82188,135856991691568,2026-09-05T02:07:28.140+00:00
3a5d380a01b7,campaign-sf1,mado,tpch,Q16,Medium,postgresql,indexed,1,4,2,1,sqlalchemy,sql,q16s3,0,1.089496,18290,ok,,15min,1.03,82188,135856991691568,2026-09-05T02:07:29.230+00:00
3a5d380a01b7,campaign-sf1,mado,tpch,Q16,Medium,postgresql,indexed,1,4,2,2,django,orm,q16s3,0,1.112964,18290,ok,,15min,1.03,82188,135856991691568,2026-09-05T02:07:30.343+00:00
3a5d380a01b7,campaign-sf1,mado,tpch,Q16,Medium,postgresql,indexed,1,4,2,3,django,sql,q16s3,0,1.073023,18290,ok,,15min,1.03,82188,135856991691568,2026-09-05T02:07:31.416+00:00
3a5d380a01b7,campaign-sf1,mado,tpch,Q16,Medium,postgresql,indexed,1,5,2,-1,django,sql,q16s4,2,1.066199,,ok,,15min,1.03,82188,135856991691568,2026-09-05T02:07:32.487+00:00
3a5d380a01b7,campaign-sf1,mado,tpch,Q16,Medium,postgresql,indexed,1,5,2,-1,django,orm,q16s4,2,1.076006,,ok,,15min,1.03,82188,135856991691568,2026-09-05T02:07:33.563+00:00
3a5d380a01b7,campaign-sf1,mado,tpch,Q16,Medium,postgresql,indexed,1,5,2,-1,sqlalchemy,sql,q16s4,2,1.079047,,ok,,15min,1.03,82188,135856991691568,2026-09-05T02:07:34.643+00:00
3a5d380a01b7,campaign-sf1,mado,tpch,Q16,Medium,postgresql,indexed,1,5,2,-1,sqlalchemy,orm,q16s4,2,1.144954,,ok,,15min,1.03,82188,135856991691568,2026-09-05T02:07:35.788+00:00
3a5d380a01b7,campaign-sf1,mado,tpch,Q16,Medium,postgresql,indexed,1,5,2,0,sqlalchemy,orm,q16s4,0,1.145544,18226,ok,,15min,1.03,82188,135856991691568,2026-09-05T02:07:36.933+00:00
3a5d380a01b7,campaign-sf1,mado,tpch,Q16,Medium,postgresql,indexed,1,5,2,1,sqlalchemy,sql,q16s4,0,1.085432,18226,ok,,15min,1.03,82188,135856991691568,2026-09-05T02:07:38.019+00:00
3a5d380a01b7,campaign-sf1,mado,tpch,Q16,Medium,postgresql,indexed,1,5,2,2,django,orm,q16s4,0,1.114643,18226,ok,,15min,1.03,82188,135856991691568,2026-09-05T02:07:39.134+00:00
3a5d380a01b7,campaign-sf1,mado,tpch,Q16,Medium,postgresql,indexed,1,5,2,3,django,sql,q16s4,0,1.067118,18226,ok,,15min,1.03,82188,135856991691568,2026-09-05T02:07:40.201+00:00
3a5d380a01b7,campaign-sf1,mado,tpch,Q16,Medium,postgresql,indexed,1,6,0,-1,django,sql,q16s5,2,1.074531,,ok,,15min,1.02,82188,135856991691568,2026-09-05T02:07:41.280+00:00
3a5d380a01b7,campaign-sf1,mado,tpch,Q16,Medium,postgresql,indexed,1,6,0,-1,django,orm,q16s5,2,1.083331,,ok,,15min,1.02,82188,135856991691568,2026-09-05T02:07:42.364+00:00
3a5d380a01b7,campaign-sf1,mado,tpch,Q16,Medium,postgresql,indexed,1,6,0,-1,sqlalchemy,sql,q16s5,2,1.088462,,ok,,15min,1.02,82188,135856991691568,2026-09-05T02:07:43.452+00:00
3a5d380a01b7,campaign-sf1,mado,tpch,Q16,Medium,postgresql,indexed,1,6,0,-1,sqlalchemy,orm,q16s5,2,1.155571,,ok,,15min,1.02,82188,135856991691568,2026-09-05T02:07:44.608+00:00
3a5d380a01b7,campaign-sf1,mado,tpch,Q16,Medium,postgresql,indexed,1,6,0,0,django,sql,q16s5,0,1.076687,18374,ok,,15min,1.02,82188,135856991691568,2026-09-05T02:07:45.685+00:00
3a5d380a01b7,campaign-sf1,mado,tpch,Q16,Medium,postgresql,indexed,1,6,0,1,django,orm,q16s5,0,1.083145,18374,ok,,15min,1.02,82188,135856991691568,2026-09-05T02:07:46.768+00:00
3a5d380a01b7,campaign-sf1,mado,tpch,Q16,Medium,postgresql,indexed,1,6,0,2,sqlalchemy,sql,q16s5,0,1.127054,18374,ok,,15min,1.02,82188,135856991691568,2026-09-05T02:07:47.895+00:00
3a5d380a01b7,campaign-sf1,mado,tpch,Q16,Medium,postgresql,indexed,1,6,0,3,sqlalchemy,orm,q16s5,0,1.153697,18374,ok,,15min,1.02,82188,135856991691568,2026-09-05T02:07:49.049+00:00
3a5d380a01b7,campaign-sf1,mado,tpch,Q16,Medium,postgresql,indexed,1,7,3,-1,django,sql,q16s6,2,1.073887,,ok,,15min,1.02,82188,135856991691568,2026-09-05T02:07:50.127+00:00
3a5d380a01b7,campaign-sf1,mado,tpch,Q16,Medium,postgresql,indexed,1,7,3,-1,django,orm,q16s6,2,1.078586,,ok,,15min,1.02,82188,135856991691568,2026-09-05T02:07:51.206+00:00
3a5d380a01b7,campaign-sf1,mado,tpch,Q16,Medium,postgresql,indexed,1,7,3,-1,sqlalchemy,sql,q16s6,2,1.089804,,ok,,15min,1.02,82188,135856991691568,2026-09-05T02:07:52.296+00:00
3a5d380a01b7,campaign-sf1,mado,tpch,Q16,Medium,postgresql,indexed,1,7,3,-1,sqlalchemy,orm,q16s6,2,1.155209,,ok,,15min,1.02,82188,135856991691568,2026-09-05T02:07:53.451+00:00
3a5d380a01b7,campaign-sf1,mado,tpch,Q16,Medium,postgresql,indexed,1,7,3,0,sqlalchemy,sql,q16s6,0,1.125199,18220,ok,,15min,1.02,82188,135856991691568,2026-09-05T02:07:54.576+00:00
3a5d380a01b7,campaign-sf1,mado,tpch,Q16,Medium,postgresql,indexed,1,7,3,1,django,sql,q16s6,0,1.069706,18220,ok,,15min,1.02,82188,135856991691568,2026-09-05T02:07:55.646+00:00
3a5d380a01b7,campaign-sf1,mado,tpch,Q16,Medium,postgresql,indexed,1,7,3,2,sqlalchemy,orm,q16s6,0,1.150828,18220,ok,,15min,1.02,82188,135856991691568,2026-09-05T02:07:56.797+00:00
3a5d380a01b7,campaign-sf1,mado,tpch,Q16,Medium,postgresql,indexed,1,7,3,3,django,orm,q16s6,0,1.080465,18220,ok,,15min,1.02,82188,135856991691568,2026-09-05T02:07:57.878+00:00
3a5d380a01b7,campaign-sf1,mado,tpch,Q16,Medium,postgresql,indexed,1,8,1,-1,django,sql,q16s7,2,1.07583,,ok,,15min,1.02,82188,135856991691568,2026-09-05T02:07:58.958+00:00
3a5d380a01b7,campaign-sf1,mado,tpch,Q16,Medium,postgresql,indexed,1,8,1,-1,django,orm,q16s7,2,1.079048,,ok,,15min,1.02,82188,135856991691568,2026-09-05T02:08:00.038+00:00
3a5d380a01b7,campaign-sf1,mado,tpch,Q16,Medium,postgresql,indexed,1,8,1,-1,sqlalchemy,sql,q16s7,2,1.083084,,ok,,15min,1.02,82188,135856991691568,2026-09-05T02:08:01.121+00:00
3a5d380a01b7,campaign-sf1,mado,tpch,Q16,Medium,postgresql,indexed,1,8,1,-1,sqlalchemy,orm,q16s7,2,1.14947,,ok,,15min,1.02,82188,135856991691568,2026-09-05T02:08:02.270+00:00
3a5d380a01b7,campaign-sf1,mado,tpch,Q16,Medium,postgresql,indexed,1,8,1,0,django,orm,q16s7,0,1.080265,18284,ok,,15min,1.02,82188,135856991691568,2026-09-05T02:08:03.351+00:00
3a5d380a01b7,campaign-sf1,mado,tpch,Q16,Medium,postgresql,indexed,1,8,1,1,sqlalchemy,orm,q16s7,0,1.146907,18284,ok,,15min,1.02,82188,135856991691568,2026-09-05T02:08:04.498+00:00
3a5d380a01b7,campaign-sf1,mado,tpch,Q16,Medium,postgresql,indexed,1,8,1,2,django,sql,q16s7,0,1.080558,18284,ok,,15min,1.01,82188,135856991691568,2026-09-05T02:08:05.578+00:00
3a5d380a01b7,campaign-sf1,mado,tpch,Q16,Medium,postgresql,indexed,1,8,1,3,sqlalchemy,sql,q16s7,0,1.126431,18284,ok,,15min,1.01,82188,135856991691568,2026-09-05T02:08:06.705+00:00
eb38ef4856d5,campaign-sf1,mado,tpch,Q17,Complex,postgresql,indexed,1,0,3,0,sqlalchemy,sql,q17warm,1,1.460999,1,ok,,15min,1.01,82217,136643461457168,2026-09-05T02:08:09.431+00:00
eb38ef4856d5,campaign-sf1,mado,tpch,Q17,Complex,postgresql,indexed,1,0,3,1,django,sql,q17warm,1,1.45443,1,ok,,15min,1.01,82217,136643461457168,2026-09-05T02:08:10.886+00:00
eb38ef4856d5,campaign-sf1,mado,tpch,Q17,Complex,postgresql,indexed,1,0,3,2,sqlalchemy,orm,q17warm,1,1.272065,1,ok,,15min,1.01,82217,136643461457168,2026-09-05T02:08:12.158+00:00
eb38ef4856d5,campaign-sf1,mado,tpch,Q17,Complex,postgresql,indexed,1,0,3,3,django,orm,q17warm,1,0.624977,1,ok,,15min,1.01,82217,136643461457168,2026-09-05T02:08:12.783+00:00
eb38ef4856d5,campaign-sf1,mado,tpch,Q17,Complex,postgresql,indexed,1,1,0,-1,django,sql,q17s0,2,1.2729,,ok,,15min,1.01,82217,136643461457168,2026-09-05T02:08:14.061+00:00
eb38ef4856d5,campaign-sf1,mado,tpch,Q17,Complex,postgresql,indexed,1,1,0,-1,django,orm,q17s0,2,0.526897,,ok,,15min,1.01,82217,136643461457168,2026-09-05T02:08:14.588+00:00
eb38ef4856d5,campaign-sf1,mado,tpch,Q17,Complex,postgresql,indexed,1,1,0,-1,sqlalchemy,sql,q17s0,2,1.259518,,ok,,15min,1.01,82217,136643461457168,2026-09-05T02:08:15.847+00:00
eb38ef4856d5,campaign-sf1,mado,tpch,Q17,Complex,postgresql,indexed,1,1,0,-1,sqlalchemy,orm,q17s0,2,1.259707,,ok,,15min,1.01,82217,136643461457168,2026-09-05T02:08:17.107+00:00
eb38ef4856d5,campaign-sf1,mado,tpch,Q17,Complex,postgresql,indexed,1,1,0,0,django,sql,q17s0,0,1.275466,1,ok,,15min,1.01,82217,136643461457168,2026-09-05T02:08:18.382+00:00
eb38ef4856d5,campaign-sf1,mado,tpch,Q17,Complex,postgresql,indexed,1,1,0,1,django,orm,q17s0,0,0.527218,1,ok,,15min,1.01,82217,136643461457168,2026-09-05T02:08:18.910+00:00
eb38ef4856d5,campaign-sf1,mado,tpch,Q17,Complex,postgresql,indexed,1,1,0,2,sqlalchemy,sql,q17s0,0,1.257257,1,ok,,15min,1.01,82217,136643461457168,2026-09-05T02:08:20.167+00:00
eb38ef4856d5,campaign-sf1,mado,tpch,Q17,Complex,postgresql,indexed,1,1,0,3,sqlalchemy,orm,q17s0,0,1.261492,1,ok,,15min,1.01,82217,136643461457168,2026-09-05T02:08:21.429+00:00
eb38ef4856d5,campaign-sf1,mado,tpch,Q17,Complex,postgresql,indexed,1,2,1,-1,django,sql,q17s1,2,1.313459,,ok,,15min,1.01,82217,136643461457168,2026-09-05T02:08:22.747+00:00
eb38ef4856d5,campaign-sf1,mado,tpch,Q17,Complex,postgresql,indexed,1,2,1,-1,django,orm,q17s1,2,0.548588,,ok,,15min,1.01,82217,136643461457168,2026-09-05T02:08:23.296+00:00
eb38ef4856d5,campaign-sf1,mado,tpch,Q17,Complex,postgresql,indexed,1,2,1,-1,sqlalchemy,sql,q17s1,2,1.292823,,ok,,15min,1.01,82217,136643461457168,2026-09-05T02:08:24.589+00:00
eb38ef4856d5,campaign-sf1,mado,tpch,Q17,Complex,postgresql,indexed,1,2,1,-1,sqlalchemy,orm,q17s1,2,1.297345,,ok,,15min,1.01,82217,136643461457168,2026-09-05T02:08:25.886+00:00
eb38ef4856d5,campaign-sf1,mado,tpch,Q17,Complex,postgresql,indexed,1,2,1,0,django,orm,q17s1,0,0.548669,1,ok,,15min,1.01,82217,136643461457168,2026-09-05T02:08:26.435+00:00
eb38ef4856d5,campaign-sf1,mado,tpch,Q17,Complex,postgresql,indexed,1,2,1,1,sqlalchemy,orm,q17s1,0,1.305429,1,ok,,15min,1.01,82217,136643461457168,2026-09-05T02:08:27.740+00:00
eb38ef4856d5,campaign-sf1,mado,tpch,Q17,Complex,postgresql,indexed,1,2,1,2,django,sql,q17s1,0,1.31749,1,ok,,15min,1.01,82217,136643461457168,2026-09-05T02:08:29.058+00:00
eb38ef4856d5,campaign-sf1,mado,tpch,Q17,Complex,postgresql,indexed,1,2,1,3,sqlalchemy,sql,q17s1,0,1.293383,1,ok,,15min,1.01,82217,136643461457168,2026-09-05T02:08:30.351+00:00
eb38ef4856d5,campaign-sf1,mado,tpch,Q17,Complex,postgresql,indexed,1,3,3,-1,django,sql,q17s2,2,1.280891,,ok,,15min,1.01,82217,136643461457168,2026-09-05T02:08:31.636+00:00
eb38ef4856d5,campaign-sf1,mado,tpch,Q17,Complex,postgresql,indexed,1,3,3,-1,django,orm,q17s2,2,0.526888,,ok,,15min,1.01,82217,136643461457168,2026-09-05T02:08:32.163+00:00
eb38ef4856d5,campaign-sf1,mado,tpch,Q17,Complex,postgresql,indexed,1,3,3,-1,sqlalchemy,sql,q17s2,2,1.255972,,ok,,15min,1.01,82217,136643461457168,2026-09-05T02:08:33.419+00:00
eb38ef4856d5,campaign-sf1,mado,tpch,Q17,Complex,postgresql,indexed,1,3,3,-1,sqlalchemy,orm,q17s2,2,1.261109,,ok,,15min,1.01,82217,136643461457168,2026-09-05T02:08:34.680+00:00
eb38ef4856d5,campaign-sf1,mado,tpch,Q17,Complex,postgresql,indexed,1,3,3,0,sqlalchemy,sql,q17s2,0,1.255376,1,ok,,15min,1.01,82217,136643461457168,2026-09-05T02:08:35.936+00:00
eb38ef4856d5,campaign-sf1,mado,tpch,Q17,Complex,postgresql,indexed,1,3,3,1,django,sql,q17s2,0,1.269838,1,ok,,15min,1.01,82217,136643461457168,2026-09-05T02:08:37.205+00:00
eb38ef4856d5,campaign-sf1,mado,tpch,Q17,Complex,postgresql,indexed,1,3,3,2,sqlalchemy,orm,q17s2,0,1.260343,1,ok,,15min,1.01,82217,136643461457168,2026-09-05T02:08:38.466+00:00
eb38ef4856d5,campaign-sf1,mado,tpch,Q17,Complex,postgresql,indexed,1,3,3,3,django,orm,q17s2,0,0.527751,1,ok,,15min,1.01,82217,136643461457168,2026-09-05T02:08:38.994+00:00
eb38ef4856d5,campaign-sf1,mado,tpch,Q17,Complex,postgresql,indexed,1,4,2,-1,django,sql,q17s3,2,1.292594,,ok,,15min,1.01,82217,136643461457168,2026-09-05T02:08:40.291+00:00
eb38ef4856d5,campaign-sf1,mado,tpch,Q17,Complex,postgresql,indexed,1,4,2,-1,django,orm,q17s3,2,0.539834,,ok,,15min,1.01,82217,136643461457168,2026-09-05T02:08:40.831+00:00
eb38ef4856d5,campaign-sf1,mado,tpch,Q17,Complex,postgresql,indexed,1,4,2,-1,sqlalchemy,sql,q17s3,2,1.27099,,ok,,15min,1.01,82217,136643461457168,2026-09-05T02:08:42.102+00:00
eb38ef4856d5,campaign-sf1,mado,tpch,Q17,Complex,postgresql,indexed,1,4,2,-1,sqlalchemy,orm,q17s3,2,1.276913,,ok,,15min,1.01,82217,136643461457168,2026-09-05T02:08:43.379+00:00
eb38ef4856d5,campaign-sf1,mado,tpch,Q17,Complex,postgresql,indexed,1,4,2,0,sqlalchemy,orm,q17s3,0,1.281529,1,ok,,15min,1.01,82217,136643461457168,2026-09-05T02:08:44.661+00:00
eb38ef4856d5,campaign-sf1,mado,tpch,Q17,Complex,postgresql,indexed,1,4,2,1,sqlalchemy,sql,q17s3,0,1.272105,1,ok,,15min,1.01,82217,136643461457168,2026-09-05T02:08:45.933+00:00
eb38ef4856d5,campaign-sf1,mado,tpch,Q17,Complex,postgresql,indexed,1,4,2,2,django,orm,q17s3,0,0.538057,1,ok,,15min,1.01,82217,136643461457168,2026-09-05T02:08:46.471+00:00
eb38ef4856d5,campaign-sf1,mado,tpch,Q17,Complex,postgresql,indexed,1,4,2,3,django,sql,q17s3,0,1.296364,1,ok,,15min,1.01,82217,136643461457168,2026-09-05T02:08:47.767+00:00
eb38ef4856d5,campaign-sf1,mado,tpch,Q17,Complex,postgresql,indexed,1,5,2,-1,django,sql,q17s4,2,1.293563,,ok,,15min,1.01,82217,136643461457168,2026-09-05T02:08:49.066+00:00
eb38ef4856d5,campaign-sf1,mado,tpch,Q17,Complex,postgresql,indexed,1,5,2,-1,django,orm,q17s4,2,0.53936,,ok,,15min,1.01,82217,136643461457168,2026-09-05T02:08:49.605+00:00
eb38ef4856d5,campaign-sf1,mado,tpch,Q17,Complex,postgresql,indexed,1,5,2,-1,sqlalchemy,sql,q17s4,2,1.28379,,ok,,15min,1.0,82217,136643461457168,2026-09-05T02:08:50.889+00:00
eb38ef4856d5,campaign-sf1,mado,tpch,Q17,Complex,postgresql,indexed,1,5,2,-1,sqlalchemy,orm,q17s4,2,1.274078,,ok,,15min,1.0,82217,136643461457168,2026-09-05T02:08:52.163+00:00
eb38ef4856d5,campaign-sf1,mado,tpch,Q17,Complex,postgresql,indexed,1,5,2,0,sqlalchemy,orm,q17s4,0,1.283748,1,ok,,15min,1.0,82217,136643461457168,2026-09-05T02:08:53.447+00:00
eb38ef4856d5,campaign-sf1,mado,tpch,Q17,Complex,postgresql,indexed,1,5,2,1,sqlalchemy,sql,q17s4,0,1.278684,1,ok,,15min,1.0,82217,136643461457168,2026-09-05T02:08:54.726+00:00
eb38ef4856d5,campaign-sf1,mado,tpch,Q17,Complex,postgresql,indexed,1,5,2,2,django,orm,q17s4,0,0.539321,1,ok,,15min,1.0,82217,136643461457168,2026-09-05T02:08:55.265+00:00
eb38ef4856d5,campaign-sf1,mado,tpch,Q17,Complex,postgresql,indexed,1,5,2,3,django,sql,q17s4,0,1.283195,1,ok,,15min,1.0,82217,136643461457168,2026-09-05T02:08:56.549+00:00
eb38ef4856d5,campaign-sf1,mado,tpch,Q17,Complex,postgresql,indexed,1,6,0,-1,django,sql,q17s5,2,1.231968,,ok,,15min,1.0,82217,136643461457168,2026-09-05T02:08:57.785+00:00
eb38ef4856d5,campaign-sf1,mado,tpch,Q17,Complex,postgresql,indexed,1,6,0,-1,django,orm,q17s5,2,0.508906,,ok,,15min,1.0,82217,136643461457168,2026-09-05T02:08:58.294+00:00
eb38ef4856d5,campaign-sf1,mado,tpch,Q17,Complex,postgresql,indexed,1,6,0,-1,sqlalchemy,sql,q17s5,2,1.216604,,ok,,15min,1.0,82217,136643461457168,2026-09-05T02:08:59.511+00:00
eb38ef4856d5,campaign-sf1,mado,tpch,Q17,Complex,postgresql,indexed,1,6,0,-1,sqlalchemy,orm,q17s5,2,1.230178,,ok,,15min,1.0,82217,136643461457168,2026-09-05T02:09:00.741+00:00
eb38ef4856d5,campaign-sf1,mado,tpch,Q17,Complex,postgresql,indexed,1,6,0,0,django,sql,q17s5,0,1.22738,1,ok,,15min,1.0,82217,136643461457168,2026-09-05T02:09:01.969+00:00
eb38ef4856d5,campaign-sf1,mado,tpch,Q17,Complex,postgresql,indexed,1,6,0,1,django,orm,q17s5,0,0.509555,1,ok,,15min,1.0,82217,136643461457168,2026-09-05T02:09:02.478+00:00
eb38ef4856d5,campaign-sf1,mado,tpch,Q17,Complex,postgresql,indexed,1,6,0,2,sqlalchemy,sql,q17s5,0,1.21927,1,ok,,15min,1.0,82217,136643461457168,2026-09-05T02:09:03.698+00:00
eb38ef4856d5,campaign-sf1,mado,tpch,Q17,Complex,postgresql,indexed,1,6,0,3,sqlalchemy,orm,q17s5,0,1.225229,1,ok,,15min,1.0,82217,136643461457168,2026-09-05T02:09:04.923+00:00
eb38ef4856d5,campaign-sf1,mado,tpch,Q17,Complex,postgresql,indexed,1,7,3,-1,django,sql,q17s6,2,1.294029,,ok,,15min,1.0,82217,136643461457168,2026-09-05T02:09:06.221+00:00
eb38ef4856d5,campaign-sf1,mado,tpch,Q17,Complex,postgresql,indexed,1,7,3,-1,django,orm,q17s6,2,0.543138,,ok,,15min,1.0,82217,136643461457168,2026-09-05T02:09:06.765+00:00
eb38ef4856d5,campaign-sf1,mado,tpch,Q17,Complex,postgresql,indexed,1,7,3,-1,sqlalchemy,sql,q17s6,2,1.312384,,ok,,15min,1.0,82217,136643461457168,2026-09-05T02:09:08.077+00:00
eb38ef4856d5,campaign-sf1,mado,tpch,Q17,Complex,postgresql,indexed,1,7,3,-1,sqlalchemy,orm,q17s6,2,1.288949,,ok,,15min,1.0,82217,136643461457168,2026-09-05T02:09:09.366+00:00
eb38ef4856d5,campaign-sf1,mado,tpch,Q17,Complex,postgresql,indexed,1,7,3,0,sqlalchemy,sql,q17s6,0,1.288134,1,ok,,15min,1.0,82217,136643461457168,2026-09-05T02:09:10.654+00:00
eb38ef4856d5,campaign-sf1,mado,tpch,Q17,Complex,postgresql,indexed,1,7,3,1,django,sql,q17s6,0,1.291182,1,ok,,15min,1.0,82217,136643461457168,2026-09-05T02:09:11.946+00:00
eb38ef4856d5,campaign-sf1,mado,tpch,Q17,Complex,postgresql,indexed,1,7,3,2,sqlalchemy,orm,q17s6,0,1.284382,1,ok,,15min,1.0,82217,136643461457168,2026-09-05T02:09:13.230+00:00
eb38ef4856d5,campaign-sf1,mado,tpch,Q17,Complex,postgresql,indexed,1,7,3,3,django,orm,q17s6,0,0.544192,1,ok,,15min,1.0,82217,136643461457168,2026-09-05T02:09:13.774+00:00
eb38ef4856d5,campaign-sf1,mado,tpch,Q17,Complex,postgresql,indexed,1,8,1,-1,django,sql,q17s7,2,1.30185,,ok,,15min,1.0,82217,136643461457168,2026-09-05T02:09:15.081+00:00
eb38ef4856d5,campaign-sf1,mado,tpch,Q17,Complex,postgresql,indexed,1,8,1,-1,django,orm,q17s7,2,0.546966,,ok,,15min,1.0,82217,136643461457168,2026-09-05T02:09:15.628+00:00
eb38ef4856d5,campaign-sf1,mado,tpch,Q17,Complex,postgresql,indexed,1,8,1,-1,sqlalchemy,sql,q17s7,2,1.292265,,ok,,15min,1.0,82217,136643461457168,2026-09-05T02:09:16.920+00:00
eb38ef4856d5,campaign-sf1,mado,tpch,Q17,Complex,postgresql,indexed,1,8,1,-1,sqlalchemy,orm,q17s7,2,1.296064,,ok,,15min,1.0,82217,136643461457168,2026-09-05T02:09:18.217+00:00
eb38ef4856d5,campaign-sf1,mado,tpch,Q17,Complex,postgresql,indexed,1,8,1,0,django,orm,q17s7,0,0.546569,1,ok,,15min,1.0,82217,136643461457168,2026-09-05T02:09:18.763+00:00
eb38ef4856d5,campaign-sf1,mado,tpch,Q17,Complex,postgresql,indexed,1,8,1,1,sqlalchemy,orm,q17s7,0,1.290954,1,ok,,15min,1.0,82217,136643461457168,2026-09-05T02:09:20.054+00:00
eb38ef4856d5,campaign-sf1,mado,tpch,Q17,Complex,postgresql,indexed,1,8,1,2,django,sql,q17s7,0,1.30414,1,ok,,15min,1.0,82217,136643461457168,2026-09-05T02:09:21.359+00:00
eb38ef4856d5,campaign-sf1,mado,tpch,Q17,Complex,postgresql,indexed,1,8,1,3,sqlalchemy,sql,q17s7,0,1.293801,1,ok,,15min,1.0,82217,136643461457168,2026-09-05T02:09:22.652+00:00
5c618f8a1381,campaign-sf1,mado,tpch,Q18,Complex,postgresql,indexed,1,0,1,0,django,orm,q18warm,1,4.196499,9,ok,,15min,1.0,82508,132647728440736,2026-09-05T02:09:28.107+00:00
5c618f8a1381,campaign-sf1,mado,tpch,Q18,Complex,postgresql,indexed,1,0,1,1,sqlalchemy,orm,q18warm,1,4.154725,9,ok,,15min,1.0,82508,132647728440736,2026-09-05T02:09:32.262+00:00
5c618f8a1381,campaign-sf1,mado,tpch,Q18,Complex,postgresql,indexed,1,0,1,2,django,sql,q18warm,1,3.791117,9,ok,,15min,1.0,82508,132647728440736,2026-09-05T02:09:36.053+00:00
5c618f8a1381,campaign-sf1,mado,tpch,Q18,Complex,postgresql,indexed,1,0,1,3,sqlalchemy,sql,q18warm,1,3.820931,9,ok,,15min,1.0,82508,132647728440736,2026-09-05T02:09:39.874+00:00
5c618f8a1381,campaign-sf1,mado,tpch,Q18,Complex,postgresql,indexed,1,1,1,-1,django,sql,q18s0,2,3.782208,,ok,,15min,1.0,82508,132647728440736,2026-09-05T02:09:43.661+00:00
5c618f8a1381,campaign-sf1,mado,tpch,Q18,Complex,postgresql,indexed,1,1,1,-1,django,orm,q18s0,2,3.783115,,ok,,15min,1.0,82508,132647728440736,2026-09-05T02:09:47.444+00:00
5c618f8a1381,campaign-sf1,mado,tpch,Q18,Complex,postgresql,indexed,1,1,1,-1,sqlalchemy,sql,q18s0,2,3.793288,,ok,,15min,1.0,82508,132647728440736,2026-09-05T02:09:51.237+00:00
5c618f8a1381,campaign-sf1,mado,tpch,Q18,Complex,postgresql,indexed,1,1,1,-1,sqlalchemy,orm,q18s0,2,3.812383,,ok,,15min,1.0,82508,132647728440736,2026-09-05T02:09:55.050+00:00
5c618f8a1381,campaign-sf1,mado,tpch,Q18,Complex,postgresql,indexed,1,1,1,0,django,orm,q18s0,0,3.784376,57,ok,,15min,1.0,82508,132647728440736,2026-09-05T02:09:58.834+00:00
5c618f8a1381,campaign-sf1,mado,tpch,Q18,Complex,postgresql,indexed,1,1,1,1,sqlalchemy,orm,q18s0,0,3.823603,57,ok,,15min,1.0,82508,132647728440736,2026-09-05T02:10:02.658+00:00
5c618f8a1381,campaign-sf1,mado,tpch,Q18,Complex,postgresql,indexed,1,1,1,2,django,sql,q18s0,0,3.788709,57,ok,,15min,1.0,82508,132647728440736,2026-09-05T02:10:06.447+00:00
5c618f8a1381,campaign-sf1,mado,tpch,Q18,Complex,postgresql,indexed,1,1,1,3,sqlalchemy,sql,q18s0,0,3.82571,57,ok,,15min,1.0,82508,132647728440736,2026-09-05T02:10:10.272+00:00
5c618f8a1381,campaign-sf1,mado,tpch,Q18,Complex,postgresql,indexed,1,2,3,-1,django,sql,q18s1,2,3.796588,,ok,,15min,1.0,82508,132647728440736,2026-09-05T02:10:14.074+00:00
5c618f8a1381,campaign-sf1,mado,tpch,Q18,Complex,postgresql,indexed,1,2,3,-1,django,orm,q18s1,2,3.799359,,ok,,15min,1.0,82508,132647728440736,2026-09-05T02:10:17.873+00:00
5c618f8a1381,campaign-sf1,mado,tpch,Q18,Complex,postgresql,indexed,1,2,3,-1,sqlalchemy,sql,q18s1,2,3.811267,,ok,,15min,1.0,82508,132647728440736,2026-09-05T02:10:21.685+00:00
5c618f8a1381,campaign-sf1,mado,tpch,Q18,Complex,postgresql,indexed,1,2,3,-1,sqlalchemy,orm,q18s1,2,3.820912,,ok,,15min,1.0,82508,132647728440736,2026-09-05T02:10:25.506+00:00
5c618f8a1381,campaign-sf1,mado,tpch,Q18,Complex,postgresql,indexed,1,2,3,0,sqlalchemy,sql,q18s1,0,3.824379,9,ok,,15min,1.0,82508,132647728440736,2026-09-05T02:10:29.330+00:00
5c618f8a1381,campaign-sf1,mado,tpch,Q18,Complex,postgresql,indexed,1,2,3,1,django,sql,q18s1,0,3.792996,9,ok,,15min,1.0,82508,132647728440736,2026-09-05T02:10:33.123+00:00
5c618f8a1381,campaign-sf1,mado,tpch,Q18,Complex,postgresql,indexed,1,2,3,2,sqlalchemy,orm,q18s1,0,3.793088,9,ok,,15min,1.0,82508,132647728440736,2026-09-05T02:10:36.916+00:00
5c618f8a1381,campaign-sf1,mado,tpch,Q18,Complex,postgresql,indexed,1,2,3,3,django,orm,q18s1,0,3.788712,9,ok,,15min,1.0,82508,132647728440736,2026-09-05T02:10:40.705+00:00
5c618f8a1381,campaign-sf1,mado,tpch,Q18,Complex,postgresql,indexed,1,3,2,-1,django,sql,q18s2,2,3.787481,,ok,,15min,1.0,82508,132647728440736,2026-09-05T02:10:44.497+00:00
5c618f8a1381,campaign-sf1,mado,tpch,Q18,Complex,postgresql,indexed,1,3,2,-1,django,orm,q18s2,2,3.788783,,ok,,15min,1.0,82508,132647728440736,2026-09-05T02:10:48.286+00:00
5c618f8a1381,campaign-sf1,mado,tpch,Q18,Complex,postgresql,indexed,1,3,2,-1,sqlalchemy,sql,q18s2,2,3.789141,,ok,,15min,1.0,82508,132647728440736,2026-09-05T02:10:52.076+00:00
5c618f8a1381,campaign-sf1,mado,tpch,Q18,Complex,postgresql,indexed,1,3,2,-1,sqlalchemy,orm,q18s2,2,3.824054,,ok,,15min,1.0,82508,132647728440736,2026-09-05T02:10:55.900+00:00
5c618f8a1381,campaign-sf1,mado,tpch,Q18,Complex,postgresql,indexed,1,3,2,0,sqlalchemy,orm,q18s2,0,3.821248,9,ok,,15min,1.0,82508,132647728440736,2026-09-05T02:10:59.721+00:00
5c618f8a1381,campaign-sf1,mado,tpch,Q18,Complex,postgresql,indexed,1,3,2,1,sqlalchemy,sql,q18s2,0,3.797137,9,ok,,15min,1.0,82508,132647728440736,2026-09-05T02:11:03.518+00:00
5c618f8a1381,campaign-sf1,mado,tpch,Q18,Complex,postgresql,indexed,1,3,2,2,django,orm,q18s2,0,3.800976,9,ok,,15min,1.0,82508,132647728440736,2026-09-05T02:11:07.319+00:00
5c618f8a1381,campaign-sf1,mado,tpch,Q18,Complex,postgresql,indexed,1,3,2,3,django,sql,q18s2,0,3.79051,9,ok,,15min,1.0,82508,132647728440736,2026-09-05T02:11:11.110+00:00
5c618f8a1381,campaign-sf1,mado,tpch,Q18,Complex,postgresql,indexed,1,4,0,-1,django,sql,q18s3,2,3.805605,,ok,,15min,1.0,82508,132647728440736,2026-09-05T02:11:14.920+00:00
5c618f8a1381,campaign-sf1,mado,tpch,Q18,Complex,postgresql,indexed,1,4,0,-1,django,orm,q18s3,2,3.798933,,ok,,15min,1.0,82508,132647728440736,2026-09-05T02:11:18.719+00:00
5c618f8a1381,campaign-sf1,mado,tpch,Q18,Complex,postgresql,indexed,1,4,0,-1,sqlalchemy,sql,q18s3,2,3.81338,,ok,,15min,1.0,82508,132647728440736,2026-09-05T02:11:22.533+00:00
5c618f8a1381,campaign-sf1,mado,tpch,Q18,Complex,postgresql,indexed,1,4,0,-1,sqlalchemy,orm,q18s3,2,3.826654,,ok,,15min,1.0,82508,132647728440736,2026-09-05T02:11:26.360+00:00
5c618f8a1381,campaign-sf1,mado,tpch,Q18,Complex,postgresql,indexed,1,4,0,0,django,sql,q18s3,0,3.785752,9,ok,,15min,1.0,82508,132647728440736,2026-09-05T02:11:30.145+00:00
5c618f8a1381,campaign-sf1,mado,tpch,Q18,Complex,postgresql,indexed,1,4,0,1,django,orm,q18s3,0,3.805015,9,ok,,15min,1.0,82508,132647728440736,2026-09-05T02:11:33.951+00:00
5c618f8a1381,campaign-sf1,mado,tpch,Q18,Complex,postgresql,indexed,1,4,0,2,sqlalchemy,sql,q18s3,0,3.808386,9,ok,,15min,1.0,82508,132647728440736,2026-09-05T02:11:37.759+00:00
5c618f8a1381,campaign-sf1,mado,tpch,Q18,Complex,postgresql,indexed,1,4,0,3,sqlalchemy,orm,q18s3,0,3.822673,9,ok,,15min,1.0,82508,132647728440736,2026-09-05T02:11:41.582+00:00
5c618f8a1381,campaign-sf1,mado,tpch,Q18,Complex,postgresql,indexed,1,5,1,-1,django,sql,q18s4,2,3.791768,,ok,,15min,1.0,82508,132647728440736,2026-09-05T02:11:45.378+00:00
5c618f8a1381,campaign-sf1,mado,tpch,Q18,Complex,postgresql,indexed,1,5,1,-1,django,orm,q18s4,2,3.786092,,ok,,15min,1.0,82508,132647728440736,2026-09-05T02:11:49.164+00:00
5c618f8a1381,campaign-sf1,mado,tpch,Q18,Complex,postgresql,indexed,1,5,1,-1,sqlalchemy,sql,q18s4,2,3.818784,,ok,,15min,1.0,82508,132647728440736,2026-09-05T02:11:52.983+00:00
5c618f8a1381,campaign-sf1,mado,tpch,Q18,Complex,postgresql,indexed,1,5,1,-1,sqlalchemy,orm,q18s4,2,3.785583,,ok,,15min,1.0,82508,132647728440736,2026-09-05T02:11:56.769+00:00
5c618f8a1381,campaign-sf1,mado,tpch,Q18,Complex,postgresql,indexed,1,5,1,0,django,orm,q18s4,0,3.788248,10,ok,,15min,1.0,82508,132647728440736,2026-09-05T02:12:00.557+00:00
5c618f8a1381,campaign-sf1,mado,tpch,Q18,Complex,postgresql,indexed,1,5,1,1,sqlalchemy,orm,q18s4,0,3.832387,10,ok,,15min,1.0,82508,132647728440736,2026-09-05T02:12:04.390+00:00
5c618f8a1381,campaign-sf1,mado,tpch,Q18,Complex,postgresql,indexed,1,5,1,2,django,sql,q18s4,0,3.789246,10,ok,,15min,1.0,82508,132647728440736,2026-09-05T02:12:08.179+00:00
5c618f8a1381,campaign-sf1,mado,tpch,Q18,Complex,postgresql,indexed,1,5,1,3,sqlalchemy,sql,q18s4,0,3.824565,10,ok,,15min,1.0,82508,132647728440736,2026-09-05T02:12:12.004+00:00
5c618f8a1381,campaign-sf1,mado,tpch,Q18,Complex,postgresql,indexed,1,6,3,-1,django,sql,q18s5,2,3.783597,,ok,,15min,1.0,82508,132647728440736,2026-09-05T02:12:15.792+00:00
5c618f8a1381,campaign-sf1,mado,tpch,Q18,Complex,postgresql,indexed,1,6,3,-1,django,orm,q18s5,2,3.805722,,ok,,15min,1.0,82508,132647728440736,2026-09-05T02:12:19.598+00:00
5c618f8a1381,campaign-sf1,mado,tpch,Q18,Complex,postgresql,indexed,1,6,3,-1,sqlalchemy,sql,q18s5,2,3.778061,,ok,,15min,1.0,82508,132647728440736,2026-09-05T02:12:23.376+00:00
5c618f8a1381,campaign-sf1,mado,tpch,Q18,Complex,postgresql,indexed,1,6,3,-1,sqlalchemy,orm,q18s5,2,3.834475,,ok,,15min,1.0,82508,132647728440736,2026-09-05T02:12:27.211+00:00
5c618f8a1381,campaign-sf1,mado,tpch,Q18,Complex,postgresql,indexed,1,6,3,0,sqlalchemy,sql,q18s5,0,3.812768,10,ok,,15min,1.0,82508,132647728440736,2026-09-05T02:12:31.023+00:00
5c618f8a1381,campaign-sf1,mado,tpch,Q18,Complex,postgresql,indexed,1,6,3,1,django,sql,q18s5,0,3.789036,10,ok,,15min,1.0,82508,132647728440736,2026-09-05T02:12:34.813+00:00
5c618f8a1381,campaign-sf1,mado,tpch,Q18,Complex,postgresql,indexed,1,6,3,2,sqlalchemy,orm,q18s5,0,3.823353,10,ok,,15min,1.0,82508,132647728440736,2026-09-05T02:12:38.636+00:00
5c618f8a1381,campaign-sf1,mado,tpch,Q18,Complex,postgresql,indexed,1,6,3,3,django,orm,q18s5,0,3.803928,10,ok,,15min,1.0,82508,132647728440736,2026-09-05T02:12:42.440+00:00
5c618f8a1381,campaign-sf1,mado,tpch,Q18,Complex,postgresql,indexed,1,7,0,-1,django,sql,q18s6,2,3.798312,,ok,,15min,1.0,82508,132647728440736,2026-09-05T02:12:46.243+00:00
5c618f8a1381,campaign-sf1,mado,tpch,Q18,Complex,postgresql,indexed,1,7,0,-1,django,orm,q18s6,2,3.796688,,ok,,15min,1.0,82508,132647728440736,2026-09-05T02:12:50.040+00:00
5c618f8a1381,campaign-sf1,mado,tpch,Q18,Complex,postgresql,indexed,1,7,0,-1,sqlalchemy,sql,q18s6,2,3.816757,,ok,,15min,1.08,82508,132647728440736,2026-09-05T02:12:53.857+00:00
5c618f8a1381,campaign-sf1,mado,tpch,Q18,Complex,postgresql,indexed,1,7,0,-1,sqlalchemy,orm,q18s6,2,3.811792,,ok,,15min,1.07,82508,132647728440736,2026-09-05T02:12:57.669+00:00
5c618f8a1381,campaign-sf1,mado,tpch,Q18,Complex,postgresql,indexed,1,7,0,0,django,sql,q18s6,0,3.810504,9,ok,,15min,1.07,82508,132647728440736,2026-09-05T02:13:01.479+00:00
5c618f8a1381,campaign-sf1,mado,tpch,Q18,Complex,postgresql,indexed,1,7,0,1,django,orm,q18s6,0,3.782138,9,ok,,15min,1.07,82508,132647728440736,2026-09-05T02:13:05.261+00:00
5c618f8a1381,campaign-sf1,mado,tpch,Q18,Complex,postgresql,indexed,1,7,0,2,sqlalchemy,sql,q18s6,0,3.798131,9,ok,,15min,1.06,82508,132647728440736,2026-09-05T02:13:09.060+00:00
5c618f8a1381,campaign-sf1,mado,tpch,Q18,Complex,postgresql,indexed,1,7,0,3,sqlalchemy,orm,q18s6,0,3.822132,9,ok,,15min,1.06,82508,132647728440736,2026-09-05T02:13:12.882+00:00
5c618f8a1381,campaign-sf1,mado,tpch,Q18,Complex,postgresql,indexed,1,8,2,-1,django,sql,q18s7,2,3.807342,,ok,,15min,1.05,82508,132647728440736,2026-09-05T02:13:16.694+00:00
5c618f8a1381,campaign-sf1,mado,tpch,Q18,Complex,postgresql,indexed,1,8,2,-1,django,orm,q18s7,2,3.787688,,ok,,15min,1.05,82508,132647728440736,2026-09-05T02:13:20.482+00:00
5c618f8a1381,campaign-sf1,mado,tpch,Q18,Complex,postgresql,indexed,1,8,2,-1,sqlalchemy,sql,q18s7,2,3.786838,,ok,,15min,1.13,82508,132647728440736,2026-09-05T02:13:24.269+00:00
5c618f8a1381,campaign-sf1,mado,tpch,Q18,Complex,postgresql,indexed,1,8,2,-1,sqlalchemy,orm,q18s7,2,3.826283,,ok,,15min,1.12,82508,132647728440736,2026-09-05T02:13:28.095+00:00
5c618f8a1381,campaign-sf1,mado,tpch,Q18,Complex,postgresql,indexed,1,8,2,0,sqlalchemy,orm,q18s7,0,3.807292,9,ok,,15min,1.11,82508,132647728440736,2026-09-05T02:13:31.902+00:00
5c618f8a1381,campaign-sf1,mado,tpch,Q18,Complex,postgresql,indexed,1,8,2,1,sqlalchemy,sql,q18s7,0,3.829291,9,ok,,15min,1.1,82508,132647728440736,2026-09-05T02:13:35.732+00:00
5c618f8a1381,campaign-sf1,mado,tpch,Q18,Complex,postgresql,indexed,1,8,2,2,django,orm,q18s7,0,3.79784,9,ok,,15min,1.1,82508,132647728440736,2026-09-05T02:13:39.530+00:00
5c618f8a1381,campaign-sf1,mado,tpch,Q18,Complex,postgresql,indexed,1,8,2,3,django,sql,q18s7,0,3.789382,9,ok,,15min,1.09,82508,132647728440736,2026-09-05T02:13:43.319+00:00
363d995f5ec6,campaign-sf1,mado,tpch,Q19,Simple,postgresql,indexed,1,0,3,0,sqlalchemy,sql,q19warm,1,0.16228,1,ok,,15min,1.09,82569,136161281959328,2026-09-05T02:13:44.734+00:00
363d995f5ec6,campaign-sf1,mado,tpch,Q19,Simple,postgresql,indexed,1,0,3,1,django,sql,q19warm,1,0.160966,1,ok,,15min,1.09,82569,136161281959328,2026-09-05T02:13:44.895+00:00
363d995f5ec6,campaign-sf1,mado,tpch,Q19,Simple,postgresql,indexed,1,0,3,2,sqlalchemy,orm,q19warm,1,0.13316,1,ok,,15min,1.09,82569,136161281959328,2026-09-05T02:13:45.028+00:00
363d995f5ec6,campaign-sf1,mado,tpch,Q19,Simple,postgresql,indexed,1,0,3,3,django,orm,q19warm,1,0.093336,1,ok,,15min,1.09,82569,136161281959328,2026-09-05T02:13:45.121+00:00
363d995f5ec6,campaign-sf1,mado,tpch,Q19,Simple,postgresql,indexed,1,1,2,-1,django,sql,q19s0,2,0.107244,,ok,,15min,1.09,82569,136161281959328,2026-09-05T02:13:45.233+00:00
363d995f5ec6,campaign-sf1,mado,tpch,Q19,Simple,postgresql,indexed,1,1,2,-1,django,orm,q19s0,2,0.088413,,ok,,15min,1.09,82569,136161281959328,2026-09-05T02:13:45.322+00:00
363d995f5ec6,campaign-sf1,mado,tpch,Q19,Simple,postgresql,indexed,1,1,2,-1,sqlalchemy,sql,q19s0,2,0.106776,,ok,,15min,1.09,82569,136161281959328,2026-09-05T02:13:45.429+00:00
363d995f5ec6,campaign-sf1,mado,tpch,Q19,Simple,postgresql,indexed,1,1,2,-1,sqlalchemy,orm,q19s0,2,0.086748,,ok,,15min,1.09,82569,136161281959328,2026-09-05T02:13:45.515+00:00
363d995f5ec6,campaign-sf1,mado,tpch,Q19,Simple,postgresql,indexed,1,1,2,0,sqlalchemy,orm,q19s0,0,0.08615,1,ok,,15min,1.08,82569,136161281959328,2026-09-05T02:13:45.602+00:00
363d995f5ec6,campaign-sf1,mado,tpch,Q19,Simple,postgresql,indexed,1,1,2,1,sqlalchemy,sql,q19s0,0,0.085359,1,ok,,15min,1.08,82569,136161281959328,2026-09-05T02:13:45.687+00:00
363d995f5ec6,campaign-sf1,mado,tpch,Q19,Simple,postgresql,indexed,1,1,2,2,django,orm,q19s0,0,0.088754,1,ok,,15min,1.08,82569,136161281959328,2026-09-05T02:13:45.776+00:00
363d995f5ec6,campaign-sf1,mado,tpch,Q19,Simple,postgresql,indexed,1,1,2,3,django,sql,q19s0,0,0.082959,1,ok,,15min,1.08,82569,136161281959328,2026-09-05T02:13:45.859+00:00
363d995f5ec6,campaign-sf1,mado,tpch,Q19,Simple,postgresql,indexed,1,2,0,-1,django,sql,q19s1,2,0.096856,,ok,,15min,1.08,82569,136161281959328,2026-09-05T02:13:45.961+00:00
363d995f5ec6,campaign-sf1,mado,tpch,Q19,Simple,postgresql,indexed,1,2,0,-1,django,orm,q19s1,2,0.087352,,ok,,15min,1.08,82569,136161281959328,2026-09-05T02:13:46.048+00:00
363d995f5ec6,campaign-sf1,mado,tpch,Q19,Simple,postgresql,indexed,1,2,0,-1,sqlalchemy,sql,q19s1,2,0.093853,,ok,,15min,1.08,82569,136161281959328,2026-09-05T02:13:46.142+00:00
363d995f5ec6,campaign-sf1,mado,tpch,Q19,Simple,postgresql,indexed,1,2,0,-1,sqlalchemy,orm,q19s1,2,0.085771,,ok,,15min,1.08,82569,136161281959328,2026-09-05T02:13:46.228+00:00
363d995f5ec6,campaign-sf1,mado,tpch,Q19,Simple,postgresql,indexed,1,2,0,0,django,sql,q19s1,0,0.082292,1,ok,,15min,1.08,82569,136161281959328,2026-09-05T02:13:46.310+00:00
363d995f5ec6,campaign-sf1,mado,tpch,Q19,Simple,postgresql,indexed,1,2,0,1,django,orm,q19s1,0,0.087379,1,ok,,15min,1.08,82569,136161281959328,2026-09-05T02:13:46.398+00:00
363d995f5ec6,campaign-sf1,mado,tpch,Q19,Simple,postgresql,indexed,1,2,0,2,sqlalchemy,sql,q19s1,0,0.085109,1,ok,,15min,1.08,82569,136161281959328,2026-09-05T02:13:46.483+00:00
363d995f5ec6,campaign-sf1,mado,tpch,Q19,Simple,postgresql,indexed,1,2,0,3,sqlalchemy,orm,q19s1,0,0.085738,1,ok,,15min,1.08,82569,136161281959328,2026-09-05T02:13:46.569+00:00
363d995f5ec6,campaign-sf1,mado,tpch,Q19,Simple,postgresql,indexed,1,3,3,-1,django,sql,q19s2,2,0.089989,,ok,,15min,1.08,82569,136161281959328,2026-09-05T02:13:46.664+00:00
363d995f5ec6,campaign-sf1,mado,tpch,Q19,Simple,postgresql,indexed,1,3,3,-1,django,orm,q19s2,2,0.089918,,ok,,15min,1.08,82569,136161281959328,2026-09-05T02:13:46.754+00:00
363d995f5ec6,campaign-sf1,mado,tpch,Q19,Simple,postgresql,indexed,1,3,3,-1,sqlalchemy,sql,q19s2,2,0.090687,,ok,,15min,1.08,82569,136161281959328,2026-09-05T02:13:46.845+00:00
363d995f5ec6,campaign-sf1,mado,tpch,Q19,Simple,postgresql,indexed,1,3,3,-1,sqlalchemy,orm,q19s2,2,0.088087,,ok,,15min,1.08,82569,136161281959328,2026-09-05T02:13:46.933+00:00
363d995f5ec6,campaign-sf1,mado,tpch,Q19,Simple,postgresql,indexed,1,3,3,0,sqlalchemy,sql,q19s2,0,0.086755,1,ok,,15min,1.08,82569,136161281959328,2026-09-05T02:13:47.020+00:00
363d995f5ec6,campaign-sf1,mado,tpch,Q19,Simple,postgresql,indexed,1,3,3,1,django,sql,q19s2,0,0.084331,1,ok,,15min,1.08,82569,136161281959328,2026-09-05T02:13:47.104+00:00
363d995f5ec6,campaign-sf1,mado,tpch,Q19,Simple,postgresql,indexed,1,3,3,2,sqlalchemy,orm,q19s2,0,0.087831,1,ok,,15min,1.08,82569,136161281959328,2026-09-05T02:13:47.192+00:00
363d995f5ec6,campaign-sf1,mado,tpch,Q19,Simple,postgresql,indexed,1,3,3,3,django,orm,q19s2,0,0.089384,1,ok,,15min,1.08,82569,136161281959328,2026-09-05T02:13:47.281+00:00
363d995f5ec6,campaign-sf1,mado,tpch,Q19,Simple,postgresql,indexed,1,4,1,-1,django,sql,q19s3,2,0.089662,,ok,,15min,1.08,82569,136161281959328,2026-09-05T02:13:47.376+00:00
363d995f5ec6,campaign-sf1,mado,tpch,Q19,Simple,postgresql,indexed,1,4,1,-1,django,orm,q19s3,2,0.088981,,ok,,15min,1.08,82569,136161281959328,2026-09-05T02:13:47.465+00:00
363d995f5ec6,campaign-sf1,mado,tpch,Q19,Simple,postgresql,indexed,1,4,1,-1,sqlalchemy,sql,q19s3,2,0.089361,,ok,,15min,1.08,82569,136161281959328,2026-09-05T02:13:47.554+00:00
363d995f5ec6,campaign-sf1,mado,tpch,Q19,Simple,postgresql,indexed,1,4,1,-1,sqlalchemy,orm,q19s3,2,0.087542,,ok,,15min,1.08,82569,136161281959328,2026-09-05T02:13:47.642+00:00
363d995f5ec6,campaign-sf1,mado,tpch,Q19,Simple,postgresql,indexed,1,4,1,0,django,orm,q19s3,0,0.089388,1,ok,,15min,1.08,82569,136161281959328,2026-09-05T02:13:47.731+00:00
363d995f5ec6,campaign-sf1,mado,tpch,Q19,Simple,postgresql,indexed,1,4,1,1,sqlalchemy,orm,q19s3,0,0.087659,1,ok,,15min,1.08,82569,136161281959328,2026-09-05T02:13:47.819+00:00
363d995f5ec6,campaign-sf1,mado,tpch,Q19,Simple,postgresql,indexed,1,4,1,2,django,sql,q19s3,0,0.083681,1,ok,,15min,1.08,82569,136161281959328,2026-09-05T02:13:47.903+00:00
363d995f5ec6,campaign-sf1,mado,tpch,Q19,Simple,postgresql,indexed,1,4,1,3,sqlalchemy,sql,q19s3,0,0.086042,1,ok,,15min,1.08,82569,136161281959328,2026-09-05T02:13:47.989+00:00
363d995f5ec6,campaign-sf1,mado,tpch,Q19,Simple,postgresql,indexed,1,5,1,-1,django,sql,q19s4,2,0.087311,,ok,,15min,1.08,82569,136161281959328,2026-09-05T02:13:48.081+00:00
363d995f5ec6,campaign-sf1,mado,tpch,Q19,Simple,postgresql,indexed,1,5,1,-1,django,orm,q19s4,2,0.089779,,ok,,15min,1.08,82569,136161281959328,2026-09-05T02:13:48.171+00:00
363d995f5ec6,campaign-sf1,mado,tpch,Q19,Simple,postgresql,indexed,1,5,1,-1,sqlalchemy,sql,q19s4,2,0.088111,,ok,,15min,1.08,82569,136161281959328,2026-09-05T02:13:48.259+00:00
363d995f5ec6,campaign-sf1,mado,tpch,Q19,Simple,postgresql,indexed,1,5,1,-1,sqlalchemy,orm,q19s4,2,0.088287,,ok,,15min,1.08,82569,136161281959328,2026-09-05T02:13:48.347+00:00
363d995f5ec6,campaign-sf1,mado,tpch,Q19,Simple,postgresql,indexed,1,5,1,0,django,orm,q19s4,0,0.089813,1,ok,,15min,1.08,82569,136161281959328,2026-09-05T02:13:48.437+00:00
363d995f5ec6,campaign-sf1,mado,tpch,Q19,Simple,postgresql,indexed,1,5,1,1,sqlalchemy,orm,q19s4,0,0.088288,1,ok,,15min,1.08,82569,136161281959328,2026-09-05T02:13:48.526+00:00
363d995f5ec6,campaign-sf1,mado,tpch,Q19,Simple,postgresql,indexed,1,5,1,2,django,sql,q19s4,0,0.084608,1,ok,,15min,1.08,82569,136161281959328,2026-09-05T02:13:48.610+00:00
363d995f5ec6,campaign-sf1,mado,tpch,Q19,Simple,postgresql,indexed,1,5,1,3,sqlalchemy,sql,q19s4,0,0.08723,1,ok,,15min,1.08,82569,136161281959328,2026-09-05T02:13:48.698+00:00
363d995f5ec6,campaign-sf1,mado,tpch,Q19,Simple,postgresql,indexed,1,6,2,-1,django,sql,q19s5,2,0.087961,,ok,,15min,1.08,82569,136161281959328,2026-09-05T02:13:48.790+00:00
363d995f5ec6,campaign-sf1,mado,tpch,Q19,Simple,postgresql,indexed,1,6,2,-1,django,orm,q19s5,2,0.089263,,ok,,15min,1.08,82569,136161281959328,2026-09-05T02:13:48.880+00:00
363d995f5ec6,campaign-sf1,mado,tpch,Q19,Simple,postgresql,indexed,1,6,2,-1,sqlalchemy,sql,q19s5,2,0.087901,,ok,,15min,1.08,82569,136161281959328,2026-09-05T02:13:48.968+00:00
363d995f5ec6,campaign-sf1,mado,tpch,Q19,Simple,postgresql,indexed,1,6,2,-1,sqlalchemy,orm,q19s5,2,0.087588,,ok,,15min,1.08,82569,136161281959328,2026-09-05T02:13:49.055+00:00
363d995f5ec6,campaign-sf1,mado,tpch,Q19,Simple,postgresql,indexed,1,6,2,0,sqlalchemy,orm,q19s5,0,0.087328,1,ok,,15min,1.08,82569,136161281959328,2026-09-05T02:13:49.143+00:00
363d995f5ec6,campaign-sf1,mado,tpch,Q19,Simple,postgresql,indexed,1,6,2,1,sqlalchemy,sql,q19s5,0,0.086308,1,ok,,15min,1.08,82569,136161281959328,2026-09-05T02:13:49.229+00:00
363d995f5ec6,campaign-sf1,mado,tpch,Q19,Simple,postgresql,indexed,1,6,2,2,django,orm,q19s5,0,0.088957,1,ok,,15min,1.08,82569,136161281959328,2026-09-05T02:13:49.318+00:00
363d995f5ec6,campaign-sf1,mado,tpch,Q19,Simple,postgresql,indexed,1,6,2,3,django,sql,q19s5,0,0.083748,1,ok,,15min,1.08,82569,136161281959328,2026-09-05T02:13:49.402+00:00
363d995f5ec6,campaign-sf1,mado,tpch,Q19,Simple,postgresql,indexed,1,7,3,-1,django,sql,q19s6,2,0.087353,,ok,,15min,1.08,82569,136161281959328,2026-09-05T02:13:49.494+00:00
363d995f5ec6,campaign-sf1,mado,tpch,Q19,Simple,postgresql,indexed,1,7,3,-1,django,orm,q19s6,2,0.08896,,ok,,15min,1.08,82569,136161281959328,2026-09-05T02:13:49.583+00:00
363d995f5ec6,campaign-sf1,mado,tpch,Q19,Simple,postgresql,indexed,1,7,3,-1,sqlalchemy,sql,q19s6,2,0.087006,,ok,,15min,1.08,82569,136161281959328,2026-09-05T02:13:49.670+00:00
363d995f5ec6,campaign-sf1,mado,tpch,Q19,Simple,postgresql,indexed,1,7,3,-1,sqlalchemy,orm,q19s6,2,0.087591,,ok,,15min,1.08,82569,136161281959328,2026-09-05T02:13:49.758+00:00
363d995f5ec6,campaign-sf1,mado,tpch,Q19,Simple,postgresql,indexed,1,7,3,0,sqlalchemy,sql,q19s6,0,0.086158,1,ok,,15min,1.08,82569,136161281959328,2026-09-05T02:13:49.844+00:00
363d995f5ec6,campaign-sf1,mado,tpch,Q19,Simple,postgresql,indexed,1,7,3,1,django,sql,q19s6,0,0.083477,1,ok,,15min,1.08,82569,136161281959328,2026-09-05T02:13:49.928+00:00
363d995f5ec6,campaign-sf1,mado,tpch,Q19,Simple,postgresql,indexed,1,7,3,2,sqlalchemy,orm,q19s6,0,0.08693,1,ok,,15min,1.08,82569,136161281959328,2026-09-05T02:13:50.015+00:00
363d995f5ec6,campaign-sf1,mado,tpch,Q19,Simple,postgresql,indexed,1,7,3,3,django,orm,q19s6,0,0.088553,1,ok,,15min,1.08,82569,136161281959328,2026-09-05T02:13:50.103+00:00
363d995f5ec6,campaign-sf1,mado,tpch,Q19,Simple,postgresql,indexed,1,8,0,-1,django,sql,q19s7,2,0.086797,,ok,,15min,1.08,82569,136161281959328,2026-09-05T02:13:50.195+00:00
363d995f5ec6,campaign-sf1,mado,tpch,Q19,Simple,postgresql,indexed,1,8,0,-1,django,orm,q19s7,2,0.089088,,ok,,15min,1.08,82569,136161281959328,2026-09-05T02:13:50.284+00:00
363d995f5ec6,campaign-sf1,mado,tpch,Q19,Simple,postgresql,indexed,1,8,0,-1,sqlalchemy,sql,q19s7,2,0.08767,,ok,,15min,1.08,82569,136161281959328,2026-09-05T02:13:50.372+00:00
363d995f5ec6,campaign-sf1,mado,tpch,Q19,Simple,postgresql,indexed,1,8,0,-1,sqlalchemy,orm,q19s7,2,0.088321,,ok,,15min,1.08,82569,136161281959328,2026-09-05T02:13:50.460+00:00
363d995f5ec6,campaign-sf1,mado,tpch,Q19,Simple,postgresql,indexed,1,8,0,0,django,sql,q19s7,0,0.084095,1,ok,,15min,1.08,82569,136161281959328,2026-09-05T02:13:50.545+00:00
363d995f5ec6,campaign-sf1,mado,tpch,Q19,Simple,postgresql,indexed,1,8,0,1,django,orm,q19s7,0,0.088889,1,ok,,15min,1.08,82569,136161281959328,2026-09-05T02:13:50.634+00:00
363d995f5ec6,campaign-sf1,mado,tpch,Q19,Simple,postgresql,indexed,1,8,0,2,sqlalchemy,sql,q19s7,0,0.086708,1,ok,,15min,1.08,82569,136161281959328,2026-09-05T02:13:50.720+00:00
363d995f5ec6,campaign-sf1,mado,tpch,Q19,Simple,postgresql,indexed,1,8,0,3,sqlalchemy,orm,q19s7,0,0.08762,1,ok,,15min,1.08,82569,136161281959328,2026-09-05T02:13:50.808+00:00
ca716a40502b,campaign-sf1,mado,tpch,Q20,Complex,postgresql,indexed,1,0,1,0,django,orm,q20warm,1,1.183077,165,ok,,15min,1.08,82589,136081923777520,2026-09-05T02:13:53.245+00:00
ca716a40502b,campaign-sf1,mado,tpch,Q20,Complex,postgresql,indexed,1,0,1,1,sqlalchemy,orm,q20warm,1,1.127869,165,ok,,15min,1.08,82589,136081923777520,2026-09-05T02:13:54.373+00:00
ca716a40502b,campaign-sf1,mado,tpch,Q20,Complex,postgresql,indexed,1,0,1,2,django,sql,q20warm,1,0.92898,165,ok,,15min,1.08,82589,136081923777520,2026-09-05T02:13:55.302+00:00
ca716a40502b,campaign-sf1,mado,tpch,Q20,Complex,postgresql,indexed,1,0,1,3,sqlalchemy,sql,q20warm,1,0.924754,165,ok,,15min,1.07,82589,136081923777520,2026-09-05T02:13:56.227+00:00
ca716a40502b,campaign-sf1,mado,tpch,Q20,Complex,postgresql,indexed,1,1,0,-1,django,sql,q20s0,2,0.989446,,ok,,15min,1.07,82589,136081923777520,2026-09-05T02:13:57.221+00:00
ca716a40502b,campaign-sf1,mado,tpch,Q20,Complex,postgresql,indexed,1,1,0,-1,django,orm,q20s0,2,0.920916,,ok,,15min,1.07,82589,136081923777520,2026-09-05T02:13:58.142+00:00
ca716a40502b,campaign-sf1,mado,tpch,Q20,Complex,postgresql,indexed,1,1,0,-1,sqlalchemy,sql,q20s0,2,0.918304,,ok,,15min,1.07,82589,136081923777520,2026-09-05T02:13:59.060+00:00
ca716a40502b,campaign-sf1,mado,tpch,Q20,Complex,postgresql,indexed,1,1,0,-1,sqlalchemy,orm,q20s0,2,0.909892,,ok,,15min,1.07,82589,136081923777520,2026-09-05T02:13:59.970+00:00
ca716a40502b,campaign-sf1,mado,tpch,Q20,Complex,postgresql,indexed,1,1,0,0,django,sql,q20s0,0,0.910114,186,ok,,15min,1.06,82589,136081923777520,2026-09-05T02:14:00.880+00:00
ca716a40502b,campaign-sf1,mado,tpch,Q20,Complex,postgresql,indexed,1,1,0,1,django,orm,q20s0,0,0.918815,186,ok,,15min,1.06,82589,136081923777520,2026-09-05T02:14:01.799+00:00
ca716a40502b,campaign-sf1,mado,tpch,Q20,Complex,postgresql,indexed,1,1,0,2,sqlalchemy,sql,q20s0,0,0.911748,186,ok,,15min,1.06,82589,136081923777520,2026-09-05T02:14:02.711+00:00
ca716a40502b,campaign-sf1,mado,tpch,Q20,Complex,postgresql,indexed,1,1,0,3,sqlalchemy,orm,q20s0,0,0.911193,186,ok,,15min,1.06,82589,136081923777520,2026-09-05T02:14:03.622+00:00
ca716a40502b,campaign-sf1,mado,tpch,Q20,Complex,postgresql,indexed,1,2,3,-1,django,sql,q20s1,2,0.967546,,ok,,15min,1.06,82589,136081923777520,2026-09-05T02:14:04.595+00:00
ca716a40502b,campaign-sf1,mado,tpch,Q20,Complex,postgresql,indexed,1,2,3,-1,django,orm,q20s1,2,0.934733,,ok,,15min,1.06,82589,136081923777520,2026-09-05T02:14:05.529+00:00
ca716a40502b,campaign-sf1,mado,tpch,Q20,Complex,postgresql,indexed,1,2,3,-1,sqlalchemy,sql,q20s1,2,0.936226,,ok,,15min,1.06,82589,136081923777520,2026-09-05T02:14:06.466+00:00
ca716a40502b,campaign-sf1,mado,tpch,Q20,Complex,postgresql,indexed,1,2,3,-1,sqlalchemy,orm,q20s1,2,0.939228,,ok,,15min,1.06,82589,136081923777520,2026-09-05T02:14:07.405+00:00
ca716a40502b,campaign-sf1,mado,tpch,Q20,Complex,postgresql,indexed,1,2,3,0,sqlalchemy,sql,q20s1,0,0.937432,192,ok,,15min,1.06,82589,136081923777520,2026-09-05T02:14:08.343+00:00
ca716a40502b,campaign-sf1,mado,tpch,Q20,Complex,postgresql,indexed,1,2,3,1,django,sql,q20s1,0,0.929723,192,ok,,15min,1.06,82589,136081923777520,2026-09-05T02:14:09.272+00:00
ca716a40502b,campaign-sf1,mado,tpch,Q20,Complex,postgresql,indexed,1,2,3,2,sqlalchemy,orm,q20s1,0,0.937764,192,ok,,15min,1.06,82589,136081923777520,2026-09-05T02:14:10.210+00:00
ca716a40502b,campaign-sf1,mado,tpch,Q20,Complex,postgresql,indexed,1,2,3,3,django,orm,q20s1,0,0.935507,192,ok,,15min,1.05,82589,136081923777520,2026-09-05T02:14:11.146+00:00
ca716a40502b,campaign-sf1,mado,tpch,Q20,Complex,postgresql,indexed,1,3,1,-1,django,sql,q20s2,2,1.089439,,ok,,15min,1.05,82589,136081923777520,2026-09-05T02:14:12.240+00:00
ca716a40502b,campaign-sf1,mado,tpch,Q20,Complex,postgresql,indexed,1,3,1,-1,django,orm,q20s2,2,0.954089,,ok,,15min,1.05,82589,136081923777520,2026-09-05T02:14:13.194+00:00
ca716a40502b,campaign-sf1,mado,tpch,Q20,Complex,postgresql,indexed,1,3,1,-1,sqlalchemy,sql,q20s2,2,0.951137,,ok,,15min,1.05,82589,136081923777520,2026-09-05T02:14:14.145+00:00
ca716a40502b,campaign-sf1,mado,tpch,Q20,Complex,postgresql,indexed,1,3,1,-1,sqlalchemy,orm,q20s2,2,0.956793,,ok,,15min,1.05,82589,136081923777520,2026-09-05T02:14:15.102+00:00
ca716a40502b,campaign-sf1,mado,tpch,Q20,Complex,postgresql,indexed,1,3,1,0,django,orm,q20s2,0,0.951892,195,ok,,15min,1.05,82589,136081923777520,2026-09-05T02:14:16.054+00:00
ca716a40502b,campaign-sf1,mado,tpch,Q20,Complex,postgresql,indexed,1,3,1,1,sqlalchemy,orm,q20s2,0,0.957489,195,ok,,15min,1.05,82589,136081923777520,2026-09-05T02:14:17.012+00:00
ca716a40502b,campaign-sf1,mado,tpch,Q20,Complex,postgresql,indexed,1,3,1,2,django,sql,q20s2,0,0.951339,195,ok,,15min,1.05,82589,136081923777520,2026-09-05T02:14:17.963+00:00
ca716a40502b,campaign-sf1,mado,tpch,Q20,Complex,postgresql,indexed,1,3,1,3,sqlalchemy,sql,q20s2,0,0.955347,195,ok,,15min,1.05,82589,136081923777520,2026-09-05T02:14:18.919+00:00
ca716a40502b,campaign-sf1,mado,tpch,Q20,Complex,postgresql,indexed,1,4,2,-1,django,sql,q20s3,2,1.157186,,ok,,15min,1.05,82589,136081923777520,2026-09-05T02:14:20.081+00:00
ca716a40502b,campaign-sf1,mado,tpch,Q20,Complex,postgresql,indexed,1,4,2,-1,django,orm,q20s3,2,0.944583,,ok,,15min,1.04,82589,136081923777520,2026-09-05T02:14:21.025+00:00
ca716a40502b,campaign-sf1,mado,tpch,Q20,Complex,postgresql,indexed,1,4,2,-1,sqlalchemy,sql,q20s3,2,0.95023,,ok,,15min,1.04,82589,136081923777520,2026-09-05T02:14:21.976+00:00
ca716a40502b,campaign-sf1,mado,tpch,Q20,Complex,postgresql,indexed,1,4,2,-1,sqlalchemy,orm,q20s3,2,0.950828,,ok,,15min,1.04,82589,136081923777520,2026-09-05T02:14:22.926+00:00
ca716a40502b,campaign-sf1,mado,tpch,Q20,Complex,postgresql,indexed,1,4,2,0,sqlalchemy,orm,q20s3,0,0.950284,154,ok,,15min,1.04,82589,136081923777520,2026-09-05T02:14:23.877+00:00
ca716a40502b,campaign-sf1,mado,tpch,Q20,Complex,postgresql,indexed,1,4,2,1,sqlalchemy,sql,q20s3,0,0.95056,154,ok,,15min,1.04,82589,136081923777520,2026-09-05T02:14:24.827+00:00
ca716a40502b,campaign-sf1,mado,tpch,Q20,Complex,postgresql,indexed,1,4,2,2,django,orm,q20s3,0,0.947088,154,ok,,15min,1.04,82589,136081923777520,2026-09-05T02:14:25.775+00:00
ca716a40502b,campaign-sf1,mado,tpch,Q20,Complex,postgresql,indexed,1,4,2,3,django,sql,q20s3,0,0.939631,154,ok,,15min,1.04,82589,136081923777520,2026-09-05T02:14:26.714+00:00
ca716a40502b,campaign-sf1,mado,tpch,Q20,Complex,postgresql,indexed,1,5,3,-1,django,sql,q20s4,2,0.929427,,ok,,15min,1.04,82589,136081923777520,2026-09-05T02:14:27.648+00:00
ca716a40502b,campaign-sf1,mado,tpch,Q20,Complex,postgresql,indexed,1,5,3,-1,django,orm,q20s4,2,0.930011,,ok,,15min,1.04,82589,136081923777520,2026-09-05T02:14:28.579+00:00
ca716a40502b,campaign-sf1,mado,tpch,Q20,Complex,postgresql,indexed,1,5,3,-1,sqlalchemy,sql,q20s4,2,0.934709,,ok,,15min,1.04,82589,136081923777520,2026-09-05T02:14:29.513+00:00
ca716a40502b,campaign-sf1,mado,tpch,Q20,Complex,postgresql,indexed,1,5,3,-1,sqlalchemy,orm,q20s4,2,0.940949,,ok,,15min,1.04,82589,136081923777520,2026-09-05T02:14:30.454+00:00
ca716a40502b,campaign-sf1,mado,tpch,Q20,Complex,postgresql,indexed,1,5,3,0,sqlalchemy,sql,q20s4,0,0.944426,177,ok,,15min,1.04,82589,136081923777520,2026-09-05T02:14:31.399+00:00
ca716a40502b,campaign-sf1,mado,tpch,Q20,Complex,postgresql,indexed,1,5,3,1,django,sql,q20s4,0,0.925693,177,ok,,15min,1.04,82589,136081923777520,2026-09-05T02:14:32.325+00:00
ca716a40502b,campaign-sf1,mado,tpch,Q20,Complex,postgresql,indexed,1,5,3,2,sqlalchemy,orm,q20s4,0,0.944877,177,ok,,15min,1.04,82589,136081923777520,2026-09-05T02:14:33.270+00:00
ca716a40502b,campaign-sf1,mado,tpch,Q20,Complex,postgresql,indexed,1,5,3,3,django,orm,q20s4,0,0.934341,177,ok,,15min,1.04,82589,136081923777520,2026-09-05T02:14:34.204+00:00
ca716a40502b,campaign-sf1,mado,tpch,Q20,Complex,postgresql,indexed,1,6,2,-1,django,sql,q20s5,2,1.138227,,ok,,15min,1.04,82589,136081923777520,2026-09-05T02:14:35.347+00:00
ca716a40502b,campaign-sf1,mado,tpch,Q20,Complex,postgresql,indexed,1,6,2,-1,django,orm,q20s5,2,0.931627,,ok,,15min,1.03,82589,136081923777520,2026-09-05T02:14:36.279+00:00
ca716a40502b,campaign-sf1,mado,tpch,Q20,Complex,postgresql,indexed,1,6,2,-1,sqlalchemy,sql,q20s5,2,0.933491,,ok,,15min,1.03,82589,136081923777520,2026-09-05T02:14:37.212+00:00
ca716a40502b,campaign-sf1,mado,tpch,Q20,Complex,postgresql,indexed,1,6,2,-1,sqlalchemy,orm,q20s5,2,0.931866,,ok,,15min,1.03,82589,136081923777520,2026-09-05T02:14:38.144+00:00
ca716a40502b,campaign-sf1,mado,tpch,Q20,Complex,postgresql,indexed,1,6,2,0,sqlalchemy,orm,q20s5,0,0.93458,177,ok,,15min,1.03,82589,136081923777520,2026-09-05T02:14:39.079+00:00
ca716a40502b,campaign-sf1,mado,tpch,Q20,Complex,postgresql,indexed,1,6,2,1,sqlalchemy,sql,q20s5,0,0.934605,177,ok,,15min,1.03,82589,136081923777520,2026-09-05T02:14:40.014+00:00
ca716a40502b,campaign-sf1,mado,tpch,Q20,Complex,postgresql,indexed,1,6,2,2,django,orm,q20s5,0,0.931037,177,ok,,15min,1.03,82589,136081923777520,2026-09-05T02:14:40.945+00:00
ca716a40502b,campaign-sf1,mado,tpch,Q20,Complex,postgresql,indexed,1,6,2,3,django,sql,q20s5,0,0.924371,177,ok,,15min,1.03,82589,136081923777520,2026-09-05T02:14:41.869+00:00
ca716a40502b,campaign-sf1,mado,tpch,Q20,Complex,postgresql,indexed,1,7,0,-1,django,sql,q20s6,2,1.079949,,ok,,15min,1.03,82589,136081923777520,2026-09-05T02:14:42.954+00:00
ca716a40502b,campaign-sf1,mado,tpch,Q20,Complex,postgresql,indexed,1,7,0,-1,django,orm,q20s6,2,0.945218,,ok,,15min,1.03,82589,136081923777520,2026-09-05T02:14:43.899+00:00
ca716a40502b,campaign-sf1,mado,tpch,Q20,Complex,postgresql,indexed,1,7,0,-1,sqlalchemy,sql,q20s6,2,0.94711,,ok,,15min,1.03,82589,136081923777520,2026-09-05T02:14:44.847+00:00
ca716a40502b,campaign-sf1,mado,tpch,Q20,Complex,postgresql,indexed,1,7,0,-1,sqlalchemy,orm,q20s6,2,0.944152,,ok,,15min,1.03,82589,136081923777520,2026-09-05T02:14:45.791+00:00
ca716a40502b,campaign-sf1,mado,tpch,Q20,Complex,postgresql,indexed,1,7,0,0,django,sql,q20s6,0,0.936191,180,ok,,15min,1.03,82589,136081923777520,2026-09-05T02:14:46.727+00:00
ca716a40502b,campaign-sf1,mado,tpch,Q20,Complex,postgresql,indexed,1,7,0,1,django,orm,q20s6,0,0.941172,180,ok,,15min,1.03,82589,136081923777520,2026-09-05T02:14:47.668+00:00
ca716a40502b,campaign-sf1,mado,tpch,Q20,Complex,postgresql,indexed,1,7,0,2,sqlalchemy,sql,q20s6,0,0.944219,180,ok,,15min,1.03,82589,136081923777520,2026-09-05T02:14:48.613+00:00
ca716a40502b,campaign-sf1,mado,tpch,Q20,Complex,postgresql,indexed,1,7,0,3,sqlalchemy,orm,q20s6,0,0.945453,180,ok,,15min,1.03,82589,136081923777520,2026-09-05T02:14:49.558+00:00
ca716a40502b,campaign-sf1,mado,tpch,Q20,Complex,postgresql,indexed,1,8,1,-1,django,sql,q20s7,2,1.048278,,ok,,15min,0.95,82589,136081923777520,2026-09-05T02:14:50.611+00:00
ca716a40502b,campaign-sf1,mado,tpch,Q20,Complex,postgresql,indexed,1,8,1,-1,django,orm,q20s7,2,0.953674,,ok,,15min,0.95,82589,136081923777520,2026-09-05T02:14:51.565+00:00
ca716a40502b,campaign-sf1,mado,tpch,Q20,Complex,postgresql,indexed,1,8,1,-1,sqlalchemy,sql,q20s7,2,0.955867,,ok,,15min,0.95,82589,136081923777520,2026-09-05T02:14:52.521+00:00
ca716a40502b,campaign-sf1,mado,tpch,Q20,Complex,postgresql,indexed,1,8,1,-1,sqlalchemy,orm,q20s7,2,0.960671,,ok,,15min,0.95,82589,136081923777520,2026-09-05T02:14:53.482+00:00
ca716a40502b,campaign-sf1,mado,tpch,Q20,Complex,postgresql,indexed,1,8,1,0,django,orm,q20s7,0,0.958573,201,ok,,15min,0.95,82589,136081923777520,2026-09-05T02:14:54.440+00:00
ca716a40502b,campaign-sf1,mado,tpch,Q20,Complex,postgresql,indexed,1,8,1,1,sqlalchemy,orm,q20s7,0,0.957715,201,ok,,15min,0.95,82589,136081923777520,2026-09-05T02:14:55.398+00:00
ca716a40502b,campaign-sf1,mado,tpch,Q20,Complex,postgresql,indexed,1,8,1,2,django,sql,q20s7,0,0.953902,201,ok,,15min,0.95,82589,136081923777520,2026-09-05T02:14:56.352+00:00
ca716a40502b,campaign-sf1,mado,tpch,Q20,Complex,postgresql,indexed,1,8,1,3,sqlalchemy,sql,q20s7,0,0.955906,201,ok,,15min,0.95,82589,136081923777520,2026-09-05T02:14:57.308+00:00
d2e053453a5f,campaign-sf1,mado,tpch,Q21,Very Complex,postgresql,indexed,1,0,2,0,sqlalchemy,orm,q21warm,1,1.290835,100,ok,,15min,0.95,82615,136546468176304,2026-09-05T02:14:59.854+00:00
d2e053453a5f,campaign-sf1,mado,tpch,Q21,Very Complex,postgresql,indexed,1,0,2,1,sqlalchemy,sql,q21warm,1,1.078092,100,ok,,15min,0.95,82615,136546468176304,2026-09-05T02:15:00.933+00:00
d2e053453a5f,campaign-sf1,mado,tpch,Q21,Very Complex,postgresql,indexed,1,0,2,2,django,orm,q21warm,1,1.24663,100,ok,,15min,0.95,82615,136546468176304,2026-09-05T02:15:02.179+00:00
d2e053453a5f,campaign-sf1,mado,tpch,Q21,Very Complex,postgresql,indexed,1,0,2,3,django,sql,q21warm,1,1.07353,100,ok,,15min,0.95,82615,136546468176304,2026-09-05T02:15:03.253+00:00
d2e053453a5f,campaign-sf1,mado,tpch,Q21,Very Complex,postgresql,indexed,1,1,1,-1,django,sql,q21s0,2,1.056986,,ok,,15min,0.95,82615,136546468176304,2026-09-05T02:15:04.315+00:00
d2e053453a5f,campaign-sf1,mado,tpch,Q21,Very Complex,postgresql,indexed,1,1,1,-1,django,orm,q21s0,2,1.065556,,ok,,15min,0.95,82615,136546468176304,2026-09-05T02:15:05.380+00:00
d2e053453a5f,campaign-sf1,mado,tpch,Q21,Very Complex,postgresql,indexed,1,1,1,-1,sqlalchemy,sql,q21s0,2,1.058907,,ok,,15min,0.96,82615,136546468176304,2026-09-05T02:15:06.439+00:00
d2e053453a5f,campaign-sf1,mado,tpch,Q21,Very Complex,postgresql,indexed,1,1,1,-1,sqlalchemy,orm,q21s0,2,1.059552,,ok,,15min,0.96,82615,136546468176304,2026-09-05T02:15:07.499+00:00
d2e053453a5f,campaign-sf1,mado,tpch,Q21,Very Complex,postgresql,indexed,1,1,1,0,django,orm,q21s0,0,1.062124,100,ok,,15min,0.96,82615,136546468176304,2026-09-05T02:15:08.561+00:00
d2e053453a5f,campaign-sf1,mado,tpch,Q21,Very Complex,postgresql,indexed,1,1,1,1,sqlalchemy,orm,q21s0,0,1.0605,100,ok,,15min,0.96,82615,136546468176304,2026-09-05T02:15:09.622+00:00
d2e053453a5f,campaign-sf1,mado,tpch,Q21,Very Complex,postgresql,indexed,1,1,1,2,django,sql,q21s0,0,1.051059,100,ok,,15min,0.96,82615,136546468176304,2026-09-05T02:15:10.673+00:00
d2e053453a5f,campaign-sf1,mado,tpch,Q21,Very Complex,postgresql,indexed,1,1,1,3,sqlalchemy,sql,q21s0,0,1.054464,100,ok,,15min,0.96,82615,136546468176304,2026-09-05T02:15:11.728+00:00
d2e053453a5f,campaign-sf1,mado,tpch,Q21,Very Complex,postgresql,indexed,1,2,3,-1,django,sql,q21s1,2,1.014211,,ok,,15min,0.96,82615,136546468176304,2026-09-05T02:15:12.746+00:00
d2e053453a5f,campaign-sf1,mado,tpch,Q21,Very Complex,postgresql,indexed,1,2,3,-1,django,orm,q21s1,2,1.025609,,ok,,15min,0.96,82615,136546468176304,2026-09-05T02:15:13.772+00:00
d2e053453a5f,campaign-sf1,mado,tpch,Q21,Very Complex,postgresql,indexed,1,2,3,-1,sqlalchemy,sql,q21s1,2,1.018888,,ok,,15min,0.96,82615,136546468176304,2026-09-05T02:15:14.791+00:00
d2e053453a5f,campaign-sf1,mado,tpch,Q21,Very Complex,postgresql,indexed,1,2,3,-1,sqlalchemy,orm,q21s1,2,1.028582,,ok,,15min,0.97,82615,136546468176304,2026-09-05T02:15:15.820+00:00
d2e053453a5f,campaign-sf1,mado,tpch,Q21,Very Complex,postgresql,indexed,1,2,3,0,sqlalchemy,sql,q21s1,0,1.017675,100,ok,,15min,0.97,82615,136546468176304,2026-09-05T02:15:16.837+00:00
d2e053453a5f,campaign-sf1,mado,tpch,Q21,Very Complex,postgresql,indexed,1,2,3,1,django,sql,q21s1,0,1.014327,100,ok,,15min,0.97,82615,136546468176304,2026-09-05T02:15:17.852+00:00
d2e053453a5f,campaign-sf1,mado,tpch,Q21,Very Complex,postgresql,indexed,1,2,3,2,sqlalchemy,orm,q21s1,0,1.023572,100,ok,,15min,0.97,82615,136546468176304,2026-09-05T02:15:18.876+00:00
d2e053453a5f,campaign-sf1,mado,tpch,Q21,Very Complex,postgresql,indexed,1,2,3,3,django,orm,q21s1,0,1.025991,100,ok,,15min,0.97,82615,136546468176304,2026-09-05T02:15:19.902+00:00
d2e053453a5f,campaign-sf1,mado,tpch,Q21,Very Complex,postgresql,indexed,1,3,2,-1,django,sql,q21s2,2,1.014523,,ok,,15min,0.97,82615,136546468176304,2026-09-05T02:15:20.921+00:00
d2e053453a5f,campaign-sf1,mado,tpch,Q21,Very Complex,postgresql,indexed,1,3,2,-1,django,orm,q21s2,2,1.026434,,ok,,15min,0.97,82615,136546468176304,2026-09-05T02:15:21.948+00:00
d2e053453a5f,campaign-sf1,mado,tpch,Q21,Very Complex,postgresql,indexed,1,3,2,-1,sqlalchemy,sql,q21s2,2,1.02651,,ok,,15min,0.97,82615,136546468176304,2026-09-05T02:15:22.974+00:00
d2e053453a5f,campaign-sf1,mado,tpch,Q21,Very Complex,postgresql,indexed,1,3,2,-1,sqlalchemy,orm,q21s2,2,1.022161,,ok,,15min,0.97,82615,136546468176304,2026-09-05T02:15:23.996+00:00
d2e053453a5f,campaign-sf1,mado,tpch,Q21,Very Complex,postgresql,indexed,1,3,2,0,sqlalchemy,orm,q21s2,0,1.022565,100,ok,,15min,0.97,82615,136546468176304,2026-09-05T02:15:25.019+00:00
d2e053453a5f,campaign-sf1,mado,tpch,Q21,Very Complex,postgresql,indexed,1,3,2,1,sqlalchemy,sql,q21s2,0,1.016688,100,ok,,15min,0.97,82615,136546468176304,2026-09-05T02:15:26.036+00:00
d2e053453a5f,campaign-sf1,mado,tpch,Q21,Very Complex,postgresql,indexed,1,3,2,2,django,orm,q21s2,0,1.023861,100,ok,,15min,0.97,82615,136546468176304,2026-09-05T02:15:27.060+00:00
d2e053453a5f,campaign-sf1,mado,tpch,Q21,Very Complex,postgresql,indexed,1,3,2,3,django,sql,q21s2,0,1.013058,100,ok,,15min,0.97,82615,136546468176304,2026-09-05T02:15:28.073+00:00
d2e053453a5f,campaign-sf1,mado,tpch,Q21,Very Complex,postgresql,indexed,1,4,0,-1,django,sql,q21s3,2,0.964737,,ok,,15min,0.97,82615,136546468176304,2026-09-05T02:15:29.043+00:00
d2e053453a5f,campaign-sf1,mado,tpch,Q21,Very Complex,postgresql,indexed,1,4,0,-1,django,orm,q21s3,2,0.976514,,ok,,15min,0.97,82615,136546468176304,2026-09-05T02:15:30.019+00:00
d2e053453a5f,campaign-sf1,mado,tpch,Q21,Very Complex,postgresql,indexed,1,4,0,-1,sqlalchemy,sql,q21s3,2,0.970204,,ok,,15min,0.97,82615,136546468176304,2026-09-05T02:15:30.989+00:00
d2e053453a5f,campaign-sf1,mado,tpch,Q21,Very Complex,postgresql,indexed,1,4,0,-1,sqlalchemy,orm,q21s3,2,0.975023,,ok,,15min,0.97,82615,136546468176304,2026-09-05T02:15:31.965+00:00
d2e053453a5f,campaign-sf1,mado,tpch,Q21,Very Complex,postgresql,indexed,1,4,0,0,django,sql,q21s3,0,0.964463,100,ok,,15min,0.97,82615,136546468176304,2026-09-05T02:15:32.929+00:00
d2e053453a5f,campaign-sf1,mado,tpch,Q21,Very Complex,postgresql,indexed,1,4,0,1,django,orm,q21s3,0,0.97714,100,ok,,15min,0.97,82615,136546468176304,2026-09-05T02:15:33.906+00:00
d2e053453a5f,campaign-sf1,mado,tpch,Q21,Very Complex,postgresql,indexed,1,4,0,2,sqlalchemy,sql,q21s3,0,0.968935,100,ok,,15min,0.97,82615,136546468176304,2026-09-05T02:15:34.875+00:00
d2e053453a5f,campaign-sf1,mado,tpch,Q21,Very Complex,postgresql,indexed,1,4,0,3,sqlalchemy,orm,q21s3,0,0.976332,100,ok,,15min,0.98,82615,136546468176304,2026-09-05T02:15:35.852+00:00
d2e053453a5f,campaign-sf1,mado,tpch,Q21,Very Complex,postgresql,indexed,1,5,1,-1,django,sql,q21s4,2,1.003252,,ok,,15min,0.98,82615,136546468176304,2026-09-05T02:15:36.860+00:00
d2e053453a5f,campaign-sf1,mado,tpch,Q21,Very Complex,postgresql,indexed,1,5,1,-1,django,orm,q21s4,2,1.01615,,ok,,15min,0.98,82615,136546468176304,2026-09-05T02:15:37.876+00:00
d2e053453a5f,campaign-sf1,mado,tpch,Q21,Very Complex,postgresql,indexed,1,5,1,-1,sqlalchemy,sql,q21s4,2,1.006938,,ok,,15min,0.98,82615,136546468176304,2026-09-05T02:15:38.883+00:00
d2e053453a5f,campaign-sf1,mado,tpch,Q21,Very Complex,postgresql,indexed,1,5,1,-1,sqlalchemy,orm,q21s4,2,1.012397,,ok,,15min,0.98,82615,136546468176304,2026-09-05T02:15:39.895+00:00
d2e053453a5f,campaign-sf1,mado,tpch,Q21,Very Complex,postgresql,indexed,1,5,1,0,django,orm,q21s4,0,1.014412,100,ok,,15min,0.98,82615,136546468176304,2026-09-05T02:15:40.910+00:00
d2e053453a5f,campaign-sf1,mado,tpch,Q21,Very Complex,postgresql,indexed,1,5,1,1,sqlalchemy,orm,q21s4,0,1.015573,100,ok,,15min,0.98,82615,136546468176304,2026-09-05T02:15:41.926+00:00
d2e053453a5f,campaign-sf1,mado,tpch,Q21,Very Complex,postgresql,indexed,1,5,1,2,django,sql,q21s4,0,1.002856,100,ok,,15min,0.98,82615,136546468176304,2026-09-05T02:15:42.928+00:00
d2e053453a5f,campaign-sf1,mado,tpch,Q21,Very Complex,postgresql,indexed,1,5,1,3,sqlalchemy,sql,q21s4,0,1.006308,100,ok,,15min,0.98,82615,136546468176304,2026-09-05T02:15:43.935+00:00
d2e053453a5f,campaign-sf1,mado,tpch,Q21,Very Complex,postgresql,indexed,1,6,2,-1,django,sql,q21s5,2,1.021952,,ok,,15min,0.98,82615,136546468176304,2026-09-05T02:15:44.962+00:00
d2e053453a5f,campaign-sf1,mado,tpch,Q21,Very Complex,postgresql,indexed,1,6,2,-1,django,orm,q21s5,2,1.030552,,ok,,15min,0.98,82615,136546468176304,2026-09-05T02:15:45.992+00:00
d2e053453a5f,campaign-sf1,mado,tpch,Q21,Very Complex,postgresql,indexed,1,6,2,-1,sqlalchemy,sql,q21s5,2,1.023257,,ok,,15min,0.98,82615,136546468176304,2026-09-05T02:15:47.016+00:00
d2e053453a5f,campaign-sf1,mado,tpch,Q21,Very Complex,postgresql,indexed,1,6,2,-1,sqlalchemy,orm,q21s5,2,1.029248,,ok,,15min,0.98,82615,136546468176304,2026-09-05T02:15:48.045+00:00
d2e053453a5f,campaign-sf1,mado,tpch,Q21,Very Complex,postgresql,indexed,1,6,2,0,sqlalchemy,orm,q21s5,0,1.02403,100,ok,,15min,0.98,82615,136546468176304,2026-09-05T02:15:49.069+00:00
d2e053453a5f,campaign-sf1,mado,tpch,Q21,Very Complex,postgresql,indexed,1,6,2,1,sqlalchemy,sql,q21s5,0,1.01819,100,ok,,15min,0.98,82615,136546468176304,2026-09-05T02:15:50.087+00:00
d2e053453a5f,campaign-sf1,mado,tpch,Q21,Very Complex,postgresql,indexed,1,6,2,2,django,orm,q21s5,0,1.031811,100,ok,,15min,0.98,82615,136546468176304,2026-09-05T02:15:51.119+00:00
d2e053453a5f,campaign-sf1,mado,tpch,Q21,Very Complex,postgresql,indexed,1,6,2,3,django,sql,q21s5,0,1.016713,100,ok,,15min,0.98,82615,136546468176304,2026-09-05T02:15:52.136+00:00
d2e053453a5f,campaign-sf1,mado,tpch,Q21,Very Complex,postgresql,indexed,1,7,0,-1,django,sql,q21s6,2,0.918309,,ok,,15min,0.98,82615,136546468176304,2026-09-05T02:15:53.059+00:00
d2e053453a5f,campaign-sf1,mado,tpch,Q21,Very Complex,postgresql,indexed,1,7,0,-1,django,orm,q21s6,2,0.930518,,ok,,15min,0.98,82615,136546468176304,2026-09-05T02:15:53.990+00:00
d2e053453a5f,campaign-sf1,mado,tpch,Q21,Very Complex,postgresql,indexed,1,7,0,-1,sqlalchemy,sql,q21s6,2,0.91999,,ok,,15min,0.98,82615,136546468176304,2026-09-05T02:15:54.910+00:00
d2e053453a5f,campaign-sf1,mado,tpch,Q21,Very Complex,postgresql,indexed,1,7,0,-1,sqlalchemy,orm,q21s6,2,0.926243,,ok,,15min,0.98,82615,136546468176304,2026-09-05T02:15:55.836+00:00
d2e053453a5f,campaign-sf1,mado,tpch,Q21,Very Complex,postgresql,indexed,1,7,0,0,django,sql,q21s6,0,0.91881,100,ok,,15min,0.98,82615,136546468176304,2026-09-05T02:15:56.755+00:00
d2e053453a5f,campaign-sf1,mado,tpch,Q21,Very Complex,postgresql,indexed,1,7,0,1,django,orm,q21s6,0,0.93068,100,ok,,15min,0.98,82615,136546468176304,2026-09-05T02:15:57.686+00:00
d2e053453a5f,campaign-sf1,mado,tpch,Q21,Very Complex,postgresql,indexed,1,7,0,2,sqlalchemy,sql,q21s6,0,0.920253,100,ok,,15min,0.98,82615,136546468176304,2026-09-05T02:15:58.606+00:00
d2e053453a5f,campaign-sf1,mado,tpch,Q21,Very Complex,postgresql,indexed,1,7,0,3,sqlalchemy,orm,q21s6,0,0.926451,100,ok,,15min,0.98,82615,136546468176304,2026-09-05T02:15:59.533+00:00
d2e053453a5f,campaign-sf1,mado,tpch,Q21,Very Complex,postgresql,indexed,1,8,3,-1,django,sql,q21s7,2,1.033689,,ok,,15min,0.98,82615,136546468176304,2026-09-05T02:16:00.571+00:00
d2e053453a5f,campaign-sf1,mado,tpch,Q21,Very Complex,postgresql,indexed,1,8,3,-1,django,orm,q21s7,2,1.049486,,ok,,15min,1.06,82615,136546468176304,2026-09-05T02:16:01.620+00:00
d2e053453a5f,campaign-sf1,mado,tpch,Q21,Very Complex,postgresql,indexed,1,8,3,-1,sqlalchemy,sql,q21s7,2,1.033667,,ok,,15min,1.06,82615,136546468176304,2026-09-05T02:16:02.654+00:00
d2e053453a5f,campaign-sf1,mado,tpch,Q21,Very Complex,postgresql,indexed,1,8,3,-1,sqlalchemy,orm,q21s7,2,1.038305,,ok,,15min,1.06,82615,136546468176304,2026-09-05T02:16:03.692+00:00
d2e053453a5f,campaign-sf1,mado,tpch,Q21,Very Complex,postgresql,indexed,1,8,3,0,sqlalchemy,sql,q21s7,0,1.032447,100,ok,,15min,1.06,82615,136546468176304,2026-09-05T02:16:04.725+00:00
d2e053453a5f,campaign-sf1,mado,tpch,Q21,Very Complex,postgresql,indexed,1,8,3,1,django,sql,q21s7,0,1.036198,100,ok,,15min,1.06,82615,136546468176304,2026-09-05T02:16:05.761+00:00
d2e053453a5f,campaign-sf1,mado,tpch,Q21,Very Complex,postgresql,indexed,1,8,3,2,sqlalchemy,orm,q21s7,0,1.039324,100,ok,,15min,1.06,82615,136546468176304,2026-09-05T02:16:06.801+00:00
d2e053453a5f,campaign-sf1,mado,tpch,Q21,Very Complex,postgresql,indexed,1,8,3,3,django,orm,q21s7,0,1.050086,100,ok,,15min,1.06,82615,136546468176304,2026-09-05T02:16:07.851+00:00
aab823e1596a,campaign-sf1,mado,tpch,Q22,Very Complex,postgresql,indexed,1,0,1,0,django,orm,q22warm,1,0.356418,7,ok,,15min,1.06,82646,126518004589456,2026-09-05T02:16:09.473+00:00
aab823e1596a,campaign-sf1,mado,tpch,Q22,Very Complex,postgresql,indexed,1,0,1,1,sqlalchemy,orm,q22warm,1,0.2908,7,ok,,15min,1.06,82646,126518004589456,2026-09-05T02:16:09.764+00:00
aab823e1596a,campaign-sf1,mado,tpch,Q22,Very Complex,postgresql,indexed,1,0,1,2,django,sql,q22warm,1,0.230401,7,ok,,15min,1.06,82646,126518004589456,2026-09-05T02:16:09.994+00:00
aab823e1596a,campaign-sf1,mado,tpch,Q22,Very Complex,postgresql,indexed,1,0,1,3,sqlalchemy,sql,q22warm,1,0.233393,7,ok,,15min,1.06,82646,126518004589456,2026-09-05T02:16:10.228+00:00
aab823e1596a,campaign-sf1,mado,tpch,Q22,Very Complex,postgresql,indexed,1,1,0,-1,django,sql,q22s0,2,0.230624,,ok,,15min,1.06,82646,126518004589456,2026-09-05T02:16:10.463+00:00
aab823e1596a,campaign-sf1,mado,tpch,Q22,Very Complex,postgresql,indexed,1,1,0,-1,django,orm,q22s0,2,0.329292,,ok,,15min,1.05,82646,126518004589456,2026-09-05T02:16:10.793+00:00
aab823e1596a,campaign-sf1,mado,tpch,Q22,Very Complex,postgresql,indexed,1,1,0,-1,sqlalchemy,sql,q22s0,2,0.23321,,ok,,15min,1.05,82646,126518004589456,2026-09-05T02:16:11.026+00:00
aab823e1596a,campaign-sf1,mado,tpch,Q22,Very Complex,postgresql,indexed,1,1,0,-1,sqlalchemy,orm,q22s0,2,0.235969,,ok,,15min,1.05,82646,126518004589456,2026-09-05T02:16:11.262+00:00
aab823e1596a,campaign-sf1,mado,tpch,Q22,Very Complex,postgresql,indexed,1,1,0,0,django,sql,q22s0,0,0.231166,7,ok,,15min,1.05,82646,126518004589456,2026-09-05T02:16:11.493+00:00
aab823e1596a,campaign-sf1,mado,tpch,Q22,Very Complex,postgresql,indexed,1,1,0,1,django,orm,q22s0,0,0.326766,7,ok,,15min,1.05,82646,126518004589456,2026-09-05T02:16:11.820+00:00
aab823e1596a,campaign-sf1,mado,tpch,Q22,Very Complex,postgresql,indexed,1,1,0,2,sqlalchemy,sql,q22s0,0,0.231622,7,ok,,15min,1.05,82646,126518004589456,2026-09-05T02:16:12.052+00:00
aab823e1596a,campaign-sf1,mado,tpch,Q22,Very Complex,postgresql,indexed,1,1,0,3,sqlalchemy,orm,q22s0,0,0.23419,7,ok,,15min,1.05,82646,126518004589456,2026-09-05T02:16:12.286+00:00
aab823e1596a,campaign-sf1,mado,tpch,Q22,Very Complex,postgresql,indexed,1,2,1,-1,django,sql,q22s1,2,0.229729,,ok,,15min,1.05,82646,126518004589456,2026-09-05T02:16:12.520+00:00
aab823e1596a,campaign-sf1,mado,tpch,Q22,Very Complex,postgresql,indexed,1,2,1,-1,django,orm,q22s1,2,0.329676,,ok,,15min,1.05,82646,126518004589456,2026-09-05T02:16:12.850+00:00
aab823e1596a,campaign-sf1,mado,tpch,Q22,Very Complex,postgresql,indexed,1,2,1,-1,sqlalchemy,sql,q22s1,2,0.231702,,ok,,15min,1.05,82646,126518004589456,2026-09-05T02:16:13.082+00:00
aab823e1596a,campaign-sf1,mado,tpch,Q22,Very Complex,postgresql,indexed,1,2,1,-1,sqlalchemy,orm,q22s1,2,0.23365,,ok,,15min,1.05,82646,126518004589456,2026-09-05T02:16:13.316+00:00
aab823e1596a,campaign-sf1,mado,tpch,Q22,Very Complex,postgresql,indexed,1,2,1,0,django,orm,q22s1,0,0.326378,7,ok,,15min,1.05,82646,126518004589456,2026-09-05T02:16:13.642+00:00
aab823e1596a,campaign-sf1,mado,tpch,Q22,Very Complex,postgresql,indexed,1,2,1,1,sqlalchemy,orm,q22s1,0,0.233944,7,ok,,15min,1.05,82646,126518004589456,2026-09-05T02:16:13.876+00:00
aab823e1596a,campaign-sf1,mado,tpch,Q22,Very Complex,postgresql,indexed,1,2,1,2,django,sql,q22s1,0,0.229946,7,ok,,15min,1.05,82646,126518004589456,2026-09-05T02:16:14.106+00:00
aab823e1596a,campaign-sf1,mado,tpch,Q22,Very Complex,postgresql,indexed,1,2,1,3,sqlalchemy,sql,q22s1,0,0.232191,7,ok,,15min,1.05,82646,126518004589456,2026-09-05T02:16:14.338+00:00
aab823e1596a,campaign-sf1,mado,tpch,Q22,Very Complex,postgresql,indexed,1,3,3,-1,django,sql,q22s2,2,0.230925,,ok,,15min,1.05,82646,126518004589456,2026-09-05T02:16:14.574+00:00
aab823e1596a,campaign-sf1,mado,tpch,Q22,Very Complex,postgresql,indexed,1,3,3,-1,django,orm,q22s2,2,0.328618,,ok,,15min,1.05,82646,126518004589456,2026-09-05T02:16:14.903+00:00
aab823e1596a,campaign-sf1,mado,tpch,Q22,Very Complex,postgresql,indexed,1,3,3,-1,sqlalchemy,sql,q22s2,2,0.231597,,ok,,15min,1.05,82646,126518004589456,2026-09-05T02:16:15.135+00:00
aab823e1596a,campaign-sf1,mado,tpch,Q22,Very Complex,postgresql,indexed,1,3,3,-1,sqlalchemy,orm,q22s2,2,0.233036,,ok,,15min,1.05,82646,126518004589456,2026-09-05T02:16:15.368+00:00
aab823e1596a,campaign-sf1,mado,tpch,Q22,Very Complex,postgresql,indexed,1,3,3,0,sqlalchemy,sql,q22s2,0,0.231621,7,ok,,15min,1.05,82646,126518004589456,2026-09-05T02:16:15.599+00:00
aab823e1596a,campaign-sf1,mado,tpch,Q22,Very Complex,postgresql,indexed,1,3,3,1,django,sql,q22s2,0,0.229501,7,ok,,15min,1.05,82646,126518004589456,2026-09-05T02:16:15.829+00:00
aab823e1596a,campaign-sf1,mado,tpch,Q22,Very Complex,postgresql,indexed,1,3,3,2,sqlalchemy,orm,q22s2,0,0.233205,7,ok,,15min,1.05,82646,126518004589456,2026-09-05T02:16:16.062+00:00
aab823e1596a,campaign-sf1,mado,tpch,Q22,Very Complex,postgresql,indexed,1,3,3,3,django,orm,q22s2,0,0.327069,7,ok,,15min,1.05,82646,126518004589456,2026-09-05T02:16:16.389+00:00
aab823e1596a,campaign-sf1,mado,tpch,Q22,Very Complex,postgresql,indexed,1,4,2,-1,django,sql,q22s3,2,0.230092,,ok,,15min,1.05,82646,126518004589456,2026-09-05T02:16:16.624+00:00
aab823e1596a,campaign-sf1,mado,tpch,Q22,Very Complex,postgresql,indexed,1,4,2,-1,django,orm,q22s3,2,0.327603,,ok,,15min,1.05,82646,126518004589456,2026-09-05T02:16:16.952+00:00
aab823e1596a,campaign-sf1,mado,tpch,Q22,Very Complex,postgresql,indexed,1,4,2,-1,sqlalchemy,sql,q22s3,2,0.2335,,ok,,15min,1.05,82646,126518004589456,2026-09-05T02:16:17.185+00:00
aab823e1596a,campaign-sf1,mado,tpch,Q22,Very Complex,postgresql,indexed,1,4,2,-1,sqlalchemy,orm,q22s3,2,0.234269,,ok,,15min,1.05,82646,126518004589456,2026-09-05T02:16:17.420+00:00
aab823e1596a,campaign-sf1,mado,tpch,Q22,Very Complex,postgresql,indexed,1,4,2,0,sqlalchemy,orm,q22s3,0,0.235407,7,ok,,15min,1.05,82646,126518004589456,2026-09-05T02:16:17.655+00:00
aab823e1596a,campaign-sf1,mado,tpch,Q22,Very Complex,postgresql,indexed,1,4,2,1,sqlalchemy,sql,q22s3,0,0.231872,7,ok,,15min,1.05,82646,126518004589456,2026-09-05T02:16:17.887+00:00
aab823e1596a,campaign-sf1,mado,tpch,Q22,Very Complex,postgresql,indexed,1,4,2,2,django,orm,q22s3,0,0.327207,7,ok,,15min,1.05,82646,126518004589456,2026-09-05T02:16:18.214+00:00
aab823e1596a,campaign-sf1,mado,tpch,Q22,Very Complex,postgresql,indexed,1,4,2,3,django,sql,q22s3,0,0.230067,7,ok,,15min,1.05,82646,126518004589456,2026-09-05T02:16:18.444+00:00
aab823e1596a,campaign-sf1,mado,tpch,Q22,Very Complex,postgresql,indexed,1,5,3,-1,django,sql,q22s4,2,0.229849,,ok,,15min,1.05,82646,126518004589456,2026-09-05T02:16:18.679+00:00
aab823e1596a,campaign-sf1,mado,tpch,Q22,Very Complex,postgresql,indexed,1,5,3,-1,django,orm,q22s4,2,0.325944,,ok,,15min,1.05,82646,126518004589456,2026-09-05T02:16:19.005+00:00
aab823e1596a,campaign-sf1,mado,tpch,Q22,Very Complex,postgresql,indexed,1,5,3,-1,sqlalchemy,sql,q22s4,2,0.233104,,ok,,15min,1.05,82646,126518004589456,2026-09-05T02:16:19.238+00:00
aab823e1596a,campaign-sf1,mado,tpch,Q22,Very Complex,postgresql,indexed,1,5,3,-1,sqlalchemy,orm,q22s4,2,0.234089,,ok,,15min,1.05,82646,126518004589456,2026-09-05T02:16:19.472+00:00
aab823e1596a,campaign-sf1,mado,tpch,Q22,Very Complex,postgresql,indexed,1,5,3,0,sqlalchemy,sql,q22s4,0,0.231563,7,ok,,15min,1.05,82646,126518004589456,2026-09-05T02:16:19.704+00:00
aab823e1596a,campaign-sf1,mado,tpch,Q22,Very Complex,postgresql,indexed,1,5,3,1,django,sql,q22s4,0,0.229298,7,ok,,15min,1.05,82646,126518004589456,2026-09-05T02:16:19.933+00:00
aab823e1596a,campaign-sf1,mado,tpch,Q22,Very Complex,postgresql,indexed,1,5,3,2,sqlalchemy,orm,q22s4,0,0.233901,7,ok,,15min,1.05,82646,126518004589456,2026-09-05T02:16:20.167+00:00
aab823e1596a,campaign-sf1,mado,tpch,Q22,Very Complex,postgresql,indexed,1,5,3,3,django,orm,q22s4,0,0.325498,7,ok,,15min,1.05,82646,126518004589456,2026-09-05T02:16:20.493+00:00
aab823e1596a,campaign-sf1,mado,tpch,Q22,Very Complex,postgresql,indexed,1,6,2,-1,django,sql,q22s5,2,0.230671,,ok,,15min,1.05,82646,126518004589456,2026-09-05T02:16:20.728+00:00
aab823e1596a,campaign-sf1,mado,tpch,Q22,Very Complex,postgresql,indexed,1,6,2,-1,django,orm,q22s5,2,0.325676,,ok,,15min,1.05,82646,126518004589456,2026-09-05T02:16:21.054+00:00
aab823e1596a,campaign-sf1,mado,tpch,Q22,Very Complex,postgresql,indexed,1,6,2,-1,sqlalchemy,sql,q22s5,2,0.23358,,ok,,15min,1.05,82646,126518004589456,2026-09-05T02:16:21.288+00:00
aab823e1596a,campaign-sf1,mado,tpch,Q22,Very Complex,postgresql,indexed,1,6,2,-1,sqlalchemy,orm,q22s5,2,0.234016,,ok,,15min,1.05,82646,126518004589456,2026-09-05T02:16:21.522+00:00
aab823e1596a,campaign-sf1,mado,tpch,Q22,Very Complex,postgresql,indexed,1,6,2,0,sqlalchemy,orm,q22s5,0,0.234854,7,ok,,15min,1.05,82646,126518004589456,2026-09-05T02:16:21.757+00:00
aab823e1596a,campaign-sf1,mado,tpch,Q22,Very Complex,postgresql,indexed,1,6,2,1,sqlalchemy,sql,q22s5,0,0.232435,7,ok,,15min,1.05,82646,126518004589456,2026-09-05T02:16:21.989+00:00
aab823e1596a,campaign-sf1,mado,tpch,Q22,Very Complex,postgresql,indexed,1,6,2,2,django,orm,q22s5,0,0.329897,7,ok,,15min,1.05,82646,126518004589456,2026-09-05T02:16:22.319+00:00
aab823e1596a,campaign-sf1,mado,tpch,Q22,Very Complex,postgresql,indexed,1,6,2,3,django,sql,q22s5,0,0.229863,7,ok,,15min,1.05,82646,126518004589456,2026-09-05T02:16:22.549+00:00
aab823e1596a,campaign-sf1,mado,tpch,Q22,Very Complex,postgresql,indexed,1,7,1,-1,django,sql,q22s6,2,0.22988,,ok,,15min,1.05,82646,126518004589456,2026-09-05T02:16:22.784+00:00
aab823e1596a,campaign-sf1,mado,tpch,Q22,Very Complex,postgresql,indexed,1,7,1,-1,django,orm,q22s6,2,0.326959,,ok,,15min,1.05,82646,126518004589456,2026-09-05T02:16:23.111+00:00
aab823e1596a,campaign-sf1,mado,tpch,Q22,Very Complex,postgresql,indexed,1,7,1,-1,sqlalchemy,sql,q22s6,2,0.231355,,ok,,15min,1.05,82646,126518004589456,2026-09-05T02:16:23.342+00:00
aab823e1596a,campaign-sf1,mado,tpch,Q22,Very Complex,postgresql,indexed,1,7,1,-1,sqlalchemy,orm,q22s6,2,0.235289,,ok,,15min,1.05,82646,126518004589456,2026-09-05T02:16:23.578+00:00
aab823e1596a,campaign-sf1,mado,tpch,Q22,Very Complex,postgresql,indexed,1,7,1,0,django,orm,q22s6,0,0.325585,7,ok,,15min,1.05,82646,126518004589456,2026-09-05T02:16:23.903+00:00
aab823e1596a,campaign-sf1,mado,tpch,Q22,Very Complex,postgresql,indexed,1,7,1,1,sqlalchemy,orm,q22s6,0,0.233436,7,ok,,15min,1.05,82646,126518004589456,2026-09-05T02:16:24.137+00:00
aab823e1596a,campaign-sf1,mado,tpch,Q22,Very Complex,postgresql,indexed,1,7,1,2,django,sql,q22s6,0,0.229245,7,ok,,15min,1.05,82646,126518004589456,2026-09-05T02:16:24.366+00:00
aab823e1596a,campaign-sf1,mado,tpch,Q22,Very Complex,postgresql,indexed,1,7,1,3,sqlalchemy,sql,q22s6,0,0.231675,7,ok,,15min,1.05,82646,126518004589456,2026-09-05T02:16:24.598+00:00
aab823e1596a,campaign-sf1,mado,tpch,Q22,Very Complex,postgresql,indexed,1,8,0,-1,django,sql,q22s7,2,0.229361,,ok,,15min,1.05,82646,126518004589456,2026-09-05T02:16:24.832+00:00
aab823e1596a,campaign-sf1,mado,tpch,Q22,Very Complex,postgresql,indexed,1,8,0,-1,django,orm,q22s7,2,0.326635,,ok,,15min,1.05,82646,126518004589456,2026-09-05T02:16:25.158+00:00
aab823e1596a,campaign-sf1,mado,tpch,Q22,Very Complex,postgresql,indexed,1,8,0,-1,sqlalchemy,sql,q22s7,2,0.232694,,ok,,15min,1.05,82646,126518004589456,2026-09-05T02:16:25.391+00:00
aab823e1596a,campaign-sf1,mado,tpch,Q22,Very Complex,postgresql,indexed,1,8,0,-1,sqlalchemy,orm,q22s7,2,0.233297,,ok,,15min,1.04,82646,126518004589456,2026-09-05T02:16:25.625+00:00
aab823e1596a,campaign-sf1,mado,tpch,Q22,Very Complex,postgresql,indexed,1,8,0,0,django,sql,q22s7,0,0.230641,7,ok,,15min,1.04,82646,126518004589456,2026-09-05T02:16:25.855+00:00
aab823e1596a,campaign-sf1,mado,tpch,Q22,Very Complex,postgresql,indexed,1,8,0,1,django,orm,q22s7,0,0.326104,7,ok,,15min,1.04,82646,126518004589456,2026-09-05T02:16:26.182+00:00
aab823e1596a,campaign-sf1,mado,tpch,Q22,Very Complex,postgresql,indexed,1,8,0,2,sqlalchemy,sql,q22s7,0,0.231969,7,ok,,15min,1.04,82646,126518004589456,2026-09-05T02:16:26.414+00:00
aab823e1596a,campaign-sf1,mado,tpch,Q22,Very Complex,postgresql,indexed,1,8,0,3,sqlalchemy,orm,q22s7,0,0.234361,7,ok,,15min,1.04,82646,126518004589456,2026-09-05T02:16:26.648+00:00
