benchmark,orm,orm_version,query_id,query_name,complexity_band,dbms,dbms_version,schema_config,scale_factor,dataset_size_gb,direct_sql_execution_s,total_orm_execution_s,overhead_ratio,overhead_percentage,overhead_abs_s,rows_returned,sql_min_s,sql_max_s,sql_cv_pct,orm_min_s,orm_max_s,orm_cv_pct,repetitions_measured,sql_status,orm_status,status_note,orm_plan_operators,orm_median_qerror,orm_max_qerror,orm_operators_qerror_gt_10,orm_underestimate_rate_pct,sql_plan_operators,sql_median_qerror,sql_max_qerror,sql_operators_qerror_gt_10,sql_underestimate_rate_pct,orm_plan_file,sql_plan_file,validated_orm_path_is_orm,validated_results_match,validated_baselines_match,validated_orm_equals_sql,validated_rows_nonzero,validation_source,timing_method,aggregation,campaign_id
tpch,DJANGO,not recorded - read off the running server at campaign time (C22),Q01,Pricing Summary Report,Medium,PostgreSQL,not recorded - read off the running server at campaign time (C22),Indexed,1,21 (with indexes),10.163579,10.17452,1.0004,0.04,0.0109,4,,,,,,,,ok,ok,,,,,,,,,,,,,,not_recorded,not_recorded,not_recorded,not_recorded,not_recorded,,"time.perf_counter, client-side end-to-end","median of measured repetitions, first discarded as warmup",sf1
tpch,SQLALCHEMY,not recorded - read off the running server at campaign time (C22),Q01,Pricing Summary Report,Medium,PostgreSQL,not recorded - read off the running server at campaign time (C22),Indexed,1,21 (with indexes),10.164513,10.180708,1.0007,0.07,0.0162,4,,,,,,,,ok,ok,,,,,,,,,,,,,,not_recorded,not_recorded,not_recorded,not_recorded,not_recorded,,"time.perf_counter, client-side end-to-end","median of measured repetitions, first discarded as warmup",sf1
tpch,DJANGO,not recorded - read off the running server at campaign time (C22),Q02,Minimum Cost Supplier,Complex,PostgreSQL,not recorded - read off the running server at campaign time (C22),Indexed,1,21 (with indexes),0.316739,0.225085,0.6978,-30.22,-0.0917,100,,,,,,,,ok,ok,,,,,,,,,,,,,,not_recorded,not_recorded,not_recorded,not_recorded,not_recorded,,"time.perf_counter, client-side end-to-end","median of measured repetitions, first discarded as warmup",sf1
tpch,SQLALCHEMY,not recorded - read off the running server at campaign time (C22),Q02,Minimum Cost Supplier,Complex,PostgreSQL,not recorded - read off the running server at campaign time (C22),Indexed,1,21 (with indexes),0.352183,0.356488,1.01,1.0,0.0043,100,,,,,,,,ok,ok,,,,,,,,,,,,,,not_recorded,not_recorded,not_recorded,not_recorded,not_recorded,,"time.perf_counter, client-side end-to-end","median of measured repetitions, first discarded as warmup",sf1
tpch,DJANGO,not recorded - read off the running server at campaign time (C22),Q03,Shipping Priority,Medium,PostgreSQL,not recorded - read off the running server at campaign time (C22),Indexed,1,21 (with indexes),1.913922,1.916311,1.0015,0.15,0.0024,10,,,,,,,,ok,ok,,,,,,,,,,,,,,not_recorded,not_recorded,not_recorded,not_recorded,not_recorded,,"time.perf_counter, client-side end-to-end","median of measured repetitions, first discarded as warmup",sf1
tpch,SQLALCHEMY,not recorded - read off the running server at campaign time (C22),Q03,Shipping Priority,Medium,PostgreSQL,not recorded - read off the running server at campaign time (C22),Indexed,1,21 (with indexes),1.921493,1.921545,1.0004,0.04,0.0001,10,,,,,,,,ok,ok,,,,,,,,,,,,,,not_recorded,not_recorded,not_recorded,not_recorded,not_recorded,,"time.perf_counter, client-side end-to-end","median of measured repetitions, first discarded as warmup",sf1
tpch,DJANGO,not recorded - read off the running server at campaign time (C22),Q04,Order Priority Checking,Medium,PostgreSQL,not recorded - read off the running server at campaign time (C22),Indexed,1,21 (with indexes),0.291576,0.306331,1.0498,4.98,0.0148,5,,,,,,,,ok,ok,,,,,,,,,,,,,,not_recorded,not_recorded,not_recorded,not_recorded,not_recorded,,"time.perf_counter, client-side end-to-end","median of measured repetitions, first discarded as warmup",sf1
tpch,SQLALCHEMY,not recorded - read off the running server at campaign time (C22),Q04,Order Priority Checking,Medium,PostgreSQL,not recorded - read off the running server at campaign time (C22),Indexed,1,21 (with indexes),0.29272,0.294195,1.0003,0.03,0.0015,5,,,,,,,,ok,ok,,,,,,,,,,,,,,not_recorded,not_recorded,not_recorded,not_recorded,not_recorded,,"time.perf_counter, client-side end-to-end","median of measured repetitions, first discarded as warmup",sf1
tpch,DJANGO,not recorded - read off the running server at campaign time (C22),Q05,Local Supplier Volume,Complex,PostgreSQL,not recorded - read off the running server at campaign time (C22),Indexed,1,21 (with indexes),0.460211,0.462669,1.0055,0.55,0.0025,5,,,,,,,,ok,ok,,,,,,,,,,,,,,not_recorded,not_recorded,not_recorded,not_recorded,not_recorded,,"time.perf_counter, client-side end-to-end","median of measured repetitions, first discarded as warmup",sf1
tpch,SQLALCHEMY,not recorded - read off the running server at campaign time (C22),Q05,Local Supplier Volume,Complex,PostgreSQL,not recorded - read off the running server at campaign time (C22),Indexed,1,21 (with indexes),0.461016,0.464925,1.0067,0.67,0.0039,5,,,,,,,,ok,ok,,,,,,,,,,,,,,not_recorded,not_recorded,not_recorded,not_recorded,not_recorded,,"time.perf_counter, client-side end-to-end","median of measured repetitions, first discarded as warmup",sf1
tpch,DJANGO,not recorded - read off the running server at campaign time (C22),Q06,Forecasting Revenue Change,Simple,PostgreSQL,not recorded - read off the running server at campaign time (C22),Indexed,1,21 (with indexes),0.207223,0.208122,1.0059,0.59,0.0009,1,,,,,,,,ok,ok,,,,,,,,,,,,,,not_recorded,not_recorded,not_recorded,not_recorded,not_recorded,,"time.perf_counter, client-side end-to-end","median of measured repetitions, first discarded as warmup",sf1
tpch,SQLALCHEMY,not recorded - read off the running server at campaign time (C22),Q06,Forecasting Revenue Change,Simple,PostgreSQL,not recorded - read off the running server at campaign time (C22),Indexed,1,21 (with indexes),0.207383,0.208133,1.0048,0.48,0.0008,1,,,,,,,,ok,ok,,,,,,,,,,,,,,not_recorded,not_recorded,not_recorded,not_recorded,not_recorded,,"time.perf_counter, client-side end-to-end","median of measured repetitions, first discarded as warmup",sf1
tpch,DJANGO,not recorded - read off the running server at campaign time (C22),Q07,Volume Shipping,Complex,PostgreSQL,not recorded - read off the running server at campaign time (C22),Indexed,1,21 (with indexes),0.801146,0.802492,1.0029,0.29,0.0013,4,,,,,,,,ok,ok,,,,,,,,,,,,,,not_recorded,not_recorded,not_recorded,not_recorded,not_recorded,,"time.perf_counter, client-side end-to-end","median of measured repetitions, first discarded as warmup",sf1
tpch,SQLALCHEMY,not recorded - read off the running server at campaign time (C22),Q07,Volume Shipping,Complex,PostgreSQL,not recorded - read off the running server at campaign time (C22),Indexed,1,21 (with indexes),0.797839,0.803064,1.0074,0.74,0.0052,4,,,,,,,,ok,ok,,,,,,,,,,,,,,not_recorded,not_recorded,not_recorded,not_recorded,not_recorded,,"time.perf_counter, client-side end-to-end","median of measured repetitions, first discarded as warmup",sf1
tpch,DJANGO,not recorded - read off the running server at campaign time (C22),Q08,National Market Share,Very Complex,PostgreSQL,not recorded - read off the running server at campaign time (C22),Indexed,1,21 (with indexes),0.351637,0.3567,1.0194,1.94,0.0051,2,,,,,,,,ok,ok,,,,,,,,,,,,,,not_recorded,not_recorded,not_recorded,not_recorded,not_recorded,,"time.perf_counter, client-side end-to-end","median of measured repetitions, first discarded as warmup",sf1
tpch,SQLALCHEMY,not recorded - read off the running server at campaign time (C22),Q08,National Market Share,Very Complex,PostgreSQL,not recorded - read off the running server at campaign time (C22),Indexed,1,21 (with indexes),0.352197,0.353895,1.0076,0.76,0.0017,2,,,,,,,,ok,ok,,,,,,,,,,,,,,not_recorded,not_recorded,not_recorded,not_recorded,not_recorded,,"time.perf_counter, client-side end-to-end","median of measured repetitions, first discarded as warmup",sf1
tpch,DJANGO,not recorded - read off the running server at campaign time (C22),Q09,Product Type Profit Measure,Very Complex,PostgreSQL,not recorded - read off the running server at campaign time (C22),Indexed,1,21 (with indexes),4.449879,4.74722,1.0595,5.95,0.2973,175,,,,,,,,ok,ok,,,,,,,,,,,,,,not_recorded,not_recorded,not_recorded,not_recorded,not_recorded,,"time.perf_counter, client-side end-to-end","median of measured repetitions, first discarded as warmup",sf1
tpch,SQLALCHEMY,not recorded - read off the running server at campaign time (C22),Q09,Product Type Profit Measure,Very Complex,PostgreSQL,not recorded - read off the running server at campaign time (C22),Indexed,1,21 (with indexes),4.460918,4.482229,1.0009,0.09,0.0213,175,,,,,,,,ok,ok,,,,,,,,,,,,,,not_recorded,not_recorded,not_recorded,not_recorded,not_recorded,,"time.perf_counter, client-side end-to-end","median of measured repetitions, first discarded as warmup",sf1
tpch,DJANGO,not recorded - read off the running server at campaign time (C22),Q10,Returned Item Reporting,Complex,PostgreSQL,not recorded - read off the running server at campaign time (C22),Indexed,1,21 (with indexes),1.901996,1.990947,1.0494,4.94,0.089,20,,,,,,,,ok,ok,,,,,,,,,,,,,,not_recorded,not_recorded,not_recorded,not_recorded,not_recorded,,"time.perf_counter, client-side end-to-end","median of measured repetitions, first discarded as warmup",sf1
tpch,SQLALCHEMY,not recorded - read off the running server at campaign time (C22),Q10,Returned Item Reporting,Complex,PostgreSQL,not recorded - read off the running server at campaign time (C22),Indexed,1,21 (with indexes),1.893826,1.8976,0.9997,-0.03,0.0038,20,,,,,,,,ok,ok,,,,,,,,,,,,,,not_recorded,not_recorded,not_recorded,not_recorded,not_recorded,,"time.perf_counter, client-side end-to-end","median of measured repetitions, first discarded as warmup",sf1
tpch,DJANGO,not recorded - read off the running server at campaign time (C22),Q11,Important Stock Identification,Medium,PostgreSQL,not recorded - read off the running server at campaign time (C22),Indexed,1,21 (with indexes),0.126327,0.130442,1.0268,2.68,0.0041,1048,,,,,,,,ok,ok,,,,,,,,,,,,,,not_recorded,not_recorded,not_recorded,not_recorded,not_recorded,,"time.perf_counter, client-side end-to-end","median of measured repetitions, first discarded as warmup",sf1
tpch,SQLALCHEMY,not recorded - read off the running server at campaign time (C22),Q11,Important Stock Identification,Medium,PostgreSQL,not recorded - read off the running server at campaign time (C22),Indexed,1,21 (with indexes),0.129431,0.133898,1.0334,3.34,0.0045,1048,,,,,,,,ok,ok,,,,,,,,,,,,,,not_recorded,not_recorded,not_recorded,not_recorded,not_recorded,,"time.perf_counter, client-side end-to-end","median of measured repetitions, first discarded as warmup",sf1
tpch,DJANGO,not recorded - read off the running server at campaign time (C22),Q12,Shipping Modes and Order Priority,Medium,PostgreSQL,not recorded - read off the running server at campaign time (C22),Indexed,1,21 (with indexes),0.686062,0.688387,1.0039,0.39,0.0023,2,,,,,,,,ok,ok,,,,,,,,,,,,,,not_recorded,not_recorded,not_recorded,not_recorded,not_recorded,,"time.perf_counter, client-side end-to-end","median of measured repetitions, first discarded as warmup",sf1
tpch,SQLALCHEMY,not recorded - read off the running server at campaign time (C22),Q12,Shipping Modes and Order Priority,Medium,PostgreSQL,not recorded - read off the running server at campaign time (C22),Indexed,1,21 (with indexes),0.686429,0.687852,1.0016,0.16,0.0014,2,,,,,,,,ok,ok,,,,,,,,,,,,,,not_recorded,not_recorded,not_recorded,not_recorded,not_recorded,,"time.perf_counter, client-side end-to-end","median of measured repetitions, first discarded as warmup",sf1
tpch,DJANGO,not recorded - read off the running server at campaign time (C22),Q13,Customer Distribution,Complex,PostgreSQL,not recorded - read off the running server at campaign time (C22),Indexed,1,21 (with indexes),1.879164,3.379596,1.7984,79.84,1.5004,42,,,,,,,,ok,ok,,,,,,,,,,,,,,not_recorded,not_recorded,not_recorded,not_recorded,not_recorded,,"time.perf_counter, client-side end-to-end","median of measured repetitions, first discarded as warmup",sf1
tpch,SQLALCHEMY,not recorded - read off the running server at campaign time (C22),Q13,Customer Distribution,Complex,PostgreSQL,not recorded - read off the running server at campaign time (C22),Indexed,1,21 (with indexes),1.895995,1.901768,1.0006,0.06,0.0058,42,,,,,,,,ok,ok,,,,,,,,,,,,,,not_recorded,not_recorded,not_recorded,not_recorded,not_recorded,,"time.perf_counter, client-side end-to-end","median of measured repetitions, first discarded as warmup",sf1
tpch,DJANGO,not recorded - read off the running server at campaign time (C22),Q14,Promotion Effect,Simple,PostgreSQL,not recorded - read off the running server at campaign time (C22),Indexed,1,21 (with indexes),0.2396,0.241866,1.0088,0.88,0.0023,1,,,,,,,,ok,ok,,,,,,,,,,,,,,not_recorded,not_recorded,not_recorded,not_recorded,not_recorded,,"time.perf_counter, client-side end-to-end","median of measured repetitions, first discarded as warmup",sf1
tpch,SQLALCHEMY,not recorded - read off the running server at campaign time (C22),Q14,Promotion Effect,Simple,PostgreSQL,not recorded - read off the running server at campaign time (C22),Indexed,1,21 (with indexes),0.257099,0.258491,1.0068,0.68,0.0014,1,,,,,,,,ok,ok,,,,,,,,,,,,,,not_recorded,not_recorded,not_recorded,not_recorded,not_recorded,,"time.perf_counter, client-side end-to-end","median of measured repetitions, first discarded as warmup",sf1
tpch,DJANGO,not recorded - read off the running server at campaign time (C22),Q15,Top Supplier,Complex,PostgreSQL,not recorded - read off the running server at campaign time (C22),Indexed,1,21 (with indexes),0.346346,0.667145,1.9245,92.45,0.3208,1,,,,,,,,ok,ok,,,,,,,,,,,,,,not_recorded,not_recorded,not_recorded,not_recorded,not_recorded,,"time.perf_counter, client-side end-to-end","median of measured repetitions, first discarded as warmup",sf1
tpch,SQLALCHEMY,not recorded - read off the running server at campaign time (C22),Q15,Top Supplier,Complex,PostgreSQL,not recorded - read off the running server at campaign time (C22),Indexed,1,21 (with indexes),0.683817,0.686219,1.0017,0.17,0.0024,1,,,,,,,,ok,ok,,,,,,,,,,,,,,not_recorded,not_recorded,not_recorded,not_recorded,not_recorded,,"time.perf_counter, client-side end-to-end","median of measured repetitions, first discarded as warmup",sf1
tpch,DJANGO,not recorded - read off the running server at campaign time (C22),Q16,Parts/Supplier Relationship,Medium,PostgreSQL,not recorded - read off the running server at campaign time (C22),Indexed,1,21 (with indexes),1.069355,1.080365,1.0082,0.82,0.011,18314,,,,,,,,ok,ok,,,,,,,,,,,,,,not_recorded,not_recorded,not_recorded,not_recorded,not_recorded,,"time.perf_counter, client-side end-to-end","median of measured repetitions, first discarded as warmup",sf1
tpch,SQLALCHEMY,not recorded - read off the running server at campaign time (C22),Q16,Parts/Supplier Relationship,Medium,PostgreSQL,not recorded - read off the running server at campaign time (C22),Indexed,1,21 (with indexes),1.122071,1.14762,1.0248,2.48,0.0255,18314,,,,,,,,ok,ok,,,,,,,,,,,,,,not_recorded,not_recorded,not_recorded,not_recorded,not_recorded,,"time.perf_counter, client-side end-to-end","median of measured repetitions, first discarded as warmup",sf1
tpch,DJANGO,not recorded - read off the running server at campaign time (C22),Q17,Small-Quantity-Order Revenue,Complex,PostgreSQL,not recorded - read off the running server at campaign time (C22),Indexed,1,21 (with indexes),1.287189,0.538689,0.416,-58.4,-0.7485,1,,,,,,,,ok,ok,,,,,,,,,,,,,,not_recorded,not_recorded,not_recorded,not_recorded,not_recorded,,"time.perf_counter, client-side end-to-end","median of measured repetitions, first discarded as warmup",sf1
tpch,SQLALCHEMY,not recorded - read off the running server at campaign time (C22),Q17,Small-Quantity-Order Revenue,Complex,PostgreSQL,not recorded - read off the running server at campaign time (C22),Indexed,1,21 (with indexes),1.275394,1.282639,1.004,0.4,0.0072,1,,,,,,,,ok,ok,,,,,,,,,,,,,,not_recorded,not_recorded,not_recorded,not_recorded,not_recorded,,"time.perf_counter, client-side end-to-end","median of measured repetitions, first discarded as warmup",sf1
tpch,DJANGO,not recorded - read off the running server at campaign time (C22),Q18,Large Volume Customer,Complex,PostgreSQL,not recorded - read off the running server at campaign time (C22),Indexed,1,21 (with indexes),3.789314,3.793276,1.001,0.1,0.004,57,,,,,,,,ok,ok,,,,,,,,,,,,,,not_recorded,not_recorded,not_recorded,not_recorded,not_recorded,,"time.perf_counter, client-side end-to-end","median of measured repetitions, first discarded as warmup",sf1
tpch,SQLALCHEMY,not recorded - read off the running server at campaign time (C22),Q18,Large Volume Customer,Complex,PostgreSQL,not recorded - read off the running server at campaign time (C22),Indexed,1,21 (with indexes),3.818574,3.822402,1.0024,0.24,0.0038,57,,,,,,,,ok,ok,,,,,,,,,,,,,,not_recorded,not_recorded,not_recorded,not_recorded,not_recorded,,"time.perf_counter, client-side end-to-end","median of measured repetitions, first discarded as warmup",sf1
tpch,DJANGO,not recorded - read off the running server at campaign time (C22),Q19,Discounted Revenue,Simple,PostgreSQL,not recorded - read off the running server at campaign time (C22),Indexed,1,21 (with indexes),0.083714,0.088923,1.0617,6.17,0.0052,1,,,,,,,,ok,ok,,,,,,,,,,,,,,not_recorded,not_recorded,not_recorded,not_recorded,not_recorded,,"time.perf_counter, client-side end-to-end","median of measured repetitions, first discarded as warmup",sf1
tpch,SQLALCHEMY,not recorded - read off the running server at campaign time (C22),Q19,Discounted Revenue,Simple,PostgreSQL,not recorded - read off the running server at campaign time (C22),Indexed,1,21 (with indexes),0.086233,0.087474,1.0112,1.12,0.0012,1,,,,,,,,ok,ok,,,,,,,,,,,,,,not_recorded,not_recorded,not_recorded,not_recorded,not_recorded,,"time.perf_counter, client-side end-to-end","median of measured repetitions, first discarded as warmup",sf1
tpch,DJANGO,not recorded - read off the running server at campaign time (C22),Q20,Potential Part Promotion,Complex,PostgreSQL,not recorded - read off the running server at campaign time (C22),Indexed,1,21 (with indexes),0.932957,0.938339,1.0067,0.67,0.0054,186,,,,,,,,ok,ok,,,,,,,,,,,,,,not_recorded,not_recorded,not_recorded,not_recorded,not_recorded,,"time.perf_counter, client-side end-to-end","median of measured repetitions, first discarded as warmup",sf1
tpch,SQLALCHEMY,not recorded - read off the running server at campaign time (C22),Q20,Potential Part Promotion,Complex,PostgreSQL,not recorded - read off the running server at campaign time (C22),Indexed,1,21 (with indexes),0.944322,0.945165,1.0004,0.04,0.0008,186,,,,,,,,ok,ok,,,,,,,,,,,,,,not_recorded,not_recorded,not_recorded,not_recorded,not_recorded,,"time.perf_counter, client-side end-to-end","median of measured repetitions, first discarded as warmup",sf1
tpch,DJANGO,not recorded - read off the running server at campaign time (C22),Q21,Suppliers Who Kept Orders Waiting,Very Complex,PostgreSQL,not recorded - read off the running server at campaign time (C22),Indexed,1,21 (with indexes),1.013692,1.024926,1.0122,1.22,0.0112,100,,,,,,,,ok,ok,,,,,,,,,,,,,,not_recorded,not_recorded,not_recorded,not_recorded,not_recorded,,"time.perf_counter, client-side end-to-end","median of measured repetitions, first discarded as warmup",sf1
tpch,SQLALCHEMY,not recorded - read off the running server at campaign time (C22),Q21,Suppliers Who Kept Orders Waiting,Very Complex,PostgreSQL,not recorded - read off the running server at campaign time (C22),Indexed,1,21 (with indexes),1.017181,1.023068,1.0062,0.62,0.0059,100,,,,,,,,ok,ok,,,,,,,,,,,,,,not_recorded,not_recorded,not_recorded,not_recorded,not_recorded,,"time.perf_counter, client-side end-to-end","median of measured repetitions, first discarded as warmup",sf1
tpch,DJANGO,not recorded - read off the running server at campaign time (C22),Q22,Global Sales Opportunity,Very Complex,PostgreSQL,not recorded - read off the running server at campaign time (C22),Indexed,1,21 (with indexes),0.229905,0.326572,1.4199,41.99,0.0967,7,,,,,,,,ok,ok,,,,,,,,,,,,,,not_recorded,not_recorded,not_recorded,not_recorded,not_recorded,,"time.perf_counter, client-side end-to-end","median of measured repetitions, first discarded as warmup",sf1
tpch,SQLALCHEMY,not recorded - read off the running server at campaign time (C22),Q22,Global Sales Opportunity,Very Complex,PostgreSQL,not recorded - read off the running server at campaign time (C22),Indexed,1,21 (with indexes),0.231773,0.234067,1.0102,1.02,0.0023,7,,,,,,,,ok,ok,,,,,,,,,,,,,,not_recorded,not_recorded,not_recorded,not_recorded,not_recorded,,"time.perf_counter, client-side end-to-end","median of measured repetitions, first discarded as warmup",sf1
tpcc,DJANGO,not recorded - read off the running server at campaign time (C22),T1,New-Order,Write-heavy,PostgreSQL,not recorded - read off the running server at campaign time (C22),Indexed,1,21 (with indexes),0.019842,0.035813,1.8049,80.49,0.016,1,0.019423,0.028853,23.5,0.032886,0.059236,33.9,3,ok,ok,"drift: new_order +16, order +16, order_line +148 | drift: new_order +16, order +16, order_line +148",,,,,,,,,,,,,not_recorded,not_recorded,not_recorded,not_recorded,not_recorded,,"time.perf_counter, client-side end-to-end","median of measured repetitions, first discarded as warmup",sf1
tpcc,SQLALCHEMY,not recorded - read off the running server at campaign time (C22),T1,New-Order,Write-heavy,PostgreSQL,not recorded - read off the running server at campaign time (C22),Indexed,1,21 (with indexes),0.033186,0.064493,1.9434,94.34,0.0313,1,0.019623,0.040679,34.2,0.043911,0.071323,23.8,3,ok,ok,"drift: new_order +16, order +16, order_line +148 | drift: new_order +16, order +16, order_line +148",,,,,,,,,,,,,not_recorded,not_recorded,not_recorded,not_recorded,not_recorded,,"time.perf_counter, client-side end-to-end","median of measured repetitions, first discarded as warmup",sf1
tpcc,DJANGO,not recorded - read off the running server at campaign time (C22),T2,Payment,Write-heavy,PostgreSQL,not recorded - read off the running server at campaign time (C22),Indexed,1,21 (with indexes),0.004643,0.012958,2.7909,179.09,0.0083,1,0.004333,0.005002,7.2,0.012143,0.013237,4.4,3,ok,ok,drift: history +16 | drift: history +16,,,,,,,,,,,,,not_recorded,not_recorded,not_recorded,not_recorded,not_recorded,,"time.perf_counter, client-side end-to-end","median of measured repetitions, first discarded as warmup",sf1
tpcc,SQLALCHEMY,not recorded - read off the running server at campaign time (C22),T2,Payment,Write-heavy,PostgreSQL,not recorded - read off the running server at campaign time (C22),Indexed,1,21 (with indexes),0.005594,0.011715,2.0942,109.42,0.0061,1,0.005536,0.005784,2.3,0.011075,0.012049,4.3,3,ok,ok,drift: history +16 | drift: history +16,,,,,,,,,,,,,not_recorded,not_recorded,not_recorded,not_recorded,not_recorded,,"time.perf_counter, client-side end-to-end","median of measured repetitions, first discarded as warmup",sf1
tpcc,DJANGO,not recorded - read off the running server at campaign time (C22),T3,Order-Status,Read-only,PostgreSQL,not recorded - read off the running server at campaign time (C22),Indexed,1,21 (with indexes),0.015955,0.018927,1.1863,18.63,0.003,1,0.006829,0.016149,41.0,0.016384,0.020219,10.5,3,ok,ok,,,,,,,,,,,,,,not_recorded,not_recorded,not_recorded,not_recorded,not_recorded,,"time.perf_counter, client-side end-to-end","median of measured repetitions, first discarded as warmup",sf1
tpcc,SQLALCHEMY,not recorded - read off the running server at campaign time (C22),T3,Order-Status,Read-only,PostgreSQL,not recorded - read off the running server at campaign time (C22),Indexed,1,21 (with indexes),0.014402,0.018669,1.2963,29.63,0.0043,1,0.007139,0.015888,37.5,0.018087,0.020152,5.6,3,ok,ok,,,,,,,,,,,,,,not_recorded,not_recorded,not_recorded,not_recorded,not_recorded,,"time.perf_counter, client-side end-to-end","median of measured repetitions, first discarded as warmup",sf1
tpcc,DJANGO,not recorded - read off the running server at campaign time (C22),T4,Delivery,Write-heavy,PostgreSQL,not recorded - read off the running server at campaign time (C22),Indexed,1,21 (with indexes),0.045671,0.109581,2.3994,139.94,0.0639,1,0.031088,0.047781,21.9,0.100161,0.111221,5.6,3,ok,ok,drift: new_order -160 | drift: new_order -160,,,,,,,,,,,,,not_recorded,not_recorded,not_recorded,not_recorded,not_recorded,,"time.perf_counter, client-side end-to-end","median of measured repetitions, first discarded as warmup",sf1
tpcc,SQLALCHEMY,not recorded - read off the running server at campaign time (C22),T4,Delivery,Write-heavy,PostgreSQL,not recorded - read off the running server at campaign time (C22),Indexed,1,21 (with indexes),0.047447,0.135158,2.8486,184.86,0.0877,1,0.046211,0.069817,24.4,0.129601,0.153047,8.8,3,ok,ok,drift: new_order -160 | drift: new_order -160,,,,,,,,,,,,,not_recorded,not_recorded,not_recorded,not_recorded,not_recorded,,"time.perf_counter, client-side end-to-end","median of measured repetitions, first discarded as warmup",sf1
tpcc,DJANGO,not recorded - read off the running server at campaign time (C22),T5,Stock-Level,Read-only,PostgreSQL,not recorded - read off the running server at campaign time (C22),Indexed,1,21 (with indexes),0.073284,0.084002,1.1463,14.63,0.0107,1,0.068564,0.075005,4.6,0.066846,0.084102,12.7,3,ok,ok,,,,,,,,,,,,,,not_recorded,not_recorded,not_recorded,not_recorded,not_recorded,,"time.perf_counter, client-side end-to-end","median of measured repetitions, first discarded as warmup",sf1
tpcc,SQLALCHEMY,not recorded - read off the running server at campaign time (C22),T5,Stock-Level,Read-only,PostgreSQL,not recorded - read off the running server at campaign time (C22),Indexed,1,21 (with indexes),0.060732,0.065629,1.0806,8.06,0.0049,1,0.005193,0.066408,76.7,0.06384,0.074472,8.4,3,ok,ok,,,,,,,,,,,,,,not_recorded,not_recorded,not_recorded,not_recorded,not_recorded,,"time.perf_counter, client-side end-to-end","median of measured repetitions, first discarded as warmup",sf1
tpch,DJANGO,not recorded - read off the running server at campaign time (C22),Q01,Pricing Summary Report,Medium,PostgreSQL,not recorded - read off the running server at campaign time (C22),Non-Indexed,1,21 (with indexes),10.042446,10.044546,1.0008,0.08,0.0021,4,,,,,,,,ok,ok,,,,,,,,,,,,,,not_recorded,not_recorded,not_recorded,not_recorded,not_recorded,,"time.perf_counter, client-side end-to-end","median of measured repetitions, first discarded as warmup",sf1
tpch,SQLALCHEMY,not recorded - read off the running server at campaign time (C22),Q01,Pricing Summary Report,Medium,PostgreSQL,not recorded - read off the running server at campaign time (C22),Non-Indexed,1,21 (with indexes),9.99841,10.006196,1.0002,0.02,0.0078,4,,,,,,,,ok,ok,,,,,,,,,,,,,,not_recorded,not_recorded,not_recorded,not_recorded,not_recorded,,"time.perf_counter, client-side end-to-end","median of measured repetitions, first discarded as warmup",sf1
tpch,DJANGO,not recorded - read off the running server at campaign time (C22),Q02,Minimum Cost Supplier,Complex,PostgreSQL,not recorded - read off the running server at campaign time (C22),Non-Indexed,1,21 (with indexes),0.417826,0.268808,0.646,-35.4,-0.149,100,,,,,,,,ok,ok,,,,,,,,,,,,,,not_recorded,not_recorded,not_recorded,not_recorded,not_recorded,,"time.perf_counter, client-side end-to-end","median of measured repetitions, first discarded as warmup",sf1
tpch,SQLALCHEMY,not recorded - read off the running server at campaign time (C22),Q02,Minimum Cost Supplier,Complex,PostgreSQL,not recorded - read off the running server at campaign time (C22),Non-Indexed,1,21 (with indexes),0.418237,0.42088,1.0078,0.78,0.0026,100,,,,,,,,ok,ok,,,,,,,,,,,,,,not_recorded,not_recorded,not_recorded,not_recorded,not_recorded,,"time.perf_counter, client-side end-to-end","median of measured repetitions, first discarded as warmup",sf1
tpch,DJANGO,not recorded - read off the running server at campaign time (C22),Q03,Shipping Priority,Medium,PostgreSQL,not recorded - read off the running server at campaign time (C22),Non-Indexed,1,21 (with indexes),2.025232,2.025037,1.001,0.1,-0.0002,10,,,,,,,,ok,ok,,,,,,,,,,,,,,not_recorded,not_recorded,not_recorded,not_recorded,not_recorded,,"time.perf_counter, client-side end-to-end","median of measured repetitions, first discarded as warmup",sf1
tpch,SQLALCHEMY,not recorded - read off the running server at campaign time (C22),Q03,Shipping Priority,Medium,PostgreSQL,not recorded - read off the running server at campaign time (C22),Non-Indexed,1,21 (with indexes),2.03754,2.031285,1.0008,0.08,-0.0063,10,,,,,,,,ok,ok,,,,,,,,,,,,,,not_recorded,not_recorded,not_recorded,not_recorded,not_recorded,,"time.perf_counter, client-side end-to-end","median of measured repetitions, first discarded as warmup",sf1
tpch,DJANGO,not recorded - read off the running server at campaign time (C22),Q04,Order Priority Checking,Medium,PostgreSQL,not recorded - read off the running server at campaign time (C22),Non-Indexed,1,21 (with indexes),2.071712,2.086951,1.0074,0.74,0.0152,5,,,,,,,,ok,ok,,,,,,,,,,,,,,not_recorded,not_recorded,not_recorded,not_recorded,not_recorded,,"time.perf_counter, client-side end-to-end","median of measured repetitions, first discarded as warmup",sf1
tpch,SQLALCHEMY,not recorded - read off the running server at campaign time (C22),Q04,Order Priority Checking,Medium,PostgreSQL,not recorded - read off the running server at campaign time (C22),Non-Indexed,1,21 (with indexes),2.078492,2.076464,0.9995,-0.05,-0.002,5,,,,,,,,ok,ok,,,,,,,,,,,,,,not_recorded,not_recorded,not_recorded,not_recorded,not_recorded,,"time.perf_counter, client-side end-to-end","median of measured repetitions, first discarded as warmup",sf1
tpch,DJANGO,not recorded - read off the running server at campaign time (C22),Q05,Local Supplier Volume,Complex,PostgreSQL,not recorded - read off the running server at campaign time (C22),Non-Indexed,1,21 (with indexes),1.51193,1.513114,1.0028,0.28,0.0012,5,,,,,,,,ok,ok,,,,,,,,,,,,,,not_recorded,not_recorded,not_recorded,not_recorded,not_recorded,,"time.perf_counter, client-side end-to-end","median of measured repetitions, first discarded as warmup",sf1
tpch,SQLALCHEMY,not recorded - read off the running server at campaign time (C22),Q05,Local Supplier Volume,Complex,PostgreSQL,not recorded - read off the running server at campaign time (C22),Non-Indexed,1,21 (with indexes),1.515169,1.516455,1.0003,0.03,0.0013,5,,,,,,,,ok,ok,,,,,,,,,,,,,,not_recorded,not_recorded,not_recorded,not_recorded,not_recorded,,"time.perf_counter, client-side end-to-end","median of measured repetitions, first discarded as warmup",sf1
tpch,DJANGO,not recorded - read off the running server at campaign time (C22),Q06,Forecasting Revenue Change,Simple,PostgreSQL,not recorded - read off the running server at campaign time (C22),Non-Indexed,1,21 (with indexes),1.390313,2.026567,1.453,45.3,0.6363,1,,,,,,,,ok,ok,,,,,,,,,,,,,,not_recorded,not_recorded,not_recorded,not_recorded,not_recorded,,"time.perf_counter, client-side end-to-end","median of measured repetitions, first discarded as warmup",sf1
tpch,SQLALCHEMY,not recorded - read off the running server at campaign time (C22),Q06,Forecasting Revenue Change,Simple,PostgreSQL,not recorded - read off the running server at campaign time (C22),Non-Indexed,1,21 (with indexes),1.393549,1.392862,0.9997,-0.03,-0.0007,1,,,,,,,,ok,ok,,,,,,,,,,,,,,not_recorded,not_recorded,not_recorded,not_recorded,not_recorded,,"time.perf_counter, client-side end-to-end","median of measured repetitions, first discarded as warmup",sf1
tpch,DJANGO,not recorded - read off the running server at campaign time (C22),Q07,Volume Shipping,Complex,PostgreSQL,not recorded - read off the running server at campaign time (C22),Non-Indexed,1,21 (with indexes),1.858854,1.855606,0.9999,-0.01,-0.0032,4,,,,,,,,ok,ok,,,,,,,,,,,,,,not_recorded,not_recorded,not_recorded,not_recorded,not_recorded,,"time.perf_counter, client-side end-to-end","median of measured repetitions, first discarded as warmup",sf1
tpch,SQLALCHEMY,not recorded - read off the running server at campaign time (C22),Q07,Volume Shipping,Complex,PostgreSQL,not recorded - read off the running server at campaign time (C22),Non-Indexed,1,21 (with indexes),1.848758,1.851964,1.0,0.0,0.0032,4,,,,,,,,ok,ok,,,,,,,,,,,,,,not_recorded,not_recorded,not_recorded,not_recorded,not_recorded,,"time.perf_counter, client-side end-to-end","median of measured repetitions, first discarded as warmup",sf1
tpch,DJANGO,not recorded - read off the running server at campaign time (C22),Q08,National Market Share,Very Complex,PostgreSQL,not recorded - read off the running server at campaign time (C22),Non-Indexed,1,21 (with indexes),1.331893,1.335088,1.0052,0.52,0.0032,2,,,,,,,,ok,ok,,,,,,,,,,,,,,not_recorded,not_recorded,not_recorded,not_recorded,not_recorded,,"time.perf_counter, client-side end-to-end","median of measured repetitions, first discarded as warmup",sf1
tpch,SQLALCHEMY,not recorded - read off the running server at campaign time (C22),Q08,National Market Share,Very Complex,PostgreSQL,not recorded - read off the running server at campaign time (C22),Non-Indexed,1,21 (with indexes),1.32758,1.331531,1.004,0.4,0.004,2,,,,,,,,ok,ok,,,,,,,,,,,,,,not_recorded,not_recorded,not_recorded,not_recorded,not_recorded,,"time.perf_counter, client-side end-to-end","median of measured repetitions, first discarded as warmup",sf1
tpch,DJANGO,not recorded - read off the running server at campaign time (C22),Q09,Product Type Profit Measure,Very Complex,PostgreSQL,not recorded - read off the running server at campaign time (C22),Non-Indexed,1,21 (with indexes),4.785915,4.545746,0.9509,-4.91,-0.2402,175,,,,,,,,ok,ok,,,,,,,,,,,,,,not_recorded,not_recorded,not_recorded,not_recorded,not_recorded,,"time.perf_counter, client-side end-to-end","median of measured repetitions, first discarded as warmup",sf1
tpch,SQLALCHEMY,not recorded - read off the running server at campaign time (C22),Q09,Product Type Profit Measure,Very Complex,PostgreSQL,not recorded - read off the running server at campaign time (C22),Non-Indexed,1,21 (with indexes),4.805573,4.788318,1.0004,0.04,-0.0173,175,,,,,,,,ok,ok,,,,,,,,,,,,,,not_recorded,not_recorded,not_recorded,not_recorded,not_recorded,,"time.perf_counter, client-side end-to-end","median of measured repetitions, first discarded as warmup",sf1
tpch,DJANGO,not recorded - read off the running server at campaign time (C22),Q10,Returned Item Reporting,Complex,PostgreSQL,not recorded - read off the running server at campaign time (C22),Non-Indexed,1,21 (with indexes),2.080151,2.166502,1.0375,3.75,0.0864,20,,,,,,,,ok,ok,,,,,,,,,,,,,,not_recorded,not_recorded,not_recorded,not_recorded,not_recorded,,"time.perf_counter, client-side end-to-end","median of measured repetitions, first discarded as warmup",sf1
tpch,SQLALCHEMY,not recorded - read off the running server at campaign time (C22),Q10,Returned Item Reporting,Complex,PostgreSQL,not recorded - read off the running server at campaign time (C22),Non-Indexed,1,21 (with indexes),2.09624,2.100999,1.0023,0.23,0.0048,20,,,,,,,,ok,ok,,,,,,,,,,,,,,not_recorded,not_recorded,not_recorded,not_recorded,not_recorded,,"time.perf_counter, client-side end-to-end","median of measured repetitions, first discarded as warmup",sf1
tpch,DJANGO,not recorded - read off the running server at campaign time (C22),Q11,Important Stock Identification,Medium,PostgreSQL,not recorded - read off the running server at campaign time (C22),Non-Indexed,1,21 (with indexes),0.346117,0.346542,1.0,0.0,0.0004,1048,,,,,,,,ok,ok,,,,,,,,,,,,,,not_recorded,not_recorded,not_recorded,not_recorded,not_recorded,,"time.perf_counter, client-side end-to-end","median of measured repetitions, first discarded as warmup",sf1
tpch,SQLALCHEMY,not recorded - read off the running server at campaign time (C22),Q11,Important Stock Identification,Medium,PostgreSQL,not recorded - read off the running server at campaign time (C22),Non-Indexed,1,21 (with indexes),0.348239,0.352728,1.0138,1.38,0.0045,1048,,,,,,,,ok,ok,,,,,,,,,,,,,,not_recorded,not_recorded,not_recorded,not_recorded,not_recorded,,"time.perf_counter, client-side end-to-end","median of measured repetitions, first discarded as warmup",sf1
tpch,DJANGO,not recorded - read off the running server at campaign time (C22),Q12,Shipping Modes and Order Priority,Medium,PostgreSQL,not recorded - read off the running server at campaign time (C22),Non-Indexed,1,21 (with indexes),2.556484,1.998092,0.7829,-21.71,-0.5584,2,,,,,,,,ok,ok,,,,,,,,,,,,,,not_recorded,not_recorded,not_recorded,not_recorded,not_recorded,,"time.perf_counter, client-side end-to-end","median of measured repetitions, first discarded as warmup",sf1
tpch,SQLALCHEMY,not recorded - read off the running server at campaign time (C22),Q12,Shipping Modes and Order Priority,Medium,PostgreSQL,not recorded - read off the running server at campaign time (C22),Non-Indexed,1,21 (with indexes),2.58222,2.563925,0.9974,-0.26,-0.0183,2,,,,,,,,ok,ok,,,,,,,,,,,,,,not_recorded,not_recorded,not_recorded,not_recorded,not_recorded,,"time.perf_counter, client-side end-to-end","median of measured repetitions, first discarded as warmup",sf1
tpch,DJANGO,not recorded - read off the running server at campaign time (C22),Q13,Customer Distribution,Complex,PostgreSQL,not recorded - read off the running server at campaign time (C22),Non-Indexed,1,21 (with indexes),1.89413,,,,,,,,,,,,,ok,timeout,"censored: exceeded the 900 s ceiling in warmup, recorded as a one-sided bound (section 6)",,,,,,,,,,,,,not_recorded,not_recorded,not_recorded,not_recorded,not_recorded,,"time.perf_counter, client-side end-to-end","median of measured repetitions, first discarded as warmup",sf1
tpch,SQLALCHEMY,not recorded - read off the running server at campaign time (C22),Q13,Customer Distribution,Complex,PostgreSQL,not recorded - read off the running server at campaign time (C22),Non-Indexed,1,21 (with indexes),1.887921,1.918851,1.0016,0.16,0.0309,42,,,,,,,,ok,ok,,,,,,,,,,,,,,not_recorded,not_recorded,not_recorded,not_recorded,not_recorded,,"time.perf_counter, client-side end-to-end","median of measured repetitions, first discarded as warmup",sf1
tpch,DJANGO,not recorded - read off the running server at campaign time (C22),Q14,Promotion Effect,Simple,PostgreSQL,not recorded - read off the running server at campaign time (C22),Non-Indexed,1,21 (with indexes),1.363792,1.364864,1.0009,0.09,0.0011,1,,,,,,,,ok,ok,,,,,,,,,,,,,,not_recorded,not_recorded,not_recorded,not_recorded,not_recorded,,"time.perf_counter, client-side end-to-end","median of measured repetitions, first discarded as warmup",sf1
tpch,SQLALCHEMY,not recorded - read off the running server at campaign time (C22),Q14,Promotion Effect,Simple,PostgreSQL,not recorded - read off the running server at campaign time (C22),Non-Indexed,1,21 (with indexes),1.363625,1.367598,1.0001,0.01,0.004,1,,,,,,,,ok,ok,,,,,,,,,,,,,,not_recorded,not_recorded,not_recorded,not_recorded,not_recorded,,"time.perf_counter, client-side end-to-end","median of measured repetitions, first discarded as warmup",sf1
tpch,DJANGO,not recorded - read off the running server at campaign time (C22),Q15,Top Supplier,Complex,PostgreSQL,not recorded - read off the running server at campaign time (C22),Non-Indexed,1,21 (with indexes),1.454973,2.809995,1.9305,93.05,1.355,1,,,,,,,,ok,ok,,,,,,,,,,,,,,not_recorded,not_recorded,not_recorded,not_recorded,not_recorded,,"time.perf_counter, client-side end-to-end","median of measured repetitions, first discarded as warmup",sf1
tpch,SQLALCHEMY,not recorded - read off the running server at campaign time (C22),Q15,Top Supplier,Complex,PostgreSQL,not recorded - read off the running server at campaign time (C22),Non-Indexed,1,21 (with indexes),2.829553,2.842079,1.0027,0.27,0.0125,1,,,,,,,,ok,ok,,,,,,,,,,,,,,not_recorded,not_recorded,not_recorded,not_recorded,not_recorded,,"time.perf_counter, client-side end-to-end","median of measured repetitions, first discarded as warmup",sf1
tpch,DJANGO,not recorded - read off the running server at campaign time (C22),Q16,Parts/Supplier Relationship,Medium,PostgreSQL,not recorded - read off the running server at campaign time (C22),Non-Indexed,1,21 (with indexes),1.070997,1.080574,1.0074,0.74,0.0096,18314,,,,,,,,ok,ok,,,,,,,,,,,,,,not_recorded,not_recorded,not_recorded,not_recorded,not_recorded,,"time.perf_counter, client-side end-to-end","median of measured repetitions, first discarded as warmup",sf1
tpch,SQLALCHEMY,not recorded - read off the running server at campaign time (C22),Q16,Parts/Supplier Relationship,Medium,PostgreSQL,not recorded - read off the running server at campaign time (C22),Non-Indexed,1,21 (with indexes),1.114053,1.136681,1.0185,1.85,0.0226,18314,,,,,,,,ok,ok,,,,,,,,,,,,,,not_recorded,not_recorded,not_recorded,not_recorded,not_recorded,,"time.perf_counter, client-side end-to-end","median of measured repetitions, first discarded as warmup",sf1
tpch,DJANGO,not recorded - read off the running server at campaign time (C22),Q17,Small-Quantity-Order Revenue,Complex,PostgreSQL,not recorded - read off the running server at campaign time (C22),Non-Indexed,1,21 (with indexes),,,,,,,,,,,,,,timeout,timeout,"censored: exceeded the 900 s ceiling in warmup, recorded as a one-sided bound (section 6) | censored: exceeded the 900 s ceiling in warmup, recorded as a one-sided bound (section 6)",,,,,,,,,,,,,not_recorded,not_recorded,not_recorded,not_recorded,not_recorded,,"time.perf_counter, client-side end-to-end","median of measured repetitions, first discarded as warmup",sf1
tpch,SQLALCHEMY,not recorded - read off the running server at campaign time (C22),Q17,Small-Quantity-Order Revenue,Complex,PostgreSQL,not recorded - read off the running server at campaign time (C22),Non-Indexed,1,21 (with indexes),,,,,,,,,,,,,,timeout,timeout,"censored: exceeded the 900 s ceiling in warmup, recorded as a one-sided bound (section 6) | censored: exceeded the 900 s ceiling in warmup, recorded as a one-sided bound (section 6)",,,,,,,,,,,,,not_recorded,not_recorded,not_recorded,not_recorded,not_recorded,,"time.perf_counter, client-side end-to-end","median of measured repetitions, first discarded as warmup",sf1
tpch,DJANGO,not recorded - read off the running server at campaign time (C22),Q18,Large Volume Customer,Complex,PostgreSQL,not recorded - read off the running server at campaign time (C22),Non-Indexed,1,21 (with indexes),10.335612,10.237822,0.9941,-0.59,-0.0978,57,,,,,,,,ok,ok,,,,,,,,,,,,,,not_recorded,not_recorded,not_recorded,not_recorded,not_recorded,,"time.perf_counter, client-side end-to-end","median of measured repetitions, first discarded as warmup",sf1
tpch,SQLALCHEMY,not recorded - read off the running server at campaign time (C22),Q18,Large Volume Customer,Complex,PostgreSQL,not recorded - read off the running server at campaign time (C22),Non-Indexed,1,21 (with indexes),10.204751,10.188498,1.0006,0.06,-0.0163,57,,,,,,,,ok,ok,,,,,,,,,,,,,,not_recorded,not_recorded,not_recorded,not_recorded,not_recorded,,"time.perf_counter, client-side end-to-end","median of measured repetitions, first discarded as warmup",sf1
tpch,DJANGO,not recorded - read off the running server at campaign time (C22),Q19,Discounted Revenue,Simple,PostgreSQL,not recorded - read off the running server at campaign time (C22),Non-Indexed,1,21 (with indexes),2.282607,2.293691,1.0048,0.48,0.0111,1,,,,,,,,ok,ok,,,,,,,,,,,,,,not_recorded,not_recorded,not_recorded,not_recorded,not_recorded,,"time.perf_counter, client-side end-to-end","median of measured repetitions, first discarded as warmup",sf1
tpch,SQLALCHEMY,not recorded - read off the running server at campaign time (C22),Q19,Discounted Revenue,Simple,PostgreSQL,not recorded - read off the running server at campaign time (C22),Non-Indexed,1,21 (with indexes),2.283154,2.287718,0.9996,-0.04,0.0046,1,,,,,,,,ok,ok,,,,,,,,,,,,,,not_recorded,not_recorded,not_recorded,not_recorded,not_recorded,,"time.perf_counter, client-side end-to-end","median of measured repetitions, first discarded as warmup",sf1
tpch,DJANGO,not recorded - read off the running server at campaign time (C22),Q20,Potential Part Promotion,Complex,PostgreSQL,not recorded - read off the running server at campaign time (C22),Non-Indexed,1,21 (with indexes),,,,,,,,,,,,,,timeout,timeout,"censored: exceeded the 900 s ceiling in warmup, recorded as a one-sided bound (section 6) | censored: exceeded the 900 s ceiling in warmup, recorded as a one-sided bound (section 6)",,,,,,,,,,,,,not_recorded,not_recorded,not_recorded,not_recorded,not_recorded,,"time.perf_counter, client-side end-to-end","median of measured repetitions, first discarded as warmup",sf1
tpch,SQLALCHEMY,not recorded - read off the running server at campaign time (C22),Q20,Potential Part Promotion,Complex,PostgreSQL,not recorded - read off the running server at campaign time (C22),Non-Indexed,1,21 (with indexes),,,,,,,,,,,,,,timeout,timeout,"censored: exceeded the 900 s ceiling in warmup, recorded as a one-sided bound (section 6) | censored: exceeded the 900 s ceiling in warmup, recorded as a one-sided bound (section 6)",,,,,,,,,,,,,not_recorded,not_recorded,not_recorded,not_recorded,not_recorded,,"time.perf_counter, client-side end-to-end","median of measured repetitions, first discarded as warmup",sf1
tpch,DJANGO,not recorded - read off the running server at campaign time (C22),Q21,Suppliers Who Kept Orders Waiting,Very Complex,PostgreSQL,not recorded - read off the running server at campaign time (C22),Non-Indexed,1,21 (with indexes),,,,,,,,,,,,,,timeout,timeout,"censored: exceeded the 900 s ceiling in warmup, recorded as a one-sided bound (section 6) | censored: exceeded the 900 s ceiling in warmup, recorded as a one-sided bound (section 6)",,,,,,,,,,,,,not_recorded,not_recorded,not_recorded,not_recorded,not_recorded,,"time.perf_counter, client-side end-to-end","median of measured repetitions, first discarded as warmup",sf1
tpch,SQLALCHEMY,not recorded - read off the running server at campaign time (C22),Q21,Suppliers Who Kept Orders Waiting,Very Complex,PostgreSQL,not recorded - read off the running server at campaign time (C22),Non-Indexed,1,21 (with indexes),,,,,,,,,,,,,,timeout,timeout,"censored: exceeded the 900 s ceiling in warmup, recorded as a one-sided bound (section 6) | censored: exceeded the 900 s ceiling in warmup, recorded as a one-sided bound (section 6)",,,,,,,,,,,,,not_recorded,not_recorded,not_recorded,not_recorded,not_recorded,,"time.perf_counter, client-side end-to-end","median of measured repetitions, first discarded as warmup",sf1
tpch,DJANGO,not recorded - read off the running server at campaign time (C22),Q22,Global Sales Opportunity,Very Complex,PostgreSQL,not recorded - read off the running server at campaign time (C22),Non-Indexed,1,21 (with indexes),0.475742,0.569808,1.1976,19.76,0.0941,7,,,,,,,,ok,ok,,,,,,,,,,,,,,not_recorded,not_recorded,not_recorded,not_recorded,not_recorded,,"time.perf_counter, client-side end-to-end","median of measured repetitions, first discarded as warmup",sf1
tpch,SQLALCHEMY,not recorded - read off the running server at campaign time (C22),Q22,Global Sales Opportunity,Very Complex,PostgreSQL,not recorded - read off the running server at campaign time (C22),Non-Indexed,1,21 (with indexes),0.477383,0.482005,1.0094,0.94,0.0046,7,,,,,,,,ok,ok,,,,,,,,,,,,,,not_recorded,not_recorded,not_recorded,not_recorded,not_recorded,,"time.perf_counter, client-side end-to-end","median of measured repetitions, first discarded as warmup",sf1
tpcc,DJANGO,not recorded - read off the running server at campaign time (C22),T1,New-Order,Write-heavy,PostgreSQL,not recorded - read off the running server at campaign time (C22),Non-Indexed,1,21 (with indexes),0.021879,0.055748,2.548,154.8,0.0339,1,0.013841,0.02945,35.9,0.052069,0.057505,5.0,3,ok,ok,"drift: new_order +16, order +16, order_line +171 | drift: new_order +16, order +16, order_line +171",,,,,,,,,,,,,not_recorded,not_recorded,not_recorded,not_recorded,not_recorded,,"time.perf_counter, client-side end-to-end","median of measured repetitions, first discarded as warmup",sf1
tpcc,SQLALCHEMY,not recorded - read off the running server at campaign time (C22),T1,New-Order,Write-heavy,PostgreSQL,not recorded - read off the running server at campaign time (C22),Non-Indexed,1,21 (with indexes),0.029692,0.047276,1.5922,59.22,0.0176,1,0.027834,0.036026,13.8,0.036007,0.067914,32.1,3,ok,ok,"drift: new_order +16, order +16, order_line +171 | drift: new_order +16, order +16, order_line +171",,,,,,,,,,,,,not_recorded,not_recorded,not_recorded,not_recorded,not_recorded,,"time.perf_counter, client-side end-to-end","median of measured repetitions, first discarded as warmup",sf1
tpcc,DJANGO,not recorded - read off the running server at campaign time (C22),T2,Payment,Write-heavy,PostgreSQL,not recorded - read off the running server at campaign time (C22),Non-Indexed,1,21 (with indexes),0.005056,0.012383,2.4492,144.92,0.0073,1,0.004465,0.005197,7.9,0.012199,0.012841,2.6,3,ok,ok,drift: history +16 | drift: history +16,,,,,,,,,,,,,not_recorded,not_recorded,not_recorded,not_recorded,not_recorded,,"time.perf_counter, client-side end-to-end","median of measured repetitions, first discarded as warmup",sf1
tpcc,SQLALCHEMY,not recorded - read off the running server at campaign time (C22),T2,Payment,Write-heavy,PostgreSQL,not recorded - read off the running server at campaign time (C22),Non-Indexed,1,21 (with indexes),0.006133,0.011967,1.9512,95.12,0.0058,1,0.00527,0.006686,11.8,0.011499,0.012016,2.4,3,ok,ok,drift: history +16 | drift: history +16,,,,,,,,,,,,,not_recorded,not_recorded,not_recorded,not_recorded,not_recorded,,"time.perf_counter, client-side end-to-end","median of measured repetitions, first discarded as warmup",sf1
tpcc,DJANGO,not recorded - read off the running server at campaign time (C22),T3,Order-Status,Read-only,PostgreSQL,not recorded - read off the running server at campaign time (C22),Non-Indexed,1,21 (with indexes),0.004905,0.009398,1.916,91.6,0.0045,1,0.002272,0.01473,89.9,0.006765,0.011237,24.6,3,ok,ok,,,,,,,,,,,,,,not_recorded,not_recorded,not_recorded,not_recorded,not_recorded,,"time.perf_counter, client-side end-to-end","median of measured repetitions, first discarded as warmup",sf1
tpcc,SQLALCHEMY,not recorded - read off the running server at campaign time (C22),T3,Order-Status,Read-only,PostgreSQL,not recorded - read off the running server at campaign time (C22),Non-Indexed,1,21 (with indexes),0.008543,0.020072,2.3495,134.95,0.0115,1,0.005884,0.018306,59.9,0.010896,0.02152,32.9,3,ok,ok,,,,,,,,,,,,,,not_recorded,not_recorded,not_recorded,not_recorded,not_recorded,,"time.perf_counter, client-side end-to-end","median of measured repetitions, first discarded as warmup",sf1
tpcc,DJANGO,not recorded - read off the running server at campaign time (C22),T4,Delivery,Write-heavy,PostgreSQL,not recorded - read off the running server at campaign time (C22),Non-Indexed,1,21 (with indexes),0.027693,0.095688,3.4553,245.53,0.068,1,0.027535,0.027879,0.6,0.09358,0.096875,1.7,3,ok,ok,drift: new_order -160 | drift: new_order -160,,,,,,,,,,,,,not_recorded,not_recorded,not_recorded,not_recorded,not_recorded,,"time.perf_counter, client-side end-to-end","median of measured repetitions, first discarded as warmup",sf1
tpcc,SQLALCHEMY,not recorded - read off the running server at campaign time (C22),T4,Delivery,Write-heavy,PostgreSQL,not recorded - read off the running server at campaign time (C22),Non-Indexed,1,21 (with indexes),0.044285,0.132728,2.9971,199.71,0.0884,1,0.043491,0.045027,1.7,0.132177,0.146617,6.0,3,ok,ok,drift: new_order -160 | drift: new_order -160,,,,,,,,,,,,,not_recorded,not_recorded,not_recorded,not_recorded,not_recorded,,"time.perf_counter, client-side end-to-end","median of measured repetitions, first discarded as warmup",sf1
tpcc,DJANGO,not recorded - read off the running server at campaign time (C22),T5,Stock-Level,Read-only,PostgreSQL,not recorded - read off the running server at campaign time (C22),Non-Indexed,1,21 (with indexes),0.06753,0.090448,1.3394,33.94,0.0229,1,0.056721,0.068531,10.2,0.071578,0.093513,13.9,3,ok,ok,,,,,,,,,,,,,,not_recorded,not_recorded,not_recorded,not_recorded,not_recorded,,"time.perf_counter, client-side end-to-end","median of measured repetitions, first discarded as warmup",sf1
tpcc,SQLALCHEMY,not recorded - read off the running server at campaign time (C22),T5,Stock-Level,Read-only,PostgreSQL,not recorded - read off the running server at campaign time (C22),Non-Indexed,1,21 (with indexes),0.073641,0.073815,1.0024,0.24,0.0002,1,0.069434,0.073769,3.4,0.064513,0.083648,12.9,3,ok,ok,,,,,,,,,,,,,,not_recorded,not_recorded,not_recorded,not_recorded,not_recorded,,"time.perf_counter, client-side end-to-end","median of measured repetitions, first discarded as warmup",sf1
tpch,DJANGO,not recorded - read off the running server at campaign time (C22),Q01,Pricing Summary Report,Medium,MySQL,not recorded - read off the running server at campaign time (C22),Indexed,1,"~22 (with indexes, estimated)",24.981768,24.974536,1.0001,0.01,-0.0072,4,,,,,,,,ok,ok,,,,,,,,,,,,,,not_recorded,not_recorded,not_recorded,not_recorded,not_recorded,,"time.perf_counter, client-side end-to-end","median of measured repetitions, first discarded as warmup",sf1
tpch,SQLALCHEMY,not recorded - read off the running server at campaign time (C22),Q01,Pricing Summary Report,Medium,MySQL,not recorded - read off the running server at campaign time (C22),Indexed,1,"~22 (with indexes, estimated)",24.864952,24.775829,0.9989,-0.11,-0.0891,4,,,,,,,,ok,ok,,,,,,,,,,,,,,not_recorded,not_recorded,not_recorded,not_recorded,not_recorded,,"time.perf_counter, client-side end-to-end","median of measured repetitions, first discarded as warmup",sf1
tpch,DJANGO,not recorded - read off the running server at campaign time (C22),Q02,Minimum Cost Supplier,Complex,MySQL,not recorded - read off the running server at campaign time (C22),Indexed,1,"~22 (with indexes, estimated)",0.243176,0.247358,1.018,1.8,0.0042,100,,,,,,,,ok,ok,,,,,,,,,,,,,,not_recorded,not_recorded,not_recorded,not_recorded,not_recorded,,"time.perf_counter, client-side end-to-end","median of measured repetitions, first discarded as warmup",sf1
tpch,SQLALCHEMY,not recorded - read off the running server at campaign time (C22),Q02,Minimum Cost Supplier,Complex,MySQL,not recorded - read off the running server at campaign time (C22),Indexed,1,"~22 (with indexes, estimated)",0.245065,0.24862,1.0149,1.49,0.0036,100,,,,,,,,ok,ok,,,,,,,,,,,,,,not_recorded,not_recorded,not_recorded,not_recorded,not_recorded,,"time.perf_counter, client-side end-to-end","median of measured repetitions, first discarded as warmup",sf1
tpch,DJANGO,not recorded - read off the running server at campaign time (C22),Q03,Shipping Priority,Medium,MySQL,not recorded - read off the running server at campaign time (C22),Indexed,1,"~22 (with indexes, estimated)",6.557593,6.566944,1.001,0.1,0.0094,10,,,,,,,,ok,ok,,,,,,,,,,,,,,not_recorded,not_recorded,not_recorded,not_recorded,not_recorded,,"time.perf_counter, client-side end-to-end","median of measured repetitions, first discarded as warmup",sf1
tpch,SQLALCHEMY,not recorded - read off the running server at campaign time (C22),Q03,Shipping Priority,Medium,MySQL,not recorded - read off the running server at campaign time (C22),Indexed,1,"~22 (with indexes, estimated)",6.586994,6.590869,0.999,-0.1,0.0039,10,,,,,,,,ok,ok,,,,,,,,,,,,,,not_recorded,not_recorded,not_recorded,not_recorded,not_recorded,,"time.perf_counter, client-side end-to-end","median of measured repetitions, first discarded as warmup",sf1
tpch,DJANGO,not recorded - read off the running server at campaign time (C22),Q04,Order Priority Checking,Medium,MySQL,not recorded - read off the running server at campaign time (C22),Indexed,1,"~22 (with indexes, estimated)",0.843634,0.843414,1.0013,0.13,-0.0002,5,,,,,,,,ok,ok,,,,,,,,,,,,,,not_recorded,not_recorded,not_recorded,not_recorded,not_recorded,,"time.perf_counter, client-side end-to-end","median of measured repetitions, first discarded as warmup",sf1
tpch,SQLALCHEMY,not recorded - read off the running server at campaign time (C22),Q04,Order Priority Checking,Medium,MySQL,not recorded - read off the running server at campaign time (C22),Indexed,1,"~22 (with indexes, estimated)",0.845402,0.845816,1.0005,0.05,0.0004,5,,,,,,,,ok,ok,,,,,,,,,,,,,,not_recorded,not_recorded,not_recorded,not_recorded,not_recorded,,"time.perf_counter, client-side end-to-end","median of measured repetitions, first discarded as warmup",sf1
tpch,DJANGO,not recorded - read off the running server at campaign time (C22),Q05,Local Supplier Volume,Complex,MySQL,not recorded - read off the running server at campaign time (C22),Indexed,1,"~22 (with indexes, estimated)",3.023919,3.033098,1.003,0.3,0.0092,5,,,,,,,,ok,ok,,,,,,,,,,,,,,not_recorded,not_recorded,not_recorded,not_recorded,not_recorded,,"time.perf_counter, client-side end-to-end","median of measured repetitions, first discarded as warmup",sf1
tpch,SQLALCHEMY,not recorded - read off the running server at campaign time (C22),Q05,Local Supplier Volume,Complex,MySQL,not recorded - read off the running server at campaign time (C22),Indexed,1,"~22 (with indexes, estimated)",3.021313,3.019306,0.9996,-0.04,-0.002,5,,,,,,,,ok,ok,,,,,,,,,,,,,,not_recorded,not_recorded,not_recorded,not_recorded,not_recorded,,"time.perf_counter, client-side end-to-end","median of measured repetitions, first discarded as warmup",sf1
tpch,DJANGO,not recorded - read off the running server at campaign time (C22),Q06,Forecasting Revenue Change,Simple,MySQL,not recorded - read off the running server at campaign time (C22),Indexed,1,"~22 (with indexes, estimated)",6.523725,7.633888,1.1728,17.28,1.1102,1,,,,,,,,ok,ok,,,,,,,,,,,,,,not_recorded,not_recorded,not_recorded,not_recorded,not_recorded,,"time.perf_counter, client-side end-to-end","median of measured repetitions, first discarded as warmup",sf1
tpch,SQLALCHEMY,not recorded - read off the running server at campaign time (C22),Q06,Forecasting Revenue Change,Simple,MySQL,not recorded - read off the running server at campaign time (C22),Indexed,1,"~22 (with indexes, estimated)",6.584696,6.686163,1.0152,1.52,0.1015,1,,,,,,,,ok,ok,,,,,,,,,,,,,,not_recorded,not_recorded,not_recorded,not_recorded,not_recorded,,"time.perf_counter, client-side end-to-end","median of measured repetitions, first discarded as warmup",sf1
tpch,DJANGO,not recorded - read off the running server at campaign time (C22),Q07,Volume Shipping,Complex,MySQL,not recorded - read off the running server at campaign time (C22),Indexed,1,"~22 (with indexes, estimated)",4.303939,4.059048,0.9457,-5.43,-0.2449,4,,,,,,,,ok,ok,,,,,,,,,,,,,,not_recorded,not_recorded,not_recorded,not_recorded,not_recorded,,"time.perf_counter, client-side end-to-end","median of measured repetitions, first discarded as warmup",sf1
tpch,SQLALCHEMY,not recorded - read off the running server at campaign time (C22),Q07,Volume Shipping,Complex,MySQL,not recorded - read off the running server at campaign time (C22),Indexed,1,"~22 (with indexes, estimated)",4.336708,4.343997,1.0036,0.36,0.0073,4,,,,,,,,ok,ok,,,,,,,,,,,,,,not_recorded,not_recorded,not_recorded,not_recorded,not_recorded,,"time.perf_counter, client-side end-to-end","median of measured repetitions, first discarded as warmup",sf1
tpch,DJANGO,not recorded - read off the running server at campaign time (C22),Q08,National Market Share,Very Complex,MySQL,not recorded - read off the running server at campaign time (C22),Indexed,1,"~22 (with indexes, estimated)",0.755663,0.757246,1.0021,0.21,0.0016,2,,,,,,,,ok,ok,,,,,,,,,,,,,,not_recorded,not_recorded,not_recorded,not_recorded,not_recorded,,"time.perf_counter, client-side end-to-end","median of measured repetitions, first discarded as warmup",sf1
tpch,SQLALCHEMY,not recorded - read off the running server at campaign time (C22),Q08,National Market Share,Very Complex,MySQL,not recorded - read off the running server at campaign time (C22),Indexed,1,"~22 (with indexes, estimated)",0.774261,0.778589,1.0051,0.51,0.0043,2,,,,,,,,ok,ok,,,,,,,,,,,,,,not_recorded,not_recorded,not_recorded,not_recorded,not_recorded,,"time.perf_counter, client-side end-to-end","median of measured repetitions, first discarded as warmup",sf1
tpch,DJANGO,not recorded - read off the running server at campaign time (C22),Q09,Product Type Profit Measure,Very Complex,MySQL,not recorded - read off the running server at campaign time (C22),Indexed,1,"~22 (with indexes, estimated)",6.517319,7.383826,1.1356,13.56,0.8665,175,,,,,,,,ok,ok,,,,,,,,,,,,,,not_recorded,not_recorded,not_recorded,not_recorded,not_recorded,,"time.perf_counter, client-side end-to-end","median of measured repetitions, first discarded as warmup",sf1
tpch,SQLALCHEMY,not recorded - read off the running server at campaign time (C22),Q09,Product Type Profit Measure,Very Complex,MySQL,not recorded - read off the running server at campaign time (C22),Indexed,1,"~22 (with indexes, estimated)",6.475212,6.421803,0.9918,-0.82,-0.0534,175,,,,,,,,ok,ok,,,,,,,,,,,,,,not_recorded,not_recorded,not_recorded,not_recorded,not_recorded,,"time.perf_counter, client-side end-to-end","median of measured repetitions, first discarded as warmup",sf1
tpch,DJANGO,not recorded - read off the running server at campaign time (C22),Q10,Returned Item Reporting,Complex,MySQL,not recorded - read off the running server at campaign time (C22),Indexed,1,"~22 (with indexes, estimated)",3.251884,2.410116,0.7559,-24.41,-0.8418,20,,,,,,,,ok,ok,,,,,,,,,,,,,,not_recorded,not_recorded,not_recorded,not_recorded,not_recorded,,"time.perf_counter, client-side end-to-end","median of measured repetitions, first discarded as warmup",sf1
tpch,SQLALCHEMY,not recorded - read off the running server at campaign time (C22),Q10,Returned Item Reporting,Complex,MySQL,not recorded - read off the running server at campaign time (C22),Indexed,1,"~22 (with indexes, estimated)",3.257521,3.269006,1.0027,0.27,0.0115,20,,,,,,,,ok,ok,,,,,,,,,,,,,,not_recorded,not_recorded,not_recorded,not_recorded,not_recorded,,"time.perf_counter, client-side end-to-end","median of measured repetitions, first discarded as warmup",sf1
tpch,DJANGO,not recorded - read off the running server at campaign time (C22),Q11,Important Stock Identification,Medium,MySQL,not recorded - read off the running server at campaign time (C22),Indexed,1,"~22 (with indexes, estimated)",0.335699,0.334496,1.0109,1.09,-0.0012,1048,,,,,,,,ok,ok,,,,,,,,,,,,,,not_recorded,not_recorded,not_recorded,not_recorded,not_recorded,,"time.perf_counter, client-side end-to-end","median of measured repetitions, first discarded as warmup",sf1
tpch,SQLALCHEMY,not recorded - read off the running server at campaign time (C22),Q11,Important Stock Identification,Medium,MySQL,not recorded - read off the running server at campaign time (C22),Indexed,1,"~22 (with indexes, estimated)",0.332457,0.337357,1.0134,1.34,0.0049,1048,,,,,,,,ok,ok,,,,,,,,,,,,,,not_recorded,not_recorded,not_recorded,not_recorded,not_recorded,,"time.perf_counter, client-side end-to-end","median of measured repetitions, first discarded as warmup",sf1
tpch,DJANGO,not recorded - read off the running server at campaign time (C22),Q12,Shipping Modes and Order Priority,Medium,MySQL,not recorded - read off the running server at campaign time (C22),Indexed,1,"~22 (with indexes, estimated)",0.569254,0.525946,0.9246,-7.54,-0.0433,2,,,,,,,,ok,ok,,,,,,,,,,,,,,not_recorded,not_recorded,not_recorded,not_recorded,not_recorded,,"time.perf_counter, client-side end-to-end","median of measured repetitions, first discarded as warmup",sf1
tpch,SQLALCHEMY,not recorded - read off the running server at campaign time (C22),Q12,Shipping Modes and Order Priority,Medium,MySQL,not recorded - read off the running server at campaign time (C22),Indexed,1,"~22 (with indexes, estimated)",0.569905,0.57277,1.005,0.5,0.0029,2,,,,,,,,ok,ok,,,,,,,,,,,,,,not_recorded,not_recorded,not_recorded,not_recorded,not_recorded,,"time.perf_counter, client-side end-to-end","median of measured repetitions, first discarded as warmup",sf1
tpch,DJANGO,not recorded - read off the running server at campaign time (C22),Q13,Customer Distribution,Complex,MySQL,not recorded - read off the running server at campaign time (C22),Indexed,1,"~22 (with indexes, estimated)",8.948634,9.283033,1.0347,3.47,0.3344,42,,,,,,,,ok,ok,,,,,,,,,,,,,,not_recorded,not_recorded,not_recorded,not_recorded,not_recorded,,"time.perf_counter, client-side end-to-end","median of measured repetitions, first discarded as warmup",sf1
tpch,SQLALCHEMY,not recorded - read off the running server at campaign time (C22),Q13,Customer Distribution,Complex,MySQL,not recorded - read off the running server at campaign time (C22),Indexed,1,"~22 (with indexes, estimated)",8.924933,8.922307,0.999,-0.1,-0.0026,42,,,,,,,,ok,ok,,,,,,,,,,,,,,not_recorded,not_recorded,not_recorded,not_recorded,not_recorded,,"time.perf_counter, client-side end-to-end","median of measured repetitions, first discarded as warmup",sf1
tpch,DJANGO,not recorded - read off the running server at campaign time (C22),Q14,Promotion Effect,Simple,MySQL,not recorded - read off the running server at campaign time (C22),Indexed,1,"~22 (with indexes, estimated)",0.779824,0.7889,1.0113,1.13,0.0091,1,,,,,,,,ok,ok,,,,,,,,,,,,,,not_recorded,not_recorded,not_recorded,not_recorded,not_recorded,,"time.perf_counter, client-side end-to-end","median of measured repetitions, first discarded as warmup",sf1
tpch,SQLALCHEMY,not recorded - read off the running server at campaign time (C22),Q14,Promotion Effect,Simple,MySQL,not recorded - read off the running server at campaign time (C22),Indexed,1,"~22 (with indexes, estimated)",0.78476,0.785906,1.0019,0.19,0.0011,1,,,,,,,,ok,ok,,,,,,,,,,,,,,not_recorded,not_recorded,not_recorded,not_recorded,not_recorded,,"time.perf_counter, client-side end-to-end","median of measured repetitions, first discarded as warmup",sf1
tpch,DJANGO,not recorded - read off the running server at campaign time (C22),Q15,Top Supplier,Complex,MySQL,not recorded - read off the running server at campaign time (C22),Indexed,1,"~22 (with indexes, estimated)",1.307627,2.743485,2.095,109.5,1.4359,1,,,,,,,,ok,ok,,,,,,,,,,,,,,not_recorded,not_recorded,not_recorded,not_recorded,not_recorded,,"time.perf_counter, client-side end-to-end","median of measured repetitions, first discarded as warmup",sf1
tpch,SQLALCHEMY,not recorded - read off the running server at campaign time (C22),Q15,Top Supplier,Complex,MySQL,not recorded - read off the running server at campaign time (C22),Indexed,1,"~22 (with indexes, estimated)",2.630819,2.632715,1.0014,0.14,0.0019,1,,,,,,,,ok,ok,,,,,,,,,,,,,,not_recorded,not_recorded,not_recorded,not_recorded,not_recorded,,"time.perf_counter, client-side end-to-end","median of measured repetitions, first discarded as warmup",sf1
tpch,DJANGO,not recorded - read off the running server at campaign time (C22),Q16,Parts/Supplier Relationship,Medium,MySQL,not recorded - read off the running server at campaign time (C22),Indexed,1,"~22 (with indexes, estimated)",0.879184,0.891204,1.0098,0.98,0.012,18314,,,,,,,,ok,ok,,,,,,,,,,,,,,not_recorded,not_recorded,not_recorded,not_recorded,not_recorded,,"time.perf_counter, client-side end-to-end","median of measured repetitions, first discarded as warmup",sf1
tpch,SQLALCHEMY,not recorded - read off the running server at campaign time (C22),Q16,Parts/Supplier Relationship,Medium,MySQL,not recorded - read off the running server at campaign time (C22),Indexed,1,"~22 (with indexes, estimated)",0.917309,0.940844,1.0266,2.66,0.0235,18314,,,,,,,,ok,ok,,,,,,,,,,,,,,not_recorded,not_recorded,not_recorded,not_recorded,not_recorded,,"time.perf_counter, client-side end-to-end","median of measured repetitions, first discarded as warmup",sf1
tpch,DJANGO,not recorded - read off the running server at campaign time (C22),Q17,Small-Quantity-Order Revenue,Complex,MySQL,not recorded - read off the running server at campaign time (C22),Indexed,1,"~22 (with indexes, estimated)",0.931855,0.939092,1.0092,0.92,0.0072,1,,,,,,,,ok,ok,,,,,,,,,,,,,,not_recorded,not_recorded,not_recorded,not_recorded,not_recorded,,"time.perf_counter, client-side end-to-end","median of measured repetitions, first discarded as warmup",sf1
tpch,SQLALCHEMY,not recorded - read off the running server at campaign time (C22),Q17,Small-Quantity-Order Revenue,Complex,MySQL,not recorded - read off the running server at campaign time (C22),Indexed,1,"~22 (with indexes, estimated)",0.929455,0.932109,1.0025,0.25,0.0027,1,,,,,,,,ok,ok,,,,,,,,,,,,,,not_recorded,not_recorded,not_recorded,not_recorded,not_recorded,,"time.perf_counter, client-side end-to-end","median of measured repetitions, first discarded as warmup",sf1
tpch,DJANGO,not recorded - read off the running server at campaign time (C22),Q18,Large Volume Customer,Complex,MySQL,not recorded - read off the running server at campaign time (C22),Indexed,1,"~22 (with indexes, estimated)",22.015539,21.969894,0.9979,-0.21,-0.0456,57,,,,,,,,ok,ok,,,,,,,,,,,,,,not_recorded,not_recorded,not_recorded,not_recorded,not_recorded,,"time.perf_counter, client-side end-to-end","median of measured repetitions, first discarded as warmup",sf1
tpch,SQLALCHEMY,not recorded - read off the running server at campaign time (C22),Q18,Large Volume Customer,Complex,MySQL,not recorded - read off the running server at campaign time (C22),Indexed,1,"~22 (with indexes, estimated)",22.020701,22.003214,0.9992,-0.08,-0.0175,57,,,,,,,,ok,ok,,,,,,,,,,,,,,not_recorded,not_recorded,not_recorded,not_recorded,not_recorded,,"time.perf_counter, client-side end-to-end","median of measured repetitions, first discarded as warmup",sf1
tpch,DJANGO,not recorded - read off the running server at campaign time (C22),Q19,Discounted Revenue,Simple,MySQL,not recorded - read off the running server at campaign time (C22),Indexed,1,"~22 (with indexes, estimated)",0.328947,0.333572,1.0138,1.38,0.0046,1,,,,,,,,ok,ok,,,,,,,,,,,,,,not_recorded,not_recorded,not_recorded,not_recorded,not_recorded,,"time.perf_counter, client-side end-to-end","median of measured repetitions, first discarded as warmup",sf1
tpch,SQLALCHEMY,not recorded - read off the running server at campaign time (C22),Q19,Discounted Revenue,Simple,MySQL,not recorded - read off the running server at campaign time (C22),Indexed,1,"~22 (with indexes, estimated)",0.327783,0.329261,1.0044,0.44,0.0015,1,,,,,,,,ok,ok,,,,,,,,,,,,,,not_recorded,not_recorded,not_recorded,not_recorded,not_recorded,,"time.perf_counter, client-side end-to-end","median of measured repetitions, first discarded as warmup",sf1
tpch,DJANGO,not recorded - read off the running server at campaign time (C22),Q20,Potential Part Promotion,Complex,MySQL,not recorded - read off the running server at campaign time (C22),Indexed,1,"~22 (with indexes, estimated)",1.243345,1.274946,1.0275,2.75,0.0316,186,,,,,,,,ok,ok,,,,,,,,,,,,,,not_recorded,not_recorded,not_recorded,not_recorded,not_recorded,,"time.perf_counter, client-side end-to-end","median of measured repetitions, first discarded as warmup",sf1
tpch,SQLALCHEMY,not recorded - read off the running server at campaign time (C22),Q20,Potential Part Promotion,Complex,MySQL,not recorded - read off the running server at campaign time (C22),Indexed,1,"~22 (with indexes, estimated)",1.241535,1.243107,1.0012,0.12,0.0016,186,,,,,,,,ok,ok,,,,,,,,,,,,,,not_recorded,not_recorded,not_recorded,not_recorded,not_recorded,,"time.perf_counter, client-side end-to-end","median of measured repetitions, first discarded as warmup",sf1
tpch,DJANGO,not recorded - read off the running server at campaign time (C22),Q21,Suppliers Who Kept Orders Waiting,Very Complex,MySQL,not recorded - read off the running server at campaign time (C22),Indexed,1,"~22 (with indexes, estimated)",3.153678,3.176941,1.0069,0.69,0.0233,100,,,,,,,,ok,ok,,,,,,,,,,,,,,not_recorded,not_recorded,not_recorded,not_recorded,not_recorded,,"time.perf_counter, client-side end-to-end","median of measured repetitions, first discarded as warmup",sf1
tpch,SQLALCHEMY,not recorded - read off the running server at campaign time (C22),Q21,Suppliers Who Kept Orders Waiting,Very Complex,MySQL,not recorded - read off the running server at campaign time (C22),Indexed,1,"~22 (with indexes, estimated)",3.145371,3.154888,1.003,0.3,0.0095,100,,,,,,,,ok,ok,,,,,,,,,,,,,,not_recorded,not_recorded,not_recorded,not_recorded,not_recorded,,"time.perf_counter, client-side end-to-end","median of measured repetitions, first discarded as warmup",sf1
tpch,DJANGO,not recorded - read off the running server at campaign time (C22),Q22,Global Sales Opportunity,Very Complex,MySQL,not recorded - read off the running server at campaign time (C22),Indexed,1,"~22 (with indexes, estimated)",0.364704,0.387787,1.062,6.2,0.0231,7,,,,,,,,ok,ok,,,,,,,,,,,,,,not_recorded,not_recorded,not_recorded,not_recorded,not_recorded,,"time.perf_counter, client-side end-to-end","median of measured repetitions, first discarded as warmup",sf1
tpch,SQLALCHEMY,not recorded - read off the running server at campaign time (C22),Q22,Global Sales Opportunity,Very Complex,MySQL,not recorded - read off the running server at campaign time (C22),Indexed,1,"~22 (with indexes, estimated)",0.36266,0.365734,1.0086,0.86,0.0031,7,,,,,,,,ok,ok,,,,,,,,,,,,,,not_recorded,not_recorded,not_recorded,not_recorded,not_recorded,,"time.perf_counter, client-side end-to-end","median of measured repetitions, first discarded as warmup",sf1
tpcc,DJANGO,not recorded - read off the running server at campaign time (C22),T1,New-Order,Write-heavy,MySQL,not recorded - read off the running server at campaign time (C22),Indexed,1,"~22 (with indexes, estimated)",0.029373,0.055218,1.8799,87.99,0.0258,1,0.025402,0.041233,25.7,0.050517,0.056475,5.8,3,ok,ok,"drift: new_order +16, order +16, order_line +142 | drift: new_order +16, order +16, order_line +142",,,,,,,,,,,,,not_recorded,not_recorded,not_recorded,not_recorded,not_recorded,,"time.perf_counter, client-side end-to-end","median of measured repetitions, first discarded as warmup",sf1
tpcc,SQLALCHEMY,not recorded - read off the running server at campaign time (C22),T1,New-Order,Write-heavy,MySQL,not recorded - read off the running server at campaign time (C22),Indexed,1,"~22 (with indexes, estimated)",0.034302,0.05354,1.5608,56.08,0.0192,1,0.028379,0.049984,29.7,0.040118,0.057587,18.1,3,ok,ok,"drift: new_order +16, order +16, order_line +142 | drift: new_order +16, order +16, order_line +142",,,,,,,,,,,,,not_recorded,not_recorded,not_recorded,not_recorded,not_recorded,,"time.perf_counter, client-side end-to-end","median of measured repetitions, first discarded as warmup",sf1
tpcc,DJANGO,not recorded - read off the running server at campaign time (C22),T2,Payment,Write-heavy,MySQL,not recorded - read off the running server at campaign time (C22),Indexed,1,"~22 (with indexes, estimated)",0.011054,0.016854,1.5247,52.47,0.0058,1,0.009798,0.011154,7.1,0.01651,0.017506,3.0,3,ok,ok,drift: history +16 | drift: history +16,,,,,,,,,,,,,not_recorded,not_recorded,not_recorded,not_recorded,not_recorded,,"time.perf_counter, client-side end-to-end","median of measured repetitions, first discarded as warmup",sf1
tpcc,SQLALCHEMY,not recorded - read off the running server at campaign time (C22),T2,Payment,Write-heavy,MySQL,not recorded - read off the running server at campaign time (C22),Indexed,1,"~22 (with indexes, estimated)",0.010538,0.019173,1.8194,81.94,0.0086,1,0.009705,0.011046,6.5,0.016358,0.021127,12.7,3,ok,ok,drift: history +16 | drift: history +16,,,,,,,,,,,,,not_recorded,not_recorded,not_recorded,not_recorded,not_recorded,,"time.perf_counter, client-side end-to-end","median of measured repetitions, first discarded as warmup",sf1
tpcc,DJANGO,not recorded - read off the running server at campaign time (C22),T3,Order-Status,Read-only,MySQL,not recorded - read off the running server at campaign time (C22),Indexed,1,"~22 (with indexes, estimated)",0.009671,0.018233,1.8853,88.53,0.0086,1,0.009236,0.013511,21.8,0.017676,0.019568,5.3,3,ok,ok,,,,,,,,,,,,,,not_recorded,not_recorded,not_recorded,not_recorded,not_recorded,,"time.perf_counter, client-side end-to-end","median of measured repetitions, first discarded as warmup",sf1
tpcc,SQLALCHEMY,not recorded - read off the running server at campaign time (C22),T3,Order-Status,Read-only,MySQL,not recorded - read off the running server at campaign time (C22),Indexed,1,"~22 (with indexes, estimated)",0.008911,0.014373,1.613,61.3,0.0055,1,0.008492,0.011668,17.8,0.007343,0.018741,42.6,3,ok,ok,,,,,,,,,,,,,,not_recorded,not_recorded,not_recorded,not_recorded,not_recorded,,"time.perf_counter, client-side end-to-end","median of measured repetitions, first discarded as warmup",sf1
tpcc,DJANGO,not recorded - read off the running server at campaign time (C22),T4,Delivery,Write-heavy,MySQL,not recorded - read off the running server at campaign time (C22),Indexed,1,"~22 (with indexes, estimated)",0.039075,0.136189,3.4853,248.53,0.0971,1,0.038834,0.097676,57.9,0.103528,0.158573,20.9,3,ok,ok,drift: new_order -160 | drift: new_order -160,,,,,,,,,,,,,not_recorded,not_recorded,not_recorded,not_recorded,not_recorded,,"time.perf_counter, client-side end-to-end","median of measured repetitions, first discarded as warmup",sf1
tpcc,SQLALCHEMY,not recorded - read off the running server at campaign time (C22),T4,Delivery,Write-heavy,MySQL,not recorded - read off the running server at campaign time (C22),Indexed,1,"~22 (with indexes, estimated)",0.087219,0.148806,1.7061,70.61,0.0616,1,0.052299,0.09133,27.9,0.14747,0.169801,8.1,3,ok,ok,drift: new_order -160 | drift: new_order -160,,,,,,,,,,,,,not_recorded,not_recorded,not_recorded,not_recorded,not_recorded,,"time.perf_counter, client-side end-to-end","median of measured repetitions, first discarded as warmup",sf1
tpcc,DJANGO,not recorded - read off the running server at campaign time (C22),T5,Stock-Level,Read-only,MySQL,not recorded - read off the running server at campaign time (C22),Indexed,1,"~22 (with indexes, estimated)",0.011969,0.019994,1.6705,67.05,0.008,1,0.010404,0.013256,12.0,0.018191,0.020557,6.3,3,ok,ok,,,,,,,,,,,,,,not_recorded,not_recorded,not_recorded,not_recorded,not_recorded,,"time.perf_counter, client-side end-to-end","median of measured repetitions, first discarded as warmup",sf1
tpcc,SQLALCHEMY,not recorded - read off the running server at campaign time (C22),T5,Stock-Level,Read-only,MySQL,not recorded - read off the running server at campaign time (C22),Indexed,1,"~22 (with indexes, estimated)",0.019249,0.014299,0.7428,-25.72,-0.0049,1,0.015232,0.019466,13.3,0.009733,0.016746,26.2,3,ok,ok,,,,,,,,,,,,,,not_recorded,not_recorded,not_recorded,not_recorded,not_recorded,,"time.perf_counter, client-side end-to-end","median of measured repetitions, first discarded as warmup",sf1
tpch,DJANGO,not recorded - read off the running server at campaign time (C22),Q01,Pricing Summary Report,Medium,MySQL,not recorded - read off the running server at campaign time (C22),Non-Indexed,1,"~22 (with indexes, estimated)",27.390187,27.19582,0.9926,-0.74,-0.1944,4,,,,,,,,ok,ok,,,,,,,,,,,,,,not_recorded,not_recorded,not_recorded,not_recorded,not_recorded,,"time.perf_counter, client-side end-to-end","median of measured repetitions, first discarded as warmup",sf1
tpch,SQLALCHEMY,not recorded - read off the running server at campaign time (C22),Q01,Pricing Summary Report,Medium,MySQL,not recorded - read off the running server at campaign time (C22),Non-Indexed,1,"~22 (with indexes, estimated)",27.20655,27.150871,1.0011,0.11,-0.0557,4,,,,,,,,ok,ok,,,,,,,,,,,,,,not_recorded,not_recorded,not_recorded,not_recorded,not_recorded,,"time.perf_counter, client-side end-to-end","median of measured repetitions, first discarded as warmup",sf1
tpch,DJANGO,not recorded - read off the running server at campaign time (C22),Q02,Minimum Cost Supplier,Complex,MySQL,not recorded - read off the running server at campaign time (C22),Non-Indexed,1,"~22 (with indexes, estimated)",0.245836,0.250459,1.0177,1.77,0.0046,100,,,,,,,,ok,ok,,,,,,,,,,,,,,not_recorded,not_recorded,not_recorded,not_recorded,not_recorded,,"time.perf_counter, client-side end-to-end","median of measured repetitions, first discarded as warmup",sf1
tpch,SQLALCHEMY,not recorded - read off the running server at campaign time (C22),Q02,Minimum Cost Supplier,Complex,MySQL,not recorded - read off the running server at campaign time (C22),Non-Indexed,1,"~22 (with indexes, estimated)",0.245447,0.251571,1.0246,2.46,0.0061,100,,,,,,,,ok,ok,,,,,,,,,,,,,,not_recorded,not_recorded,not_recorded,not_recorded,not_recorded,,"time.perf_counter, client-side end-to-end","median of measured repetitions, first discarded as warmup",sf1
tpch,DJANGO,not recorded - read off the running server at campaign time (C22),Q03,Shipping Priority,Medium,MySQL,not recorded - read off the running server at campaign time (C22),Non-Indexed,1,"~22 (with indexes, estimated)",13.458769,13.475212,0.9989,-0.11,0.0164,10,,,,,,,,ok,ok,,,,,,,,,,,,,,not_recorded,not_recorded,not_recorded,not_recorded,not_recorded,,"time.perf_counter, client-side end-to-end","median of measured repetitions, first discarded as warmup",sf1
tpch,SQLALCHEMY,not recorded - read off the running server at campaign time (C22),Q03,Shipping Priority,Medium,MySQL,not recorded - read off the running server at campaign time (C22),Non-Indexed,1,"~22 (with indexes, estimated)",13.487755,13.489275,1.0006,0.06,0.0015,10,,,,,,,,ok,ok,,,,,,,,,,,,,,not_recorded,not_recorded,not_recorded,not_recorded,not_recorded,,"time.perf_counter, client-side end-to-end","median of measured repetitions, first discarded as warmup",sf1
tpch,DJANGO,not recorded - read off the running server at campaign time (C22),Q04,Order Priority Checking,Medium,MySQL,not recorded - read off the running server at campaign time (C22),Non-Indexed,1,"~22 (with indexes, estimated)",16.692948,16.707743,0.9987,-0.13,0.0148,5,,,,,,,,ok,ok,,,,,,,,,,,,,,not_recorded,not_recorded,not_recorded,not_recorded,not_recorded,,"time.perf_counter, client-side end-to-end","median of measured repetitions, first discarded as warmup",sf1
tpch,SQLALCHEMY,not recorded - read off the running server at campaign time (C22),Q04,Order Priority Checking,Medium,MySQL,not recorded - read off the running server at campaign time (C22),Non-Indexed,1,"~22 (with indexes, estimated)",16.813937,16.757537,0.9996,-0.04,-0.0564,5,,,,,,,,ok,ok,,,,,,,,,,,,,,not_recorded,not_recorded,not_recorded,not_recorded,not_recorded,,"time.perf_counter, client-side end-to-end","median of measured repetitions, first discarded as warmup",sf1
tpch,DJANGO,not recorded - read off the running server at campaign time (C22),Q05,Local Supplier Volume,Complex,MySQL,not recorded - read off the running server at campaign time (C22),Non-Indexed,1,"~22 (with indexes, estimated)",35.534742,36.746521,1.0364,3.64,1.2118,5,,,,,,,,ok,ok,,,,,,,,,,,,,,not_recorded,not_recorded,not_recorded,not_recorded,not_recorded,,"time.perf_counter, client-side end-to-end","median of measured repetitions, first discarded as warmup",sf1
tpch,SQLALCHEMY,not recorded - read off the running server at campaign time (C22),Q05,Local Supplier Volume,Complex,MySQL,not recorded - read off the running server at campaign time (C22),Non-Indexed,1,"~22 (with indexes, estimated)",35.493184,35.43289,0.9991,-0.09,-0.0603,5,,,,,,,,ok,ok,,,,,,,,,,,,,,not_recorded,not_recorded,not_recorded,not_recorded,not_recorded,,"time.perf_counter, client-side end-to-end","median of measured repetitions, first discarded as warmup",sf1
tpch,DJANGO,not recorded - read off the running server at campaign time (C22),Q06,Forecasting Revenue Change,Simple,MySQL,not recorded - read off the running server at campaign time (C22),Non-Indexed,1,"~22 (with indexes, estimated)",6.614116,7.71887,1.1658,16.58,1.1048,1,,,,,,,,ok,ok,,,,,,,,,,,,,,not_recorded,not_recorded,not_recorded,not_recorded,not_recorded,,"time.perf_counter, client-side end-to-end","median of measured repetitions, first discarded as warmup",sf1
tpch,SQLALCHEMY,not recorded - read off the running server at campaign time (C22),Q06,Forecasting Revenue Change,Simple,MySQL,not recorded - read off the running server at campaign time (C22),Non-Indexed,1,"~22 (with indexes, estimated)",6.576013,6.690923,1.0184,1.84,0.1149,1,,,,,,,,ok,ok,,,,,,,,,,,,,,not_recorded,not_recorded,not_recorded,not_recorded,not_recorded,,"time.perf_counter, client-side end-to-end","median of measured repetitions, first discarded as warmup",sf1
tpch,DJANGO,not recorded - read off the running server at campaign time (C22),Q07,Volume Shipping,Complex,MySQL,not recorded - read off the running server at campaign time (C22),Non-Indexed,1,"~22 (with indexes, estimated)",20.640138,18.099933,0.8785,-12.15,-2.5402,4,,,,,,,,ok,ok,,,,,,,,,,,,,,not_recorded,not_recorded,not_recorded,not_recorded,not_recorded,,"time.perf_counter, client-side end-to-end","median of measured repetitions, first discarded as warmup",sf1
tpch,SQLALCHEMY,not recorded - read off the running server at campaign time (C22),Q07,Volume Shipping,Complex,MySQL,not recorded - read off the running server at campaign time (C22),Non-Indexed,1,"~22 (with indexes, estimated)",20.73584,20.675944,0.9978,-0.22,-0.0599,4,,,,,,,,ok,ok,,,,,,,,,,,,,,not_recorded,not_recorded,not_recorded,not_recorded,not_recorded,,"time.perf_counter, client-side end-to-end","median of measured repetitions, first discarded as warmup",sf1
tpch,DJANGO,not recorded - read off the running server at campaign time (C22),Q08,National Market Share,Very Complex,MySQL,not recorded - read off the running server at campaign time (C22),Non-Indexed,1,"~22 (with indexes, estimated)",63.753169,64.149686,1.0072,0.72,0.3965,2,,,,,,,,ok,ok,,,,,,,,,,,,,,not_recorded,not_recorded,not_recorded,not_recorded,not_recorded,,"time.perf_counter, client-side end-to-end","median of measured repetitions, first discarded as warmup",sf1
tpch,SQLALCHEMY,not recorded - read off the running server at campaign time (C22),Q08,National Market Share,Very Complex,MySQL,not recorded - read off the running server at campaign time (C22),Non-Indexed,1,"~22 (with indexes, estimated)",64.023393,63.978502,0.9985,-0.15,-0.0449,2,,,,,,,,ok,ok,,,,,,,,,,,,,,not_recorded,not_recorded,not_recorded,not_recorded,not_recorded,,"time.perf_counter, client-side end-to-end","median of measured repetitions, first discarded as warmup",sf1
tpch,DJANGO,not recorded - read off the running server at campaign time (C22),Q09,Product Type Profit Measure,Very Complex,MySQL,not recorded - read off the running server at campaign time (C22),Non-Indexed,1,"~22 (with indexes, estimated)",69.69164,67.542685,0.9674,-3.26,-2.149,175,,,,,,,,ok,ok,,,,,,,,,,,,,,not_recorded,not_recorded,not_recorded,not_recorded,not_recorded,,"time.perf_counter, client-side end-to-end","median of measured repetitions, first discarded as warmup",sf1
tpch,SQLALCHEMY,not recorded - read off the running server at campaign time (C22),Q09,Product Type Profit Measure,Very Complex,MySQL,not recorded - read off the running server at campaign time (C22),Non-Indexed,1,"~22 (with indexes, estimated)",69.838855,69.792534,1.0,0.0,-0.0463,175,,,,,,,,ok,ok,,,,,,,,,,,,,,not_recorded,not_recorded,not_recorded,not_recorded,not_recorded,,"time.perf_counter, client-side end-to-end","median of measured repetitions, first discarded as warmup",sf1
tpch,DJANGO,not recorded - read off the running server at campaign time (C22),Q10,Returned Item Reporting,Complex,MySQL,not recorded - read off the running server at campaign time (C22),Non-Indexed,1,"~22 (with indexes, estimated)",11.972064,11.223075,0.9378,-6.22,-0.749,20,,,,,,,,ok,ok,,,,,,,,,,,,,,not_recorded,not_recorded,not_recorded,not_recorded,not_recorded,,"time.perf_counter, client-side end-to-end","median of measured repetitions, first discarded as warmup",sf1
tpch,SQLALCHEMY,not recorded - read off the running server at campaign time (C22),Q10,Returned Item Reporting,Complex,MySQL,not recorded - read off the running server at campaign time (C22),Non-Indexed,1,"~22 (with indexes, estimated)",11.966801,11.951742,0.9983,-0.17,-0.0151,20,,,,,,,,ok,ok,,,,,,,,,,,,,,not_recorded,not_recorded,not_recorded,not_recorded,not_recorded,,"time.perf_counter, client-side end-to-end","median of measured repetitions, first discarded as warmup",sf1
tpch,DJANGO,not recorded - read off the running server at campaign time (C22),Q11,Important Stock Identification,Medium,MySQL,not recorded - read off the running server at campaign time (C22),Non-Indexed,1,"~22 (with indexes, estimated)",5.376156,5.367383,0.9991,-0.09,-0.0088,1048,,,,,,,,ok,ok,,,,,,,,,,,,,,not_recorded,not_recorded,not_recorded,not_recorded,not_recorded,,"time.perf_counter, client-side end-to-end","median of measured repetitions, first discarded as warmup",sf1
tpch,SQLALCHEMY,not recorded - read off the running server at campaign time (C22),Q11,Important Stock Identification,Medium,MySQL,not recorded - read off the running server at campaign time (C22),Non-Indexed,1,"~22 (with indexes, estimated)",5.392688,5.405197,1.0001,0.01,0.0125,1048,,,,,,,,ok,ok,,,,,,,,,,,,,,not_recorded,not_recorded,not_recorded,not_recorded,not_recorded,,"time.perf_counter, client-side end-to-end","median of measured repetitions, first discarded as warmup",sf1
tpch,DJANGO,not recorded - read off the running server at campaign time (C22),Q12,Shipping Modes and Order Priority,Medium,MySQL,not recorded - read off the running server at campaign time (C22),Non-Indexed,1,"~22 (with indexes, estimated)",8.527588,7.384413,0.8658,-13.42,-1.1432,2,,,,,,,,ok,ok,,,,,,,,,,,,,,not_recorded,not_recorded,not_recorded,not_recorded,not_recorded,,"time.perf_counter, client-side end-to-end","median of measured repetitions, first discarded as warmup",sf1
tpch,SQLALCHEMY,not recorded - read off the running server at campaign time (C22),Q12,Shipping Modes and Order Priority,Medium,MySQL,not recorded - read off the running server at campaign time (C22),Non-Indexed,1,"~22 (with indexes, estimated)",8.53709,8.550867,1.0015,0.15,0.0138,2,,,,,,,,ok,ok,,,,,,,,,,,,,,not_recorded,not_recorded,not_recorded,not_recorded,not_recorded,,"time.perf_counter, client-side end-to-end","median of measured repetitions, first discarded as warmup",sf1
tpch,DJANGO,not recorded - read off the running server at campaign time (C22),Q13,Customer Distribution,Complex,MySQL,not recorded - read off the running server at campaign time (C22),Non-Indexed,1,"~22 (with indexes, estimated)",4.213399,,,,,,,,,,,,,ok,timeout,"censored: exceeded the 900 s ceiling in warmup, recorded as a one-sided bound (section 6)",,,,,,,,,,,,,not_recorded,not_recorded,not_recorded,not_recorded,not_recorded,,"time.perf_counter, client-side end-to-end","median of measured repetitions, first discarded as warmup",sf1
tpch,SQLALCHEMY,not recorded - read off the running server at campaign time (C22),Q13,Customer Distribution,Complex,MySQL,not recorded - read off the running server at campaign time (C22),Non-Indexed,1,"~22 (with indexes, estimated)",4.204303,4.185362,1.0002,0.02,-0.0189,42,,,,,,,,ok,ok,,,,,,,,,,,,,,not_recorded,not_recorded,not_recorded,not_recorded,not_recorded,,"time.perf_counter, client-side end-to-end","median of measured repetitions, first discarded as warmup",sf1
tpch,DJANGO,not recorded - read off the running server at campaign time (C22),Q14,Promotion Effect,Simple,MySQL,not recorded - read off the running server at campaign time (C22),Non-Indexed,1,"~22 (with indexes, estimated)",7.325262,7.390156,1.0088,0.88,0.0649,1,,,,,,,,ok,ok,,,,,,,,,,,,,,not_recorded,not_recorded,not_recorded,not_recorded,not_recorded,,"time.perf_counter, client-side end-to-end","median of measured repetitions, first discarded as warmup",sf1
tpch,SQLALCHEMY,not recorded - read off the running server at campaign time (C22),Q14,Promotion Effect,Simple,MySQL,not recorded - read off the running server at campaign time (C22),Non-Indexed,1,"~22 (with indexes, estimated)",7.154288,7.158685,1.0051,0.51,0.0044,1,,,,,,,,ok,ok,,,,,,,,,,,,,,not_recorded,not_recorded,not_recorded,not_recorded,not_recorded,,"time.perf_counter, client-side end-to-end","median of measured repetitions, first discarded as warmup",sf1
tpch,DJANGO,not recorded - read off the running server at campaign time (C22),Q15,Top Supplier,Complex,MySQL,not recorded - read off the running server at campaign time (C22),Non-Indexed,1,"~22 (with indexes, estimated)",6.674957,13.440545,2.0137,101.37,6.7656,1,,,,,,,,ok,ok,,,,,,,,,,,,,,not_recorded,not_recorded,not_recorded,not_recorded,not_recorded,,"time.perf_counter, client-side end-to-end","median of measured repetitions, first discarded as warmup",sf1
tpch,SQLALCHEMY,not recorded - read off the running server at campaign time (C22),Q15,Top Supplier,Complex,MySQL,not recorded - read off the running server at campaign time (C22),Non-Indexed,1,"~22 (with indexes, estimated)",13.343165,13.350089,1.0002,0.02,0.0069,1,,,,,,,,ok,ok,,,,,,,,,,,,,,not_recorded,not_recorded,not_recorded,not_recorded,not_recorded,,"time.perf_counter, client-side end-to-end","median of measured repetitions, first discarded as warmup",sf1
tpch,DJANGO,not recorded - read off the running server at campaign time (C22),Q16,Parts/Supplier Relationship,Medium,MySQL,not recorded - read off the running server at campaign time (C22),Non-Indexed,1,"~22 (with indexes, estimated)",0.875307,0.878322,1.0063,0.63,0.003,18314,,,,,,,,ok,ok,,,,,,,,,,,,,,not_recorded,not_recorded,not_recorded,not_recorded,not_recorded,,"time.perf_counter, client-side end-to-end","median of measured repetitions, first discarded as warmup",sf1
tpch,SQLALCHEMY,not recorded - read off the running server at campaign time (C22),Q16,Parts/Supplier Relationship,Medium,MySQL,not recorded - read off the running server at campaign time (C22),Non-Indexed,1,"~22 (with indexes, estimated)",0.914518,0.93492,1.0411,4.11,0.0204,18314,,,,,,,,ok,ok,,,,,,,,,,,,,,not_recorded,not_recorded,not_recorded,not_recorded,not_recorded,,"time.perf_counter, client-side end-to-end","median of measured repetitions, first discarded as warmup",sf1
tpch,DJANGO,not recorded - read off the running server at campaign time (C22),Q17,Small-Quantity-Order Revenue,Complex,MySQL,not recorded - read off the running server at campaign time (C22),Non-Indexed,1,"~22 (with indexes, estimated)",,,,,,,,,,,,,,timeout,timeout,"censored: exceeded the 900 s ceiling in warmup, recorded as a one-sided bound (section 6) | censored: exceeded the 900 s ceiling in warmup, recorded as a one-sided bound (section 6)",,,,,,,,,,,,,not_recorded,not_recorded,not_recorded,not_recorded,not_recorded,,"time.perf_counter, client-side end-to-end","median of measured repetitions, first discarded as warmup",sf1
tpch,SQLALCHEMY,not recorded - read off the running server at campaign time (C22),Q17,Small-Quantity-Order Revenue,Complex,MySQL,not recorded - read off the running server at campaign time (C22),Non-Indexed,1,"~22 (with indexes, estimated)",,,,,,,,,,,,,,timeout,timeout,"censored: exceeded the 900 s ceiling in warmup, recorded as a one-sided bound (section 6) | censored: exceeded the 900 s ceiling in warmup, recorded as a one-sided bound (section 6)",,,,,,,,,,,,,not_recorded,not_recorded,not_recorded,not_recorded,not_recorded,,"time.perf_counter, client-side end-to-end","median of measured repetitions, first discarded as warmup",sf1
tpch,DJANGO,not recorded - read off the running server at campaign time (C22),Q18,Large Volume Customer,Complex,MySQL,not recorded - read off the running server at campaign time (C22),Non-Indexed,1,"~22 (with indexes, estimated)",80.276102,72.760165,0.9067,-9.33,-7.5159,57,,,,,,,,ok,ok,,,,,,,,,,,,,,not_recorded,not_recorded,not_recorded,not_recorded,not_recorded,,"time.perf_counter, client-side end-to-end","median of measured repetitions, first discarded as warmup",sf1
tpch,SQLALCHEMY,not recorded - read off the running server at campaign time (C22),Q18,Large Volume Customer,Complex,MySQL,not recorded - read off the running server at campaign time (C22),Non-Indexed,1,"~22 (with indexes, estimated)",80.763992,80.439328,0.9964,-0.36,-0.3247,57,,,,,,,,ok,ok,,,,,,,,,,,,,,not_recorded,not_recorded,not_recorded,not_recorded,not_recorded,,"time.perf_counter, client-side end-to-end","median of measured repetitions, first discarded as warmup",sf1
tpch,DJANGO,not recorded - read off the running server at campaign time (C22),Q19,Discounted Revenue,Simple,MySQL,not recorded - read off the running server at campaign time (C22),Non-Indexed,1,"~22 (with indexes, estimated)",12.658263,12.943203,1.023,2.3,0.2849,1,,,,,,,,ok,ok,,,,,,,,,,,,,,not_recorded,not_recorded,not_recorded,not_recorded,not_recorded,,"time.perf_counter, client-side end-to-end","median of measured repetitions, first discarded as warmup",sf1
tpch,SQLALCHEMY,not recorded - read off the running server at campaign time (C22),Q19,Discounted Revenue,Simple,MySQL,not recorded - read off the running server at campaign time (C22),Non-Indexed,1,"~22 (with indexes, estimated)",12.815675,12.624251,0.9855,-1.45,-0.1914,1,,,,,,,,ok,ok,,,,,,,,,,,,,,not_recorded,not_recorded,not_recorded,not_recorded,not_recorded,,"time.perf_counter, client-side end-to-end","median of measured repetitions, first discarded as warmup",sf1
tpch,DJANGO,not recorded - read off the running server at campaign time (C22),Q20,Potential Part Promotion,Complex,MySQL,not recorded - read off the running server at campaign time (C22),Non-Indexed,1,"~22 (with indexes, estimated)",,,,,,,,,,,,,,timeout,timeout,"censored: exceeded the 900 s ceiling in warmup, recorded as a one-sided bound (section 6) | censored: exceeded the 900 s ceiling in warmup, recorded as a one-sided bound (section 6)",,,,,,,,,,,,,not_recorded,not_recorded,not_recorded,not_recorded,not_recorded,,"time.perf_counter, client-side end-to-end","median of measured repetitions, first discarded as warmup",sf1
tpch,SQLALCHEMY,not recorded - read off the running server at campaign time (C22),Q20,Potential Part Promotion,Complex,MySQL,not recorded - read off the running server at campaign time (C22),Non-Indexed,1,"~22 (with indexes, estimated)",,,,,,,,,,,,,,timeout,timeout,"censored: exceeded the 900 s ceiling in warmup, recorded as a one-sided bound (section 6) | censored: exceeded the 900 s ceiling in warmup, recorded as a one-sided bound (section 6)",,,,,,,,,,,,,not_recorded,not_recorded,not_recorded,not_recorded,not_recorded,,"time.perf_counter, client-side end-to-end","median of measured repetitions, first discarded as warmup",sf1
tpch,DJANGO,not recorded - read off the running server at campaign time (C22),Q21,Suppliers Who Kept Orders Waiting,Very Complex,MySQL,not recorded - read off the running server at campaign time (C22),Non-Indexed,1,"~22 (with indexes, estimated)",35.469768,35.173523,0.9932,-0.68,-0.2962,100,,,,,,,,ok,ok,,,,,,,,,,,,,,not_recorded,not_recorded,not_recorded,not_recorded,not_recorded,,"time.perf_counter, client-side end-to-end","median of measured repetitions, first discarded as warmup",sf1
tpch,SQLALCHEMY,not recorded - read off the running server at campaign time (C22),Q21,Suppliers Who Kept Orders Waiting,Very Complex,MySQL,not recorded - read off the running server at campaign time (C22),Non-Indexed,1,"~22 (with indexes, estimated)",35.094394,35.039381,0.9993,-0.07,-0.055,100,,,,,,,,ok,ok,,,,,,,,,,,,,,not_recorded,not_recorded,not_recorded,not_recorded,not_recorded,,"time.perf_counter, client-side end-to-end","median of measured repetitions, first discarded as warmup",sf1
tpch,DJANGO,not recorded - read off the running server at campaign time (C22),Q22,Global Sales Opportunity,Very Complex,MySQL,not recorded - read off the running server at campaign time (C22),Non-Indexed,1,"~22 (with indexes, estimated)",1.457574,1.485284,1.019,1.9,0.0277,7,,,,,,,,ok,ok,,,,,,,,,,,,,,not_recorded,not_recorded,not_recorded,not_recorded,not_recorded,,"time.perf_counter, client-side end-to-end","median of measured repetitions, first discarded as warmup",sf1
tpch,SQLALCHEMY,not recorded - read off the running server at campaign time (C22),Q22,Global Sales Opportunity,Very Complex,MySQL,not recorded - read off the running server at campaign time (C22),Non-Indexed,1,"~22 (with indexes, estimated)",1.454481,1.45737,1.0022,0.22,0.0029,7,,,,,,,,ok,ok,,,,,,,,,,,,,,not_recorded,not_recorded,not_recorded,not_recorded,not_recorded,,"time.perf_counter, client-side end-to-end","median of measured repetitions, first discarded as warmup",sf1
tpcc,DJANGO,not recorded - read off the running server at campaign time (C22),T1,New-Order,Write-heavy,MySQL,not recorded - read off the running server at campaign time (C22),Non-Indexed,1,"~22 (with indexes, estimated)",0.026463,0.054202,2.0482,104.82,0.0277,1,0.026076,0.031668,11.1,0.053564,0.068305,14.2,3,ok,ok,"drift: new_order +16, order +16, order_line +167 | drift: new_order +16, order +16, order_line +167",,,,,,,,,,,,,not_recorded,not_recorded,not_recorded,not_recorded,not_recorded,,"time.perf_counter, client-side end-to-end","median of measured repetitions, first discarded as warmup",sf1
tpcc,SQLALCHEMY,not recorded - read off the running server at campaign time (C22),T1,New-Order,Write-heavy,MySQL,not recorded - read off the running server at campaign time (C22),Non-Indexed,1,"~22 (with indexes, estimated)",0.038435,0.033653,0.8756,-12.44,-0.0048,1,0.037163,0.059974,28.4,0.03294,0.048845,23.3,3,ok,ok,"drift: new_order +16, order +16, order_line +167 | drift: new_order +16, order +16, order_line +167",,,,,,,,,,,,,not_recorded,not_recorded,not_recorded,not_recorded,not_recorded,,"time.perf_counter, client-side end-to-end","median of measured repetitions, first discarded as warmup",sf1
tpcc,DJANGO,not recorded - read off the running server at campaign time (C22),T2,Payment,Write-heavy,MySQL,not recorded - read off the running server at campaign time (C22),Non-Indexed,1,"~22 (with indexes, estimated)",0.009894,0.01808,1.8274,82.74,0.0082,1,0.008565,0.011358,14.1,0.017631,0.018348,2.0,3,ok,ok,drift: history +16 | drift: history +16,,,,,,,,,,,,,not_recorded,not_recorded,not_recorded,not_recorded,not_recorded,,"time.perf_counter, client-side end-to-end","median of measured repetitions, first discarded as warmup",sf1
tpcc,SQLALCHEMY,not recorded - read off the running server at campaign time (C22),T2,Payment,Write-heavy,MySQL,not recorded - read off the running server at campaign time (C22),Non-Indexed,1,"~22 (with indexes, estimated)",0.011126,0.01659,1.4911,49.11,0.0055,1,0.010149,0.011323,5.8,0.016286,0.017071,2.4,3,ok,ok,drift: history +16 | drift: history +16,,,,,,,,,,,,,not_recorded,not_recorded,not_recorded,not_recorded,not_recorded,,"time.perf_counter, client-side end-to-end","median of measured repetitions, first discarded as warmup",sf1
tpcc,DJANGO,not recorded - read off the running server at campaign time (C22),T3,Order-Status,Read-only,MySQL,not recorded - read off the running server at campaign time (C22),Non-Indexed,1,"~22 (with indexes, estimated)",0.013255,0.013369,1.0086,0.86,0.0001,1,0.009426,0.016207,26.2,0.010538,0.013693,13.8,3,ok,ok,,,,,,,,,,,,,,not_recorded,not_recorded,not_recorded,not_recorded,not_recorded,,"time.perf_counter, client-side end-to-end","median of measured repetitions, first discarded as warmup",sf1
tpcc,SQLALCHEMY,not recorded - read off the running server at campaign time (C22),T3,Order-Status,Read-only,MySQL,not recorded - read off the running server at campaign time (C22),Non-Indexed,1,"~22 (with indexes, estimated)",0.010133,0.017411,1.7182,71.82,0.0073,1,0.003161,0.012002,55.3,0.015123,0.019972,13.9,3,ok,ok,,,,,,,,,,,,,,not_recorded,not_recorded,not_recorded,not_recorded,not_recorded,,"time.perf_counter, client-side end-to-end","median of measured repetitions, first discarded as warmup",sf1
tpcc,DJANGO,not recorded - read off the running server at campaign time (C22),T4,Delivery,Write-heavy,MySQL,not recorded - read off the running server at campaign time (C22),Non-Indexed,1,"~22 (with indexes, estimated)",0.100478,0.166075,1.6528,65.28,0.0656,1,0.040621,0.10846,44.6,0.101403,0.167391,26.0,3,ok,ok,drift: new_order -160 | drift: new_order -160,,,,,,,,,,,,,not_recorded,not_recorded,not_recorded,not_recorded,not_recorded,,"time.perf_counter, client-side end-to-end","median of measured repetitions, first discarded as warmup",sf1
tpcc,SQLALCHEMY,not recorded - read off the running server at campaign time (C22),T4,Delivery,Write-heavy,MySQL,not recorded - read off the running server at campaign time (C22),Non-Indexed,1,"~22 (with indexes, estimated)",0.061594,0.141538,2.2979,129.79,0.0799,1,0.058599,0.082051,18.9,0.13749,0.143715,2.2,3,ok,ok,drift: new_order -160 | drift: new_order -160,,,,,,,,,,,,,not_recorded,not_recorded,not_recorded,not_recorded,not_recorded,,"time.perf_counter, client-side end-to-end","median of measured repetitions, first discarded as warmup",sf1
tpcc,DJANGO,not recorded - read off the running server at campaign time (C22),T5,Stock-Level,Read-only,MySQL,not recorded - read off the running server at campaign time (C22),Non-Indexed,1,"~22 (with indexes, estimated)",0.011091,0.018084,1.6305,63.05,0.007,1,0.010786,0.013222,11.3,0.014354,0.019627,15.6,3,ok,ok,,,,,,,,,,,,,,not_recorded,not_recorded,not_recorded,not_recorded,not_recorded,,"time.perf_counter, client-side end-to-end","median of measured repetitions, first discarded as warmup",sf1
tpcc,SQLALCHEMY,not recorded - read off the running server at campaign time (C22),T5,Stock-Level,Read-only,MySQL,not recorded - read off the running server at campaign time (C22),Non-Indexed,1,"~22 (with indexes, estimated)",0.014015,0.015032,1.0726,7.26,0.001,1,0.012873,0.014664,6.5,0.014945,0.016731,6.5,3,ok,ok,,,,,,,,,,,,,,not_recorded,not_recorded,not_recorded,not_recorded,not_recorded,,"time.perf_counter, client-side end-to-end","median of measured repetitions, first discarded as warmup",sf1
tpch,DJANGO,not recorded - read off the running server at campaign time (C22),Q01,Pricing Summary Report,Medium,Commercial System A,not recorded - read off the running server at campaign time (C22),Indexed,1,14.4 (without indexes),,,,,,4,,,,,,,,restricted,restricted,withheld: section 6 of this system's developer licence forbids disclosing benchmark results for it without the vendor's written approval,,,,,,,,,,,,,not_recorded,not_recorded,not_recorded,not_recorded,not_recorded,,"time.perf_counter, client-side end-to-end","median of measured repetitions, first discarded as warmup",sf1
tpch,SQLALCHEMY,not recorded - read off the running server at campaign time (C22),Q01,Pricing Summary Report,Medium,Commercial System A,not recorded - read off the running server at campaign time (C22),Indexed,1,14.4 (without indexes),,,,,,4,,,,,,,,restricted,restricted,withheld: section 6 of this system's developer licence forbids disclosing benchmark results for it without the vendor's written approval,,,,,,,,,,,,,not_recorded,not_recorded,not_recorded,not_recorded,not_recorded,,"time.perf_counter, client-side end-to-end","median of measured repetitions, first discarded as warmup",sf1
tpch,DJANGO,not recorded - read off the running server at campaign time (C22),Q02,Minimum Cost Supplier,Complex,Commercial System A,not recorded - read off the running server at campaign time (C22),Indexed,1,14.4 (without indexes),,,,,,100,,,,,,,,restricted,restricted,withheld: section 6 of this system's developer licence forbids disclosing benchmark results for it without the vendor's written approval,,,,,,,,,,,,,not_recorded,not_recorded,not_recorded,not_recorded,not_recorded,,"time.perf_counter, client-side end-to-end","median of measured repetitions, first discarded as warmup",sf1
tpch,SQLALCHEMY,not recorded - read off the running server at campaign time (C22),Q02,Minimum Cost Supplier,Complex,Commercial System A,not recorded - read off the running server at campaign time (C22),Indexed,1,14.4 (without indexes),,,,,,100,,,,,,,,restricted,restricted,withheld: section 6 of this system's developer licence forbids disclosing benchmark results for it without the vendor's written approval,,,,,,,,,,,,,not_recorded,not_recorded,not_recorded,not_recorded,not_recorded,,"time.perf_counter, client-side end-to-end","median of measured repetitions, first discarded as warmup",sf1
tpch,DJANGO,not recorded - read off the running server at campaign time (C22),Q03,Shipping Priority,Medium,Commercial System A,not recorded - read off the running server at campaign time (C22),Indexed,1,14.4 (without indexes),,,,,,10,,,,,,,,restricted,restricted,withheld: section 6 of this system's developer licence forbids disclosing benchmark results for it without the vendor's written approval,,,,,,,,,,,,,not_recorded,not_recorded,not_recorded,not_recorded,not_recorded,,"time.perf_counter, client-side end-to-end","median of measured repetitions, first discarded as warmup",sf1
tpch,SQLALCHEMY,not recorded - read off the running server at campaign time (C22),Q03,Shipping Priority,Medium,Commercial System A,not recorded - read off the running server at campaign time (C22),Indexed,1,14.4 (without indexes),,,,,,10,,,,,,,,restricted,restricted,withheld: section 6 of this system's developer licence forbids disclosing benchmark results for it without the vendor's written approval,,,,,,,,,,,,,not_recorded,not_recorded,not_recorded,not_recorded,not_recorded,,"time.perf_counter, client-side end-to-end","median of measured repetitions, first discarded as warmup",sf1
tpch,DJANGO,not recorded - read off the running server at campaign time (C22),Q04,Order Priority Checking,Medium,Commercial System A,not recorded - read off the running server at campaign time (C22),Indexed,1,14.4 (without indexes),,,,,,5,,,,,,,,restricted,restricted,withheld: section 6 of this system's developer licence forbids disclosing benchmark results for it without the vendor's written approval,,,,,,,,,,,,,not_recorded,not_recorded,not_recorded,not_recorded,not_recorded,,"time.perf_counter, client-side end-to-end","median of measured repetitions, first discarded as warmup",sf1
tpch,SQLALCHEMY,not recorded - read off the running server at campaign time (C22),Q04,Order Priority Checking,Medium,Commercial System A,not recorded - read off the running server at campaign time (C22),Indexed,1,14.4 (without indexes),,,,,,5,,,,,,,,restricted,restricted,withheld: section 6 of this system's developer licence forbids disclosing benchmark results for it without the vendor's written approval,,,,,,,,,,,,,not_recorded,not_recorded,not_recorded,not_recorded,not_recorded,,"time.perf_counter, client-side end-to-end","median of measured repetitions, first discarded as warmup",sf1
tpch,DJANGO,not recorded - read off the running server at campaign time (C22),Q05,Local Supplier Volume,Complex,Commercial System A,not recorded - read off the running server at campaign time (C22),Indexed,1,14.4 (without indexes),,,,,,5,,,,,,,,restricted,restricted,withheld: section 6 of this system's developer licence forbids disclosing benchmark results for it without the vendor's written approval,,,,,,,,,,,,,not_recorded,not_recorded,not_recorded,not_recorded,not_recorded,,"time.perf_counter, client-side end-to-end","median of measured repetitions, first discarded as warmup",sf1
tpch,SQLALCHEMY,not recorded - read off the running server at campaign time (C22),Q05,Local Supplier Volume,Complex,Commercial System A,not recorded - read off the running server at campaign time (C22),Indexed,1,14.4 (without indexes),,,,,,5,,,,,,,,restricted,restricted,withheld: section 6 of this system's developer licence forbids disclosing benchmark results for it without the vendor's written approval,,,,,,,,,,,,,not_recorded,not_recorded,not_recorded,not_recorded,not_recorded,,"time.perf_counter, client-side end-to-end","median of measured repetitions, first discarded as warmup",sf1
tpch,DJANGO,not recorded - read off the running server at campaign time (C22),Q06,Forecasting Revenue Change,Simple,Commercial System A,not recorded - read off the running server at campaign time (C22),Indexed,1,14.4 (without indexes),,,,,,1,,,,,,,,restricted,restricted,withheld: section 6 of this system's developer licence forbids disclosing benchmark results for it without the vendor's written approval,,,,,,,,,,,,,not_recorded,not_recorded,not_recorded,not_recorded,not_recorded,,"time.perf_counter, client-side end-to-end","median of measured repetitions, first discarded as warmup",sf1
tpch,SQLALCHEMY,not recorded - read off the running server at campaign time (C22),Q06,Forecasting Revenue Change,Simple,Commercial System A,not recorded - read off the running server at campaign time (C22),Indexed,1,14.4 (without indexes),,,,,,1,,,,,,,,restricted,restricted,withheld: section 6 of this system's developer licence forbids disclosing benchmark results for it without the vendor's written approval,,,,,,,,,,,,,not_recorded,not_recorded,not_recorded,not_recorded,not_recorded,,"time.perf_counter, client-side end-to-end","median of measured repetitions, first discarded as warmup",sf1
tpch,DJANGO,not recorded - read off the running server at campaign time (C22),Q07,Volume Shipping,Complex,Commercial System A,not recorded - read off the running server at campaign time (C22),Indexed,1,14.4 (without indexes),,,,,,4,,,,,,,,restricted,restricted,withheld: section 6 of this system's developer licence forbids disclosing benchmark results for it without the vendor's written approval,,,,,,,,,,,,,not_recorded,not_recorded,not_recorded,not_recorded,not_recorded,,"time.perf_counter, client-side end-to-end","median of measured repetitions, first discarded as warmup",sf1
tpch,SQLALCHEMY,not recorded - read off the running server at campaign time (C22),Q07,Volume Shipping,Complex,Commercial System A,not recorded - read off the running server at campaign time (C22),Indexed,1,14.4 (without indexes),,,,,,4,,,,,,,,restricted,restricted,withheld: section 6 of this system's developer licence forbids disclosing benchmark results for it without the vendor's written approval,,,,,,,,,,,,,not_recorded,not_recorded,not_recorded,not_recorded,not_recorded,,"time.perf_counter, client-side end-to-end","median of measured repetitions, first discarded as warmup",sf1
tpch,DJANGO,not recorded - read off the running server at campaign time (C22),Q08,National Market Share,Very Complex,Commercial System A,not recorded - read off the running server at campaign time (C22),Indexed,1,14.4 (without indexes),,,,,,2,,,,,,,,restricted,restricted,withheld: section 6 of this system's developer licence forbids disclosing benchmark results for it without the vendor's written approval,,,,,,,,,,,,,not_recorded,not_recorded,not_recorded,not_recorded,not_recorded,,"time.perf_counter, client-side end-to-end","median of measured repetitions, first discarded as warmup",sf1
tpch,SQLALCHEMY,not recorded - read off the running server at campaign time (C22),Q08,National Market Share,Very Complex,Commercial System A,not recorded - read off the running server at campaign time (C22),Indexed,1,14.4 (without indexes),,,,,,2,,,,,,,,restricted,restricted,withheld: section 6 of this system's developer licence forbids disclosing benchmark results for it without the vendor's written approval,,,,,,,,,,,,,not_recorded,not_recorded,not_recorded,not_recorded,not_recorded,,"time.perf_counter, client-side end-to-end","median of measured repetitions, first discarded as warmup",sf1
tpch,DJANGO,not recorded - read off the running server at campaign time (C22),Q09,Product Type Profit Measure,Very Complex,Commercial System A,not recorded - read off the running server at campaign time (C22),Indexed,1,14.4 (without indexes),,,,,,175,,,,,,,,restricted,restricted,withheld: section 6 of this system's developer licence forbids disclosing benchmark results for it without the vendor's written approval,,,,,,,,,,,,,not_recorded,not_recorded,not_recorded,not_recorded,not_recorded,,"time.perf_counter, client-side end-to-end","median of measured repetitions, first discarded as warmup",sf1
tpch,SQLALCHEMY,not recorded - read off the running server at campaign time (C22),Q09,Product Type Profit Measure,Very Complex,Commercial System A,not recorded - read off the running server at campaign time (C22),Indexed,1,14.4 (without indexes),,,,,,175,,,,,,,,restricted,restricted,withheld: section 6 of this system's developer licence forbids disclosing benchmark results for it without the vendor's written approval,,,,,,,,,,,,,not_recorded,not_recorded,not_recorded,not_recorded,not_recorded,,"time.perf_counter, client-side end-to-end","median of measured repetitions, first discarded as warmup",sf1
tpch,DJANGO,not recorded - read off the running server at campaign time (C22),Q10,Returned Item Reporting,Complex,Commercial System A,not recorded - read off the running server at campaign time (C22),Indexed,1,14.4 (without indexes),,,,,,20,,,,,,,,restricted,restricted,withheld: section 6 of this system's developer licence forbids disclosing benchmark results for it without the vendor's written approval,,,,,,,,,,,,,not_recorded,not_recorded,not_recorded,not_recorded,not_recorded,,"time.perf_counter, client-side end-to-end","median of measured repetitions, first discarded as warmup",sf1
tpch,SQLALCHEMY,not recorded - read off the running server at campaign time (C22),Q10,Returned Item Reporting,Complex,Commercial System A,not recorded - read off the running server at campaign time (C22),Indexed,1,14.4 (without indexes),,,,,,20,,,,,,,,restricted,restricted,withheld: section 6 of this system's developer licence forbids disclosing benchmark results for it without the vendor's written approval,,,,,,,,,,,,,not_recorded,not_recorded,not_recorded,not_recorded,not_recorded,,"time.perf_counter, client-side end-to-end","median of measured repetitions, first discarded as warmup",sf1
tpch,DJANGO,not recorded - read off the running server at campaign time (C22),Q11,Important Stock Identification,Medium,Commercial System A,not recorded - read off the running server at campaign time (C22),Indexed,1,14.4 (without indexes),,,,,,1048,,,,,,,,restricted,restricted,withheld: section 6 of this system's developer licence forbids disclosing benchmark results for it without the vendor's written approval,,,,,,,,,,,,,not_recorded,not_recorded,not_recorded,not_recorded,not_recorded,,"time.perf_counter, client-side end-to-end","median of measured repetitions, first discarded as warmup",sf1
tpch,SQLALCHEMY,not recorded - read off the running server at campaign time (C22),Q11,Important Stock Identification,Medium,Commercial System A,not recorded - read off the running server at campaign time (C22),Indexed,1,14.4 (without indexes),,,,,,1048,,,,,,,,restricted,restricted,withheld: section 6 of this system's developer licence forbids disclosing benchmark results for it without the vendor's written approval,,,,,,,,,,,,,not_recorded,not_recorded,not_recorded,not_recorded,not_recorded,,"time.perf_counter, client-side end-to-end","median of measured repetitions, first discarded as warmup",sf1
tpch,DJANGO,not recorded - read off the running server at campaign time (C22),Q12,Shipping Modes and Order Priority,Medium,Commercial System A,not recorded - read off the running server at campaign time (C22),Indexed,1,14.4 (without indexes),,,,,,2,,,,,,,,restricted,restricted,withheld: section 6 of this system's developer licence forbids disclosing benchmark results for it without the vendor's written approval,,,,,,,,,,,,,not_recorded,not_recorded,not_recorded,not_recorded,not_recorded,,"time.perf_counter, client-side end-to-end","median of measured repetitions, first discarded as warmup",sf1
tpch,SQLALCHEMY,not recorded - read off the running server at campaign time (C22),Q12,Shipping Modes and Order Priority,Medium,Commercial System A,not recorded - read off the running server at campaign time (C22),Indexed,1,14.4 (without indexes),,,,,,2,,,,,,,,restricted,restricted,withheld: section 6 of this system's developer licence forbids disclosing benchmark results for it without the vendor's written approval,,,,,,,,,,,,,not_recorded,not_recorded,not_recorded,not_recorded,not_recorded,,"time.perf_counter, client-side end-to-end","median of measured repetitions, first discarded as warmup",sf1
tpch,DJANGO,not recorded - read off the running server at campaign time (C22),Q13,Customer Distribution,Complex,Commercial System A,not recorded - read off the running server at campaign time (C22),Indexed,1,14.4 (without indexes),,,,,,,,,,,,,,restricted,restricted,withheld: section 6 of this system's developer licence forbids disclosing benchmark results for it without the vendor's written approval,,,,,,,,,,,,,not_recorded,not_recorded,not_recorded,not_recorded,not_recorded,,"time.perf_counter, client-side end-to-end","median of measured repetitions, first discarded as warmup",sf1
tpch,SQLALCHEMY,not recorded - read off the running server at campaign time (C22),Q13,Customer Distribution,Complex,Commercial System A,not recorded - read off the running server at campaign time (C22),Indexed,1,14.4 (without indexes),,,,,,42,,,,,,,,restricted,restricted,withheld: section 6 of this system's developer licence forbids disclosing benchmark results for it without the vendor's written approval,,,,,,,,,,,,,not_recorded,not_recorded,not_recorded,not_recorded,not_recorded,,"time.perf_counter, client-side end-to-end","median of measured repetitions, first discarded as warmup",sf1
tpch,DJANGO,not recorded - read off the running server at campaign time (C22),Q14,Promotion Effect,Simple,Commercial System A,not recorded - read off the running server at campaign time (C22),Indexed,1,14.4 (without indexes),,,,,,1,,,,,,,,restricted,restricted,withheld: section 6 of this system's developer licence forbids disclosing benchmark results for it without the vendor's written approval,,,,,,,,,,,,,not_recorded,not_recorded,not_recorded,not_recorded,not_recorded,,"time.perf_counter, client-side end-to-end","median of measured repetitions, first discarded as warmup",sf1
tpch,SQLALCHEMY,not recorded - read off the running server at campaign time (C22),Q14,Promotion Effect,Simple,Commercial System A,not recorded - read off the running server at campaign time (C22),Indexed,1,14.4 (without indexes),,,,,,1,,,,,,,,restricted,restricted,withheld: section 6 of this system's developer licence forbids disclosing benchmark results for it without the vendor's written approval,,,,,,,,,,,,,not_recorded,not_recorded,not_recorded,not_recorded,not_recorded,,"time.perf_counter, client-side end-to-end","median of measured repetitions, first discarded as warmup",sf1
tpch,DJANGO,not recorded - read off the running server at campaign time (C22),Q15,Top Supplier,Complex,Commercial System A,not recorded - read off the running server at campaign time (C22),Indexed,1,14.4 (without indexes),,,,,,1,,,,,,,,restricted,restricted,withheld: section 6 of this system's developer licence forbids disclosing benchmark results for it without the vendor's written approval,,,,,,,,,,,,,not_recorded,not_recorded,not_recorded,not_recorded,not_recorded,,"time.perf_counter, client-side end-to-end","median of measured repetitions, first discarded as warmup",sf1
tpch,SQLALCHEMY,not recorded - read off the running server at campaign time (C22),Q15,Top Supplier,Complex,Commercial System A,not recorded - read off the running server at campaign time (C22),Indexed,1,14.4 (without indexes),,,,,,1,,,,,,,,restricted,restricted,withheld: section 6 of this system's developer licence forbids disclosing benchmark results for it without the vendor's written approval,,,,,,,,,,,,,not_recorded,not_recorded,not_recorded,not_recorded,not_recorded,,"time.perf_counter, client-side end-to-end","median of measured repetitions, first discarded as warmup",sf1
tpch,DJANGO,not recorded - read off the running server at campaign time (C22),Q16,Parts/Supplier Relationship,Medium,Commercial System A,not recorded - read off the running server at campaign time (C22),Indexed,1,14.4 (without indexes),,,,,,18314,,,,,,,,restricted,restricted,withheld: section 6 of this system's developer licence forbids disclosing benchmark results for it without the vendor's written approval,,,,,,,,,,,,,not_recorded,not_recorded,not_recorded,not_recorded,not_recorded,,"time.perf_counter, client-side end-to-end","median of measured repetitions, first discarded as warmup",sf1
tpch,SQLALCHEMY,not recorded - read off the running server at campaign time (C22),Q16,Parts/Supplier Relationship,Medium,Commercial System A,not recorded - read off the running server at campaign time (C22),Indexed,1,14.4 (without indexes),,,,,,18314,,,,,,,,restricted,restricted,withheld: section 6 of this system's developer licence forbids disclosing benchmark results for it without the vendor's written approval,,,,,,,,,,,,,not_recorded,not_recorded,not_recorded,not_recorded,not_recorded,,"time.perf_counter, client-side end-to-end","median of measured repetitions, first discarded as warmup",sf1
tpch,DJANGO,not recorded - read off the running server at campaign time (C22),Q17,Small-Quantity-Order Revenue,Complex,Commercial System A,not recorded - read off the running server at campaign time (C22),Indexed,1,14.4 (without indexes),,,,,,1,,,,,,,,restricted,restricted,withheld: section 6 of this system's developer licence forbids disclosing benchmark results for it without the vendor's written approval,,,,,,,,,,,,,not_recorded,not_recorded,not_recorded,not_recorded,not_recorded,,"time.perf_counter, client-side end-to-end","median of measured repetitions, first discarded as warmup",sf1
tpch,SQLALCHEMY,not recorded - read off the running server at campaign time (C22),Q17,Small-Quantity-Order Revenue,Complex,Commercial System A,not recorded - read off the running server at campaign time (C22),Indexed,1,14.4 (without indexes),,,,,,1,,,,,,,,restricted,restricted,withheld: section 6 of this system's developer licence forbids disclosing benchmark results for it without the vendor's written approval,,,,,,,,,,,,,not_recorded,not_recorded,not_recorded,not_recorded,not_recorded,,"time.perf_counter, client-side end-to-end","median of measured repetitions, first discarded as warmup",sf1
tpch,DJANGO,not recorded - read off the running server at campaign time (C22),Q18,Large Volume Customer,Complex,Commercial System A,not recorded - read off the running server at campaign time (C22),Indexed,1,14.4 (without indexes),,,,,,57,,,,,,,,restricted,restricted,withheld: section 6 of this system's developer licence forbids disclosing benchmark results for it without the vendor's written approval,,,,,,,,,,,,,not_recorded,not_recorded,not_recorded,not_recorded,not_recorded,,"time.perf_counter, client-side end-to-end","median of measured repetitions, first discarded as warmup",sf1
tpch,SQLALCHEMY,not recorded - read off the running server at campaign time (C22),Q18,Large Volume Customer,Complex,Commercial System A,not recorded - read off the running server at campaign time (C22),Indexed,1,14.4 (without indexes),,,,,,57,,,,,,,,restricted,restricted,withheld: section 6 of this system's developer licence forbids disclosing benchmark results for it without the vendor's written approval,,,,,,,,,,,,,not_recorded,not_recorded,not_recorded,not_recorded,not_recorded,,"time.perf_counter, client-side end-to-end","median of measured repetitions, first discarded as warmup",sf1
tpch,DJANGO,not recorded - read off the running server at campaign time (C22),Q19,Discounted Revenue,Simple,Commercial System A,not recorded - read off the running server at campaign time (C22),Indexed,1,14.4 (without indexes),,,,,,1,,,,,,,,restricted,restricted,withheld: section 6 of this system's developer licence forbids disclosing benchmark results for it without the vendor's written approval,,,,,,,,,,,,,not_recorded,not_recorded,not_recorded,not_recorded,not_recorded,,"time.perf_counter, client-side end-to-end","median of measured repetitions, first discarded as warmup",sf1
tpch,SQLALCHEMY,not recorded - read off the running server at campaign time (C22),Q19,Discounted Revenue,Simple,Commercial System A,not recorded - read off the running server at campaign time (C22),Indexed,1,14.4 (without indexes),,,,,,1,,,,,,,,restricted,restricted,withheld: section 6 of this system's developer licence forbids disclosing benchmark results for it without the vendor's written approval,,,,,,,,,,,,,not_recorded,not_recorded,not_recorded,not_recorded,not_recorded,,"time.perf_counter, client-side end-to-end","median of measured repetitions, first discarded as warmup",sf1
tpch,DJANGO,not recorded - read off the running server at campaign time (C22),Q20,Potential Part Promotion,Complex,Commercial System A,not recorded - read off the running server at campaign time (C22),Indexed,1,14.4 (without indexes),,,,,,186,,,,,,,,restricted,restricted,withheld: section 6 of this system's developer licence forbids disclosing benchmark results for it without the vendor's written approval,,,,,,,,,,,,,not_recorded,not_recorded,not_recorded,not_recorded,not_recorded,,"time.perf_counter, client-side end-to-end","median of measured repetitions, first discarded as warmup",sf1
tpch,SQLALCHEMY,not recorded - read off the running server at campaign time (C22),Q20,Potential Part Promotion,Complex,Commercial System A,not recorded - read off the running server at campaign time (C22),Indexed,1,14.4 (without indexes),,,,,,186,,,,,,,,restricted,restricted,withheld: section 6 of this system's developer licence forbids disclosing benchmark results for it without the vendor's written approval,,,,,,,,,,,,,not_recorded,not_recorded,not_recorded,not_recorded,not_recorded,,"time.perf_counter, client-side end-to-end","median of measured repetitions, first discarded as warmup",sf1
tpch,DJANGO,not recorded - read off the running server at campaign time (C22),Q21,Suppliers Who Kept Orders Waiting,Very Complex,Commercial System A,not recorded - read off the running server at campaign time (C22),Indexed,1,14.4 (without indexes),,,,,,100,,,,,,,,restricted,restricted,withheld: section 6 of this system's developer licence forbids disclosing benchmark results for it without the vendor's written approval,,,,,,,,,,,,,not_recorded,not_recorded,not_recorded,not_recorded,not_recorded,,"time.perf_counter, client-side end-to-end","median of measured repetitions, first discarded as warmup",sf1
tpch,SQLALCHEMY,not recorded - read off the running server at campaign time (C22),Q21,Suppliers Who Kept Orders Waiting,Very Complex,Commercial System A,not recorded - read off the running server at campaign time (C22),Indexed,1,14.4 (without indexes),,,,,,100,,,,,,,,restricted,restricted,withheld: section 6 of this system's developer licence forbids disclosing benchmark results for it without the vendor's written approval,,,,,,,,,,,,,not_recorded,not_recorded,not_recorded,not_recorded,not_recorded,,"time.perf_counter, client-side end-to-end","median of measured repetitions, first discarded as warmup",sf1
tpch,DJANGO,not recorded - read off the running server at campaign time (C22),Q22,Global Sales Opportunity,Very Complex,Commercial System A,not recorded - read off the running server at campaign time (C22),Indexed,1,14.4 (without indexes),,,,,,7,,,,,,,,restricted,restricted,withheld: section 6 of this system's developer licence forbids disclosing benchmark results for it without the vendor's written approval,,,,,,,,,,,,,not_recorded,not_recorded,not_recorded,not_recorded,not_recorded,,"time.perf_counter, client-side end-to-end","median of measured repetitions, first discarded as warmup",sf1
tpch,SQLALCHEMY,not recorded - read off the running server at campaign time (C22),Q22,Global Sales Opportunity,Very Complex,Commercial System A,not recorded - read off the running server at campaign time (C22),Indexed,1,14.4 (without indexes),,,,,,7,,,,,,,,restricted,restricted,withheld: section 6 of this system's developer licence forbids disclosing benchmark results for it without the vendor's written approval,,,,,,,,,,,,,not_recorded,not_recorded,not_recorded,not_recorded,not_recorded,,"time.perf_counter, client-side end-to-end","median of measured repetitions, first discarded as warmup",sf1
tpcc,DJANGO,not recorded - read off the running server at campaign time (C22),T1,New-Order,Write-heavy,Commercial System A,not recorded - read off the running server at campaign time (C22),Indexed,1,14.4 (without indexes),,,,,,1,,,,,,,,restricted,restricted,withheld: section 6 of this system's developer licence forbids disclosing benchmark results for it without the vendor's written approval,,,,,,,,,,,,,not_recorded,not_recorded,not_recorded,not_recorded,not_recorded,,"time.perf_counter, client-side end-to-end","median of measured repetitions, first discarded as warmup",sf1
tpcc,SQLALCHEMY,not recorded - read off the running server at campaign time (C22),T1,New-Order,Write-heavy,Commercial System A,not recorded - read off the running server at campaign time (C22),Indexed,1,14.4 (without indexes),,,,,,1,,,,,,,,restricted,restricted,withheld: section 6 of this system's developer licence forbids disclosing benchmark results for it without the vendor's written approval,,,,,,,,,,,,,not_recorded,not_recorded,not_recorded,not_recorded,not_recorded,,"time.perf_counter, client-side end-to-end","median of measured repetitions, first discarded as warmup",sf1
tpcc,DJANGO,not recorded - read off the running server at campaign time (C22),T2,Payment,Write-heavy,Commercial System A,not recorded - read off the running server at campaign time (C22),Indexed,1,14.4 (without indexes),,,,,,1,,,,,,,,restricted,restricted,withheld: section 6 of this system's developer licence forbids disclosing benchmark results for it without the vendor's written approval,,,,,,,,,,,,,not_recorded,not_recorded,not_recorded,not_recorded,not_recorded,,"time.perf_counter, client-side end-to-end","median of measured repetitions, first discarded as warmup",sf1
tpcc,SQLALCHEMY,not recorded - read off the running server at campaign time (C22),T2,Payment,Write-heavy,Commercial System A,not recorded - read off the running server at campaign time (C22),Indexed,1,14.4 (without indexes),,,,,,1,,,,,,,,restricted,restricted,withheld: section 6 of this system's developer licence forbids disclosing benchmark results for it without the vendor's written approval,,,,,,,,,,,,,not_recorded,not_recorded,not_recorded,not_recorded,not_recorded,,"time.perf_counter, client-side end-to-end","median of measured repetitions, first discarded as warmup",sf1
tpcc,DJANGO,not recorded - read off the running server at campaign time (C22),T3,Order-Status,Read-only,Commercial System A,not recorded - read off the running server at campaign time (C22),Indexed,1,14.4 (without indexes),,,,,,1,,,,,,,,restricted,restricted,withheld: section 6 of this system's developer licence forbids disclosing benchmark results for it without the vendor's written approval,,,,,,,,,,,,,not_recorded,not_recorded,not_recorded,not_recorded,not_recorded,,"time.perf_counter, client-side end-to-end","median of measured repetitions, first discarded as warmup",sf1
tpcc,SQLALCHEMY,not recorded - read off the running server at campaign time (C22),T3,Order-Status,Read-only,Commercial System A,not recorded - read off the running server at campaign time (C22),Indexed,1,14.4 (without indexes),,,,,,1,,,,,,,,restricted,restricted,withheld: section 6 of this system's developer licence forbids disclosing benchmark results for it without the vendor's written approval,,,,,,,,,,,,,not_recorded,not_recorded,not_recorded,not_recorded,not_recorded,,"time.perf_counter, client-side end-to-end","median of measured repetitions, first discarded as warmup",sf1
tpcc,DJANGO,not recorded - read off the running server at campaign time (C22),T4,Delivery,Write-heavy,Commercial System A,not recorded - read off the running server at campaign time (C22),Indexed,1,14.4 (without indexes),,,,,,1,,,,,,,,restricted,restricted,withheld: section 6 of this system's developer licence forbids disclosing benchmark results for it without the vendor's written approval,,,,,,,,,,,,,not_recorded,not_recorded,not_recorded,not_recorded,not_recorded,,"time.perf_counter, client-side end-to-end","median of measured repetitions, first discarded as warmup",sf1
tpcc,SQLALCHEMY,not recorded - read off the running server at campaign time (C22),T4,Delivery,Write-heavy,Commercial System A,not recorded - read off the running server at campaign time (C22),Indexed,1,14.4 (without indexes),,,,,,1,,,,,,,,restricted,restricted,withheld: section 6 of this system's developer licence forbids disclosing benchmark results for it without the vendor's written approval,,,,,,,,,,,,,not_recorded,not_recorded,not_recorded,not_recorded,not_recorded,,"time.perf_counter, client-side end-to-end","median of measured repetitions, first discarded as warmup",sf1
tpcc,DJANGO,not recorded - read off the running server at campaign time (C22),T5,Stock-Level,Read-only,Commercial System A,not recorded - read off the running server at campaign time (C22),Indexed,1,14.4 (without indexes),,,,,,1,,,,,,,,restricted,restricted,withheld: section 6 of this system's developer licence forbids disclosing benchmark results for it without the vendor's written approval,,,,,,,,,,,,,not_recorded,not_recorded,not_recorded,not_recorded,not_recorded,,"time.perf_counter, client-side end-to-end","median of measured repetitions, first discarded as warmup",sf1
tpcc,SQLALCHEMY,not recorded - read off the running server at campaign time (C22),T5,Stock-Level,Read-only,Commercial System A,not recorded - read off the running server at campaign time (C22),Indexed,1,14.4 (without indexes),,,,,,1,,,,,,,,restricted,restricted,withheld: section 6 of this system's developer licence forbids disclosing benchmark results for it without the vendor's written approval,,,,,,,,,,,,,not_recorded,not_recorded,not_recorded,not_recorded,not_recorded,,"time.perf_counter, client-side end-to-end","median of measured repetitions, first discarded as warmup",sf1
tpch,DJANGO,not recorded - read off the running server at campaign time (C22),Q01,Pricing Summary Report,Medium,Commercial System A,not recorded - read off the running server at campaign time (C22),Non-Indexed,1,14.4 (without indexes),,,,,,4,,,,,,,,restricted,restricted,withheld: section 6 of this system's developer licence forbids disclosing benchmark results for it without the vendor's written approval,,,,,,,,,,,,,not_recorded,not_recorded,not_recorded,not_recorded,not_recorded,,"time.perf_counter, client-side end-to-end","median of measured repetitions, first discarded as warmup",sf1
tpch,SQLALCHEMY,not recorded - read off the running server at campaign time (C22),Q01,Pricing Summary Report,Medium,Commercial System A,not recorded - read off the running server at campaign time (C22),Non-Indexed,1,14.4 (without indexes),,,,,,4,,,,,,,,restricted,restricted,withheld: section 6 of this system's developer licence forbids disclosing benchmark results for it without the vendor's written approval,,,,,,,,,,,,,not_recorded,not_recorded,not_recorded,not_recorded,not_recorded,,"time.perf_counter, client-side end-to-end","median of measured repetitions, first discarded as warmup",sf1
tpch,DJANGO,not recorded - read off the running server at campaign time (C22),Q02,Minimum Cost Supplier,Complex,Commercial System A,not recorded - read off the running server at campaign time (C22),Non-Indexed,1,14.4 (without indexes),,,,,,100,,,,,,,,restricted,restricted,withheld: section 6 of this system's developer licence forbids disclosing benchmark results for it without the vendor's written approval,,,,,,,,,,,,,not_recorded,not_recorded,not_recorded,not_recorded,not_recorded,,"time.perf_counter, client-side end-to-end","median of measured repetitions, first discarded as warmup",sf1
tpch,SQLALCHEMY,not recorded - read off the running server at campaign time (C22),Q02,Minimum Cost Supplier,Complex,Commercial System A,not recorded - read off the running server at campaign time (C22),Non-Indexed,1,14.4 (without indexes),,,,,,100,,,,,,,,restricted,restricted,withheld: section 6 of this system's developer licence forbids disclosing benchmark results for it without the vendor's written approval,,,,,,,,,,,,,not_recorded,not_recorded,not_recorded,not_recorded,not_recorded,,"time.perf_counter, client-side end-to-end","median of measured repetitions, first discarded as warmup",sf1
tpch,DJANGO,not recorded - read off the running server at campaign time (C22),Q03,Shipping Priority,Medium,Commercial System A,not recorded - read off the running server at campaign time (C22),Non-Indexed,1,14.4 (without indexes),,,,,,10,,,,,,,,restricted,restricted,withheld: section 6 of this system's developer licence forbids disclosing benchmark results for it without the vendor's written approval,,,,,,,,,,,,,not_recorded,not_recorded,not_recorded,not_recorded,not_recorded,,"time.perf_counter, client-side end-to-end","median of measured repetitions, first discarded as warmup",sf1
tpch,SQLALCHEMY,not recorded - read off the running server at campaign time (C22),Q03,Shipping Priority,Medium,Commercial System A,not recorded - read off the running server at campaign time (C22),Non-Indexed,1,14.4 (without indexes),,,,,,10,,,,,,,,restricted,restricted,withheld: section 6 of this system's developer licence forbids disclosing benchmark results for it without the vendor's written approval,,,,,,,,,,,,,not_recorded,not_recorded,not_recorded,not_recorded,not_recorded,,"time.perf_counter, client-side end-to-end","median of measured repetitions, first discarded as warmup",sf1
tpch,DJANGO,not recorded - read off the running server at campaign time (C22),Q04,Order Priority Checking,Medium,Commercial System A,not recorded - read off the running server at campaign time (C22),Non-Indexed,1,14.4 (without indexes),,,,,,5,,,,,,,,restricted,restricted,withheld: section 6 of this system's developer licence forbids disclosing benchmark results for it without the vendor's written approval,,,,,,,,,,,,,not_recorded,not_recorded,not_recorded,not_recorded,not_recorded,,"time.perf_counter, client-side end-to-end","median of measured repetitions, first discarded as warmup",sf1
tpch,SQLALCHEMY,not recorded - read off the running server at campaign time (C22),Q04,Order Priority Checking,Medium,Commercial System A,not recorded - read off the running server at campaign time (C22),Non-Indexed,1,14.4 (without indexes),,,,,,5,,,,,,,,restricted,restricted,withheld: section 6 of this system's developer licence forbids disclosing benchmark results for it without the vendor's written approval,,,,,,,,,,,,,not_recorded,not_recorded,not_recorded,not_recorded,not_recorded,,"time.perf_counter, client-side end-to-end","median of measured repetitions, first discarded as warmup",sf1
tpch,DJANGO,not recorded - read off the running server at campaign time (C22),Q05,Local Supplier Volume,Complex,Commercial System A,not recorded - read off the running server at campaign time (C22),Non-Indexed,1,14.4 (without indexes),,,,,,5,,,,,,,,restricted,restricted,withheld: section 6 of this system's developer licence forbids disclosing benchmark results for it without the vendor's written approval,,,,,,,,,,,,,not_recorded,not_recorded,not_recorded,not_recorded,not_recorded,,"time.perf_counter, client-side end-to-end","median of measured repetitions, first discarded as warmup",sf1
tpch,SQLALCHEMY,not recorded - read off the running server at campaign time (C22),Q05,Local Supplier Volume,Complex,Commercial System A,not recorded - read off the running server at campaign time (C22),Non-Indexed,1,14.4 (without indexes),,,,,,5,,,,,,,,restricted,restricted,withheld: section 6 of this system's developer licence forbids disclosing benchmark results for it without the vendor's written approval,,,,,,,,,,,,,not_recorded,not_recorded,not_recorded,not_recorded,not_recorded,,"time.perf_counter, client-side end-to-end","median of measured repetitions, first discarded as warmup",sf1
tpch,DJANGO,not recorded - read off the running server at campaign time (C22),Q06,Forecasting Revenue Change,Simple,Commercial System A,not recorded - read off the running server at campaign time (C22),Non-Indexed,1,14.4 (without indexes),,,,,,1,,,,,,,,restricted,restricted,withheld: section 6 of this system's developer licence forbids disclosing benchmark results for it without the vendor's written approval,,,,,,,,,,,,,not_recorded,not_recorded,not_recorded,not_recorded,not_recorded,,"time.perf_counter, client-side end-to-end","median of measured repetitions, first discarded as warmup",sf1
tpch,SQLALCHEMY,not recorded - read off the running server at campaign time (C22),Q06,Forecasting Revenue Change,Simple,Commercial System A,not recorded - read off the running server at campaign time (C22),Non-Indexed,1,14.4 (without indexes),,,,,,1,,,,,,,,restricted,restricted,withheld: section 6 of this system's developer licence forbids disclosing benchmark results for it without the vendor's written approval,,,,,,,,,,,,,not_recorded,not_recorded,not_recorded,not_recorded,not_recorded,,"time.perf_counter, client-side end-to-end","median of measured repetitions, first discarded as warmup",sf1
tpch,DJANGO,not recorded - read off the running server at campaign time (C22),Q07,Volume Shipping,Complex,Commercial System A,not recorded - read off the running server at campaign time (C22),Non-Indexed,1,14.4 (without indexes),,,,,,4,,,,,,,,restricted,restricted,withheld: section 6 of this system's developer licence forbids disclosing benchmark results for it without the vendor's written approval,,,,,,,,,,,,,not_recorded,not_recorded,not_recorded,not_recorded,not_recorded,,"time.perf_counter, client-side end-to-end","median of measured repetitions, first discarded as warmup",sf1
tpch,SQLALCHEMY,not recorded - read off the running server at campaign time (C22),Q07,Volume Shipping,Complex,Commercial System A,not recorded - read off the running server at campaign time (C22),Non-Indexed,1,14.4 (without indexes),,,,,,4,,,,,,,,restricted,restricted,withheld: section 6 of this system's developer licence forbids disclosing benchmark results for it without the vendor's written approval,,,,,,,,,,,,,not_recorded,not_recorded,not_recorded,not_recorded,not_recorded,,"time.perf_counter, client-side end-to-end","median of measured repetitions, first discarded as warmup",sf1
tpch,DJANGO,not recorded - read off the running server at campaign time (C22),Q08,National Market Share,Very Complex,Commercial System A,not recorded - read off the running server at campaign time (C22),Non-Indexed,1,14.4 (without indexes),,,,,,2,,,,,,,,restricted,restricted,withheld: section 6 of this system's developer licence forbids disclosing benchmark results for it without the vendor's written approval,,,,,,,,,,,,,not_recorded,not_recorded,not_recorded,not_recorded,not_recorded,,"time.perf_counter, client-side end-to-end","median of measured repetitions, first discarded as warmup",sf1
tpch,SQLALCHEMY,not recorded - read off the running server at campaign time (C22),Q08,National Market Share,Very Complex,Commercial System A,not recorded - read off the running server at campaign time (C22),Non-Indexed,1,14.4 (without indexes),,,,,,2,,,,,,,,restricted,restricted,withheld: section 6 of this system's developer licence forbids disclosing benchmark results for it without the vendor's written approval,,,,,,,,,,,,,not_recorded,not_recorded,not_recorded,not_recorded,not_recorded,,"time.perf_counter, client-side end-to-end","median of measured repetitions, first discarded as warmup",sf1
tpch,DJANGO,not recorded - read off the running server at campaign time (C22),Q09,Product Type Profit Measure,Very Complex,Commercial System A,not recorded - read off the running server at campaign time (C22),Non-Indexed,1,14.4 (without indexes),,,,,,175,,,,,,,,restricted,restricted,withheld: section 6 of this system's developer licence forbids disclosing benchmark results for it without the vendor's written approval,,,,,,,,,,,,,not_recorded,not_recorded,not_recorded,not_recorded,not_recorded,,"time.perf_counter, client-side end-to-end","median of measured repetitions, first discarded as warmup",sf1
tpch,SQLALCHEMY,not recorded - read off the running server at campaign time (C22),Q09,Product Type Profit Measure,Very Complex,Commercial System A,not recorded - read off the running server at campaign time (C22),Non-Indexed,1,14.4 (without indexes),,,,,,175,,,,,,,,restricted,restricted,withheld: section 6 of this system's developer licence forbids disclosing benchmark results for it without the vendor's written approval,,,,,,,,,,,,,not_recorded,not_recorded,not_recorded,not_recorded,not_recorded,,"time.perf_counter, client-side end-to-end","median of measured repetitions, first discarded as warmup",sf1
tpch,DJANGO,not recorded - read off the running server at campaign time (C22),Q10,Returned Item Reporting,Complex,Commercial System A,not recorded - read off the running server at campaign time (C22),Non-Indexed,1,14.4 (without indexes),,,,,,20,,,,,,,,restricted,restricted,withheld: section 6 of this system's developer licence forbids disclosing benchmark results for it without the vendor's written approval,,,,,,,,,,,,,not_recorded,not_recorded,not_recorded,not_recorded,not_recorded,,"time.perf_counter, client-side end-to-end","median of measured repetitions, first discarded as warmup",sf1
tpch,SQLALCHEMY,not recorded - read off the running server at campaign time (C22),Q10,Returned Item Reporting,Complex,Commercial System A,not recorded - read off the running server at campaign time (C22),Non-Indexed,1,14.4 (without indexes),,,,,,20,,,,,,,,restricted,restricted,withheld: section 6 of this system's developer licence forbids disclosing benchmark results for it without the vendor's written approval,,,,,,,,,,,,,not_recorded,not_recorded,not_recorded,not_recorded,not_recorded,,"time.perf_counter, client-side end-to-end","median of measured repetitions, first discarded as warmup",sf1
tpch,DJANGO,not recorded - read off the running server at campaign time (C22),Q11,Important Stock Identification,Medium,Commercial System A,not recorded - read off the running server at campaign time (C22),Non-Indexed,1,14.4 (without indexes),,,,,,1048,,,,,,,,restricted,restricted,withheld: section 6 of this system's developer licence forbids disclosing benchmark results for it without the vendor's written approval,,,,,,,,,,,,,not_recorded,not_recorded,not_recorded,not_recorded,not_recorded,,"time.perf_counter, client-side end-to-end","median of measured repetitions, first discarded as warmup",sf1
tpch,SQLALCHEMY,not recorded - read off the running server at campaign time (C22),Q11,Important Stock Identification,Medium,Commercial System A,not recorded - read off the running server at campaign time (C22),Non-Indexed,1,14.4 (without indexes),,,,,,1048,,,,,,,,restricted,restricted,withheld: section 6 of this system's developer licence forbids disclosing benchmark results for it without the vendor's written approval,,,,,,,,,,,,,not_recorded,not_recorded,not_recorded,not_recorded,not_recorded,,"time.perf_counter, client-side end-to-end","median of measured repetitions, first discarded as warmup",sf1
tpch,DJANGO,not recorded - read off the running server at campaign time (C22),Q12,Shipping Modes and Order Priority,Medium,Commercial System A,not recorded - read off the running server at campaign time (C22),Non-Indexed,1,14.4 (without indexes),,,,,,2,,,,,,,,restricted,restricted,withheld: section 6 of this system's developer licence forbids disclosing benchmark results for it without the vendor's written approval,,,,,,,,,,,,,not_recorded,not_recorded,not_recorded,not_recorded,not_recorded,,"time.perf_counter, client-side end-to-end","median of measured repetitions, first discarded as warmup",sf1
tpch,SQLALCHEMY,not recorded - read off the running server at campaign time (C22),Q12,Shipping Modes and Order Priority,Medium,Commercial System A,not recorded - read off the running server at campaign time (C22),Non-Indexed,1,14.4 (without indexes),,,,,,2,,,,,,,,restricted,restricted,withheld: section 6 of this system's developer licence forbids disclosing benchmark results for it without the vendor's written approval,,,,,,,,,,,,,not_recorded,not_recorded,not_recorded,not_recorded,not_recorded,,"time.perf_counter, client-side end-to-end","median of measured repetitions, first discarded as warmup",sf1
tpch,DJANGO,not recorded - read off the running server at campaign time (C22),Q13,Customer Distribution,Complex,Commercial System A,not recorded - read off the running server at campaign time (C22),Non-Indexed,1,14.4 (without indexes),,,,,,,,,,,,,,restricted,restricted,withheld: section 6 of this system's developer licence forbids disclosing benchmark results for it without the vendor's written approval,,,,,,,,,,,,,not_recorded,not_recorded,not_recorded,not_recorded,not_recorded,,"time.perf_counter, client-side end-to-end","median of measured repetitions, first discarded as warmup",sf1
tpch,SQLALCHEMY,not recorded - read off the running server at campaign time (C22),Q13,Customer Distribution,Complex,Commercial System A,not recorded - read off the running server at campaign time (C22),Non-Indexed,1,14.4 (without indexes),,,,,,42,,,,,,,,restricted,restricted,withheld: section 6 of this system's developer licence forbids disclosing benchmark results for it without the vendor's written approval,,,,,,,,,,,,,not_recorded,not_recorded,not_recorded,not_recorded,not_recorded,,"time.perf_counter, client-side end-to-end","median of measured repetitions, first discarded as warmup",sf1
tpch,DJANGO,not recorded - read off the running server at campaign time (C22),Q14,Promotion Effect,Simple,Commercial System A,not recorded - read off the running server at campaign time (C22),Non-Indexed,1,14.4 (without indexes),,,,,,1,,,,,,,,restricted,restricted,withheld: section 6 of this system's developer licence forbids disclosing benchmark results for it without the vendor's written approval,,,,,,,,,,,,,not_recorded,not_recorded,not_recorded,not_recorded,not_recorded,,"time.perf_counter, client-side end-to-end","median of measured repetitions, first discarded as warmup",sf1
tpch,SQLALCHEMY,not recorded - read off the running server at campaign time (C22),Q14,Promotion Effect,Simple,Commercial System A,not recorded - read off the running server at campaign time (C22),Non-Indexed,1,14.4 (without indexes),,,,,,1,,,,,,,,restricted,restricted,withheld: section 6 of this system's developer licence forbids disclosing benchmark results for it without the vendor's written approval,,,,,,,,,,,,,not_recorded,not_recorded,not_recorded,not_recorded,not_recorded,,"time.perf_counter, client-side end-to-end","median of measured repetitions, first discarded as warmup",sf1
tpch,DJANGO,not recorded - read off the running server at campaign time (C22),Q15,Top Supplier,Complex,Commercial System A,not recorded - read off the running server at campaign time (C22),Non-Indexed,1,14.4 (without indexes),,,,,,1,,,,,,,,restricted,restricted,withheld: section 6 of this system's developer licence forbids disclosing benchmark results for it without the vendor's written approval,,,,,,,,,,,,,not_recorded,not_recorded,not_recorded,not_recorded,not_recorded,,"time.perf_counter, client-side end-to-end","median of measured repetitions, first discarded as warmup",sf1
tpch,SQLALCHEMY,not recorded - read off the running server at campaign time (C22),Q15,Top Supplier,Complex,Commercial System A,not recorded - read off the running server at campaign time (C22),Non-Indexed,1,14.4 (without indexes),,,,,,1,,,,,,,,restricted,restricted,withheld: section 6 of this system's developer licence forbids disclosing benchmark results for it without the vendor's written approval,,,,,,,,,,,,,not_recorded,not_recorded,not_recorded,not_recorded,not_recorded,,"time.perf_counter, client-side end-to-end","median of measured repetitions, first discarded as warmup",sf1
tpch,DJANGO,not recorded - read off the running server at campaign time (C22),Q16,Parts/Supplier Relationship,Medium,Commercial System A,not recorded - read off the running server at campaign time (C22),Non-Indexed,1,14.4 (without indexes),,,,,,18314,,,,,,,,restricted,restricted,withheld: section 6 of this system's developer licence forbids disclosing benchmark results for it without the vendor's written approval,,,,,,,,,,,,,not_recorded,not_recorded,not_recorded,not_recorded,not_recorded,,"time.perf_counter, client-side end-to-end","median of measured repetitions, first discarded as warmup",sf1
tpch,SQLALCHEMY,not recorded - read off the running server at campaign time (C22),Q16,Parts/Supplier Relationship,Medium,Commercial System A,not recorded - read off the running server at campaign time (C22),Non-Indexed,1,14.4 (without indexes),,,,,,18314,,,,,,,,restricted,restricted,withheld: section 6 of this system's developer licence forbids disclosing benchmark results for it without the vendor's written approval,,,,,,,,,,,,,not_recorded,not_recorded,not_recorded,not_recorded,not_recorded,,"time.perf_counter, client-side end-to-end","median of measured repetitions, first discarded as warmup",sf1
tpch,DJANGO,not recorded - read off the running server at campaign time (C22),Q17,Small-Quantity-Order Revenue,Complex,Commercial System A,not recorded - read off the running server at campaign time (C22),Non-Indexed,1,14.4 (without indexes),,,,,,1,,,,,,,,restricted,restricted,withheld: section 6 of this system's developer licence forbids disclosing benchmark results for it without the vendor's written approval,,,,,,,,,,,,,not_recorded,not_recorded,not_recorded,not_recorded,not_recorded,,"time.perf_counter, client-side end-to-end","median of measured repetitions, first discarded as warmup",sf1
tpch,SQLALCHEMY,not recorded - read off the running server at campaign time (C22),Q17,Small-Quantity-Order Revenue,Complex,Commercial System A,not recorded - read off the running server at campaign time (C22),Non-Indexed,1,14.4 (without indexes),,,,,,1,,,,,,,,restricted,restricted,withheld: section 6 of this system's developer licence forbids disclosing benchmark results for it without the vendor's written approval,,,,,,,,,,,,,not_recorded,not_recorded,not_recorded,not_recorded,not_recorded,,"time.perf_counter, client-side end-to-end","median of measured repetitions, first discarded as warmup",sf1
tpch,DJANGO,not recorded - read off the running server at campaign time (C22),Q18,Large Volume Customer,Complex,Commercial System A,not recorded - read off the running server at campaign time (C22),Non-Indexed,1,14.4 (without indexes),,,,,,57,,,,,,,,restricted,restricted,withheld: section 6 of this system's developer licence forbids disclosing benchmark results for it without the vendor's written approval,,,,,,,,,,,,,not_recorded,not_recorded,not_recorded,not_recorded,not_recorded,,"time.perf_counter, client-side end-to-end","median of measured repetitions, first discarded as warmup",sf1
tpch,SQLALCHEMY,not recorded - read off the running server at campaign time (C22),Q18,Large Volume Customer,Complex,Commercial System A,not recorded - read off the running server at campaign time (C22),Non-Indexed,1,14.4 (without indexes),,,,,,57,,,,,,,,restricted,restricted,withheld: section 6 of this system's developer licence forbids disclosing benchmark results for it without the vendor's written approval,,,,,,,,,,,,,not_recorded,not_recorded,not_recorded,not_recorded,not_recorded,,"time.perf_counter, client-side end-to-end","median of measured repetitions, first discarded as warmup",sf1
tpch,DJANGO,not recorded - read off the running server at campaign time (C22),Q19,Discounted Revenue,Simple,Commercial System A,not recorded - read off the running server at campaign time (C22),Non-Indexed,1,14.4 (without indexes),,,,,,1,,,,,,,,restricted,restricted,withheld: section 6 of this system's developer licence forbids disclosing benchmark results for it without the vendor's written approval,,,,,,,,,,,,,not_recorded,not_recorded,not_recorded,not_recorded,not_recorded,,"time.perf_counter, client-side end-to-end","median of measured repetitions, first discarded as warmup",sf1
tpch,SQLALCHEMY,not recorded - read off the running server at campaign time (C22),Q19,Discounted Revenue,Simple,Commercial System A,not recorded - read off the running server at campaign time (C22),Non-Indexed,1,14.4 (without indexes),,,,,,1,,,,,,,,restricted,restricted,withheld: section 6 of this system's developer licence forbids disclosing benchmark results for it without the vendor's written approval,,,,,,,,,,,,,not_recorded,not_recorded,not_recorded,not_recorded,not_recorded,,"time.perf_counter, client-side end-to-end","median of measured repetitions, first discarded as warmup",sf1
tpch,DJANGO,not recorded - read off the running server at campaign time (C22),Q20,Potential Part Promotion,Complex,Commercial System A,not recorded - read off the running server at campaign time (C22),Non-Indexed,1,14.4 (without indexes),,,,,,186,,,,,,,,restricted,restricted,withheld: section 6 of this system's developer licence forbids disclosing benchmark results for it without the vendor's written approval,,,,,,,,,,,,,not_recorded,not_recorded,not_recorded,not_recorded,not_recorded,,"time.perf_counter, client-side end-to-end","median of measured repetitions, first discarded as warmup",sf1
tpch,SQLALCHEMY,not recorded - read off the running server at campaign time (C22),Q20,Potential Part Promotion,Complex,Commercial System A,not recorded - read off the running server at campaign time (C22),Non-Indexed,1,14.4 (without indexes),,,,,,186,,,,,,,,restricted,restricted,withheld: section 6 of this system's developer licence forbids disclosing benchmark results for it without the vendor's written approval,,,,,,,,,,,,,not_recorded,not_recorded,not_recorded,not_recorded,not_recorded,,"time.perf_counter, client-side end-to-end","median of measured repetitions, first discarded as warmup",sf1
tpch,DJANGO,not recorded - read off the running server at campaign time (C22),Q21,Suppliers Who Kept Orders Waiting,Very Complex,Commercial System A,not recorded - read off the running server at campaign time (C22),Non-Indexed,1,14.4 (without indexes),,,,,,100,,,,,,,,restricted,restricted,withheld: section 6 of this system's developer licence forbids disclosing benchmark results for it without the vendor's written approval,,,,,,,,,,,,,not_recorded,not_recorded,not_recorded,not_recorded,not_recorded,,"time.perf_counter, client-side end-to-end","median of measured repetitions, first discarded as warmup",sf1
tpch,SQLALCHEMY,not recorded - read off the running server at campaign time (C22),Q21,Suppliers Who Kept Orders Waiting,Very Complex,Commercial System A,not recorded - read off the running server at campaign time (C22),Non-Indexed,1,14.4 (without indexes),,,,,,100,,,,,,,,restricted,restricted,withheld: section 6 of this system's developer licence forbids disclosing benchmark results for it without the vendor's written approval,,,,,,,,,,,,,not_recorded,not_recorded,not_recorded,not_recorded,not_recorded,,"time.perf_counter, client-side end-to-end","median of measured repetitions, first discarded as warmup",sf1
tpch,DJANGO,not recorded - read off the running server at campaign time (C22),Q22,Global Sales Opportunity,Very Complex,Commercial System A,not recorded - read off the running server at campaign time (C22),Non-Indexed,1,14.4 (without indexes),,,,,,7,,,,,,,,restricted,restricted,withheld: section 6 of this system's developer licence forbids disclosing benchmark results for it without the vendor's written approval,,,,,,,,,,,,,not_recorded,not_recorded,not_recorded,not_recorded,not_recorded,,"time.perf_counter, client-side end-to-end","median of measured repetitions, first discarded as warmup",sf1
tpch,SQLALCHEMY,not recorded - read off the running server at campaign time (C22),Q22,Global Sales Opportunity,Very Complex,Commercial System A,not recorded - read off the running server at campaign time (C22),Non-Indexed,1,14.4 (without indexes),,,,,,7,,,,,,,,restricted,restricted,withheld: section 6 of this system's developer licence forbids disclosing benchmark results for it without the vendor's written approval,,,,,,,,,,,,,not_recorded,not_recorded,not_recorded,not_recorded,not_recorded,,"time.perf_counter, client-side end-to-end","median of measured repetitions, first discarded as warmup",sf1
tpcc,DJANGO,not recorded - read off the running server at campaign time (C22),T1,New-Order,Write-heavy,Commercial System A,not recorded - read off the running server at campaign time (C22),Non-Indexed,1,14.4 (without indexes),,,,,,1,,,,,,,,restricted,restricted,withheld: section 6 of this system's developer licence forbids disclosing benchmark results for it without the vendor's written approval,,,,,,,,,,,,,not_recorded,not_recorded,not_recorded,not_recorded,not_recorded,,"time.perf_counter, client-side end-to-end","median of measured repetitions, first discarded as warmup",sf1
tpcc,SQLALCHEMY,not recorded - read off the running server at campaign time (C22),T1,New-Order,Write-heavy,Commercial System A,not recorded - read off the running server at campaign time (C22),Non-Indexed,1,14.4 (without indexes),,,,,,1,,,,,,,,restricted,restricted,withheld: section 6 of this system's developer licence forbids disclosing benchmark results for it without the vendor's written approval,,,,,,,,,,,,,not_recorded,not_recorded,not_recorded,not_recorded,not_recorded,,"time.perf_counter, client-side end-to-end","median of measured repetitions, first discarded as warmup",sf1
tpcc,DJANGO,not recorded - read off the running server at campaign time (C22),T2,Payment,Write-heavy,Commercial System A,not recorded - read off the running server at campaign time (C22),Non-Indexed,1,14.4 (without indexes),,,,,,1,,,,,,,,restricted,restricted,withheld: section 6 of this system's developer licence forbids disclosing benchmark results for it without the vendor's written approval,,,,,,,,,,,,,not_recorded,not_recorded,not_recorded,not_recorded,not_recorded,,"time.perf_counter, client-side end-to-end","median of measured repetitions, first discarded as warmup",sf1
tpcc,SQLALCHEMY,not recorded - read off the running server at campaign time (C22),T2,Payment,Write-heavy,Commercial System A,not recorded - read off the running server at campaign time (C22),Non-Indexed,1,14.4 (without indexes),,,,,,1,,,,,,,,restricted,restricted,withheld: section 6 of this system's developer licence forbids disclosing benchmark results for it without the vendor's written approval,,,,,,,,,,,,,not_recorded,not_recorded,not_recorded,not_recorded,not_recorded,,"time.perf_counter, client-side end-to-end","median of measured repetitions, first discarded as warmup",sf1
tpcc,DJANGO,not recorded - read off the running server at campaign time (C22),T3,Order-Status,Read-only,Commercial System A,not recorded - read off the running server at campaign time (C22),Non-Indexed,1,14.4 (without indexes),,,,,,1,,,,,,,,restricted,restricted,withheld: section 6 of this system's developer licence forbids disclosing benchmark results for it without the vendor's written approval,,,,,,,,,,,,,not_recorded,not_recorded,not_recorded,not_recorded,not_recorded,,"time.perf_counter, client-side end-to-end","median of measured repetitions, first discarded as warmup",sf1
tpcc,SQLALCHEMY,not recorded - read off the running server at campaign time (C22),T3,Order-Status,Read-only,Commercial System A,not recorded - read off the running server at campaign time (C22),Non-Indexed,1,14.4 (without indexes),,,,,,1,,,,,,,,restricted,restricted,withheld: section 6 of this system's developer licence forbids disclosing benchmark results for it without the vendor's written approval,,,,,,,,,,,,,not_recorded,not_recorded,not_recorded,not_recorded,not_recorded,,"time.perf_counter, client-side end-to-end","median of measured repetitions, first discarded as warmup",sf1
tpcc,DJANGO,not recorded - read off the running server at campaign time (C22),T4,Delivery,Write-heavy,Commercial System A,not recorded - read off the running server at campaign time (C22),Non-Indexed,1,14.4 (without indexes),,,,,,1,,,,,,,,restricted,restricted,withheld: section 6 of this system's developer licence forbids disclosing benchmark results for it without the vendor's written approval,,,,,,,,,,,,,not_recorded,not_recorded,not_recorded,not_recorded,not_recorded,,"time.perf_counter, client-side end-to-end","median of measured repetitions, first discarded as warmup",sf1
tpcc,SQLALCHEMY,not recorded - read off the running server at campaign time (C22),T4,Delivery,Write-heavy,Commercial System A,not recorded - read off the running server at campaign time (C22),Non-Indexed,1,14.4 (without indexes),,,,,,1,,,,,,,,restricted,restricted,withheld: section 6 of this system's developer licence forbids disclosing benchmark results for it without the vendor's written approval,,,,,,,,,,,,,not_recorded,not_recorded,not_recorded,not_recorded,not_recorded,,"time.perf_counter, client-side end-to-end","median of measured repetitions, first discarded as warmup",sf1
tpcc,DJANGO,not recorded - read off the running server at campaign time (C22),T5,Stock-Level,Read-only,Commercial System A,not recorded - read off the running server at campaign time (C22),Non-Indexed,1,14.4 (without indexes),,,,,,1,,,,,,,,restricted,restricted,withheld: section 6 of this system's developer licence forbids disclosing benchmark results for it without the vendor's written approval,,,,,,,,,,,,,not_recorded,not_recorded,not_recorded,not_recorded,not_recorded,,"time.perf_counter, client-side end-to-end","median of measured repetitions, first discarded as warmup",sf1
tpcc,SQLALCHEMY,not recorded - read off the running server at campaign time (C22),T5,Stock-Level,Read-only,Commercial System A,not recorded - read off the running server at campaign time (C22),Non-Indexed,1,14.4 (without indexes),,,,,,1,,,,,,,,restricted,restricted,withheld: section 6 of this system's developer licence forbids disclosing benchmark results for it without the vendor's written approval,,,,,,,,,,,,,not_recorded,not_recorded,not_recorded,not_recorded,not_recorded,,"time.perf_counter, client-side end-to-end","median of measured repetitions, first discarded as warmup",sf1
tpch,DJANGO,not recorded - read off the running server at campaign time (C22),Q01,Pricing Summary Report,Medium,Oracle,not recorded - read off the running server at campaign time (C22),Indexed,1,10.81 (without indexes),4.162422,4.696338,1.1306,13.06,0.5339,4,,,,,,,,ok,ok,,,,,,,,,,,,,,not_recorded,not_recorded,not_recorded,not_recorded,not_recorded,,"time.perf_counter, client-side end-to-end","median of measured repetitions, first discarded as warmup",sf1
tpch,SQLALCHEMY,not recorded - read off the running server at campaign time (C22),Q01,Pricing Summary Report,Medium,Oracle,not recorded - read off the running server at campaign time (C22),Indexed,1,10.81 (without indexes),4.107355,4.781543,1.1592,15.92,0.6742,4,,,,,,,,ok,ok,,,,,,,,,,,,,,not_recorded,not_recorded,not_recorded,not_recorded,not_recorded,,"time.perf_counter, client-side end-to-end","median of measured repetitions, first discarded as warmup",sf1
tpch,DJANGO,not recorded - read off the running server at campaign time (C22),Q02,Minimum Cost Supplier,Complex,Oracle,not recorded - read off the running server at campaign time (C22),Indexed,1,10.81 (without indexes),0.031314,0.092626,2.9784,197.84,0.0613,100,,,,,,,,ok,ok,,,,,,,,,,,,,,not_recorded,not_recorded,not_recorded,not_recorded,not_recorded,,"time.perf_counter, client-side end-to-end","median of measured repetitions, first discarded as warmup",sf1
tpch,SQLALCHEMY,not recorded - read off the running server at campaign time (C22),Q02,Minimum Cost Supplier,Complex,Oracle,not recorded - read off the running server at campaign time (C22),Indexed,1,10.81 (without indexes),0.032076,0.053153,1.6565,65.65,0.0211,100,,,,,,,,ok,ok,,,,,,,,,,,,,,not_recorded,not_recorded,not_recorded,not_recorded,not_recorded,,"time.perf_counter, client-side end-to-end","median of measured repetitions, first discarded as warmup",sf1
tpch,DJANGO,not recorded - read off the running server at campaign time (C22),Q03,Shipping Priority,Medium,Oracle,not recorded - read off the running server at campaign time (C22),Indexed,1,10.81 (without indexes),1.243881,1.114563,0.8962,-10.38,-0.1293,10,,,,,,,,ok,ok,,,,,,,,,,,,,,not_recorded,not_recorded,not_recorded,not_recorded,not_recorded,,"time.perf_counter, client-side end-to-end","median of measured repetitions, first discarded as warmup",sf1
tpch,SQLALCHEMY,not recorded - read off the running server at campaign time (C22),Q03,Shipping Priority,Medium,Oracle,not recorded - read off the running server at campaign time (C22),Indexed,1,10.81 (without indexes),1.114002,1.146327,1.029,2.9,0.0323,10,,,,,,,,ok,ok,,,,,,,,,,,,,,not_recorded,not_recorded,not_recorded,not_recorded,not_recorded,,"time.perf_counter, client-side end-to-end","median of measured repetitions, first discarded as warmup",sf1
tpch,DJANGO,not recorded - read off the running server at campaign time (C22),Q04,Order Priority Checking,Medium,Oracle,not recorded - read off the running server at campaign time (C22),Indexed,1,10.81 (without indexes),1.12934,0.615314,0.5449,-45.51,-0.514,5,,,,,,,,ok,ok,,,,,,,,,,,,,,not_recorded,not_recorded,not_recorded,not_recorded,not_recorded,,"time.perf_counter, client-side end-to-end","median of measured repetitions, first discarded as warmup",sf1
tpch,SQLALCHEMY,not recorded - read off the running server at campaign time (C22),Q04,Order Priority Checking,Medium,Oracle,not recorded - read off the running server at campaign time (C22),Indexed,1,10.81 (without indexes),1.10665,1.118271,1.0114,1.14,0.0116,5,,,,,,,,ok,ok,,,,,,,,,,,,,,not_recorded,not_recorded,not_recorded,not_recorded,not_recorded,,"time.perf_counter, client-side end-to-end","median of measured repetitions, first discarded as warmup",sf1
tpch,DJANGO,not recorded - read off the running server at campaign time (C22),Q05,Local Supplier Volume,Complex,Oracle,not recorded - read off the running server at campaign time (C22),Indexed,1,10.81 (without indexes),1.537381,1.083225,0.7034,-29.66,-0.4542,5,,,,,,,,ok,ok,,,,,,,,,,,,,,not_recorded,not_recorded,not_recorded,not_recorded,not_recorded,,"time.perf_counter, client-side end-to-end","median of measured repetitions, first discarded as warmup",sf1
tpch,SQLALCHEMY,not recorded - read off the running server at campaign time (C22),Q05,Local Supplier Volume,Complex,Oracle,not recorded - read off the running server at campaign time (C22),Indexed,1,10.81 (without indexes),1.522496,1.536519,1.0116,1.16,0.014,5,,,,,,,,ok,ok,,,,,,,,,,,,,,not_recorded,not_recorded,not_recorded,not_recorded,not_recorded,,"time.perf_counter, client-side end-to-end","median of measured repetitions, first discarded as warmup",sf1
tpch,DJANGO,not recorded - read off the running server at campaign time (C22),Q06,Forecasting Revenue Change,Simple,Oracle,not recorded - read off the running server at campaign time (C22),Indexed,1,10.81 (without indexes),0.741966,0.697293,0.9436,-5.64,-0.0447,1,,,,,,,,ok,ok,,,,,,,,,,,,,,not_recorded,not_recorded,not_recorded,not_recorded,not_recorded,,"time.perf_counter, client-side end-to-end","median of measured repetitions, first discarded as warmup",sf1
tpch,SQLALCHEMY,not recorded - read off the running server at campaign time (C22),Q06,Forecasting Revenue Change,Simple,Oracle,not recorded - read off the running server at campaign time (C22),Indexed,1,10.81 (without indexes),0.696528,0.695526,1.0057,0.57,-0.001,1,,,,,,,,ok,ok,,,,,,,,,,,,,,not_recorded,not_recorded,not_recorded,not_recorded,not_recorded,,"time.perf_counter, client-side end-to-end","median of measured repetitions, first discarded as warmup",sf1
tpch,DJANGO,not recorded - read off the running server at campaign time (C22),Q07,Volume Shipping,Complex,Oracle,not recorded - read off the running server at campaign time (C22),Indexed,1,10.81 (without indexes),1.267054,1.274077,1.0052,0.52,0.007,4,,,,,,,,ok,ok,,,,,,,,,,,,,,not_recorded,not_recorded,not_recorded,not_recorded,not_recorded,,"time.perf_counter, client-side end-to-end","median of measured repetitions, first discarded as warmup",sf1
tpch,SQLALCHEMY,not recorded - read off the running server at campaign time (C22),Q07,Volume Shipping,Complex,Oracle,not recorded - read off the running server at campaign time (C22),Indexed,1,10.81 (without indexes),1.270263,1.273869,1.0031,0.31,0.0036,4,,,,,,,,ok,ok,,,,,,,,,,,,,,not_recorded,not_recorded,not_recorded,not_recorded,not_recorded,,"time.perf_counter, client-side end-to-end","median of measured repetitions, first discarded as warmup",sf1
tpch,DJANGO,not recorded - read off the running server at campaign time (C22),Q08,National Market Share,Very Complex,Oracle,not recorded - read off the running server at campaign time (C22),Indexed,1,10.81 (without indexes),1.123838,1.129486,1.005,0.5,0.0056,2,,,,,,,,ok,ok,,,,,,,,,,,,,,not_recorded,not_recorded,not_recorded,not_recorded,not_recorded,,"time.perf_counter, client-side end-to-end","median of measured repetitions, first discarded as warmup",sf1
tpch,SQLALCHEMY,not recorded - read off the running server at campaign time (C22),Q08,National Market Share,Very Complex,Oracle,not recorded - read off the running server at campaign time (C22),Indexed,1,10.81 (without indexes),1.12817,1.127932,0.9995,-0.05,-0.0002,2,,,,,,,,ok,ok,,,,,,,,,,,,,,not_recorded,not_recorded,not_recorded,not_recorded,not_recorded,,"time.perf_counter, client-side end-to-end","median of measured repetitions, first discarded as warmup",sf1
tpch,DJANGO,not recorded - read off the running server at campaign time (C22),Q09,Product Type Profit Measure,Very Complex,Oracle,not recorded - read off the running server at campaign time (C22),Indexed,1,10.81 (without indexes),2.276902,3.943551,1.7562,75.62,1.6666,175,,,,,,,,ok,ok,,,,,,,,,,,,,,not_recorded,not_recorded,not_recorded,not_recorded,not_recorded,,"time.perf_counter, client-side end-to-end","median of measured repetitions, first discarded as warmup",sf1
tpch,SQLALCHEMY,not recorded - read off the running server at campaign time (C22),Q09,Product Type Profit Measure,Very Complex,Oracle,not recorded - read off the running server at campaign time (C22),Indexed,1,10.81 (without indexes),2.315551,2.355272,1.0177,1.77,0.0397,175,,,,,,,,ok,ok,,,,,,,,,,,,,,not_recorded,not_recorded,not_recorded,not_recorded,not_recorded,,"time.perf_counter, client-side end-to-end","median of measured repetitions, first discarded as warmup",sf1
tpch,DJANGO,not recorded - read off the running server at campaign time (C22),Q10,Returned Item Reporting,Complex,Oracle,not recorded - read off the running server at campaign time (C22),Indexed,1,10.81 (without indexes),0.951467,0.956915,1.0036,0.36,0.0054,20,,,,,,,,ok,ok,,,,,,,,,,,,,,not_recorded,not_recorded,not_recorded,not_recorded,not_recorded,,"time.perf_counter, client-side end-to-end","median of measured repetitions, first discarded as warmup",sf1
tpch,SQLALCHEMY,not recorded - read off the running server at campaign time (C22),Q10,Returned Item Reporting,Complex,Oracle,not recorded - read off the running server at campaign time (C22),Indexed,1,10.81 (without indexes),0.950834,0.985037,1.0339,3.39,0.0342,20,,,,,,,,ok,ok,,,,,,,,,,,,,,not_recorded,not_recorded,not_recorded,not_recorded,not_recorded,,"time.perf_counter, client-side end-to-end","median of measured repetitions, first discarded as warmup",sf1
tpch,DJANGO,not recorded - read off the running server at campaign time (C22),Q11,Important Stock Identification,Medium,Oracle,not recorded - read off the running server at campaign time (C22),Indexed,1,10.81 (without indexes),0.283543,0.499477,1.7606,76.06,0.2159,1048,,,,,,,,ok,ok,,,,,,,,,,,,,,not_recorded,not_recorded,not_recorded,not_recorded,not_recorded,,"time.perf_counter, client-side end-to-end","median of measured repetitions, first discarded as warmup",sf1
tpch,SQLALCHEMY,not recorded - read off the running server at campaign time (C22),Q11,Important Stock Identification,Medium,Oracle,not recorded - read off the running server at campaign time (C22),Indexed,1,10.81 (without indexes),0.280597,0.506018,1.7913,79.13,0.2254,1048,,,,,,,,ok,ok,,,,,,,,,,,,,,not_recorded,not_recorded,not_recorded,not_recorded,not_recorded,,"time.perf_counter, client-side end-to-end","median of measured repetitions, first discarded as warmup",sf1
tpch,DJANGO,not recorded - read off the running server at campaign time (C22),Q12,Shipping Modes and Order Priority,Medium,Oracle,not recorded - read off the running server at campaign time (C22),Indexed,1,10.81 (without indexes),1.073456,0.408903,0.3814,-61.86,-0.6646,2,,,,,,,,ok,ok,,,,,,,,,,,,,,not_recorded,not_recorded,not_recorded,not_recorded,not_recorded,,"time.perf_counter, client-side end-to-end","median of measured repetitions, first discarded as warmup",sf1
tpch,SQLALCHEMY,not recorded - read off the running server at campaign time (C22),Q12,Shipping Modes and Order Priority,Medium,Oracle,not recorded - read off the running server at campaign time (C22),Indexed,1,10.81 (without indexes),1.072939,0.399998,0.373,-62.7,-0.6729,2,,,,,,,,ok,ok,,,,,,,,,,,,,,not_recorded,not_recorded,not_recorded,not_recorded,not_recorded,,"time.perf_counter, client-side end-to-end","median of measured repetitions, first discarded as warmup",sf1
tpch,DJANGO,not recorded - read off the running server at campaign time (C22),Q13,Customer Distribution,Complex,Oracle,not recorded - read off the running server at campaign time (C22),Indexed,1,10.81 (without indexes),1.341384,,,,,,,,,,,,,ok,not_expressible,not expressible in this ORM on this vendor (C17),,,,,,,,,,,,,not_recorded,not_recorded,not_recorded,not_recorded,not_recorded,,"time.perf_counter, client-side end-to-end","median of measured repetitions, first discarded as warmup",sf1
tpch,SQLALCHEMY,not recorded - read off the running server at campaign time (C22),Q13,Customer Distribution,Complex,Oracle,not recorded - read off the running server at campaign time (C22),Indexed,1,10.81 (without indexes),1.336064,1.306702,0.9784,-2.16,-0.0294,42,,,,,,,,ok,ok,,,,,,,,,,,,,,not_recorded,not_recorded,not_recorded,not_recorded,not_recorded,,"time.perf_counter, client-side end-to-end","median of measured repetitions, first discarded as warmup",sf1
tpch,DJANGO,not recorded - read off the running server at campaign time (C22),Q14,Promotion Effect,Simple,Oracle,not recorded - read off the running server at campaign time (C22),Indexed,1,10.81 (without indexes),0.745111,0.758391,1.0142,1.42,0.0133,1,,,,,,,,ok,ok,,,,,,,,,,,,,,not_recorded,not_recorded,not_recorded,not_recorded,not_recorded,,"time.perf_counter, client-side end-to-end","median of measured repetitions, first discarded as warmup",sf1
tpch,SQLALCHEMY,not recorded - read off the running server at campaign time (C22),Q14,Promotion Effect,Simple,Oracle,not recorded - read off the running server at campaign time (C22),Indexed,1,10.81 (without indexes),0.747521,0.753594,1.0057,0.57,0.0061,1,,,,,,,,ok,ok,,,,,,,,,,,,,,not_recorded,not_recorded,not_recorded,not_recorded,not_recorded,,"time.perf_counter, client-side end-to-end","median of measured repetitions, first discarded as warmup",sf1
tpch,DJANGO,not recorded - read off the running server at campaign time (C22),Q15,Top Supplier,Complex,Oracle,not recorded - read off the running server at campaign time (C22),Indexed,1,10.81 (without indexes),0.770192,1.631521,2.0677,106.77,0.8613,1,,,,,,,,ok,ok,,,,,,,,,,,,,,not_recorded,not_recorded,not_recorded,not_recorded,not_recorded,,"time.perf_counter, client-side end-to-end","median of measured repetitions, first discarded as warmup",sf1
tpch,SQLALCHEMY,not recorded - read off the running server at campaign time (C22),Q15,Top Supplier,Complex,Oracle,not recorded - read off the running server at campaign time (C22),Indexed,1,10.81 (without indexes),0.768727,1.933506,2.4607,146.07,1.1648,1,,,,,,,,ok,ok,,,,,,,,,,,,,,not_recorded,not_recorded,not_recorded,not_recorded,not_recorded,,"time.perf_counter, client-side end-to-end","median of measured repetitions, first discarded as warmup",sf1
tpch,DJANGO,not recorded - read off the running server at campaign time (C22),Q16,Parts/Supplier Relationship,Medium,Oracle,not recorded - read off the running server at campaign time (C22),Indexed,1,10.81 (without indexes),0.354625,0.379574,1.0799,7.99,0.0249,18314,,,,,,,,ok,ok,,,,,,,,,,,,,,not_recorded,not_recorded,not_recorded,not_recorded,not_recorded,,"time.perf_counter, client-side end-to-end","median of measured repetitions, first discarded as warmup",sf1
tpch,SQLALCHEMY,not recorded - read off the running server at campaign time (C22),Q16,Parts/Supplier Relationship,Medium,Oracle,not recorded - read off the running server at campaign time (C22),Indexed,1,10.81 (without indexes),0.360953,0.419582,1.1654,16.54,0.0586,18314,,,,,,,,ok,ok,,,,,,,,,,,,,,not_recorded,not_recorded,not_recorded,not_recorded,not_recorded,,"time.perf_counter, client-side end-to-end","median of measured repetitions, first discarded as warmup",sf1
tpch,DJANGO,not recorded - read off the running server at campaign time (C22),Q17,Small-Quantity-Order Revenue,Complex,Oracle,not recorded - read off the running server at campaign time (C22),Indexed,1,10.81 (without indexes),0.046523,0.053681,1.1534,15.34,0.0072,1,,,,,,,,ok,ok,,,,,,,,,,,,,,not_recorded,not_recorded,not_recorded,not_recorded,not_recorded,,"time.perf_counter, client-side end-to-end","median of measured repetitions, first discarded as warmup",sf1
tpch,SQLALCHEMY,not recorded - read off the running server at campaign time (C22),Q17,Small-Quantity-Order Revenue,Complex,Oracle,not recorded - read off the running server at campaign time (C22),Indexed,1,10.81 (without indexes),0.046703,0.049427,1.0592,5.92,0.0027,1,,,,,,,,ok,ok,,,,,,,,,,,,,,not_recorded,not_recorded,not_recorded,not_recorded,not_recorded,,"time.perf_counter, client-side end-to-end","median of measured repetitions, first discarded as warmup",sf1
tpch,DJANGO,not recorded - read off the running server at campaign time (C22),Q18,Large Volume Customer,Complex,Oracle,not recorded - read off the running server at campaign time (C22),Indexed,1,10.81 (without indexes),2.270468,2.303058,1.0152,1.52,0.0326,57,,,,,,,,ok,ok,,,,,,,,,,,,,,not_recorded,not_recorded,not_recorded,not_recorded,not_recorded,,"time.perf_counter, client-side end-to-end","median of measured repetitions, first discarded as warmup",sf1
tpch,SQLALCHEMY,not recorded - read off the running server at campaign time (C22),Q18,Large Volume Customer,Complex,Oracle,not recorded - read off the running server at campaign time (C22),Indexed,1,10.81 (without indexes),2.272571,2.274665,1.0015,0.15,0.0021,57,,,,,,,,ok,ok,,,,,,,,,,,,,,not_recorded,not_recorded,not_recorded,not_recorded,not_recorded,,"time.perf_counter, client-side end-to-end","median of measured repetitions, first discarded as warmup",sf1
tpch,DJANGO,not recorded - read off the running server at campaign time (C22),Q19,Discounted Revenue,Simple,Oracle,not recorded - read off the running server at campaign time (C22),Indexed,1,10.81 (without indexes),0.093175,0.099127,1.056,5.6,0.006,1,,,,,,,,ok,ok,,,,,,,,,,,,,,not_recorded,not_recorded,not_recorded,not_recorded,not_recorded,,"time.perf_counter, client-side end-to-end","median of measured repetitions, first discarded as warmup",sf1
tpch,SQLALCHEMY,not recorded - read off the running server at campaign time (C22),Q19,Discounted Revenue,Simple,Oracle,not recorded - read off the running server at campaign time (C22),Indexed,1,10.81 (without indexes),0.09304,0.098412,1.0479,4.79,0.0054,1,,,,,,,,ok,ok,,,,,,,,,,,,,,not_recorded,not_recorded,not_recorded,not_recorded,not_recorded,,"time.perf_counter, client-side end-to-end","median of measured repetitions, first discarded as warmup",sf1
tpch,DJANGO,not recorded - read off the running server at campaign time (C22),Q20,Potential Part Promotion,Complex,Oracle,not recorded - read off the running server at campaign time (C22),Indexed,1,10.81 (without indexes),0.872229,0.206575,0.236,-76.4,-0.6657,186,,,,,,,,ok,ok,,,,,,,,,,,,,,not_recorded,not_recorded,not_recorded,not_recorded,not_recorded,,"time.perf_counter, client-side end-to-end","median of measured repetitions, first discarded as warmup",sf1
tpch,SQLALCHEMY,not recorded - read off the running server at campaign time (C22),Q20,Potential Part Promotion,Complex,Oracle,not recorded - read off the running server at campaign time (C22),Indexed,1,10.81 (without indexes),0.867255,0.867582,1.0009,0.09,0.0003,186,,,,,,,,ok,ok,,,,,,,,,,,,,,not_recorded,not_recorded,not_recorded,not_recorded,not_recorded,,"time.perf_counter, client-side end-to-end","median of measured repetitions, first discarded as warmup",sf1
tpch,DJANGO,not recorded - read off the running server at campaign time (C22),Q21,Suppliers Who Kept Orders Waiting,Very Complex,Oracle,not recorded - read off the running server at campaign time (C22),Indexed,1,10.81 (without indexes),3.13871,2.626123,0.8844,-11.56,-0.5126,100,,,,,,,,ok,ok,,,,,,,,,,,,,,not_recorded,not_recorded,not_recorded,not_recorded,not_recorded,,"time.perf_counter, client-side end-to-end","median of measured repetitions, first discarded as warmup",sf1
tpch,SQLALCHEMY,not recorded - read off the running server at campaign time (C22),Q21,Suppliers Who Kept Orders Waiting,Very Complex,Oracle,not recorded - read off the running server at campaign time (C22),Indexed,1,10.81 (without indexes),2.94297,3.070214,1.0033,0.33,0.1272,100,,,,,,,,ok,ok,,,,,,,,,,,,,,not_recorded,not_recorded,not_recorded,not_recorded,not_recorded,,"time.perf_counter, client-side end-to-end","median of measured repetitions, first discarded as warmup",sf1
tpch,DJANGO,not recorded - read off the running server at campaign time (C22),Q22,Global Sales Opportunity,Very Complex,Oracle,not recorded - read off the running server at campaign time (C22),Indexed,1,10.81 (without indexes),0.215315,0.315375,1.4647,46.47,0.1001,7,,,,,,,,ok,ok,,,,,,,,,,,,,,not_recorded,not_recorded,not_recorded,not_recorded,not_recorded,,"time.perf_counter, client-side end-to-end","median of measured repetitions, first discarded as warmup",sf1
tpch,SQLALCHEMY,not recorded - read off the running server at campaign time (C22),Q22,Global Sales Opportunity,Very Complex,Oracle,not recorded - read off the running server at campaign time (C22),Indexed,1,10.81 (without indexes),0.216676,0.22023,1.0164,1.64,0.0036,7,,,,,,,,ok,ok,,,,,,,,,,,,,,not_recorded,not_recorded,not_recorded,not_recorded,not_recorded,,"time.perf_counter, client-side end-to-end","median of measured repetitions, first discarded as warmup",sf1
tpcc,DJANGO,not recorded - read off the running server at campaign time (C22),T1,New-Order,Write-heavy,Oracle,not recorded - read off the running server at campaign time (C22),Indexed,1,10.81 (without indexes),0.038294,0.072501,1.8933,89.33,0.0342,1,0.03151,0.049362,22.7,0.054391,0.077122,17.7,3,ok,ok,"drift: new_order +16, order +16, order_line +160 | drift: new_order +16, order +16, order_line +160",,,,,,,,,,,,,not_recorded,not_recorded,not_recorded,not_recorded,not_recorded,,"time.perf_counter, client-side end-to-end","median of measured repetitions, first discarded as warmup",sf1
tpcc,SQLALCHEMY,not recorded - read off the running server at campaign time (C22),T1,New-Order,Write-heavy,Oracle,not recorded - read off the running server at campaign time (C22),Indexed,1,10.81 (without indexes),0.027604,0.045568,1.6508,65.08,0.018,1,0.026748,0.043701,29.2,0.037834,0.060159,23.7,3,ok,ok,"drift: new_order +16, order +16, order_line +160 | drift: new_order +16, order +16, order_line +160",,,,,,,,,,,,,not_recorded,not_recorded,not_recorded,not_recorded,not_recorded,,"time.perf_counter, client-side end-to-end","median of measured repetitions, first discarded as warmup",sf1
tpcc,DJANGO,not recorded - read off the running server at campaign time (C22),T2,Payment,Write-heavy,Oracle,not recorded - read off the running server at campaign time (C22),Indexed,1,10.81 (without indexes),0.00515,0.013169,2.5571,155.71,0.008,1,0.005007,0.012383,56.1,0.012025,0.02348,38.9,3,ok,ok,drift: history +16 | drift: history +16,,,,,,,,,,,,,not_recorded,not_recorded,not_recorded,not_recorded,not_recorded,,"time.perf_counter, client-side end-to-end","median of measured repetitions, first discarded as warmup",sf1
tpcc,SQLALCHEMY,not recorded - read off the running server at campaign time (C22),T2,Payment,Write-heavy,Oracle,not recorded - read off the running server at campaign time (C22),Indexed,1,10.81 (without indexes),0.005973,0.012296,2.0586,105.86,0.0063,1,0.005277,0.006499,10.4,0.012105,0.013529,6.1,3,ok,ok,drift: history +16 | drift: history +16,,,,,,,,,,,,,not_recorded,not_recorded,not_recorded,not_recorded,not_recorded,,"time.perf_counter, client-side end-to-end","median of measured repetitions, first discarded as warmup",sf1
tpcc,DJANGO,not recorded - read off the running server at campaign time (C22),T3,Order-Status,Read-only,Oracle,not recorded - read off the running server at campaign time (C22),Indexed,1,10.81 (without indexes),0.007946,0.010524,1.3244,32.44,0.0026,1,0.002941,0.008988,48.8,0.007052,0.013497,31.1,3,ok,ok,,,,,,,,,,,,,,not_recorded,not_recorded,not_recorded,not_recorded,not_recorded,,"time.perf_counter, client-side end-to-end","median of measured repetitions, first discarded as warmup",sf1
tpcc,SQLALCHEMY,not recorded - read off the running server at campaign time (C22),T3,Order-Status,Read-only,Oracle,not recorded - read off the running server at campaign time (C22),Indexed,1,10.81 (without indexes),0.005526,0.008772,1.5874,58.74,0.0032,1,0.003374,0.010568,56.9,0.007077,0.011868,26.3,3,ok,ok,,,,,,,,,,,,,,not_recorded,not_recorded,not_recorded,not_recorded,not_recorded,,"time.perf_counter, client-side end-to-end","median of measured repetitions, first discarded as warmup",sf1
tpcc,DJANGO,not recorded - read off the running server at campaign time (C22),T4,Delivery,Write-heavy,Oracle,not recorded - read off the running server at campaign time (C22),Indexed,1,10.81 (without indexes),0.040919,0.111551,2.7261,172.61,0.0706,1,0.039667,0.044763,6.4,0.107986,0.115032,3.2,3,ok,ok,drift: new_order -160 | drift: new_order -160,,,,,,,,,,,,,not_recorded,not_recorded,not_recorded,not_recorded,not_recorded,,"time.perf_counter, client-side end-to-end","median of measured repetitions, first discarded as warmup",sf1
tpcc,SQLALCHEMY,not recorded - read off the running server at campaign time (C22),T4,Delivery,Write-heavy,Oracle,not recorded - read off the running server at campaign time (C22),Indexed,1,10.81 (without indexes),0.041892,0.108424,2.5882,158.82,0.0665,1,0.041838,0.043568,2.3,0.106379,0.118452,5.8,3,ok,ok,drift: new_order -160 | drift: new_order -160,,,,,,,,,,,,,not_recorded,not_recorded,not_recorded,not_recorded,not_recorded,,"time.perf_counter, client-side end-to-end","median of measured repetitions, first discarded as warmup",sf1
tpcc,DJANGO,not recorded - read off the running server at campaign time (C22),T5,Stock-Level,Read-only,Oracle,not recorded - read off the running server at campaign time (C22),Indexed,1,10.81 (without indexes),0.10158,0.114356,1.1258,12.58,0.0128,1,0.09923,0.108258,4.5,0.098947,0.125202,11.7,3,ok,ok,,,,,,,,,,,,,,not_recorded,not_recorded,not_recorded,not_recorded,not_recorded,,"time.perf_counter, client-side end-to-end","median of measured repetitions, first discarded as warmup",sf1
tpcc,SQLALCHEMY,not recorded - read off the running server at campaign time (C22),T5,Stock-Level,Read-only,Oracle,not recorded - read off the running server at campaign time (C22),Indexed,1,10.81 (without indexes),0.102811,0.1032,1.0038,0.38,0.0004,1,0.085568,0.108515,12.1,0.020772,0.109324,63.6,3,ok,ok,,,,,,,,,,,,,,not_recorded,not_recorded,not_recorded,not_recorded,not_recorded,,"time.perf_counter, client-side end-to-end","median of measured repetitions, first discarded as warmup",sf1
tpch,DJANGO,not recorded - read off the running server at campaign time (C22),Q01,Pricing Summary Report,Medium,Oracle,not recorded - read off the running server at campaign time (C22),Non-Indexed,1,10.81 (without indexes),4.192701,4.72618,1.1272,12.72,0.5335,4,,,,,,,,ok,ok,,,,,,,,,,,,,,not_recorded,not_recorded,not_recorded,not_recorded,not_recorded,,"time.perf_counter, client-side end-to-end","median of measured repetitions, first discarded as warmup",sf1
tpch,SQLALCHEMY,not recorded - read off the running server at campaign time (C22),Q01,Pricing Summary Report,Medium,Oracle,not recorded - read off the running server at campaign time (C22),Non-Indexed,1,10.81 (without indexes),4.059235,4.714839,1.1652,16.52,0.6556,4,,,,,,,,ok,ok,,,,,,,,,,,,,,not_recorded,not_recorded,not_recorded,not_recorded,not_recorded,,"time.perf_counter, client-side end-to-end","median of measured repetitions, first discarded as warmup",sf1
tpch,DJANGO,not recorded - read off the running server at campaign time (C22),Q02,Minimum Cost Supplier,Complex,Oracle,not recorded - read off the running server at campaign time (C22),Non-Indexed,1,10.81 (without indexes),0.032764,0.104899,3.246,224.6,0.0721,100,,,,,,,,ok,ok,,,,,,,,,,,,,,not_recorded,not_recorded,not_recorded,not_recorded,not_recorded,,"time.perf_counter, client-side end-to-end","median of measured repetitions, first discarded as warmup",sf1
tpch,SQLALCHEMY,not recorded - read off the running server at campaign time (C22),Q02,Minimum Cost Supplier,Complex,Oracle,not recorded - read off the running server at campaign time (C22),Non-Indexed,1,10.81 (without indexes),0.03301,0.048425,1.4655,46.55,0.0154,100,,,,,,,,ok,ok,,,,,,,,,,,,,,not_recorded,not_recorded,not_recorded,not_recorded,not_recorded,,"time.perf_counter, client-side end-to-end","median of measured repetitions, first discarded as warmup",sf1
tpch,DJANGO,not recorded - read off the running server at campaign time (C22),Q03,Shipping Priority,Medium,Oracle,not recorded - read off the running server at campaign time (C22),Non-Indexed,1,10.81 (without indexes),1.196891,1.06791,0.8923,-10.77,-0.129,10,,,,,,,,ok,ok,,,,,,,,,,,,,,not_recorded,not_recorded,not_recorded,not_recorded,not_recorded,,"time.perf_counter, client-side end-to-end","median of measured repetitions, first discarded as warmup",sf1
tpch,SQLALCHEMY,not recorded - read off the running server at campaign time (C22),Q03,Shipping Priority,Medium,Oracle,not recorded - read off the running server at campaign time (C22),Non-Indexed,1,10.81 (without indexes),1.077644,1.106378,1.0277,2.77,0.0287,10,,,,,,,,ok,ok,,,,,,,,,,,,,,not_recorded,not_recorded,not_recorded,not_recorded,not_recorded,,"time.perf_counter, client-side end-to-end","median of measured repetitions, first discarded as warmup",sf1
tpch,DJANGO,not recorded - read off the running server at campaign time (C22),Q04,Order Priority Checking,Medium,Oracle,not recorded - read off the running server at campaign time (C22),Non-Indexed,1,10.81 (without indexes),1.078267,0.621295,0.577,-42.3,-0.457,5,,,,,,,,ok,ok,,,,,,,,,,,,,,not_recorded,not_recorded,not_recorded,not_recorded,not_recorded,,"time.perf_counter, client-side end-to-end","median of measured repetitions, first discarded as warmup",sf1
tpch,SQLALCHEMY,not recorded - read off the running server at campaign time (C22),Q04,Order Priority Checking,Medium,Oracle,not recorded - read off the running server at campaign time (C22),Non-Indexed,1,10.81 (without indexes),1.076331,1.089494,1.0108,1.08,0.0132,5,,,,,,,,ok,ok,,,,,,,,,,,,,,not_recorded,not_recorded,not_recorded,not_recorded,not_recorded,,"time.perf_counter, client-side end-to-end","median of measured repetitions, first discarded as warmup",sf1
tpch,DJANGO,not recorded - read off the running server at campaign time (C22),Q05,Local Supplier Volume,Complex,Oracle,not recorded - read off the running server at campaign time (C22),Non-Indexed,1,10.81 (without indexes),1.380109,1.022604,0.7398,-26.02,-0.3575,5,,,,,,,,ok,ok,,,,,,,,,,,,,,not_recorded,not_recorded,not_recorded,not_recorded,not_recorded,,"time.perf_counter, client-side end-to-end","median of measured repetitions, first discarded as warmup",sf1
tpch,SQLALCHEMY,not recorded - read off the running server at campaign time (C22),Q05,Local Supplier Volume,Complex,Oracle,not recorded - read off the running server at campaign time (C22),Non-Indexed,1,10.81 (without indexes),1.377041,1.409474,1.0181,1.81,0.0324,5,,,,,,,,ok,ok,,,,,,,,,,,,,,not_recorded,not_recorded,not_recorded,not_recorded,not_recorded,,"time.perf_counter, client-side end-to-end","median of measured repetitions, first discarded as warmup",sf1
tpch,DJANGO,not recorded - read off the running server at campaign time (C22),Q06,Forecasting Revenue Change,Simple,Oracle,not recorded - read off the running server at campaign time (C22),Non-Indexed,1,10.81 (without indexes),0.752151,0.708535,0.9422,-5.78,-0.0436,1,,,,,,,,ok,ok,,,,,,,,,,,,,,not_recorded,not_recorded,not_recorded,not_recorded,not_recorded,,"time.perf_counter, client-side end-to-end","median of measured repetitions, first discarded as warmup",sf1
tpch,SQLALCHEMY,not recorded - read off the running server at campaign time (C22),Q06,Forecasting Revenue Change,Simple,Oracle,not recorded - read off the running server at campaign time (C22),Non-Indexed,1,10.81 (without indexes),0.706039,0.709592,1.0067,0.67,0.0036,1,,,,,,,,ok,ok,,,,,,,,,,,,,,not_recorded,not_recorded,not_recorded,not_recorded,not_recorded,,"time.perf_counter, client-side end-to-end","median of measured repetitions, first discarded as warmup",sf1
tpch,DJANGO,not recorded - read off the running server at campaign time (C22),Q07,Volume Shipping,Complex,Oracle,not recorded - read off the running server at campaign time (C22),Non-Indexed,1,10.81 (without indexes),1.228662,1.222396,0.9944,-0.56,-0.0063,4,,,,,,,,ok,ok,,,,,,,,,,,,,,not_recorded,not_recorded,not_recorded,not_recorded,not_recorded,,"time.perf_counter, client-side end-to-end","median of measured repetitions, first discarded as warmup",sf1
tpch,SQLALCHEMY,not recorded - read off the running server at campaign time (C22),Q07,Volume Shipping,Complex,Oracle,not recorded - read off the running server at campaign time (C22),Non-Indexed,1,10.81 (without indexes),1.215527,1.216179,1.0021,0.21,0.0007,4,,,,,,,,ok,ok,,,,,,,,,,,,,,not_recorded,not_recorded,not_recorded,not_recorded,not_recorded,,"time.perf_counter, client-side end-to-end","median of measured repetitions, first discarded as warmup",sf1
tpch,DJANGO,not recorded - read off the running server at campaign time (C22),Q08,National Market Share,Very Complex,Oracle,not recorded - read off the running server at campaign time (C22),Non-Indexed,1,10.81 (without indexes),1.070644,1.074504,1.0042,0.42,0.0039,2,,,,,,,,ok,ok,,,,,,,,,,,,,,not_recorded,not_recorded,not_recorded,not_recorded,not_recorded,,"time.perf_counter, client-side end-to-end","median of measured repetitions, first discarded as warmup",sf1
tpch,SQLALCHEMY,not recorded - read off the running server at campaign time (C22),Q08,National Market Share,Very Complex,Oracle,not recorded - read off the running server at campaign time (C22),Non-Indexed,1,10.81 (without indexes),1.079443,1.079678,0.999,-0.1,0.0002,2,,,,,,,,ok,ok,,,,,,,,,,,,,,not_recorded,not_recorded,not_recorded,not_recorded,not_recorded,,"time.perf_counter, client-side end-to-end","median of measured repetitions, first discarded as warmup",sf1
tpch,DJANGO,not recorded - read off the running server at campaign time (C22),Q09,Product Type Profit Measure,Very Complex,Oracle,not recorded - read off the running server at campaign time (C22),Non-Indexed,1,10.81 (without indexes),2.295763,3.945568,1.7289,72.89,1.6498,175,,,,,,,,ok,ok,,,,,,,,,,,,,,not_recorded,not_recorded,not_recorded,not_recorded,not_recorded,,"time.perf_counter, client-side end-to-end","median of measured repetitions, first discarded as warmup",sf1
tpch,SQLALCHEMY,not recorded - read off the running server at campaign time (C22),Q09,Product Type Profit Measure,Very Complex,Oracle,not recorded - read off the running server at campaign time (C22),Non-Indexed,1,10.81 (without indexes),2.270593,2.396618,1.0137,1.37,0.126,175,,,,,,,,ok,ok,,,,,,,,,,,,,,not_recorded,not_recorded,not_recorded,not_recorded,not_recorded,,"time.perf_counter, client-side end-to-end","median of measured repetitions, first discarded as warmup",sf1
tpch,DJANGO,not recorded - read off the running server at campaign time (C22),Q10,Returned Item Reporting,Complex,Oracle,not recorded - read off the running server at campaign time (C22),Non-Indexed,1,10.81 (without indexes),0.945902,0.949519,1.0059,0.59,0.0036,20,,,,,,,,ok,ok,,,,,,,,,,,,,,not_recorded,not_recorded,not_recorded,not_recorded,not_recorded,,"time.perf_counter, client-side end-to-end","median of measured repetitions, first discarded as warmup",sf1
tpch,SQLALCHEMY,not recorded - read off the running server at campaign time (C22),Q10,Returned Item Reporting,Complex,Oracle,not recorded - read off the running server at campaign time (C22),Non-Indexed,1,10.81 (without indexes),0.948241,0.977701,1.031,3.1,0.0295,20,,,,,,,,ok,ok,,,,,,,,,,,,,,not_recorded,not_recorded,not_recorded,not_recorded,not_recorded,,"time.perf_counter, client-side end-to-end","median of measured repetitions, first discarded as warmup",sf1
tpch,DJANGO,not recorded - read off the running server at campaign time (C22),Q11,Important Stock Identification,Medium,Oracle,not recorded - read off the running server at campaign time (C22),Non-Indexed,1,10.81 (without indexes),0.277309,0.488999,1.7634,76.34,0.2117,1048,,,,,,,,ok,ok,,,,,,,,,,,,,,not_recorded,not_recorded,not_recorded,not_recorded,not_recorded,,"time.perf_counter, client-side end-to-end","median of measured repetitions, first discarded as warmup",sf1
tpch,SQLALCHEMY,not recorded - read off the running server at campaign time (C22),Q11,Important Stock Identification,Medium,Oracle,not recorded - read off the running server at campaign time (C22),Non-Indexed,1,10.81 (without indexes),0.280139,0.491856,1.7666,76.66,0.2117,1048,,,,,,,,ok,ok,,,,,,,,,,,,,,not_recorded,not_recorded,not_recorded,not_recorded,not_recorded,,"time.perf_counter, client-side end-to-end","median of measured repetitions, first discarded as warmup",sf1
tpch,DJANGO,not recorded - read off the running server at campaign time (C22),Q12,Shipping Modes and Order Priority,Medium,Oracle,not recorded - read off the running server at campaign time (C22),Non-Indexed,1,10.81 (without indexes),1.12062,1.328137,1.0373,3.73,0.2075,2,,,,,,,,ok,ok,,,,,,,,,,,,,,not_recorded,not_recorded,not_recorded,not_recorded,not_recorded,,"time.perf_counter, client-side end-to-end","median of measured repetitions, first discarded as warmup",sf1
tpch,SQLALCHEMY,not recorded - read off the running server at campaign time (C22),Q12,Shipping Modes and Order Priority,Medium,Oracle,not recorded - read off the running server at campaign time (C22),Non-Indexed,1,10.81 (without indexes),1.120112,1.245093,0.9737,-2.63,0.125,2,,,,,,,,ok,ok,,,,,,,,,,,,,,not_recorded,not_recorded,not_recorded,not_recorded,not_recorded,,"time.perf_counter, client-side end-to-end","median of measured repetitions, first discarded as warmup",sf1
tpch,DJANGO,not recorded - read off the running server at campaign time (C22),Q13,Customer Distribution,Complex,Oracle,not recorded - read off the running server at campaign time (C22),Non-Indexed,1,10.81 (without indexes),1.334474,,,,,,,,,,,,,ok,not_expressible,not expressible in this ORM on this vendor (C17),,,,,,,,,,,,,not_recorded,not_recorded,not_recorded,not_recorded,not_recorded,,"time.perf_counter, client-side end-to-end","median of measured repetitions, first discarded as warmup",sf1
tpch,SQLALCHEMY,not recorded - read off the running server at campaign time (C22),Q13,Customer Distribution,Complex,Oracle,not recorded - read off the running server at campaign time (C22),Non-Indexed,1,10.81 (without indexes),1.333621,1.302852,0.9792,-2.08,-0.0308,42,,,,,,,,ok,ok,,,,,,,,,,,,,,not_recorded,not_recorded,not_recorded,not_recorded,not_recorded,,"time.perf_counter, client-side end-to-end","median of measured repetitions, first discarded as warmup",sf1
tpch,DJANGO,not recorded - read off the running server at campaign time (C22),Q14,Promotion Effect,Simple,Oracle,not recorded - read off the running server at campaign time (C22),Non-Indexed,1,10.81 (without indexes),0.742802,0.755103,1.0123,1.23,0.0123,1,,,,,,,,ok,ok,,,,,,,,,,,,,,not_recorded,not_recorded,not_recorded,not_recorded,not_recorded,,"time.perf_counter, client-side end-to-end","median of measured repetitions, first discarded as warmup",sf1
tpch,SQLALCHEMY,not recorded - read off the running server at campaign time (C22),Q14,Promotion Effect,Simple,Oracle,not recorded - read off the running server at campaign time (C22),Non-Indexed,1,10.81 (without indexes),0.741221,0.750102,1.006,0.6,0.0089,1,,,,,,,,ok,ok,,,,,,,,,,,,,,not_recorded,not_recorded,not_recorded,not_recorded,not_recorded,,"time.perf_counter, client-side end-to-end","median of measured repetitions, first discarded as warmup",sf1
tpch,DJANGO,not recorded - read off the running server at campaign time (C22),Q15,Top Supplier,Complex,Oracle,not recorded - read off the running server at campaign time (C22),Non-Indexed,1,10.81 (without indexes),0.766369,1.626301,2.0673,106.73,0.8599,1,,,,,,,,ok,ok,,,,,,,,,,,,,,not_recorded,not_recorded,not_recorded,not_recorded,not_recorded,,"time.perf_counter, client-side end-to-end","median of measured repetitions, first discarded as warmup",sf1
tpch,SQLALCHEMY,not recorded - read off the running server at campaign time (C22),Q15,Top Supplier,Complex,Oracle,not recorded - read off the running server at campaign time (C22),Non-Indexed,1,10.81 (without indexes),0.772944,1.920572,2.4573,145.73,1.1476,1,,,,,,,,ok,ok,,,,,,,,,,,,,,not_recorded,not_recorded,not_recorded,not_recorded,not_recorded,,"time.perf_counter, client-side end-to-end","median of measured repetitions, first discarded as warmup",sf1
tpch,DJANGO,not recorded - read off the running server at campaign time (C22),Q16,Parts/Supplier Relationship,Medium,Oracle,not recorded - read off the running server at campaign time (C22),Non-Indexed,1,10.81 (without indexes),0.353219,0.377647,1.0688,6.88,0.0244,18314,,,,,,,,ok,ok,,,,,,,,,,,,,,not_recorded,not_recorded,not_recorded,not_recorded,not_recorded,,"time.perf_counter, client-side end-to-end","median of measured repetitions, first discarded as warmup",sf1
tpch,SQLALCHEMY,not recorded - read off the running server at campaign time (C22),Q16,Parts/Supplier Relationship,Medium,Oracle,not recorded - read off the running server at campaign time (C22),Non-Indexed,1,10.81 (without indexes),0.359928,0.418363,1.1672,16.72,0.0584,18314,,,,,,,,ok,ok,,,,,,,,,,,,,,not_recorded,not_recorded,not_recorded,not_recorded,not_recorded,,"time.perf_counter, client-side end-to-end","median of measured repetitions, first discarded as warmup",sf1
tpch,DJANGO,not recorded - read off the running server at campaign time (C22),Q17,Small-Quantity-Order Revenue,Complex,Oracle,not recorded - read off the running server at campaign time (C22),Non-Indexed,1,10.81 (without indexes),0.73336,560.952931,758.997,75799.7,560.2196,1,,,,,,,,ok,ok,,,,,,,,,,,,,,not_recorded,not_recorded,not_recorded,not_recorded,not_recorded,,"time.perf_counter, client-side end-to-end","median of measured repetitions, first discarded as warmup",sf1
tpch,SQLALCHEMY,not recorded - read off the running server at campaign time (C22),Q17,Small-Quantity-Order Revenue,Complex,Oracle,not recorded - read off the running server at campaign time (C22),Non-Indexed,1,10.81 (without indexes),0.732318,0.735852,1.0044,0.44,0.0035,1,,,,,,,,ok,ok,,,,,,,,,,,,,,not_recorded,not_recorded,not_recorded,not_recorded,not_recorded,,"time.perf_counter, client-side end-to-end","median of measured repetitions, first discarded as warmup",sf1
tpch,DJANGO,not recorded - read off the running server at campaign time (C22),Q18,Large Volume Customer,Complex,Oracle,not recorded - read off the running server at campaign time (C22),Non-Indexed,1,10.81 (without indexes),2.261445,2.282783,1.0094,0.94,0.0213,57,,,,,,,,ok,ok,,,,,,,,,,,,,,not_recorded,not_recorded,not_recorded,not_recorded,not_recorded,,"time.perf_counter, client-side end-to-end","median of measured repetitions, first discarded as warmup",sf1
tpch,SQLALCHEMY,not recorded - read off the running server at campaign time (C22),Q18,Large Volume Customer,Complex,Oracle,not recorded - read off the running server at campaign time (C22),Non-Indexed,1,10.81 (without indexes),2.287254,2.289805,1.0016,0.16,0.0026,57,,,,,,,,ok,ok,,,,,,,,,,,,,,not_recorded,not_recorded,not_recorded,not_recorded,not_recorded,,"time.perf_counter, client-side end-to-end","median of measured repetitions, first discarded as warmup",sf1
tpch,DJANGO,not recorded - read off the running server at campaign time (C22),Q19,Discounted Revenue,Simple,Oracle,not recorded - read off the running server at campaign time (C22),Non-Indexed,1,10.81 (without indexes),0.934816,1.75297,1.8715,87.15,0.8182,1,,,,,,,,ok,ok,,,,,,,,,,,,,,not_recorded,not_recorded,not_recorded,not_recorded,not_recorded,,"time.perf_counter, client-side end-to-end","median of measured repetitions, first discarded as warmup",sf1
tpch,SQLALCHEMY,not recorded - read off the running server at campaign time (C22),Q19,Discounted Revenue,Simple,Oracle,not recorded - read off the running server at campaign time (C22),Non-Indexed,1,10.81 (without indexes),0.935495,1.769407,1.8936,89.36,0.8339,1,,,,,,,,ok,ok,,,,,,,,,,,,,,not_recorded,not_recorded,not_recorded,not_recorded,not_recorded,,"time.perf_counter, client-side end-to-end","median of measured repetitions, first discarded as warmup",sf1
tpch,DJANGO,not recorded - read off the running server at campaign time (C22),Q20,Potential Part Promotion,Complex,Oracle,not recorded - read off the running server at campaign time (C22),Non-Indexed,1,10.81 (without indexes),0.901101,271.049829,312.0335,31103.35,270.1487,186,,,,,,,,ok,ok,,,,,,,,,,,,,,not_recorded,not_recorded,not_recorded,not_recorded,not_recorded,,"time.perf_counter, client-side end-to-end","median of measured repetitions, first discarded as warmup",sf1
tpch,SQLALCHEMY,not recorded - read off the running server at campaign time (C22),Q20,Potential Part Promotion,Complex,Oracle,not recorded - read off the running server at campaign time (C22),Non-Indexed,1,10.81 (without indexes),0.90188,0.914553,1.0005,0.05,0.0127,186,,,,,,,,ok,ok,,,,,,,,,,,,,,not_recorded,not_recorded,not_recorded,not_recorded,not_recorded,,"time.perf_counter, client-side end-to-end","median of measured repetitions, first discarded as warmup",sf1
tpch,DJANGO,not recorded - read off the running server at campaign time (C22),Q21,Suppliers Who Kept Orders Waiting,Very Complex,Oracle,not recorded - read off the running server at campaign time (C22),Non-Indexed,1,10.81 (without indexes),3.108846,2.644754,0.8825,-11.75,-0.4641,100,,,,,,,,ok,ok,,,,,,,,,,,,,,not_recorded,not_recorded,not_recorded,not_recorded,not_recorded,,"time.perf_counter, client-side end-to-end","median of measured repetitions, first discarded as warmup",sf1
tpch,SQLALCHEMY,not recorded - read off the running server at campaign time (C22),Q21,Suppliers Who Kept Orders Waiting,Very Complex,Oracle,not recorded - read off the running server at campaign time (C22),Non-Indexed,1,10.81 (without indexes),2.957456,3.262351,1.0057,0.57,0.3049,100,,,,,,,,ok,ok,,,,,,,,,,,,,,not_recorded,not_recorded,not_recorded,not_recorded,not_recorded,,"time.perf_counter, client-side end-to-end","median of measured repetitions, first discarded as warmup",sf1
tpch,DJANGO,not recorded - read off the running server at campaign time (C22),Q22,Global Sales Opportunity,Very Complex,Oracle,not recorded - read off the running server at campaign time (C22),Non-Indexed,1,10.81 (without indexes),0.238619,0.317893,1.3335,33.35,0.0793,7,,,,,,,,ok,ok,,,,,,,,,,,,,,not_recorded,not_recorded,not_recorded,not_recorded,not_recorded,,"time.perf_counter, client-side end-to-end","median of measured repetitions, first discarded as warmup",sf1
tpch,SQLALCHEMY,not recorded - read off the running server at campaign time (C22),Q22,Global Sales Opportunity,Very Complex,Oracle,not recorded - read off the running server at campaign time (C22),Non-Indexed,1,10.81 (without indexes),0.239332,0.242159,1.0117,1.17,0.0028,7,,,,,,,,ok,ok,,,,,,,,,,,,,,not_recorded,not_recorded,not_recorded,not_recorded,not_recorded,,"time.perf_counter, client-side end-to-end","median of measured repetitions, first discarded as warmup",sf1
tpcc,DJANGO,not recorded - read off the running server at campaign time (C22),T1,New-Order,Write-heavy,Oracle,not recorded - read off the running server at campaign time (C22),Non-Indexed,1,10.81 (without indexes),0.028095,0.042978,1.5297,52.97,0.0149,1,0.026114,0.028512,4.6,0.03019,0.049072,23.7,3,ok,ok,"drift: new_order +16, order +16, order_line +145 | drift: new_order +16, order +16, order_line +145",,,,,,,,,,,,,not_recorded,not_recorded,not_recorded,not_recorded,not_recorded,,"time.perf_counter, client-side end-to-end","median of measured repetitions, first discarded as warmup",sf1
tpcc,SQLALCHEMY,not recorded - read off the running server at campaign time (C22),T1,New-Order,Write-heavy,Oracle,not recorded - read off the running server at campaign time (C22),Non-Indexed,1,10.81 (without indexes),0.027902,0.063044,2.2595,125.95,0.0351,1,0.026619,0.033231,12.0,0.03238,0.075409,38.9,3,ok,ok,"drift: new_order +16, order +16, order_line +145 | drift: new_order +16, order +16, order_line +145",,,,,,,,,,,,,not_recorded,not_recorded,not_recorded,not_recorded,not_recorded,,"time.perf_counter, client-side end-to-end","median of measured repetitions, first discarded as warmup",sf1
tpcc,DJANGO,not recorded - read off the running server at campaign time (C22),T2,Payment,Write-heavy,Oracle,not recorded - read off the running server at campaign time (C22),Non-Indexed,1,10.81 (without indexes),0.004485,0.014751,3.289,228.9,0.0103,1,0.003996,0.004776,8.9,0.013209,0.014984,6.7,3,ok,ok,drift: history +16 | drift: history +16,,,,,,,,,,,,,not_recorded,not_recorded,not_recorded,not_recorded,not_recorded,,"time.perf_counter, client-side end-to-end","median of measured repetitions, first discarded as warmup",sf1
tpcc,SQLALCHEMY,not recorded - read off the running server at campaign time (C22),T2,Payment,Write-heavy,Oracle,not recorded - read off the running server at campaign time (C22),Non-Indexed,1,10.81 (without indexes),0.006315,0.012478,1.9759,97.59,0.0062,1,0.005493,0.006427,8.4,0.012475,0.012862,1.8,3,ok,ok,drift: history +16 | drift: history +16,,,,,,,,,,,,,not_recorded,not_recorded,not_recorded,not_recorded,not_recorded,,"time.perf_counter, client-side end-to-end","median of measured repetitions, first discarded as warmup",sf1
tpcc,DJANGO,not recorded - read off the running server at campaign time (C22),T3,Order-Status,Read-only,Oracle,not recorded - read off the running server at campaign time (C22),Non-Indexed,1,10.81 (without indexes),0.006957,0.019494,2.8021,180.21,0.0125,1,0.004391,0.008484,31.3,0.008039,0.091328,113.9,3,ok,ok,,,,,,,,,,,,,,not_recorded,not_recorded,not_recorded,not_recorded,not_recorded,,"time.perf_counter, client-side end-to-end","median of measured repetitions, first discarded as warmup",sf1
tpcc,SQLALCHEMY,not recorded - read off the running server at campaign time (C22),T3,Order-Status,Read-only,Oracle,not recorded - read off the running server at campaign time (C22),Non-Indexed,1,10.81 (without indexes),0.003242,0.009578,2.9543,195.43,0.0063,1,0.002817,0.010473,78.1,0.006629,0.021284,62.0,3,ok,ok,,,,,,,,,,,,,,not_recorded,not_recorded,not_recorded,not_recorded,not_recorded,,"time.perf_counter, client-side end-to-end","median of measured repetitions, first discarded as warmup",sf1
tpcc,DJANGO,not recorded - read off the running server at campaign time (C22),T4,Delivery,Write-heavy,Oracle,not recorded - read off the running server at campaign time (C22),Non-Indexed,1,10.81 (without indexes),0.049679,0.115947,2.3339,133.39,0.0663,1,0.033751,0.054184,23.4,0.113891,0.121164,3.2,3,ok,ok,drift: new_order -160 | drift: new_order -160,,,,,,,,,,,,,not_recorded,not_recorded,not_recorded,not_recorded,not_recorded,,"time.perf_counter, client-side end-to-end","median of measured repetitions, first discarded as warmup",sf1
tpcc,SQLALCHEMY,not recorded - read off the running server at campaign time (C22),T4,Delivery,Write-heavy,Oracle,not recorded - read off the running server at campaign time (C22),Non-Indexed,1,10.81 (without indexes),0.043182,0.104267,2.4146,141.46,0.0611,1,0.041875,0.04513,3.8,0.103505,0.105612,1.0,3,ok,ok,drift: new_order -160 | drift: new_order -160,,,,,,,,,,,,,not_recorded,not_recorded,not_recorded,not_recorded,not_recorded,,"time.perf_counter, client-side end-to-end","median of measured repetitions, first discarded as warmup",sf1
tpcc,DJANGO,not recorded - read off the running server at campaign time (C22),T5,Stock-Level,Read-only,Oracle,not recorded - read off the running server at campaign time (C22),Non-Indexed,1,10.81 (without indexes),0.10513,0.116088,1.1042,10.42,0.011,1,0.00635,0.106073,79.0,0.111315,0.118049,3.0,3,ok,ok,,,,,,,,,,,,,,not_recorded,not_recorded,not_recorded,not_recorded,not_recorded,,"time.perf_counter, client-side end-to-end","median of measured repetitions, first discarded as warmup",sf1
tpcc,SQLALCHEMY,not recorded - read off the running server at campaign time (C22),T5,Stock-Level,Read-only,Oracle,not recorded - read off the running server at campaign time (C22),Non-Indexed,1,10.81 (without indexes),0.103899,0.117841,1.1342,13.42,0.0139,1,0.09904,0.105417,3.2,0.107005,0.118369,5.6,3,ok,ok,,,,,,,,,,,,,,not_recorded,not_recorded,not_recorded,not_recorded,not_recorded,,"time.perf_counter, client-side end-to-end","median of measured repetitions, first discarded as warmup",sf1
